info: Microsoft.Hosting.Lifetime[0]
      Application started. Press Ctrl+C to shut down.
info: Microsoft.Hosting.Lifetime[0]
      Hosting environment: Production
info: Microsoft.Hosting.Lifetime[0]
      Content root path: C:\Users\Dell\Documents\KTC-APP-FINAL\
info: Microsoft.EntityFrameworkCore.Infrastructure[10403]
      Entity Framework Core 6.0.21 initialized 'TransportMgmtContext' using provider 'Microsoft.EntityFrameworkCore.SqlServer:6.0.21' with options: CommandTimeout=120 
info: Microsoft.EntityFrameworkCore.Database.Command[20101]
      Executed DbCommand (89ms) [Parameters=[@__emailId_0='?' (Size = 4000), @__password_1='?' (Size = 4000)], CommandType='Text', CommandTimeout='120']
      SELECT TOP(1) [t].[UserId], [t].[Address], [t].[City], [t].[Doj], [t].[Email], [t].[LastLogIn], [t].[Password], [t].[Role], [t].[UserName]
      FROM [TblUsers] AS [t]
      WHERE ([t].[Email] = @__emailId_0) AND ([t].[Password] = @__password_1)
info: Microsoft.EntityFrameworkCore.Infrastructure[10403]
      Entity Framework Core 6.0.21 initialized 'TransportMgmtContext' using provider 'Microsoft.EntityFrameworkCore.SqlServer:6.0.21' with options: CommandTimeout=120 
info: Microsoft.EntityFrameworkCore.Database.Command[20101]
      Executed DbCommand (9ms) [Parameters=[], CommandType='Text', CommandTimeout='120']
      SELECT [t].[FID], [t].[Address], [t].[Code], [t].[CreatedBy], [t].[CreatedOn], [t].[FactoryName], [t].[Gstin], [t].[IsActive], [t].[ModifiedBy], [t].[ModifiedOn]
      FROM [TblFactories] AS [t]
info: Microsoft.EntityFrameworkCore.Database.Command[20101]
      Executed DbCommand (0ms) [Parameters=[], CommandType='Text', CommandTimeout='120']
      SELECT [t].[FID], [t].[Address], [t].[Code], [t].[CreatedBy], [t].[CreatedOn], [t].[FactoryName], [t].[Gstin], [t].[IsActive], [t].[ModifiedBy], [t].[ModifiedOn]
      FROM [TblFactories] AS [t]
info: Microsoft.EntityFrameworkCore.Database.Command[20101]
      Executed DbCommand (7ms) [Parameters=[], CommandType='Text', CommandTimeout='120']
      SELECT [t].[DispId], [t].[BillID], [t].[ChallanNo], [t].[Destination], [t].[DisVid], [t].[DispatchDate], [t].[DispatchQuantity], [t].[FinalPrice], [t].[UnitPrice], [t].[VehicleNo]
      FROM [TblDispatches] AS [t]
info: Microsoft.EntityFrameworkCore.Infrastructure[10403]
      Entity Framework Core 6.0.21 initialized 'TransportMgmtContext' using provider 'Microsoft.EntityFrameworkCore.SqlServer:6.0.21' with options: CommandTimeout=120 
info: Microsoft.EntityFrameworkCore.Database.Command[20101]
      Executed DbCommand (5ms) [Parameters=[@__dispatchId_0='?' (Size = 4000)], CommandType='Text', CommandTimeout='120']
      SELECT TOP(1) [t].[DispId], [t].[BillID], [t].[ChallanNo], [t].[Destination], [t].[DisVid], [t].[DispatchDate], [t].[DispatchQuantity], [t].[FinalPrice], [t].[UnitPrice], [t].[VehicleNo]
      FROM [TblDispatches] AS [t]
      WHERE [t].[ChallanNo] = @__dispatchId_0
info: Microsoft.EntityFrameworkCore.Database.Command[20101]
      Executed DbCommand (3ms) [Parameters=[@__dispatchId_0='?' (Size = 4000)], CommandType='Text', CommandTimeout='120']
      SELECT TOP(1) [t].[DispId], [t].[BillID], [t].[ChallanNo], [t].[Destination], [t].[DisVid], [t].[DispatchDate], [t].[DispatchQuantity], [t].[FinalPrice], [t].[UnitPrice], [t].[VehicleNo]
      FROM [TblDispatches] AS [t]
      WHERE [t].[ChallanNo] = @__dispatchId_0
info: Microsoft.EntityFrameworkCore.Database.Command[20101]
      Executed DbCommand (7ms) [Parameters=[@__billNumber_0='?' (Size = 4000)], CommandType='Text', CommandTimeout='120']
      SELECT TOP(1) [b].[BillID], [b].[ActualAmount], [b].[BillDate], [b].[BillNum], [b].[BillType], [b].[FID], [b].[Gst], [b].[GstDate], [b].[PId], [b].[PaymentReceived], [b].[PaymentTablePId], [b].[Tds]
      FROM [BillTables] AS [b]
      WHERE [b].[BillNum] = @__billNumber_0
info: Microsoft.EntityFrameworkCore.Database.Command[20101]
      Executed DbCommand (44ms) [Parameters=[@p0='?' (DbType = Double), @p1='?' (DbType = DateTime2), @p2='?' (Size = 4000), @p3='?' (Size = 4000), @p4='?' (DbType = Int32), @p5='?' (DbType = Double), @p6='?' (DbType = DateTime2), @p7='?' (DbType = Int32), @p8='?' (DbType = Double), @p9='?' (DbType = Int32), @p10='?' (DbType = Double)], CommandType='Text', CommandTimeout='120']
      SET NOCOUNT ON;
      INSERT INTO [BillTables] ([ActualAmount], [BillDate], [BillNum], [BillType], [FID], [Gst], [GstDate], [PId], [PaymentReceived], [PaymentTablePId], [Tds])
      VALUES (@p0, @p1, @p2, @p3, @p4, @p5, @p6, @p7, @p8, @p9, @p10);
      SELECT [BillID]
      FROM [BillTables]
      WHERE @@ROWCOUNT = 1 AND [BillID] = scope_identity();
info: Microsoft.EntityFrameworkCore.Database.Command[20101]
      Executed DbCommand (4ms) [Parameters=[@p2='?' (DbType = Int32), @p0='?' (DbType = Double), @p1='?' (DbType = Double)], CommandType='Text', CommandTimeout='120']
      SET NOCOUNT ON;
      UPDATE [TblDispatches] SET [FinalPrice] = @p0, [UnitPrice] = @p1
      WHERE [DispId] = @p2;
      SELECT @@ROWCOUNT;
info: Microsoft.EntityFrameworkCore.Database.Command[20101]
      Executed DbCommand (3ms) [Parameters=[@__dispatchId_0='?' (Size = 4000)], CommandType='Text', CommandTimeout='120']
      SELECT TOP(1) [t].[DispId], [t].[BillID], [t].[ChallanNo], [t].[Destination], [t].[DisVid], [t].[DispatchDate], [t].[DispatchQuantity], [t].[FinalPrice], [t].[UnitPrice], [t].[VehicleNo]
      FROM [TblDispatches] AS [t]
      WHERE [t].[ChallanNo] = @__dispatchId_0
info: Microsoft.EntityFrameworkCore.Database.Command[20101]
      Executed DbCommand (3ms) [Parameters=[@__dispatchId_0='?' (Size = 4000)], CommandType='Text', CommandTimeout='120']
      SELECT TOP(1) [t].[DispId], [t].[BillID], [t].[ChallanNo], [t].[Destination], [t].[DisVid], [t].[DispatchDate], [t].[DispatchQuantity], [t].[FinalPrice], [t].[UnitPrice], [t].[VehicleNo]
      FROM [TblDispatches] AS [t]
      WHERE [t].[ChallanNo] = @__dispatchId_0
info: Microsoft.EntityFrameworkCore.Database.Command[20101]
      Executed DbCommand (5ms) [Parameters=[@__dispatchId_0='?' (Size = 4000)], CommandType='Text', CommandTimeout='120']
      SELECT TOP(1) [t].[DispId], [t].[BillID], [t].[ChallanNo], [t].[Destination], [t].[DisVid], [t].[DispatchDate], [t].[DispatchQuantity], [t].[FinalPrice], [t].[UnitPrice], [t].[VehicleNo]
      FROM [TblDispatches] AS [t]
      WHERE [t].[ChallanNo] = @__dispatchId_0
info: Microsoft.EntityFrameworkCore.Database.Command[20101]
      Executed DbCommand (3ms) [Parameters=[@__dispatchId_0='?' (Size = 4000)], CommandType='Text', CommandTimeout='120']
      SELECT TOP(1) [t].[DispId], [t].[BillID], [t].[ChallanNo], [t].[Destination], [t].[DisVid], [t].[DispatchDate], [t].[DispatchQuantity], [t].[FinalPrice], [t].[UnitPrice], [t].[VehicleNo]
      FROM [TblDispatches] AS [t]
      WHERE [t].[ChallanNo] = @__dispatchId_0
info: Microsoft.EntityFrameworkCore.Database.Command[20101]
      Executed DbCommand (8ms) [Parameters=[@__dispatchId_0='?' (Size = 4000)], CommandType='Text', CommandTimeout='120']
      SELECT TOP(1) [t].[DispId], [t].[BillID], [t].[ChallanNo], [t].[Destination], [t].[DisVid], [t].[DispatchDate], [t].[DispatchQuantity], [t].[FinalPrice], [t].[UnitPrice], [t].[VehicleNo]
      FROM [TblDispatches] AS [t]
      WHERE [t].[ChallanNo] = @__dispatchId_0
info: Microsoft.EntityFrameworkCore.Database.Command[20101]
      Executed DbCommand (5ms) [Parameters=[@__dispatchId_0='?' (Size = 4000)], CommandType='Text', CommandTimeout='120']
      SELECT TOP(1) [t].[DispId], [t].[BillID], [t].[ChallanNo], [t].[Destination], [t].[DisVid], [t].[DispatchDate], [t].[DispatchQuantity], [t].[FinalPrice], [t].[UnitPrice], [t].[VehicleNo]
      FROM [TblDispatches] AS [t]
      WHERE [t].[ChallanNo] = @__dispatchId_0
info: Microsoft.EntityFrameworkCore.Database.Command[20101]
      Executed DbCommand (7ms) [Parameters=[@__dispatchId_0='?' (Size = 4000)], CommandType='Text', CommandTimeout='120']
      SELECT TOP(1) [t].[DispId], [t].[BillID], [t].[ChallanNo], [t].[Destination], [t].[DisVid], [t].[DispatchDate], [t].[DispatchQuantity], [t].[FinalPrice], [t].[UnitPrice], [t].[VehicleNo]
      FROM [TblDispatches] AS [t]
      WHERE [t].[ChallanNo] = @__dispatchId_0
info: Microsoft.EntityFrameworkCore.Database.Command[20101]
      Executed DbCommand (7ms) [Parameters=[@__dispatchId_0='?' (Size = 4000)], CommandType='Text', CommandTimeout='120']
      SELECT TOP(1) [t].[DispId], [t].[BillID], [t].[ChallanNo], [t].[Destination], [t].[DisVid], [t].[DispatchDate], [t].[DispatchQuantity], [t].[FinalPrice], [t].[UnitPrice], [t].[VehicleNo]
      FROM [TblDispatches] AS [t]
      WHERE [t].[ChallanNo] = @__dispatchId_0
info: Microsoft.EntityFrameworkCore.Database.Command[20101]
      Executed DbCommand (5ms) [Parameters=[@__dispatchId_0='?' (Size = 4000)], CommandType='Text', CommandTimeout='120']
      SELECT TOP(1) [t].[DispId], [t].[BillID], [t].[ChallanNo], [t].[Destination], [t].[DisVid], [t].[DispatchDate], [t].[DispatchQuantity], [t].[FinalPrice], [t].[UnitPrice], [t].[VehicleNo]
      FROM [TblDispatches] AS [t]
      WHERE [t].[ChallanNo] = @__dispatchId_0
info: Microsoft.EntityFrameworkCore.Database.Command[20101]
      Executed DbCommand (7ms) [Parameters=[@__dispatchId_0='?' (Size = 4000)], CommandType='Text', CommandTimeout='120']
      SELECT TOP(1) [t].[DispId], [t].[BillID], [t].[ChallanNo], [t].[Destination], [t].[DisVid], [t].[DispatchDate], [t].[DispatchQuantity], [t].[FinalPrice], [t].[UnitPrice], [t].[VehicleNo]
      FROM [TblDispatches] AS [t]
      WHERE [t].[ChallanNo] = @__dispatchId_0
info: Microsoft.EntityFrameworkCore.Database.Command[20101]
      Executed DbCommand (5ms) [Parameters=[@__dispatchId_0='?' (Size = 4000)], CommandType='Text', CommandTimeout='120']
      SELECT TOP(1) [t].[DispId], [t].[BillID], [t].[ChallanNo], [t].[Destination], [t].[DisVid], [t].[DispatchDate], [t].[DispatchQuantity], [t].[FinalPrice], [t].[UnitPrice], [t].[VehicleNo]
      FROM [TblDispatches] AS [t]
      WHERE [t].[ChallanNo] = @__dispatchId_0
info: Microsoft.EntityFrameworkCore.Database.Command[20101]
      Executed DbCommand (3ms) [Parameters=[@__dispatchId_0='?' (Size = 4000)], CommandType='Text', CommandTimeout='120']
      SELECT TOP(1) [t].[DispId], [t].[BillID], [t].[ChallanNo], [t].[Destination], [t].[DisVid], [t].[DispatchDate], [t].[DispatchQuantity], [t].[FinalPrice], [t].[UnitPrice], [t].[VehicleNo]
      FROM [TblDispatches] AS [t]
      WHERE [t].[ChallanNo] = @__dispatchId_0
info: Microsoft.EntityFrameworkCore.Database.Command[20101]
      Executed DbCommand (3ms) [Parameters=[@__dispatchId_0='?' (Size = 4000)], CommandType='Text', CommandTimeout='120']
      SELECT TOP(1) [t].[DispId], [t].[BillID], [t].[ChallanNo], [t].[Destination], [t].[DisVid], [t].[DispatchDate], [t].[DispatchQuantity], [t].[FinalPrice], [t].[UnitPrice], [t].[VehicleNo]
      FROM [TblDispatches] AS [t]
      WHERE [t].[ChallanNo] = @__dispatchId_0
info: Microsoft.EntityFrameworkCore.Database.Command[20101]
      Executed DbCommand (3ms) [Parameters=[@__dispatchId_0='?' (Size = 4000)], CommandType='Text', CommandTimeout='120']
      SELECT TOP(1) [t].[DispId], [t].[BillID], [t].[ChallanNo], [t].[Destination], [t].[DisVid], [t].[DispatchDate], [t].[DispatchQuantity], [t].[FinalPrice], [t].[UnitPrice], [t].[VehicleNo]
      FROM [TblDispatches] AS [t]
      WHERE [t].[ChallanNo] = @__dispatchId_0
info: Microsoft.EntityFrameworkCore.Database.Command[20101]
      Executed DbCommand (3ms) [Parameters=[@__dispatchId_0='?' (Size = 4000)], CommandType='Text', CommandTimeout='120']
      SELECT TOP(1) [t].[DispId], [t].[BillID], [t].[ChallanNo], [t].[Destination], [t].[DisVid], [t].[DispatchDate], [t].[DispatchQuantity], [t].[FinalPrice], [t].[UnitPrice], [t].[VehicleNo]
      FROM [TblDispatches] AS [t]
      WHERE [t].[ChallanNo] = @__dispatchId_0
info: Microsoft.EntityFrameworkCore.Database.Command[20101]
      Executed DbCommand (3ms) [Parameters=[@__dispatchId_0='?' (Size = 4000)], CommandType='Text', CommandTimeout='120']
      SELECT TOP(1) [t].[DispId], [t].[BillID], [t].[ChallanNo], [t].[Destination], [t].[DisVid], [t].[DispatchDate], [t].[DispatchQuantity], [t].[FinalPrice], [t].[UnitPrice], [t].[VehicleNo]
      FROM [TblDispatches] AS [t]
      WHERE [t].[ChallanNo] = @__dispatchId_0
info: Microsoft.EntityFrameworkCore.Database.Command[20101]
      Executed DbCommand (3ms) [Parameters=[@__dispatchId_0='?' (Size = 4000)], CommandType='Text', CommandTimeout='120']
      SELECT TOP(1) [t].[DispId], [t].[BillID], [t].[ChallanNo], [t].[Destination], [t].[DisVid], [t].[DispatchDate], [t].[DispatchQuantity], [t].[FinalPrice], [t].[UnitPrice], [t].[VehicleNo]
      FROM [TblDispatches] AS [t]
      WHERE [t].[ChallanNo] = @__dispatchId_0
info: Microsoft.EntityFrameworkCore.Database.Command[20101]
      Executed DbCommand (3ms) [Parameters=[@__dispatchId_0='?' (Size = 4000)], CommandType='Text', CommandTimeout='120']
      SELECT TOP(1) [t].[DispId], [t].[BillID], [t].[ChallanNo], [t].[Destination], [t].[DisVid], [t].[DispatchDate], [t].[DispatchQuantity], [t].[FinalPrice], [t].[UnitPrice], [t].[VehicleNo]
      FROM [TblDispatches] AS [t]
      WHERE [t].[ChallanNo] = @__dispatchId_0
info: Microsoft.EntityFrameworkCore.Database.Command[20101]
      Executed DbCommand (3ms) [Parameters=[@__dispatchId_0='?' (Size = 4000)], CommandType='Text', CommandTimeout='120']
      SELECT TOP(1) [t].[DispId], [t].[BillID], [t].[ChallanNo], [t].[Destination], [t].[DisVid], [t].[DispatchDate], [t].[DispatchQuantity], [t].[FinalPrice], [t].[UnitPrice], [t].[VehicleNo]
      FROM [TblDispatches] AS [t]
      WHERE [t].[ChallanNo] = @__dispatchId_0
info: Microsoft.EntityFrameworkCore.Database.Command[20101]
      Executed DbCommand (3ms) [Parameters=[@__dispatchId_0='?' (Size = 4000)], CommandType='Text', CommandTimeout='120']
      SELECT TOP(1) [t].[DispId], [t].[BillID], [t].[ChallanNo], [t].[Destination], [t].[DisVid], [t].[DispatchDate], [t].[DispatchQuantity], [t].[FinalPrice], [t].[UnitPrice], [t].[VehicleNo]
      FROM [TblDispatches] AS [t]
      WHERE [t].[ChallanNo] = @__dispatchId_0
info: Microsoft.EntityFrameworkCore.Database.Command[20101]
      Executed DbCommand (3ms) [Parameters=[@__dispatchId_0='?' (Size = 4000)], CommandType='Text', CommandTimeout='120']
      SELECT TOP(1) [t].[DispId], [t].[BillID], [t].[ChallanNo], [t].[Destination], [t].[DisVid], [t].[DispatchDate], [t].[DispatchQuantity], [t].[FinalPrice], [t].[UnitPrice], [t].[VehicleNo]
      FROM [TblDispatches] AS [t]
      WHERE [t].[ChallanNo] = @__dispatchId_0
info: Microsoft.EntityFrameworkCore.Database.Command[20101]
      Executed DbCommand (4ms) [Parameters=[@__dispatchId_0='?' (Size = 4000)], CommandType='Text', CommandTimeout='120']
      SELECT TOP(1) [t].[DispId], [t].[BillID], [t].[ChallanNo], [t].[Destination], [t].[DisVid], [t].[DispatchDate], [t].[DispatchQuantity], [t].[FinalPrice], [t].[UnitPrice], [t].[VehicleNo]
      FROM [TblDispatches] AS [t]
      WHERE [t].[ChallanNo] = @__dispatchId_0
info: Microsoft.EntityFrameworkCore.Database.Command[20101]
      Executed DbCommand (3ms) [Parameters=[@__dispatchId_0='?' (Size = 4000)], CommandType='Text', CommandTimeout='120']
      SELECT TOP(1) [t].[DispId], [t].[BillID], [t].[ChallanNo], [t].[Destination], [t].[DisVid], [t].[DispatchDate], [t].[DispatchQuantity], [t].[FinalPrice], [t].[UnitPrice], [t].[VehicleNo]
      FROM [TblDispatches] AS [t]
      WHERE [t].[ChallanNo] = @__dispatchId_0
info: Microsoft.EntityFrameworkCore.Database.Command[20101]
      Executed DbCommand (3ms) [Parameters=[@__dispatchId_0='?' (Size = 4000)], CommandType='Text', CommandTimeout='120']
      SELECT TOP(1) [t].[DispId], [t].[BillID], [t].[ChallanNo], [t].[Destination], [t].[DisVid], [t].[DispatchDate], [t].[DispatchQuantity], [t].[FinalPrice], [t].[UnitPrice], [t].[VehicleNo]
      FROM [TblDispatches] AS [t]
      WHERE [t].[ChallanNo] = @__dispatchId_0
info: Microsoft.EntityFrameworkCore.Database.Command[20101]
      Executed DbCommand (3ms) [Parameters=[@__dispatchId_0='?' (Size = 4000)], CommandType='Text', CommandTimeout='120']
      SELECT TOP(1) [t].[DispId], [t].[BillID], [t].[ChallanNo], [t].[Destination], [t].[DisVid], [t].[DispatchDate], [t].[DispatchQuantity], [t].[FinalPrice], [t].[UnitPrice], [t].[VehicleNo]
      FROM [TblDispatches] AS [t]
      WHERE [t].[ChallanNo] = @__dispatchId_0
info: Microsoft.EntityFrameworkCore.Database.Command[20101]
      Executed DbCommand (3ms) [Parameters=[@__dispatchId_0='?' (Size = 4000)], CommandType='Text', CommandTimeout='120']
      SELECT TOP(1) [t].[DispId], [t].[BillID], [t].[ChallanNo], [t].[Destination], [t].[DisVid], [t].[DispatchDate], [t].[DispatchQuantity], [t].[FinalPrice], [t].[UnitPrice], [t].[VehicleNo]
      FROM [TblDispatches] AS [t]
      WHERE [t].[ChallanNo] = @__dispatchId_0
info: Microsoft.EntityFrameworkCore.Database.Command[20101]
      Executed DbCommand (3ms) [Parameters=[@__dispatchId_0='?' (Size = 4000)], CommandType='Text', CommandTimeout='120']
      SELECT TOP(1) [t].[DispId], [t].[BillID], [t].[ChallanNo], [t].[Destination], [t].[DisVid], [t].[DispatchDate], [t].[DispatchQuantity], [t].[FinalPrice], [t].[UnitPrice], [t].[VehicleNo]
      FROM [TblDispatches] AS [t]
      WHERE [t].[ChallanNo] = @__dispatchId_0
info: Microsoft.EntityFrameworkCore.Database.Command[20101]
      Executed DbCommand (3ms) [Parameters=[@__dispatchId_0='?' (Size = 4000)], CommandType='Text', CommandTimeout='120']
      SELECT TOP(1) [t].[DispId], [t].[BillID], [t].[ChallanNo], [t].[Destination], [t].[DisVid], [t].[DispatchDate], [t].[DispatchQuantity], [t].[FinalPrice], [t].[UnitPrice], [t].[VehicleNo]
      FROM [TblDispatches] AS [t]
      WHERE [t].[ChallanNo] = @__dispatchId_0
info: Microsoft.EntityFrameworkCore.Database.Command[20101]
      Executed DbCommand (3ms) [Parameters=[@__dispatchId_0='?' (Size = 4000)], CommandType='Text', CommandTimeout='120']
      SELECT TOP(1) [t].[DispId], [t].[BillID], [t].[ChallanNo], [t].[Destination], [t].[DisVid], [t].[DispatchDate], [t].[DispatchQuantity], [t].[FinalPrice], [t].[UnitPrice], [t].[VehicleNo]
      FROM [TblDispatches] AS [t]
      WHERE [t].[ChallanNo] = @__dispatchId_0
info: Microsoft.EntityFrameworkCore.Database.Command[20101]
      Executed DbCommand (44ms) [Parameters=[@__dispatchId_0='?' (Size = 4000)], CommandType='Text', CommandTimeout='120']
      SELECT TOP(1) [t].[DispId], [t].[BillID], [t].[ChallanNo], [t].[Destination], [t].[DisVid], [t].[DispatchDate], [t].[DispatchQuantity], [t].[FinalPrice], [t].[UnitPrice], [t].[VehicleNo]
      FROM [TblDispatches] AS [t]
      WHERE [t].[ChallanNo] = @__dispatchId_0
info: Microsoft.EntityFrameworkCore.Database.Command[20101]
      Executed DbCommand (14ms) [Parameters=[@__dispatchId_0='?' (Size = 4000)], CommandType='Text', CommandTimeout='120']
      SELECT TOP(1) [t].[DispId], [t].[BillID], [t].[ChallanNo], [t].[Destination], [t].[DisVid], [t].[DispatchDate], [t].[DispatchQuantity], [t].[FinalPrice], [t].[UnitPrice], [t].[VehicleNo]
      FROM [TblDispatches] AS [t]
      WHERE [t].[ChallanNo] = @__dispatchId_0
info: Microsoft.EntityFrameworkCore.Database.Command[20101]
      Executed DbCommand (8ms) [Parameters=[@__dispatchId_0='?' (Size = 4000)], CommandType='Text', CommandTimeout='120']
      SELECT TOP(1) [t].[DispId], [t].[BillID], [t].[ChallanNo], [t].[Destination], [t].[DisVid], [t].[DispatchDate], [t].[DispatchQuantity], [t].[FinalPrice], [t].[UnitPrice], [t].[VehicleNo]
      FROM [TblDispatches] AS [t]
      WHERE [t].[ChallanNo] = @__dispatchId_0
info: Microsoft.EntityFrameworkCore.Database.Command[20101]
      Executed DbCommand (7ms) [Parameters=[@__dispatchId_0='?' (Size = 4000)], CommandType='Text', CommandTimeout='120']
      SELECT TOP(1) [t].[DispId], [t].[BillID], [t].[ChallanNo], [t].[Destination], [t].[DisVid], [t].[DispatchDate], [t].[DispatchQuantity], [t].[FinalPrice], [t].[UnitPrice], [t].[VehicleNo]
      FROM [TblDispatches] AS [t]
      WHERE [t].[ChallanNo] = @__dispatchId_0
info: Microsoft.EntityFrameworkCore.Database.Command[20101]
      Executed DbCommand (8ms) [Parameters=[@__dispatchId_0='?' (Size = 4000)], CommandType='Text', CommandTimeout='120']
      SELECT TOP(1) [t].[DispId], [t].[BillID], [t].[ChallanNo], [t].[Destination], [t].[DisVid], [t].[DispatchDate], [t].[DispatchQuantity], [t].[FinalPrice], [t].[UnitPrice], [t].[VehicleNo]
      FROM [TblDispatches] AS [t]
      WHERE [t].[ChallanNo] = @__dispatchId_0
info: Microsoft.EntityFrameworkCore.Database.Command[20101]
      Executed DbCommand (9ms) [Parameters=[@__dispatchId_0='?' (Size = 4000)], CommandType='Text', CommandTimeout='120']
      SELECT TOP(1) [t].[DispId], [t].[BillID], [t].[ChallanNo], [t].[Destination], [t].[DisVid], [t].[DispatchDate], [t].[DispatchQuantity], [t].[FinalPrice], [t].[UnitPrice], [t].[VehicleNo]
      FROM [TblDispatches] AS [t]
      WHERE [t].[ChallanNo] = @__dispatchId_0
info: Microsoft.EntityFrameworkCore.Database.Command[20101]
      Executed DbCommand (6ms) [Parameters=[@__dispatchId_0='?' (Size = 4000)], CommandType='Text', CommandTimeout='120']
      SELECT TOP(1) [t].[DispId], [t].[BillID], [t].[ChallanNo], [t].[Destination], [t].[DisVid], [t].[DispatchDate], [t].[DispatchQuantity], [t].[FinalPrice], [t].[UnitPrice], [t].[VehicleNo]
      FROM [TblDispatches] AS [t]
      WHERE [t].[ChallanNo] = @__dispatchId_0
info: Microsoft.EntityFrameworkCore.Database.Command[20101]
      Executed DbCommand (9ms) [Parameters=[@__dispatchId_0='?' (Size = 4000)], CommandType='Text', CommandTimeout='120']
      SELECT TOP(1) [t].[DispId], [t].[BillID], [t].[ChallanNo], [t].[Destination], [t].[DisVid], [t].[DispatchDate], [t].[DispatchQuantity], [t].[FinalPrice], [t].[UnitPrice], [t].[VehicleNo]
      FROM [TblDispatches] AS [t]
      WHERE [t].[ChallanNo] = @__dispatchId_0
info: Microsoft.EntityFrameworkCore.Database.Command[20101]
      Executed DbCommand (23ms) [Parameters=[@p9='?' (DbType = Int32), @p0='?' (DbType = Int32), @p1='?' (Size = 4000), @p2='?' (Size = 4000), @p3='?' (DbType = Int32), @p4='?' (DbType = DateTime2), @p5='?' (DbType = Double), @p6='?' (DbType = Double), @p7='?' (DbType = Double), @p8='?' (Size = 4000), @p19='?' (DbType = Int32), @p10='?' (DbType = Int32), @p11='?' (Size = 4000), @p12='?' (Size = 4000), @p13='?' (DbType = Int32), @p14='?' (DbType = DateTime2), @p15='?' (DbType = Double), @p16='?' (DbType = Double), @p17='?' (DbType = Double), @p18='?' (Size = 4000), @p29='?' (DbType = Int32), @p20='?' (DbType = Int32), @p21='?' (Size = 4000), @p22='?' (Size = 4000), @p23='?' (DbType = Int32), @p24='?' (DbType = DateTime2), @p25='?' (DbType = Double), @p26='?' (DbType = Double), @p27='?' (DbType = Double), @p28='?' (Size = 4000), @p39='?' (DbType = Int32), @p30='?' (DbType = Int32), @p31='?' (Size = 4000), @p32='?' (Size = 4000), @p33='?' (DbType = Int32), @p34='?' (DbType = DateTime2), @p35='?' (DbType = Double), @p36='?' (DbType = Double), @p37='?' (DbType = Double), @p38='?' (Size = 4000), @p49='?' (DbType = Int32), @p40='?' (DbType = Int32), @p41='?' (Size = 4000), @p42='?' (Size = 4000), @p43='?' (DbType = Int32), @p44='?' (DbType = DateTime2), @p45='?' (DbType = Double), @p46='?' (DbType = Double), @p47='?' (DbType = Double), @p48='?' (Size = 4000), @p59='?' (DbType = Int32), @p50='?' (DbType = Int32), @p51='?' (Size = 4000), @p52='?' (Size = 4000), @p53='?' (DbType = Int32), @p54='?' (DbType = DateTime2), @p55='?' (DbType = Double), @p56='?' (DbType = Double), @p57='?' (DbType = Double), @p58='?' (Size = 4000), @p69='?' (DbType = Int32), @p60='?' (DbType = Int32), @p61='?' (Size = 4000), @p62='?' (Size = 4000), @p63='?' (DbType = Int32), @p64='?' (DbType = DateTime2), @p65='?' (DbType = Double), @p66='?' (DbType = Double), @p67='?' (DbType = Double), @p68='?' (Size = 4000), @p79='?' (DbType = Int32), @p70='?' (DbType = Int32), @p71='?' (Size = 4000), @p72='?' (Size = 4000), @p73='?' (DbType = Int32), @p74='?' (DbType = DateTime2), @p75='?' (DbType = Double), @p76='?' (DbType = Double), @p77='?' (DbType = Double), @p78='?' (Size = 4000), @p89='?' (DbType = Int32), @p80='?' (DbType = Int32), @p81='?' (Size = 4000), @p82='?' (Size = 4000), @p83='?' (DbType = Int32), @p84='?' (DbType = DateTime2), @p85='?' (DbType = Double), @p86='?' (DbType = Double), @p87='?' (DbType = Double), @p88='?' (Size = 4000), @p99='?' (DbType = Int32), @p90='?' (DbType = Int32), @p91='?' (Size = 4000), @p92='?' (Size = 4000), @p93='?' (DbType = Int32), @p94='?' (DbType = DateTime2), @p95='?' (DbType = Double), @p96='?' (DbType = Double), @p97='?' (DbType = Double), @p98='?' (Size = 4000), @p109='?' (DbType = Int32), @p100='?' (DbType = Int32), @p101='?' (Size = 4000), @p102='?' (Size = 4000), @p103='?' (DbType = Int32), @p104='?' (DbType = DateTime2), @p105='?' (DbType = Double), @p106='?' (DbType = Double), @p107='?' (DbType = Double), @p108='?' (Size = 4000), @p119='?' (DbType = Int32), @p110='?' (DbType = Int32), @p111='?' (Size = 4000), @p112='?' (Size = 4000), @p113='?' (DbType = Int32), @p114='?' (DbType = DateTime2), @p115='?' (DbType = Double), @p116='?' (DbType = Double), @p117='?' (DbType = Double), @p118='?' (Size = 4000)], CommandType='Text', CommandTimeout='120']
      SET NOCOUNT ON;
      UPDATE [TblDispatches] SET [BillID] = @p0, [ChallanNo] = @p1, [Destination] = @p2, [DisVid] = @p3, [DispatchDate] = @p4, [DispatchQuantity] = @p5, [FinalPrice] = @p6, [UnitPrice] = @p7, [VehicleNo] = @p8
      WHERE [DispId] = @p9;
      SELECT @@ROWCOUNT;
      
      UPDATE [TblDispatches] SET [BillID] = @p10, [ChallanNo] = @p11, [Destination] = @p12, [DisVid] = @p13, [DispatchDate] = @p14, [DispatchQuantity] = @p15, [FinalPrice] = @p16, [UnitPrice] = @p17, [VehicleNo] = @p18
      WHERE [DispId] = @p19;
      SELECT @@ROWCOUNT;
      
      UPDATE [TblDispatches] SET [BillID] = @p20, [ChallanNo] = @p21, [Destination] = @p22, [DisVid] = @p23, [DispatchDate] = @p24, [DispatchQuantity] = @p25, [FinalPrice] = @p26, [UnitPrice] = @p27, [VehicleNo] = @p28
      WHERE [DispId] = @p29;
      SELECT @@ROWCOUNT;
      
      UPDATE [TblDispatches] SET [BillID] = @p30, [ChallanNo] = @p31, [Destination] = @p32, [DisVid] = @p33, [DispatchDate] = @p34, [DispatchQuantity] = @p35, [FinalPrice] = @p36, [UnitPrice] = @p37, [VehicleNo] = @p38
      WHERE [DispId] = @p39;
      SELECT @@ROWCOUNT;
      
      UPDATE [TblDispatches] SET [BillID] = @p40, [ChallanNo] = @p41, [Destination] = @p42, [DisVid] = @p43, [DispatchDate] = @p44, [DispatchQuantity] = @p45, [FinalPrice] = @p46, [UnitPrice] = @p47, [VehicleNo] = @p48
      WHERE [DispId] = @p49;
      SELECT @@ROWCOUNT;
      
      UPDATE [TblDispatches] SET [BillID] = @p50, [ChallanNo] = @p51, [Destination] = @p52, [DisVid] = @p53, [DispatchDate] = @p54, [DispatchQuantity] = @p55, [FinalPrice] = @p56, [UnitPrice] = @p57, [VehicleNo] = @p58
      WHERE [DispId] = @p59;
      SELECT @@ROWCOUNT;
      
      UPDATE [TblDispatches] SET [BillID] = @p60, [ChallanNo] = @p61, [Destination] = @p62, [DisVid] = @p63, [DispatchDate] = @p64, [DispatchQuantity] = @p65, [FinalPrice] = @p66, [UnitPrice] = @p67, [VehicleNo] = @p68
      WHERE [DispId] = @p69;
      SELECT @@ROWCOUNT;
      
      UPDATE [TblDispatches] SET [BillID] = @p70, [ChallanNo] = @p71, [Destination] = @p72, [DisVid] = @p73, [DispatchDate] = @p74, [DispatchQuantity] = @p75, [FinalPrice] = @p76, [UnitPrice] = @p77, [VehicleNo] = @p78
      WHERE [DispId] = @p79;
      SELECT @@ROWCOUNT;
      
      UPDATE [TblDispatches] SET [BillID] = @p80, [ChallanNo] = @p81, [Destination] = @p82, [DisVid] = @p83, [DispatchDate] = @p84, [DispatchQuantity] = @p85, [FinalPrice] = @p86, [UnitPrice] = @p87, [VehicleNo] = @p88
      WHERE [DispId] = @p89;
      SELECT @@ROWCOUNT;
      
      UPDATE [TblDispatches] SET [BillID] = @p90, [ChallanNo] = @p91, [Destination] = @p92, [DisVid] = @p93, [DispatchDate] = @p94, [DispatchQuantity] = @p95, [FinalPrice] = @p96, [UnitPrice] = @p97, [VehicleNo] = @p98
      WHERE [DispId] = @p99;
      SELECT @@ROWCOUNT;
      
      UPDATE [TblDispatches] SET [BillID] = @p100, [ChallanNo] = @p101, [Destination] = @p102, [DisVid] = @p103, [DispatchDate] = @p104, [DispatchQuantity] = @p105, [FinalPrice] = @p106, [UnitPrice] = @p107, [VehicleNo] = @p108
      WHERE [DispId] = @p109;
      SELECT @@ROWCOUNT;
      
      UPDATE [TblDispatches] SET [BillID] = @p110, [ChallanNo] = @p111, [Destination] = @p112, [DisVid] = @p113, [DispatchDate] = @p114, [DispatchQuantity] = @p115, [FinalPrice] = @p116, [UnitPrice] = @p117, [VehicleNo] = @p118
      WHERE [DispId] = @p119;
      SELECT @@ROWCOUNT;
info: Microsoft.EntityFrameworkCore.Infrastructure[10403]
      Entity Framework Core 6.0.21 initialized 'TransportMgmtContext' using provider 'Microsoft.EntityFrameworkCore.SqlServer:6.0.21' with options: CommandTimeout=120 
info: Microsoft.EntityFrameworkCore.Database.Command[20101]
      Executed DbCommand (4ms) [Parameters=[], CommandType='Text', CommandTimeout='120']
      SELECT [t].[FID], [t].[Address], [t].[Code], [t].[CreatedBy], [t].[CreatedOn], [t].[FactoryName], [t].[Gstin], [t].[IsActive], [t].[ModifiedBy], [t].[ModifiedOn]
      FROM [TblFactories] AS [t]
info: Microsoft.EntityFrameworkCore.Database.Command[20101]
      Executed DbCommand (1ms) [Parameters=[], CommandType='Text', CommandTimeout='120']
      SELECT [t].[FID], [t].[Address], [t].[Code], [t].[CreatedBy], [t].[CreatedOn], [t].[FactoryName], [t].[Gstin], [t].[IsActive], [t].[ModifiedBy], [t].[ModifiedOn]
      FROM [TblFactories] AS [t]
info: Microsoft.EntityFrameworkCore.Database.Command[20101]
      Executed DbCommand (2ms) [Parameters=[], CommandType='Text', CommandTimeout='120']
      SELECT [t].[DispId], [t].[BillID], [t].[ChallanNo], [t].[Destination], [t].[DisVid], [t].[DispatchDate], [t].[DispatchQuantity], [t].[FinalPrice], [t].[UnitPrice], [t].[VehicleNo]
      FROM [TblDispatches] AS [t]
info: Microsoft.EntityFrameworkCore.Infrastructure[10403]
      Entity Framework Core 6.0.21 initialized 'TransportMgmtContext' using provider 'Microsoft.EntityFrameworkCore.SqlServer:6.0.21' with options: CommandTimeout=120 
info: Microsoft.EntityFrameworkCore.Database.Command[20101]
      Executed DbCommand (1ms) [Parameters=[], CommandType='Text', CommandTimeout='120']
      SELECT [t].[FID] AS [id], [t].[FactoryName] AS [name]
      FROM [TblFactories] AS [t]
info: Microsoft.EntityFrameworkCore.Infrastructure[10403]
      Entity Framework Core 6.0.21 initialized 'TransportMgmtContext' using provider 'Microsoft.EntityFrameworkCore.SqlServer:6.0.21' with options: CommandTimeout=120 
info: Microsoft.EntityFrameworkCore.Database.Command[20101]
      Executed DbCommand (383ms) [Parameters=[p0='?' (DbType = DateTime2), p1='?' (DbType = DateTime2), p2='?' (DbType = Int32)], CommandType='Text', CommandTimeout='120']
      EXEC [dbo].[SpExpoBilldetail] @FromDate = @p0, @ToDate = @p1, @FactoryId = @p2
info: Microsoft.EntityFrameworkCore.Infrastructure[10403]
      Entity Framework Core 6.0.21 initialized 'TransportMgmtContext' using provider 'Microsoft.EntityFrameworkCore.SqlServer:6.0.21' with options: CommandTimeout=120 
info: Microsoft.EntityFrameworkCore.Database.Command[20101]
      Executed DbCommand (2ms) [Parameters=[], CommandType='Text', CommandTimeout='120']
      SELECT [t].[FID] AS [id], [t].[FactoryName] AS [name]
      FROM [TblFactories] AS [t]
info: Microsoft.EntityFrameworkCore.Infrastructure[10403]
      Entity Framework Core 6.0.21 initialized 'TransportMgmtContext' using provider 'Microsoft.EntityFrameworkCore.SqlServer:6.0.21' with options: CommandTimeout=120 
info: Microsoft.EntityFrameworkCore.Database.Command[20101]
      Executed DbCommand (26ms) [Parameters=[p0='?' (DbType = DateTime2), p1='?' (DbType = DateTime2), p2='?' (DbType = Int32)], CommandType='Text', CommandTimeout='120']
      EXEC [dbo].[SpExpoBilldetail] @FromDate = @p0, @ToDate = @p1, @FactoryId = @p2
info: Microsoft.EntityFrameworkCore.Infrastructure[10403]
      Entity Framework Core 6.0.21 initialized 'TransportMgmtContext' using provider 'Microsoft.EntityFrameworkCore.SqlServer:6.0.21' with options: CommandTimeout=120 
info: Microsoft.EntityFrameworkCore.Database.Command[20101]
      Executed DbCommand (42ms) [Parameters=[], CommandType='Text', CommandTimeout='120']
      EXECUTE [dbo].[Sp_QtyByMonth]
info: Microsoft.EntityFrameworkCore.Infrastructure[10403]
      Entity Framework Core 6.0.21 initialized 'TransportMgmtContext' using provider 'Microsoft.EntityFrameworkCore.SqlServer:6.0.21' with options: CommandTimeout=120 
info: Microsoft.EntityFrameworkCore.Database.Command[20101]
      Executed DbCommand (5ms) [Parameters=[], CommandType='Text', CommandTimeout='120']
      SELECT [t].[FID], [t].[Address], [t].[Code], [t].[CreatedBy], [t].[CreatedOn], [t].[FactoryName], [t].[Gstin], [t].[IsActive], [t].[ModifiedBy], [t].[ModifiedOn]
      FROM [TblFactories] AS [t]
info: Microsoft.EntityFrameworkCore.Database.Command[20101]
      Executed DbCommand (8ms) [Parameters=[], CommandType='Text', CommandTimeout='120']
      SELECT [b].[BillID], [b].[BillNum], [b].[BillDate], [b].[BillType], CASE
          WHEN [b].[FID] IS NOT NULL THEN (
              SELECT TOP(1) [t].[FactoryName]
              FROM [TblFactories] AS [t]
              WHERE [t].[FID] = [b].[FID])
          ELSE NULL
      END AS [FactoryName]
      FROM [BillTables] AS [b]
info: Microsoft.EntityFrameworkCore.Infrastructure[10403]
      Entity Framework Core 6.0.21 initialized 'TransportMgmtContext' using provider 'Microsoft.EntityFrameworkCore.SqlServer:6.0.21' with options: CommandTimeout=120 
info: Microsoft.EntityFrameworkCore.Database.Command[20101]
      Executed DbCommand (49ms) [Parameters=[], CommandType='Text', CommandTimeout='120']
      EXECUTE [dbo].[Sp_QtyByMonth]
info: Microsoft.EntityFrameworkCore.Infrastructure[10403]
      Entity Framework Core 6.0.21 initialized 'TransportMgmtContext' using provider 'Microsoft.EntityFrameworkCore.SqlServer:6.0.21' with options: CommandTimeout=120 
info: Microsoft.EntityFrameworkCore.Database.Command[20101]
      Executed DbCommand (7ms) [Parameters=[], CommandType='Text', CommandTimeout='120']
      SELECT [t].[FID], [t].[Address], [t].[Code], [t].[CreatedBy], [t].[CreatedOn], [t].[FactoryName], [t].[Gstin], [t].[IsActive], [t].[ModifiedBy], [t].[ModifiedOn]
      FROM [TblFactories] AS [t]
info: Microsoft.EntityFrameworkCore.Database.Command[20101]
      Executed DbCommand (0ms) [Parameters=[], CommandType='Text', CommandTimeout='120']
      SELECT [t].[FID], [t].[Address], [t].[Code], [t].[CreatedBy], [t].[CreatedOn], [t].[FactoryName], [t].[Gstin], [t].[IsActive], [t].[ModifiedBy], [t].[ModifiedOn]
      FROM [TblFactories] AS [t]
info: Microsoft.EntityFrameworkCore.Database.Command[20101]
      Executed DbCommand (6ms) [Parameters=[], CommandType='Text', CommandTimeout='120']
      SELECT [t].[DispId], [t].[BillID], [t].[ChallanNo], [t].[Destination], [t].[DisVid], [t].[DispatchDate], [t].[DispatchQuantity], [t].[FinalPrice], [t].[UnitPrice], [t].[VehicleNo]
      FROM [TblDispatches] AS [t]
info: Microsoft.EntityFrameworkCore.Infrastructure[10403]
      Entity Framework Core 6.0.21 initialized 'TransportMgmtContext' using provider 'Microsoft.EntityFrameworkCore.SqlServer:6.0.21' with options: CommandTimeout=120 
info: Microsoft.EntityFrameworkCore.Database.Command[20101]
      Executed DbCommand (3ms) [Parameters=[], CommandType='Text', CommandTimeout='120']
      SELECT [t].[FID], [t].[Address], [t].[Code], [t].[CreatedBy], [t].[CreatedOn], [t].[FactoryName], [t].[Gstin], [t].[IsActive], [t].[ModifiedBy], [t].[ModifiedOn]
      FROM [TblFactories] AS [t]
info: Microsoft.EntityFrameworkCore.Database.Command[20101]
      Executed DbCommand (1ms) [Parameters=[], CommandType='Text', CommandTimeout='120']
      SELECT [t].[FID], [t].[Address], [t].[Code], [t].[CreatedBy], [t].[CreatedOn], [t].[FactoryName], [t].[Gstin], [t].[IsActive], [t].[ModifiedBy], [t].[ModifiedOn]
      FROM [TblFactories] AS [t]
info: Microsoft.EntityFrameworkCore.Database.Command[20101]
      Executed DbCommand (3ms) [Parameters=[], CommandType='Text', CommandTimeout='120']
      SELECT [t].[DispId], [t].[BillID], [t].[ChallanNo], [t].[Destination], [t].[DisVid], [t].[DispatchDate], [t].[DispatchQuantity], [t].[FinalPrice], [t].[UnitPrice], [t].[VehicleNo]
      FROM [TblDispatches] AS [t]
info: Microsoft.EntityFrameworkCore.Infrastructure[10403]
      Entity Framework Core 6.0.21 initialized 'TransportMgmtContext' using provider 'Microsoft.EntityFrameworkCore.SqlServer:6.0.21' with options: CommandTimeout=120 
info: Microsoft.EntityFrameworkCore.Database.Command[20101]
      Executed DbCommand (5ms) [Parameters=[@__dispatchId_0='?' (Size = 4000)], CommandType='Text', CommandTimeout='120']
      SELECT TOP(1) [t].[DispId], [t].[BillID], [t].[ChallanNo], [t].[Destination], [t].[DisVid], [t].[DispatchDate], [t].[DispatchQuantity], [t].[FinalPrice], [t].[UnitPrice], [t].[VehicleNo]
      FROM [TblDispatches] AS [t]
      WHERE [t].[ChallanNo] = @__dispatchId_0
info: Microsoft.EntityFrameworkCore.Database.Command[20101]
      Executed DbCommand (3ms) [Parameters=[@__dispatchId_0='?' (Size = 4000)], CommandType='Text', CommandTimeout='120']
      SELECT TOP(1) [t].[DispId], [t].[BillID], [t].[ChallanNo], [t].[Destination], [t].[DisVid], [t].[DispatchDate], [t].[DispatchQuantity], [t].[FinalPrice], [t].[UnitPrice], [t].[VehicleNo]
      FROM [TblDispatches] AS [t]
      WHERE [t].[ChallanNo] = @__dispatchId_0
info: Microsoft.EntityFrameworkCore.Database.Command[20101]
      Executed DbCommand (10ms) [Parameters=[@__billNumber_0='?' (Size = 4000)], CommandType='Text', CommandTimeout='120']
      SELECT TOP(1) [b].[BillID], [b].[ActualAmount], [b].[BillDate], [b].[BillNum], [b].[BillType], [b].[FID], [b].[Gst], [b].[GstDate], [b].[PId], [b].[PaymentReceived], [b].[PaymentTablePId], [b].[Tds]
      FROM [BillTables] AS [b]
      WHERE [b].[BillNum] = @__billNumber_0
info: Microsoft.EntityFrameworkCore.Database.Command[20101]
      Executed DbCommand (37ms) [Parameters=[@p0='?' (DbType = Double), @p1='?' (DbType = DateTime2), @p2='?' (Size = 4000), @p3='?' (Size = 4000), @p4='?' (DbType = Int32), @p5='?' (DbType = Double), @p6='?' (DbType = DateTime2), @p7='?' (DbType = Int32), @p8='?' (DbType = Double), @p9='?' (DbType = Int32), @p10='?' (DbType = Double)], CommandType='Text', CommandTimeout='120']
      SET NOCOUNT ON;
      INSERT INTO [BillTables] ([ActualAmount], [BillDate], [BillNum], [BillType], [FID], [Gst], [GstDate], [PId], [PaymentReceived], [PaymentTablePId], [Tds])
      VALUES (@p0, @p1, @p2, @p3, @p4, @p5, @p6, @p7, @p8, @p9, @p10);
      SELECT [BillID]
      FROM [BillTables]
      WHERE @@ROWCOUNT = 1 AND [BillID] = scope_identity();
info: Microsoft.EntityFrameworkCore.Database.Command[20101]
      Executed DbCommand (2ms) [Parameters=[@p2='?' (DbType = Int32), @p0='?' (DbType = Double), @p1='?' (DbType = Double)], CommandType='Text', CommandTimeout='120']
      SET NOCOUNT ON;
      UPDATE [TblDispatches] SET [FinalPrice] = @p0, [UnitPrice] = @p1
      WHERE [DispId] = @p2;
      SELECT @@ROWCOUNT;
info: Microsoft.EntityFrameworkCore.Database.Command[20101]
      Executed DbCommand (4ms) [Parameters=[@__dispatchId_0='?' (Size = 4000)], CommandType='Text', CommandTimeout='120']
      SELECT TOP(1) [t].[DispId], [t].[BillID], [t].[ChallanNo], [t].[Destination], [t].[DisVid], [t].[DispatchDate], [t].[DispatchQuantity], [t].[FinalPrice], [t].[UnitPrice], [t].[VehicleNo]
      FROM [TblDispatches] AS [t]
      WHERE [t].[ChallanNo] = @__dispatchId_0
info: Microsoft.EntityFrameworkCore.Database.Command[20101]
      Executed DbCommand (4ms) [Parameters=[@__dispatchId_0='?' (Size = 4000)], CommandType='Text', CommandTimeout='120']
      SELECT TOP(1) [t].[DispId], [t].[BillID], [t].[ChallanNo], [t].[Destination], [t].[DisVid], [t].[DispatchDate], [t].[DispatchQuantity], [t].[FinalPrice], [t].[UnitPrice], [t].[VehicleNo]
      FROM [TblDispatches] AS [t]
      WHERE [t].[ChallanNo] = @__dispatchId_0
info: Microsoft.EntityFrameworkCore.Database.Command[20101]
      Executed DbCommand (4ms) [Parameters=[@__dispatchId_0='?' (Size = 4000)], CommandType='Text', CommandTimeout='120']
      SELECT TOP(1) [t].[DispId], [t].[BillID], [t].[ChallanNo], [t].[Destination], [t].[DisVid], [t].[DispatchDate], [t].[DispatchQuantity], [t].[FinalPrice], [t].[UnitPrice], [t].[VehicleNo]
      FROM [TblDispatches] AS [t]
      WHERE [t].[ChallanNo] = @__dispatchId_0
info: Microsoft.EntityFrameworkCore.Database.Command[20101]
      Executed DbCommand (3ms) [Parameters=[@__dispatchId_0='?' (Size = 4000)], CommandType='Text', CommandTimeout='120']
      SELECT TOP(1) [t].[DispId], [t].[BillID], [t].[ChallanNo], [t].[Destination], [t].[DisVid], [t].[DispatchDate], [t].[DispatchQuantity], [t].[FinalPrice], [t].[UnitPrice], [t].[VehicleNo]
      FROM [TblDispatches] AS [t]
      WHERE [t].[ChallanNo] = @__dispatchId_0
info: Microsoft.EntityFrameworkCore.Database.Command[20101]
      Executed DbCommand (3ms) [Parameters=[@__dispatchId_0='?' (Size = 4000)], CommandType='Text', CommandTimeout='120']
      SELECT TOP(1) [t].[DispId], [t].[BillID], [t].[ChallanNo], [t].[Destination], [t].[DisVid], [t].[DispatchDate], [t].[DispatchQuantity], [t].[FinalPrice], [t].[UnitPrice], [t].[VehicleNo]
      FROM [TblDispatches] AS [t]
      WHERE [t].[ChallanNo] = @__dispatchId_0
info: Microsoft.EntityFrameworkCore.Database.Command[20101]
      Executed DbCommand (4ms) [Parameters=[@__dispatchId_0='?' (Size = 4000)], CommandType='Text', CommandTimeout='120']
      SELECT TOP(1) [t].[DispId], [t].[BillID], [t].[ChallanNo], [t].[Destination], [t].[DisVid], [t].[DispatchDate], [t].[DispatchQuantity], [t].[FinalPrice], [t].[UnitPrice], [t].[VehicleNo]
      FROM [TblDispatches] AS [t]
      WHERE [t].[ChallanNo] = @__dispatchId_0
info: Microsoft.EntityFrameworkCore.Database.Command[20101]
      Executed DbCommand (3ms) [Parameters=[@__dispatchId_0='?' (Size = 4000)], CommandType='Text', CommandTimeout='120']
      SELECT TOP(1) [t].[DispId], [t].[BillID], [t].[ChallanNo], [t].[Destination], [t].[DisVid], [t].[DispatchDate], [t].[DispatchQuantity], [t].[FinalPrice], [t].[UnitPrice], [t].[VehicleNo]
      FROM [TblDispatches] AS [t]
      WHERE [t].[ChallanNo] = @__dispatchId_0
info: Microsoft.EntityFrameworkCore.Database.Command[20101]
      Executed DbCommand (5ms) [Parameters=[@__dispatchId_0='?' (Size = 4000)], CommandType='Text', CommandTimeout='120']
      SELECT TOP(1) [t].[DispId], [t].[BillID], [t].[ChallanNo], [t].[Destination], [t].[DisVid], [t].[DispatchDate], [t].[DispatchQuantity], [t].[FinalPrice], [t].[UnitPrice], [t].[VehicleNo]
      FROM [TblDispatches] AS [t]
      WHERE [t].[ChallanNo] = @__dispatchId_0
info: Microsoft.EntityFrameworkCore.Database.Command[20101]
      Executed DbCommand (3ms) [Parameters=[@__dispatchId_0='?' (Size = 4000)], CommandType='Text', CommandTimeout='120']
      SELECT TOP(1) [t].[DispId], [t].[BillID], [t].[ChallanNo], [t].[Destination], [t].[DisVid], [t].[DispatchDate], [t].[DispatchQuantity], [t].[FinalPrice], [t].[UnitPrice], [t].[VehicleNo]
      FROM [TblDispatches] AS [t]
      WHERE [t].[ChallanNo] = @__dispatchId_0
info: Microsoft.EntityFrameworkCore.Database.Command[20101]
      Executed DbCommand (5ms) [Parameters=[@p9='?' (DbType = Int32), @p0='?' (DbType = Int32), @p1='?' (Size = 4000), @p2='?' (Size = 4000), @p3='?' (DbType = Int32), @p4='?' (DbType = DateTime2), @p5='?' (DbType = Double), @p6='?' (DbType = Double), @p7='?' (DbType = Double), @p8='?' (Size = 4000)], CommandType='Text', CommandTimeout='120']
      SET NOCOUNT ON;
      UPDATE [TblDispatches] SET [BillID] = @p0, [ChallanNo] = @p1, [Destination] = @p2, [DisVid] = @p3, [DispatchDate] = @p4, [DispatchQuantity] = @p5, [FinalPrice] = @p6, [UnitPrice] = @p7, [VehicleNo] = @p8
      WHERE [DispId] = @p9;
      SELECT @@ROWCOUNT;
info: Microsoft.EntityFrameworkCore.Database.Command[20101]
      Executed DbCommand (5ms) [Parameters=[@p9='?' (DbType = Int32), @p0='?' (DbType = Int32), @p1='?' (Size = 4000), @p2='?' (Size = 4000), @p3='?' (DbType = Int32), @p4='?' (DbType = DateTime2), @p5='?' (DbType = Double), @p6='?' (DbType = Double), @p7='?' (DbType = Double), @p8='?' (Size = 4000)], CommandType='Text', CommandTimeout='120']
      SET NOCOUNT ON;
      UPDATE [TblDispatches] SET [BillID] = @p0, [ChallanNo] = @p1, [Destination] = @p2, [DisVid] = @p3, [DispatchDate] = @p4, [DispatchQuantity] = @p5, [FinalPrice] = @p6, [UnitPrice] = @p7, [VehicleNo] = @p8
      WHERE [DispId] = @p9;
      SELECT @@ROWCOUNT;
info: Microsoft.EntityFrameworkCore.Infrastructure[10403]
      Entity Framework Core 6.0.21 initialized 'TransportMgmtContext' using provider 'Microsoft.EntityFrameworkCore.SqlServer:6.0.21' with options: CommandTimeout=120 
info: Microsoft.EntityFrameworkCore.Database.Command[20101]
      Executed DbCommand (2ms) [Parameters=[], CommandType='Text', CommandTimeout='120']
      SELECT [t].[FID], [t].[Address], [t].[Code], [t].[CreatedBy], [t].[CreatedOn], [t].[FactoryName], [t].[Gstin], [t].[IsActive], [t].[ModifiedBy], [t].[ModifiedOn]
      FROM [TblFactories] AS [t]
info: Microsoft.EntityFrameworkCore.Database.Command[20101]
      Executed DbCommand (1ms) [Parameters=[], CommandType='Text', CommandTimeout='120']
      SELECT [t].[FID], [t].[Address], [t].[Code], [t].[CreatedBy], [t].[CreatedOn], [t].[FactoryName], [t].[Gstin], [t].[IsActive], [t].[ModifiedBy], [t].[ModifiedOn]
      FROM [TblFactories] AS [t]
info: Microsoft.EntityFrameworkCore.Database.Command[20101]
      Executed DbCommand (1ms) [Parameters=[], CommandType='Text', CommandTimeout='120']
      SELECT [t].[DispId], [t].[BillID], [t].[ChallanNo], [t].[Destination], [t].[DisVid], [t].[DispatchDate], [t].[DispatchQuantity], [t].[FinalPrice], [t].[UnitPrice], [t].[VehicleNo]
      FROM [TblDispatches] AS [t]
info: Microsoft.EntityFrameworkCore.Infrastructure[10403]
      Entity Framework Core 6.0.21 initialized 'TransportMgmtContext' using provider 'Microsoft.EntityFrameworkCore.SqlServer:6.0.21' with options: CommandTimeout=120 
info: Microsoft.EntityFrameworkCore.Database.Command[20101]
      Executed DbCommand (4ms) [Parameters=[], CommandType='Text', CommandTimeout='120']
      SELECT [t].[FID], [t].[Address], [t].[Code], [t].[CreatedBy], [t].[CreatedOn], [t].[FactoryName], [t].[Gstin], [t].[IsActive], [t].[ModifiedBy], [t].[ModifiedOn]
      FROM [TblFactories] AS [t]
info: Microsoft.EntityFrameworkCore.Database.Command[20101]
      Executed DbCommand (1ms) [Parameters=[], CommandType='Text', CommandTimeout='120']
      SELECT [t].[FID], [t].[Address], [t].[Code], [t].[CreatedBy], [t].[CreatedOn], [t].[FactoryName], [t].[Gstin], [t].[IsActive], [t].[ModifiedBy], [t].[ModifiedOn]
      FROM [TblFactories] AS [t]
info: Microsoft.EntityFrameworkCore.Database.Command[20101]
      Executed DbCommand (2ms) [Parameters=[], CommandType='Text', CommandTimeout='120']
      SELECT [t].[DispId], [t].[BillID], [t].[ChallanNo], [t].[Destination], [t].[DisVid], [t].[DispatchDate], [t].[DispatchQuantity], [t].[FinalPrice], [t].[UnitPrice], [t].[VehicleNo]
      FROM [TblDispatches] AS [t]
info: Microsoft.EntityFrameworkCore.Infrastructure[10403]
      Entity Framework Core 6.0.21 initialized 'TransportMgmtContext' using provider 'Microsoft.EntityFrameworkCore.SqlServer:6.0.21' with options: CommandTimeout=120 
info: Microsoft.EntityFrameworkCore.Database.Command[20101]
      Executed DbCommand (2ms) [Parameters=[], CommandType='Text', CommandTimeout='120']
      SELECT [t].[FID] AS [id], [t].[FactoryName] AS [name]
      FROM [TblFactories] AS [t]
info: Microsoft.EntityFrameworkCore.Infrastructure[10403]
      Entity Framework Core 6.0.21 initialized 'TransportMgmtContext' using provider 'Microsoft.EntityFrameworkCore.SqlServer:6.0.21' with options: CommandTimeout=120 
info: Microsoft.EntityFrameworkCore.Database.Command[20101]
      Executed DbCommand (1ms) [Parameters=[], CommandType='Text', CommandTimeout='120']
      SELECT [t].[FID], [t].[Address], [t].[Code], [t].[CreatedBy], [t].[CreatedOn], [t].[FactoryName], [t].[Gstin], [t].[IsActive], [t].[ModifiedBy], [t].[ModifiedOn]
      FROM [TblFactories] AS [t]
info: Microsoft.EntityFrameworkCore.Database.Command[20101]
      Executed DbCommand (7ms) [Parameters=[], CommandType='Text', CommandTimeout='120']
      SELECT [b].[BillID], [b].[BillNum], [b].[BillDate], [b].[BillType], CASE
          WHEN [b].[FID] IS NOT NULL THEN (
              SELECT TOP(1) [t].[FactoryName]
              FROM [TblFactories] AS [t]
              WHERE [t].[FID] = [b].[FID])
          ELSE NULL
      END AS [FactoryName]
      FROM [BillTables] AS [b]
info: Microsoft.EntityFrameworkCore.Infrastructure[10403]
      Entity Framework Core 6.0.21 initialized 'TransportMgmtContext' using provider 'Microsoft.EntityFrameworkCore.SqlServer:6.0.21' with options: CommandTimeout=120 
info: Microsoft.EntityFrameworkCore.Database.Command[20101]
      Executed DbCommand (2ms) [Parameters=[], CommandType='Text', CommandTimeout='120']
      SELECT [t].[FID] AS [id], [t].[FactoryName] AS [name]
      FROM [TblFactories] AS [t]
info: Microsoft.EntityFrameworkCore.Infrastructure[10403]
      Entity Framework Core 6.0.21 initialized 'TransportMgmtContext' using provider 'Microsoft.EntityFrameworkCore.SqlServer:6.0.21' with options: CommandTimeout=120 
info: Microsoft.EntityFrameworkCore.Database.Command[20101]
      Executed DbCommand (40ms) [Parameters=[p0='?' (DbType = DateTime2), p1='?' (DbType = DateTime2), p2='?' (DbType = Int32)], CommandType='Text', CommandTimeout='120']
      EXEC [dbo].[SpExpoBilldetail] @FromDate = @p0, @ToDate = @p1, @FactoryId = @p2
info: Microsoft.EntityFrameworkCore.Infrastructure[10403]
      Entity Framework Core 6.0.21 initialized 'TransportMgmtContext' using provider 'Microsoft.EntityFrameworkCore.SqlServer:6.0.21' with options: CommandTimeout=120 
info: Microsoft.EntityFrameworkCore.Database.Command[20101]
      Executed DbCommand (4ms) [Parameters=[], CommandType='Text', CommandTimeout='120']
      SELECT [t].[FID], [t].[Address], [t].[Code], [t].[CreatedBy], [t].[CreatedOn], [t].[FactoryName], [t].[Gstin], [t].[IsActive], [t].[ModifiedBy], [t].[ModifiedOn]
      FROM [TblFactories] AS [t]
info: Microsoft.EntityFrameworkCore.Database.Command[20101]
      Executed DbCommand (1ms) [Parameters=[], CommandType='Text', CommandTimeout='120']
      SELECT [t].[FID], [t].[Address], [t].[Code], [t].[CreatedBy], [t].[CreatedOn], [t].[FactoryName], [t].[Gstin], [t].[IsActive], [t].[ModifiedBy], [t].[ModifiedOn]
      FROM [TblFactories] AS [t]
info: Microsoft.EntityFrameworkCore.Database.Command[20101]
      Executed DbCommand (1ms) [Parameters=[], CommandType='Text', CommandTimeout='120']
      SELECT [t].[DispId], [t].[BillID], [t].[ChallanNo], [t].[Destination], [t].[DisVid], [t].[DispatchDate], [t].[DispatchQuantity], [t].[FinalPrice], [t].[UnitPrice], [t].[VehicleNo]
      FROM [TblDispatches] AS [t]
info: Microsoft.EntityFrameworkCore.Infrastructure[10403]
      Entity Framework Core 6.0.21 initialized 'TransportMgmtContext' using provider 'Microsoft.EntityFrameworkCore.SqlServer:6.0.21' with options: CommandTimeout=120 
info: Microsoft.EntityFrameworkCore.Database.Command[20101]
      Executed DbCommand (1ms) [Parameters=[], CommandType='Text', CommandTimeout='120']
      SELECT [t].[FID] AS [id], [t].[FactoryName] AS [name]
      FROM [TblFactories] AS [t]
info: Microsoft.EntityFrameworkCore.Infrastructure[10403]
      Entity Framework Core 6.0.21 initialized 'TransportMgmtContext' using provider 'Microsoft.EntityFrameworkCore.SqlServer:6.0.21' with options: CommandTimeout=120 
info: Microsoft.EntityFrameworkCore.Database.Command[20101]
      Executed DbCommand (17ms) [Parameters=[p0='?' (DbType = DateTime2), p1='?' (DbType = DateTime2), p2='?' (DbType = Int32)], CommandType='Text', CommandTimeout='120']
      EXEC [dbo].[SpExpoBilldetail] @FromDate = @p0, @ToDate = @p1, @FactoryId = @p2
info: Microsoft.EntityFrameworkCore.Infrastructure[10403]
      Entity Framework Core 6.0.21 initialized 'TransportMgmtContext' using provider 'Microsoft.EntityFrameworkCore.SqlServer:6.0.21' with options: CommandTimeout=120 
info: Microsoft.EntityFrameworkCore.Database.Command[20101]
      Executed DbCommand (4ms) [Parameters=[@__dispatchId_0='?' (Size = 4000)], CommandType='Text', CommandTimeout='120']
      SELECT TOP(1) [t].[DispId], [t].[BillID], [t].[ChallanNo], [t].[Destination], [t].[DisVid], [t].[DispatchDate], [t].[DispatchQuantity], [t].[FinalPrice], [t].[UnitPrice], [t].[VehicleNo]
      FROM [TblDispatches] AS [t]
      WHERE [t].[ChallanNo] = @__dispatchId_0
info: Microsoft.EntityFrameworkCore.Database.Command[20101]
      Executed DbCommand (5ms) [Parameters=[@__dispatchId_0='?' (Size = 4000)], CommandType='Text', CommandTimeout='120']
      SELECT TOP(1) [t].[DispId], [t].[BillID], [t].[ChallanNo], [t].[Destination], [t].[DisVid], [t].[DispatchDate], [t].[DispatchQuantity], [t].[FinalPrice], [t].[UnitPrice], [t].[VehicleNo]
      FROM [TblDispatches] AS [t]
      WHERE [t].[ChallanNo] = @__dispatchId_0
info: Microsoft.EntityFrameworkCore.Database.Command[20101]
      Executed DbCommand (2ms) [Parameters=[@__billNumber_0='?' (Size = 4000)], CommandType='Text', CommandTimeout='120']
      SELECT TOP(1) [b].[BillID], [b].[ActualAmount], [b].[BillDate], [b].[BillNum], [b].[BillType], [b].[FID], [b].[Gst], [b].[GstDate], [b].[PId], [b].[PaymentReceived], [b].[PaymentTablePId], [b].[Tds]
      FROM [BillTables] AS [b]
      WHERE [b].[BillNum] = @__billNumber_0
info: Microsoft.EntityFrameworkCore.Database.Command[20101]
      Executed DbCommand (14ms) [Parameters=[@p0='?' (DbType = Double), @p1='?' (DbType = DateTime2), @p2='?' (Size = 4000), @p3='?' (Size = 4000), @p4='?' (DbType = Int32), @p5='?' (DbType = Double), @p6='?' (DbType = DateTime2), @p7='?' (DbType = Int32), @p8='?' (DbType = Double), @p9='?' (DbType = Int32), @p10='?' (DbType = Double)], CommandType='Text', CommandTimeout='120']
      SET NOCOUNT ON;
      INSERT INTO [BillTables] ([ActualAmount], [BillDate], [BillNum], [BillType], [FID], [Gst], [GstDate], [PId], [PaymentReceived], [PaymentTablePId], [Tds])
      VALUES (@p0, @p1, @p2, @p3, @p4, @p5, @p6, @p7, @p8, @p9, @p10);
      SELECT [BillID]
      FROM [BillTables]
      WHERE @@ROWCOUNT = 1 AND [BillID] = scope_identity();
info: Microsoft.EntityFrameworkCore.Database.Command[20101]
      Executed DbCommand (4ms) [Parameters=[@p2='?' (DbType = Int32), @p0='?' (DbType = Double), @p1='?' (DbType = Double)], CommandType='Text', CommandTimeout='120']
      SET NOCOUNT ON;
      UPDATE [TblDispatches] SET [FinalPrice] = @p0, [UnitPrice] = @p1
      WHERE [DispId] = @p2;
      SELECT @@ROWCOUNT;
info: Microsoft.EntityFrameworkCore.Database.Command[20101]
      Executed DbCommand (173ms) [Parameters=[@__dispatchId_0='?' (Size = 4000)], CommandType='Text', CommandTimeout='120']
      SELECT TOP(1) [t].[DispId], [t].[BillID], [t].[ChallanNo], [t].[Destination], [t].[DisVid], [t].[DispatchDate], [t].[DispatchQuantity], [t].[FinalPrice], [t].[UnitPrice], [t].[VehicleNo]
      FROM [TblDispatches] AS [t]
      WHERE [t].[ChallanNo] = @__dispatchId_0
info: Microsoft.EntityFrameworkCore.Database.Command[20101]
      Executed DbCommand (48ms) [Parameters=[@__dispatchId_0='?' (Size = 4000)], CommandType='Text', CommandTimeout='120']
      SELECT TOP(1) [t].[DispId], [t].[BillID], [t].[ChallanNo], [t].[Destination], [t].[DisVid], [t].[DispatchDate], [t].[DispatchQuantity], [t].[FinalPrice], [t].[UnitPrice], [t].[VehicleNo]
      FROM [TblDispatches] AS [t]
      WHERE [t].[ChallanNo] = @__dispatchId_0
info: Microsoft.EntityFrameworkCore.Database.Command[20101]
      Executed DbCommand (7ms) [Parameters=[@__dispatchId_0='?' (Size = 4000)], CommandType='Text', CommandTimeout='120']
      SELECT TOP(1) [t].[DispId], [t].[BillID], [t].[ChallanNo], [t].[Destination], [t].[DisVid], [t].[DispatchDate], [t].[DispatchQuantity], [t].[FinalPrice], [t].[UnitPrice], [t].[VehicleNo]
      FROM [TblDispatches] AS [t]
      WHERE [t].[ChallanNo] = @__dispatchId_0
info: Microsoft.EntityFrameworkCore.Database.Command[20101]
      Executed DbCommand (11ms) [Parameters=[@__dispatchId_0='?' (Size = 4000)], CommandType='Text', CommandTimeout='120']
      SELECT TOP(1) [t].[DispId], [t].[BillID], [t].[ChallanNo], [t].[Destination], [t].[DisVid], [t].[DispatchDate], [t].[DispatchQuantity], [t].[FinalPrice], [t].[UnitPrice], [t].[VehicleNo]
      FROM [TblDispatches] AS [t]
      WHERE [t].[ChallanNo] = @__dispatchId_0
info: Microsoft.EntityFrameworkCore.Database.Command[20101]
      Executed DbCommand (7ms) [Parameters=[@__dispatchId_0='?' (Size = 4000)], CommandType='Text', CommandTimeout='120']
      SELECT TOP(1) [t].[DispId], [t].[BillID], [t].[ChallanNo], [t].[Destination], [t].[DisVid], [t].[DispatchDate], [t].[DispatchQuantity], [t].[FinalPrice], [t].[UnitPrice], [t].[VehicleNo]
      FROM [TblDispatches] AS [t]
      WHERE [t].[ChallanNo] = @__dispatchId_0
info: Microsoft.EntityFrameworkCore.Database.Command[20101]
      Executed DbCommand (6ms) [Parameters=[@__dispatchId_0='?' (Size = 4000)], CommandType='Text', CommandTimeout='120']
      SELECT TOP(1) [t].[DispId], [t].[BillID], [t].[ChallanNo], [t].[Destination], [t].[DisVid], [t].[DispatchDate], [t].[DispatchQuantity], [t].[FinalPrice], [t].[UnitPrice], [t].[VehicleNo]
      FROM [TblDispatches] AS [t]
      WHERE [t].[ChallanNo] = @__dispatchId_0
info: Microsoft.EntityFrameworkCore.Database.Command[20101]
      Executed DbCommand (8ms) [Parameters=[@__dispatchId_0='?' (Size = 4000)], CommandType='Text', CommandTimeout='120']
      SELECT TOP(1) [t].[DispId], [t].[BillID], [t].[ChallanNo], [t].[Destination], [t].[DisVid], [t].[DispatchDate], [t].[DispatchQuantity], [t].[FinalPrice], [t].[UnitPrice], [t].[VehicleNo]
      FROM [TblDispatches] AS [t]
      WHERE [t].[ChallanNo] = @__dispatchId_0
info: Microsoft.EntityFrameworkCore.Database.Command[20101]
      Executed DbCommand (7ms) [Parameters=[@p9='?' (DbType = Int32), @p0='?' (DbType = Int32), @p1='?' (Size = 4000), @p2='?' (Size = 4000), @p3='?' (DbType = Int32), @p4='?' (DbType = DateTime2), @p5='?' (DbType = Double), @p6='?' (DbType = Double), @p7='?' (DbType = Double), @p8='?' (Size = 4000)], CommandType='Text', CommandTimeout='120']
      SET NOCOUNT ON;
      UPDATE [TblDispatches] SET [BillID] = @p0, [ChallanNo] = @p1, [Destination] = @p2, [DisVid] = @p3, [DispatchDate] = @p4, [DispatchQuantity] = @p5, [FinalPrice] = @p6, [UnitPrice] = @p7, [VehicleNo] = @p8
      WHERE [DispId] = @p9;
      SELECT @@ROWCOUNT;
info: Microsoft.EntityFrameworkCore.Infrastructure[10403]
      Entity Framework Core 6.0.21 initialized 'TransportMgmtContext' using provider 'Microsoft.EntityFrameworkCore.SqlServer:6.0.21' with options: CommandTimeout=120 
info: Microsoft.EntityFrameworkCore.Database.Command[20101]
      Executed DbCommand (3ms) [Parameters=[], CommandType='Text', CommandTimeout='120']
      SELECT [t].[FID], [t].[Address], [t].[Code], [t].[CreatedBy], [t].[CreatedOn], [t].[FactoryName], [t].[Gstin], [t].[IsActive], [t].[ModifiedBy], [t].[ModifiedOn]
      FROM [TblFactories] AS [t]
info: Microsoft.EntityFrameworkCore.Database.Command[20101]
      Executed DbCommand (1ms) [Parameters=[], CommandType='Text', CommandTimeout='120']
      SELECT [t].[FID], [t].[Address], [t].[Code], [t].[CreatedBy], [t].[CreatedOn], [t].[FactoryName], [t].[Gstin], [t].[IsActive], [t].[ModifiedBy], [t].[ModifiedOn]
      FROM [TblFactories] AS [t]
info: Microsoft.EntityFrameworkCore.Database.Command[20101]
      Executed DbCommand (2ms) [Parameters=[], CommandType='Text', CommandTimeout='120']
      SELECT [t].[DispId], [t].[BillID], [t].[ChallanNo], [t].[Destination], [t].[DisVid], [t].[DispatchDate], [t].[DispatchQuantity], [t].[FinalPrice], [t].[UnitPrice], [t].[VehicleNo]
      FROM [TblDispatches] AS [t]
info: Microsoft.EntityFrameworkCore.Infrastructure[10403]
      Entity Framework Core 6.0.21 initialized 'TransportMgmtContext' using provider 'Microsoft.EntityFrameworkCore.SqlServer:6.0.21' with options: CommandTimeout=120 
info: Microsoft.EntityFrameworkCore.Database.Command[20101]
      Executed DbCommand (5ms) [Parameters=[@__dispatchId_0='?' (Size = 4000)], CommandType='Text', CommandTimeout='120']
      SELECT TOP(1) [t].[DispId], [t].[BillID], [t].[ChallanNo], [t].[Destination], [t].[DisVid], [t].[DispatchDate], [t].[DispatchQuantity], [t].[FinalPrice], [t].[UnitPrice], [t].[VehicleNo]
      FROM [TblDispatches] AS [t]
      WHERE [t].[ChallanNo] = @__dispatchId_0
info: Microsoft.EntityFrameworkCore.Database.Command[20101]
      Executed DbCommand (5ms) [Parameters=[@__dispatchId_0='?' (Size = 4000)], CommandType='Text', CommandTimeout='120']
      SELECT TOP(1) [t].[DispId], [t].[BillID], [t].[ChallanNo], [t].[Destination], [t].[DisVid], [t].[DispatchDate], [t].[DispatchQuantity], [t].[FinalPrice], [t].[UnitPrice], [t].[VehicleNo]
      FROM [TblDispatches] AS [t]
      WHERE [t].[ChallanNo] = @__dispatchId_0
info: Microsoft.EntityFrameworkCore.Database.Command[20101]
      Executed DbCommand (4ms) [Parameters=[@__dispatchId_0='?' (Size = 4000)], CommandType='Text', CommandTimeout='120']
      SELECT TOP(1) [t].[DispId], [t].[BillID], [t].[ChallanNo], [t].[Destination], [t].[DisVid], [t].[DispatchDate], [t].[DispatchQuantity], [t].[FinalPrice], [t].[UnitPrice], [t].[VehicleNo]
      FROM [TblDispatches] AS [t]
      WHERE [t].[ChallanNo] = @__dispatchId_0
info: Microsoft.EntityFrameworkCore.Database.Command[20101]
      Executed DbCommand (4ms) [Parameters=[@__dispatchId_0='?' (Size = 4000)], CommandType='Text', CommandTimeout='120']
      SELECT TOP(1) [t].[DispId], [t].[BillID], [t].[ChallanNo], [t].[Destination], [t].[DisVid], [t].[DispatchDate], [t].[DispatchQuantity], [t].[FinalPrice], [t].[UnitPrice], [t].[VehicleNo]
      FROM [TblDispatches] AS [t]
      WHERE [t].[ChallanNo] = @__dispatchId_0
info: Microsoft.EntityFrameworkCore.Database.Command[20101]
      Executed DbCommand (4ms) [Parameters=[@__dispatchId_0='?' (Size = 4000)], CommandType='Text', CommandTimeout='120']
      SELECT TOP(1) [t].[DispId], [t].[BillID], [t].[ChallanNo], [t].[Destination], [t].[DisVid], [t].[DispatchDate], [t].[DispatchQuantity], [t].[FinalPrice], [t].[UnitPrice], [t].[VehicleNo]
      FROM [TblDispatches] AS [t]
      WHERE [t].[ChallanNo] = @__dispatchId_0
info: Microsoft.EntityFrameworkCore.Database.Command[20101]
      Executed DbCommand (4ms) [Parameters=[@__dispatchId_0='?' (Size = 4000)], CommandType='Text', CommandTimeout='120']
      SELECT TOP(1) [t].[DispId], [t].[BillID], [t].[ChallanNo], [t].[Destination], [t].[DisVid], [t].[DispatchDate], [t].[DispatchQuantity], [t].[FinalPrice], [t].[UnitPrice], [t].[VehicleNo]
      FROM [TblDispatches] AS [t]
      WHERE [t].[ChallanNo] = @__dispatchId_0
info: Microsoft.EntityFrameworkCore.Database.Command[20101]
      Executed DbCommand (4ms) [Parameters=[@__dispatchId_0='?' (Size = 4000)], CommandType='Text', CommandTimeout='120']
      SELECT TOP(1) [t].[DispId], [t].[BillID], [t].[ChallanNo], [t].[Destination], [t].[DisVid], [t].[DispatchDate], [t].[DispatchQuantity], [t].[FinalPrice], [t].[UnitPrice], [t].[VehicleNo]
      FROM [TblDispatches] AS [t]
      WHERE [t].[ChallanNo] = @__dispatchId_0
info: Microsoft.EntityFrameworkCore.Database.Command[20101]
      Executed DbCommand (4ms) [Parameters=[@__dispatchId_0='?' (Size = 4000)], CommandType='Text', CommandTimeout='120']
      SELECT TOP(1) [t].[DispId], [t].[BillID], [t].[ChallanNo], [t].[Destination], [t].[DisVid], [t].[DispatchDate], [t].[DispatchQuantity], [t].[FinalPrice], [t].[UnitPrice], [t].[VehicleNo]
      FROM [TblDispatches] AS [t]
      WHERE [t].[ChallanNo] = @__dispatchId_0
info: Microsoft.EntityFrameworkCore.Database.Command[20101]
      Executed DbCommand (5ms) [Parameters=[@__dispatchId_0='?' (Size = 4000)], CommandType='Text', CommandTimeout='120']
      SELECT TOP(1) [t].[DispId], [t].[BillID], [t].[ChallanNo], [t].[Destination], [t].[DisVid], [t].[DispatchDate], [t].[DispatchQuantity], [t].[FinalPrice], [t].[UnitPrice], [t].[VehicleNo]
      FROM [TblDispatches] AS [t]
      WHERE [t].[ChallanNo] = @__dispatchId_0
info: Microsoft.EntityFrameworkCore.Infrastructure[10403]
      Entity Framework Core 6.0.21 initialized 'TransportMgmtContext' using provider 'Microsoft.EntityFrameworkCore.SqlServer:6.0.21' with options: CommandTimeout=120 
info: Microsoft.EntityFrameworkCore.Database.Command[20101]
      Executed DbCommand (3ms) [Parameters=[], CommandType='Text', CommandTimeout='120']
      SELECT [t].[FID], [t].[Address], [t].[Code], [t].[CreatedBy], [t].[CreatedOn], [t].[FactoryName], [t].[Gstin], [t].[IsActive], [t].[ModifiedBy], [t].[ModifiedOn]
      FROM [TblFactories] AS [t]
info: Microsoft.EntityFrameworkCore.Database.Command[20101]
      Executed DbCommand (1ms) [Parameters=[], CommandType='Text', CommandTimeout='120']
      SELECT [t].[FID], [t].[Address], [t].[Code], [t].[CreatedBy], [t].[CreatedOn], [t].[FactoryName], [t].[Gstin], [t].[IsActive], [t].[ModifiedBy], [t].[ModifiedOn]
      FROM [TblFactories] AS [t]
info: Microsoft.EntityFrameworkCore.Database.Command[20101]
      Executed DbCommand (2ms) [Parameters=[], CommandType='Text', CommandTimeout='120']
      SELECT [t].[DispId], [t].[BillID], [t].[ChallanNo], [t].[Destination], [t].[DisVid], [t].[DispatchDate], [t].[DispatchQuantity], [t].[FinalPrice], [t].[UnitPrice], [t].[VehicleNo]
      FROM [TblDispatches] AS [t]
info: Microsoft.EntityFrameworkCore.Infrastructure[10403]
      Entity Framework Core 6.0.21 initialized 'TransportMgmtContext' using provider 'Microsoft.EntityFrameworkCore.SqlServer:6.0.21' with options: CommandTimeout=120 
info: Microsoft.EntityFrameworkCore.Database.Command[20101]
      Executed DbCommand (20ms) [Parameters=[@__dispatchId_0='?' (Size = 4000)], CommandType='Text', CommandTimeout='120']
      SELECT TOP(1) [t].[DispId], [t].[BillID], [t].[ChallanNo], [t].[Destination], [t].[DisVid], [t].[DispatchDate], [t].[DispatchQuantity], [t].[FinalPrice], [t].[UnitPrice], [t].[VehicleNo]
      FROM [TblDispatches] AS [t]
      WHERE [t].[ChallanNo] = @__dispatchId_0
info: Microsoft.EntityFrameworkCore.Database.Command[20101]
      Executed DbCommand (7ms) [Parameters=[@__dispatchId_0='?' (Size = 4000)], CommandType='Text', CommandTimeout='120']
      SELECT TOP(1) [t].[DispId], [t].[BillID], [t].[ChallanNo], [t].[Destination], [t].[DisVid], [t].[DispatchDate], [t].[DispatchQuantity], [t].[FinalPrice], [t].[UnitPrice], [t].[VehicleNo]
      FROM [TblDispatches] AS [t]
      WHERE [t].[ChallanNo] = @__dispatchId_0
info: Microsoft.EntityFrameworkCore.Database.Command[20101]
      Executed DbCommand (8ms) [Parameters=[@__billNumber_0='?' (Size = 4000)], CommandType='Text', CommandTimeout='120']
      SELECT TOP(1) [b].[BillID], [b].[ActualAmount], [b].[BillDate], [b].[BillNum], [b].[BillType], [b].[FID], [b].[Gst], [b].[GstDate], [b].[PId], [b].[PaymentReceived], [b].[PaymentTablePId], [b].[Tds]
      FROM [BillTables] AS [b]
      WHERE [b].[BillNum] = @__billNumber_0
info: Microsoft.EntityFrameworkCore.Database.Command[20101]
      Executed DbCommand (6ms) [Parameters=[@p0='?' (DbType = Double), @p1='?' (DbType = DateTime2), @p2='?' (Size = 4000), @p3='?' (Size = 4000), @p4='?' (DbType = Int32), @p5='?' (DbType = Double), @p6='?' (DbType = DateTime2), @p7='?' (DbType = Int32), @p8='?' (DbType = Double), @p9='?' (DbType = Int32), @p10='?' (DbType = Double)], CommandType='Text', CommandTimeout='120']
      SET NOCOUNT ON;
      INSERT INTO [BillTables] ([ActualAmount], [BillDate], [BillNum], [BillType], [FID], [Gst], [GstDate], [PId], [PaymentReceived], [PaymentTablePId], [Tds])
      VALUES (@p0, @p1, @p2, @p3, @p4, @p5, @p6, @p7, @p8, @p9, @p10);
      SELECT [BillID]
      FROM [BillTables]
      WHERE @@ROWCOUNT = 1 AND [BillID] = scope_identity();
info: Microsoft.EntityFrameworkCore.Database.Command[20101]
      Executed DbCommand (4ms) [Parameters=[@p2='?' (DbType = Int32), @p0='?' (DbType = Double), @p1='?' (DbType = Double)], CommandType='Text', CommandTimeout='120']
      SET NOCOUNT ON;
      UPDATE [TblDispatches] SET [FinalPrice] = @p0, [UnitPrice] = @p1
      WHERE [DispId] = @p2;
      SELECT @@ROWCOUNT;
info: Microsoft.EntityFrameworkCore.Database.Command[20101]
      Executed DbCommand (3ms) [Parameters=[@__dispatchId_0='?' (Size = 4000)], CommandType='Text', CommandTimeout='120']
      SELECT TOP(1) [t].[DispId], [t].[BillID], [t].[ChallanNo], [t].[Destination], [t].[DisVid], [t].[DispatchDate], [t].[DispatchQuantity], [t].[FinalPrice], [t].[UnitPrice], [t].[VehicleNo]
      FROM [TblDispatches] AS [t]
      WHERE [t].[ChallanNo] = @__dispatchId_0
info: Microsoft.EntityFrameworkCore.Database.Command[20101]
      Executed DbCommand (5ms) [Parameters=[@__dispatchId_0='?' (Size = 4000)], CommandType='Text', CommandTimeout='120']
      SELECT TOP(1) [t].[DispId], [t].[BillID], [t].[ChallanNo], [t].[Destination], [t].[DisVid], [t].[DispatchDate], [t].[DispatchQuantity], [t].[FinalPrice], [t].[UnitPrice], [t].[VehicleNo]
      FROM [TblDispatches] AS [t]
      WHERE [t].[ChallanNo] = @__dispatchId_0
info: Microsoft.EntityFrameworkCore.Database.Command[20101]
      Executed DbCommand (4ms) [Parameters=[@__dispatchId_0='?' (Size = 4000)], CommandType='Text', CommandTimeout='120']
      SELECT TOP(1) [t].[DispId], [t].[BillID], [t].[ChallanNo], [t].[Destination], [t].[DisVid], [t].[DispatchDate], [t].[DispatchQuantity], [t].[FinalPrice], [t].[UnitPrice], [t].[VehicleNo]
      FROM [TblDispatches] AS [t]
      WHERE [t].[ChallanNo] = @__dispatchId_0
info: Microsoft.EntityFrameworkCore.Database.Command[20101]
      Executed DbCommand (4ms) [Parameters=[@__dispatchId_0='?' (Size = 4000)], CommandType='Text', CommandTimeout='120']
      SELECT TOP(1) [t].[DispId], [t].[BillID], [t].[ChallanNo], [t].[Destination], [t].[DisVid], [t].[DispatchDate], [t].[DispatchQuantity], [t].[FinalPrice], [t].[UnitPrice], [t].[VehicleNo]
      FROM [TblDispatches] AS [t]
      WHERE [t].[ChallanNo] = @__dispatchId_0
info: Microsoft.EntityFrameworkCore.Database.Command[20101]
      Executed DbCommand (4ms) [Parameters=[@__dispatchId_0='?' (Size = 4000)], CommandType='Text', CommandTimeout='120']
      SELECT TOP(1) [t].[DispId], [t].[BillID], [t].[ChallanNo], [t].[Destination], [t].[DisVid], [t].[DispatchDate], [t].[DispatchQuantity], [t].[FinalPrice], [t].[UnitPrice], [t].[VehicleNo]
      FROM [TblDispatches] AS [t]
      WHERE [t].[ChallanNo] = @__dispatchId_0
info: Microsoft.EntityFrameworkCore.Database.Command[20101]
      Executed DbCommand (4ms) [Parameters=[@__dispatchId_0='?' (Size = 4000)], CommandType='Text', CommandTimeout='120']
      SELECT TOP(1) [t].[DispId], [t].[BillID], [t].[ChallanNo], [t].[Destination], [t].[DisVid], [t].[DispatchDate], [t].[DispatchQuantity], [t].[FinalPrice], [t].[UnitPrice], [t].[VehicleNo]
      FROM [TblDispatches] AS [t]
      WHERE [t].[ChallanNo] = @__dispatchId_0
info: Microsoft.EntityFrameworkCore.Database.Command[20101]
      Executed DbCommand (4ms) [Parameters=[@__dispatchId_0='?' (Size = 4000)], CommandType='Text', CommandTimeout='120']
      SELECT TOP(1) [t].[DispId], [t].[BillID], [t].[ChallanNo], [t].[Destination], [t].[DisVid], [t].[DispatchDate], [t].[DispatchQuantity], [t].[FinalPrice], [t].[UnitPrice], [t].[VehicleNo]
      FROM [TblDispatches] AS [t]
      WHERE [t].[ChallanNo] = @__dispatchId_0
info: Microsoft.EntityFrameworkCore.Database.Command[20101]
      Executed DbCommand (3ms) [Parameters=[@__dispatchId_0='?' (Size = 4000)], CommandType='Text', CommandTimeout='120']
      SELECT TOP(1) [t].[DispId], [t].[BillID], [t].[ChallanNo], [t].[Destination], [t].[DisVid], [t].[DispatchDate], [t].[DispatchQuantity], [t].[FinalPrice], [t].[UnitPrice], [t].[VehicleNo]
      FROM [TblDispatches] AS [t]
      WHERE [t].[ChallanNo] = @__dispatchId_0
info: Microsoft.EntityFrameworkCore.Database.Command[20101]
      Executed DbCommand (4ms) [Parameters=[@__dispatchId_0='?' (Size = 4000)], CommandType='Text', CommandTimeout='120']
      SELECT TOP(1) [t].[DispId], [t].[BillID], [t].[ChallanNo], [t].[Destination], [t].[DisVid], [t].[DispatchDate], [t].[DispatchQuantity], [t].[FinalPrice], [t].[UnitPrice], [t].[VehicleNo]
      FROM [TblDispatches] AS [t]
      WHERE [t].[ChallanNo] = @__dispatchId_0
info: Microsoft.EntityFrameworkCore.Database.Command[20101]
      Executed DbCommand (4ms) [Parameters=[@__dispatchId_0='?' (Size = 4000)], CommandType='Text', CommandTimeout='120']
      SELECT TOP(1) [t].[DispId], [t].[BillID], [t].[ChallanNo], [t].[Destination], [t].[DisVid], [t].[DispatchDate], [t].[DispatchQuantity], [t].[FinalPrice], [t].[UnitPrice], [t].[VehicleNo]
      FROM [TblDispatches] AS [t]
      WHERE [t].[ChallanNo] = @__dispatchId_0
info: Microsoft.EntityFrameworkCore.Database.Command[20101]
      Executed DbCommand (4ms) [Parameters=[@__dispatchId_0='?' (Size = 4000)], CommandType='Text', CommandTimeout='120']
      SELECT TOP(1) [t].[DispId], [t].[BillID], [t].[ChallanNo], [t].[Destination], [t].[DisVid], [t].[DispatchDate], [t].[DispatchQuantity], [t].[FinalPrice], [t].[UnitPrice], [t].[VehicleNo]
      FROM [TblDispatches] AS [t]
      WHERE [t].[ChallanNo] = @__dispatchId_0
info: Microsoft.EntityFrameworkCore.Database.Command[20101]
      Executed DbCommand (7ms) [Parameters=[@__dispatchId_0='?' (Size = 4000)], CommandType='Text', CommandTimeout='120']
      SELECT TOP(1) [t].[DispId], [t].[BillID], [t].[ChallanNo], [t].[Destination], [t].[DisVid], [t].[DispatchDate], [t].[DispatchQuantity], [t].[FinalPrice], [t].[UnitPrice], [t].[VehicleNo]
      FROM [TblDispatches] AS [t]
      WHERE [t].[ChallanNo] = @__dispatchId_0
info: Microsoft.EntityFrameworkCore.Database.Command[20101]
      Executed DbCommand (6ms) [Parameters=[@__dispatchId_0='?' (Size = 4000)], CommandType='Text', CommandTimeout='120']
      SELECT TOP(1) [t].[DispId], [t].[BillID], [t].[ChallanNo], [t].[Destination], [t].[DisVid], [t].[DispatchDate], [t].[DispatchQuantity], [t].[FinalPrice], [t].[UnitPrice], [t].[VehicleNo]
      FROM [TblDispatches] AS [t]
      WHERE [t].[ChallanNo] = @__dispatchId_0
info: Microsoft.EntityFrameworkCore.Database.Command[20101]
      Executed DbCommand (4ms) [Parameters=[@__dispatchId_0='?' (Size = 4000)], CommandType='Text', CommandTimeout='120']
      SELECT TOP(1) [t].[DispId], [t].[BillID], [t].[ChallanNo], [t].[Destination], [t].[DisVid], [t].[DispatchDate], [t].[DispatchQuantity], [t].[FinalPrice], [t].[UnitPrice], [t].[VehicleNo]
      FROM [TblDispatches] AS [t]
      WHERE [t].[ChallanNo] = @__dispatchId_0
info: Microsoft.EntityFrameworkCore.Database.Command[20101]
      Executed DbCommand (4ms) [Parameters=[@__dispatchId_0='?' (Size = 4000)], CommandType='Text', CommandTimeout='120']
      SELECT TOP(1) [t].[DispId], [t].[BillID], [t].[ChallanNo], [t].[Destination], [t].[DisVid], [t].[DispatchDate], [t].[DispatchQuantity], [t].[FinalPrice], [t].[UnitPrice], [t].[VehicleNo]
      FROM [TblDispatches] AS [t]
      WHERE [t].[ChallanNo] = @__dispatchId_0
info: Microsoft.EntityFrameworkCore.Database.Command[20101]
      Executed DbCommand (4ms) [Parameters=[@__dispatchId_0='?' (Size = 4000)], CommandType='Text', CommandTimeout='120']
      SELECT TOP(1) [t].[DispId], [t].[BillID], [t].[ChallanNo], [t].[Destination], [t].[DisVid], [t].[DispatchDate], [t].[DispatchQuantity], [t].[FinalPrice], [t].[UnitPrice], [t].[VehicleNo]
      FROM [TblDispatches] AS [t]
      WHERE [t].[ChallanNo] = @__dispatchId_0
info: Microsoft.EntityFrameworkCore.Database.Command[20101]
      Executed DbCommand (3ms) [Parameters=[@__dispatchId_0='?' (Size = 4000)], CommandType='Text', CommandTimeout='120']
      SELECT TOP(1) [t].[DispId], [t].[BillID], [t].[ChallanNo], [t].[Destination], [t].[DisVid], [t].[DispatchDate], [t].[DispatchQuantity], [t].[FinalPrice], [t].[UnitPrice], [t].[VehicleNo]
      FROM [TblDispatches] AS [t]
      WHERE [t].[ChallanNo] = @__dispatchId_0
info: Microsoft.EntityFrameworkCore.Database.Command[20101]
      Executed DbCommand (11ms) [Parameters=[@__dispatchId_0='?' (Size = 4000)], CommandType='Text', CommandTimeout='120']
      SELECT TOP(1) [t].[DispId], [t].[BillID], [t].[ChallanNo], [t].[Destination], [t].[DisVid], [t].[DispatchDate], [t].[DispatchQuantity], [t].[FinalPrice], [t].[UnitPrice], [t].[VehicleNo]
      FROM [TblDispatches] AS [t]
      WHERE [t].[ChallanNo] = @__dispatchId_0
info: Microsoft.EntityFrameworkCore.Database.Command[20101]
      Executed DbCommand (5ms) [Parameters=[@__dispatchId_0='?' (Size = 4000)], CommandType='Text', CommandTimeout='120']
      SELECT TOP(1) [t].[DispId], [t].[BillID], [t].[ChallanNo], [t].[Destination], [t].[DisVid], [t].[DispatchDate], [t].[DispatchQuantity], [t].[FinalPrice], [t].[UnitPrice], [t].[VehicleNo]
      FROM [TblDispatches] AS [t]
      WHERE [t].[ChallanNo] = @__dispatchId_0
info: Microsoft.EntityFrameworkCore.Database.Command[20101]
      Executed DbCommand (3ms) [Parameters=[@__dispatchId_0='?' (Size = 4000)], CommandType='Text', CommandTimeout='120']
      SELECT TOP(1) [t].[DispId], [t].[BillID], [t].[ChallanNo], [t].[Destination], [t].[DisVid], [t].[DispatchDate], [t].[DispatchQuantity], [t].[FinalPrice], [t].[UnitPrice], [t].[VehicleNo]
      FROM [TblDispatches] AS [t]
      WHERE [t].[ChallanNo] = @__dispatchId_0
info: Microsoft.EntityFrameworkCore.Database.Command[20101]
      Executed DbCommand (6ms) [Parameters=[@__dispatchId_0='?' (Size = 4000)], CommandType='Text', CommandTimeout='120']
      SELECT TOP(1) [t].[DispId], [t].[BillID], [t].[ChallanNo], [t].[Destination], [t].[DisVid], [t].[DispatchDate], [t].[DispatchQuantity], [t].[FinalPrice], [t].[UnitPrice], [t].[VehicleNo]
      FROM [TblDispatches] AS [t]
      WHERE [t].[ChallanNo] = @__dispatchId_0
info: Microsoft.EntityFrameworkCore.Database.Command[20101]
      Executed DbCommand (4ms) [Parameters=[@__dispatchId_0='?' (Size = 4000)], CommandType='Text', CommandTimeout='120']
      SELECT TOP(1) [t].[DispId], [t].[BillID], [t].[ChallanNo], [t].[Destination], [t].[DisVid], [t].[DispatchDate], [t].[DispatchQuantity], [t].[FinalPrice], [t].[UnitPrice], [t].[VehicleNo]
      FROM [TblDispatches] AS [t]
      WHERE [t].[ChallanNo] = @__dispatchId_0
info: Microsoft.EntityFrameworkCore.Database.Command[20101]
      Executed DbCommand (3ms) [Parameters=[@__dispatchId_0='?' (Size = 4000)], CommandType='Text', CommandTimeout='120']
      SELECT TOP(1) [t].[DispId], [t].[BillID], [t].[ChallanNo], [t].[Destination], [t].[DisVid], [t].[DispatchDate], [t].[DispatchQuantity], [t].[FinalPrice], [t].[UnitPrice], [t].[VehicleNo]
      FROM [TblDispatches] AS [t]
      WHERE [t].[ChallanNo] = @__dispatchId_0
info: Microsoft.EntityFrameworkCore.Database.Command[20101]
      Executed DbCommand (4ms) [Parameters=[@__dispatchId_0='?' (Size = 4000)], CommandType='Text', CommandTimeout='120']
      SELECT TOP(1) [t].[DispId], [t].[BillID], [t].[ChallanNo], [t].[Destination], [t].[DisVid], [t].[DispatchDate], [t].[DispatchQuantity], [t].[FinalPrice], [t].[UnitPrice], [t].[VehicleNo]
      FROM [TblDispatches] AS [t]
      WHERE [t].[ChallanNo] = @__dispatchId_0
info: Microsoft.EntityFrameworkCore.Database.Command[20101]
      Executed DbCommand (6ms) [Parameters=[@__dispatchId_0='?' (Size = 4000)], CommandType='Text', CommandTimeout='120']
      SELECT TOP(1) [t].[DispId], [t].[BillID], [t].[ChallanNo], [t].[Destination], [t].[DisVid], [t].[DispatchDate], [t].[DispatchQuantity], [t].[FinalPrice], [t].[UnitPrice], [t].[VehicleNo]
      FROM [TblDispatches] AS [t]
      WHERE [t].[ChallanNo] = @__dispatchId_0
info: Microsoft.EntityFrameworkCore.Database.Command[20101]
      Executed DbCommand (6ms) [Parameters=[@__dispatchId_0='?' (Size = 4000)], CommandType='Text', CommandTimeout='120']
      SELECT TOP(1) [t].[DispId], [t].[BillID], [t].[ChallanNo], [t].[Destination], [t].[DisVid], [t].[DispatchDate], [t].[DispatchQuantity], [t].[FinalPrice], [t].[UnitPrice], [t].[VehicleNo]
      FROM [TblDispatches] AS [t]
      WHERE [t].[ChallanNo] = @__dispatchId_0
info: Microsoft.EntityFrameworkCore.Database.Command[20101]
      Executed DbCommand (3ms) [Parameters=[@__dispatchId_0='?' (Size = 4000)], CommandType='Text', CommandTimeout='120']
      SELECT TOP(1) [t].[DispId], [t].[BillID], [t].[ChallanNo], [t].[Destination], [t].[DisVid], [t].[DispatchDate], [t].[DispatchQuantity], [t].[FinalPrice], [t].[UnitPrice], [t].[VehicleNo]
      FROM [TblDispatches] AS [t]
      WHERE [t].[ChallanNo] = @__dispatchId_0
info: Microsoft.EntityFrameworkCore.Database.Command[20101]
      Executed DbCommand (4ms) [Parameters=[@__dispatchId_0='?' (Size = 4000)], CommandType='Text', CommandTimeout='120']
      SELECT TOP(1) [t].[DispId], [t].[BillID], [t].[ChallanNo], [t].[Destination], [t].[DisVid], [t].[DispatchDate], [t].[DispatchQuantity], [t].[FinalPrice], [t].[UnitPrice], [t].[VehicleNo]
      FROM [TblDispatches] AS [t]
      WHERE [t].[ChallanNo] = @__dispatchId_0
info: Microsoft.EntityFrameworkCore.Database.Command[20101]
      Executed DbCommand (3ms) [Parameters=[@__dispatchId_0='?' (Size = 4000)], CommandType='Text', CommandTimeout='120']
      SELECT TOP(1) [t].[DispId], [t].[BillID], [t].[ChallanNo], [t].[Destination], [t].[DisVid], [t].[DispatchDate], [t].[DispatchQuantity], [t].[FinalPrice], [t].[UnitPrice], [t].[VehicleNo]
      FROM [TblDispatches] AS [t]
      WHERE [t].[ChallanNo] = @__dispatchId_0
info: Microsoft.EntityFrameworkCore.Database.Command[20101]
      Executed DbCommand (4ms) [Parameters=[@__dispatchId_0='?' (Size = 4000)], CommandType='Text', CommandTimeout='120']
      SELECT TOP(1) [t].[DispId], [t].[BillID], [t].[ChallanNo], [t].[Destination], [t].[DisVid], [t].[DispatchDate], [t].[DispatchQuantity], [t].[FinalPrice], [t].[UnitPrice], [t].[VehicleNo]
      FROM [TblDispatches] AS [t]
      WHERE [t].[ChallanNo] = @__dispatchId_0
info: Microsoft.EntityFrameworkCore.Database.Command[20101]
      Executed DbCommand (3ms) [Parameters=[@__dispatchId_0='?' (Size = 4000)], CommandType='Text', CommandTimeout='120']
      SELECT TOP(1) [t].[DispId], [t].[BillID], [t].[ChallanNo], [t].[Destination], [t].[DisVid], [t].[DispatchDate], [t].[DispatchQuantity], [t].[FinalPrice], [t].[UnitPrice], [t].[VehicleNo]
      FROM [TblDispatches] AS [t]
      WHERE [t].[ChallanNo] = @__dispatchId_0
info: Microsoft.EntityFrameworkCore.Database.Command[20101]
      Executed DbCommand (23ms) [Parameters=[@p9='?' (DbType = Int32), @p0='?' (DbType = Int32), @p1='?' (Size = 4000), @p2='?' (Size = 4000), @p3='?' (DbType = Int32), @p4='?' (DbType = DateTime2), @p5='?' (DbType = Double), @p6='?' (DbType = Double), @p7='?' (DbType = Double), @p8='?' (Size = 4000), @p19='?' (DbType = Int32), @p10='?' (DbType = Int32), @p11='?' (Size = 4000), @p12='?' (Size = 4000), @p13='?' (DbType = Int32), @p14='?' (DbType = DateTime2), @p15='?' (DbType = Double), @p16='?' (DbType = Double), @p17='?' (DbType = Double), @p18='?' (Size = 4000), @p29='?' (DbType = Int32), @p20='?' (DbType = Int32), @p21='?' (Size = 4000), @p22='?' (Size = 4000), @p23='?' (DbType = Int32), @p24='?' (DbType = DateTime2), @p25='?' (DbType = Double), @p26='?' (DbType = Double), @p27='?' (DbType = Double), @p28='?' (Size = 4000), @p39='?' (DbType = Int32), @p30='?' (DbType = Int32), @p31='?' (Size = 4000), @p32='?' (Size = 4000), @p33='?' (DbType = Int32), @p34='?' (DbType = DateTime2), @p35='?' (DbType = Double), @p36='?' (DbType = Double), @p37='?' (DbType = Double), @p38='?' (Size = 4000), @p49='?' (DbType = Int32), @p40='?' (DbType = Int32), @p41='?' (Size = 4000), @p42='?' (Size = 4000), @p43='?' (DbType = Int32), @p44='?' (DbType = DateTime2), @p45='?' (DbType = Double), @p46='?' (DbType = Double), @p47='?' (DbType = Double), @p48='?' (Size = 4000), @p59='?' (DbType = Int32), @p50='?' (DbType = Int32), @p51='?' (Size = 4000), @p52='?' (Size = 4000), @p53='?' (DbType = Int32), @p54='?' (DbType = DateTime2), @p55='?' (DbType = Double), @p56='?' (DbType = Double), @p57='?' (DbType = Double), @p58='?' (Size = 4000), @p69='?' (DbType = Int32), @p60='?' (DbType = Int32), @p61='?' (Size = 4000), @p62='?' (Size = 4000), @p63='?' (DbType = Int32), @p64='?' (DbType = DateTime2), @p65='?' (DbType = Double), @p66='?' (DbType = Double), @p67='?' (DbType = Double), @p68='?' (Size = 4000), @p79='?' (DbType = Int32), @p70='?' (DbType = Int32), @p71='?' (Size = 4000), @p72='?' (Size = 4000), @p73='?' (DbType = Int32), @p74='?' (DbType = DateTime2), @p75='?' (DbType = Double), @p76='?' (DbType = Double), @p77='?' (DbType = Double), @p78='?' (Size = 4000)], CommandType='Text', CommandTimeout='120']
      SET NOCOUNT ON;
      UPDATE [TblDispatches] SET [BillID] = @p0, [ChallanNo] = @p1, [Destination] = @p2, [DisVid] = @p3, [DispatchDate] = @p4, [DispatchQuantity] = @p5, [FinalPrice] = @p6, [UnitPrice] = @p7, [VehicleNo] = @p8
      WHERE [DispId] = @p9;
      SELECT @@ROWCOUNT;
      
      UPDATE [TblDispatches] SET [BillID] = @p10, [ChallanNo] = @p11, [Destination] = @p12, [DisVid] = @p13, [DispatchDate] = @p14, [DispatchQuantity] = @p15, [FinalPrice] = @p16, [UnitPrice] = @p17, [VehicleNo] = @p18
      WHERE [DispId] = @p19;
      SELECT @@ROWCOUNT;
      
      UPDATE [TblDispatches] SET [BillID] = @p20, [ChallanNo] = @p21, [Destination] = @p22, [DisVid] = @p23, [DispatchDate] = @p24, [DispatchQuantity] = @p25, [FinalPrice] = @p26, [UnitPrice] = @p27, [VehicleNo] = @p28
      WHERE [DispId] = @p29;
      SELECT @@ROWCOUNT;
      
      UPDATE [TblDispatches] SET [BillID] = @p30, [ChallanNo] = @p31, [Destination] = @p32, [DisVid] = @p33, [DispatchDate] = @p34, [DispatchQuantity] = @p35, [FinalPrice] = @p36, [UnitPrice] = @p37, [VehicleNo] = @p38
      WHERE [DispId] = @p39;
      SELECT @@ROWCOUNT;
      
      UPDATE [TblDispatches] SET [BillID] = @p40, [ChallanNo] = @p41, [Destination] = @p42, [DisVid] = @p43, [DispatchDate] = @p44, [DispatchQuantity] = @p45, [FinalPrice] = @p46, [UnitPrice] = @p47, [VehicleNo] = @p48
      WHERE [DispId] = @p49;
      SELECT @@ROWCOUNT;
      
      UPDATE [TblDispatches] SET [BillID] = @p50, [ChallanNo] = @p51, [Destination] = @p52, [DisVid] = @p53, [DispatchDate] = @p54, [DispatchQuantity] = @p55, [FinalPrice] = @p56, [UnitPrice] = @p57, [VehicleNo] = @p58
      WHERE [DispId] = @p59;
      SELECT @@ROWCOUNT;
      
      UPDATE [TblDispatches] SET [BillID] = @p60, [ChallanNo] = @p61, [Destination] = @p62, [DisVid] = @p63, [DispatchDate] = @p64, [DispatchQuantity] = @p65, [FinalPrice] = @p66, [UnitPrice] = @p67, [VehicleNo] = @p68
      WHERE [DispId] = @p69;
      SELECT @@ROWCOUNT;
      
      UPDATE [TblDispatches] SET [BillID] = @p70, [ChallanNo] = @p71, [Destination] = @p72, [DisVid] = @p73, [DispatchDate] = @p74, [DispatchQuantity] = @p75, [FinalPrice] = @p76, [UnitPrice] = @p77, [VehicleNo] = @p78
      WHERE [DispId] = @p79;
      SELECT @@ROWCOUNT;
info: Microsoft.EntityFrameworkCore.Infrastructure[10403]
      Entity Framework Core 6.0.21 initialized 'TransportMgmtContext' using provider 'Microsoft.EntityFrameworkCore.SqlServer:6.0.21' with options: CommandTimeout=120 
info: Microsoft.EntityFrameworkCore.Database.Command[20101]
      Executed DbCommand (5ms) [Parameters=[], CommandType='Text', CommandTimeout='120']
      SELECT [t].[FID], [t].[Address], [t].[Code], [t].[CreatedBy], [t].[CreatedOn], [t].[FactoryName], [t].[Gstin], [t].[IsActive], [t].[ModifiedBy], [t].[ModifiedOn]
      FROM [TblFactories] AS [t]
info: Microsoft.EntityFrameworkCore.Database.Command[20101]
      Executed DbCommand (1ms) [Parameters=[], CommandType='Text', CommandTimeout='120']
      SELECT [t].[FID], [t].[Address], [t].[Code], [t].[CreatedBy], [t].[CreatedOn], [t].[FactoryName], [t].[Gstin], [t].[IsActive], [t].[ModifiedBy], [t].[ModifiedOn]
      FROM [TblFactories] AS [t]
info: Microsoft.EntityFrameworkCore.Database.Command[20101]
      Executed DbCommand (1ms) [Parameters=[], CommandType='Text', CommandTimeout='120']
      SELECT [t].[DispId], [t].[BillID], [t].[ChallanNo], [t].[Destination], [t].[DisVid], [t].[DispatchDate], [t].[DispatchQuantity], [t].[FinalPrice], [t].[UnitPrice], [t].[VehicleNo]
      FROM [TblDispatches] AS [t]
info: Microsoft.EntityFrameworkCore.Infrastructure[10403]
      Entity Framework Core 6.0.21 initialized 'TransportMgmtContext' using provider 'Microsoft.EntityFrameworkCore.SqlServer:6.0.21' with options: CommandTimeout=120 
info: Microsoft.EntityFrameworkCore.Database.Command[20101]
      Executed DbCommand (3ms) [Parameters=[@__dispatchId_0='?' (Size = 4000)], CommandType='Text', CommandTimeout='120']
      SELECT TOP(1) [t].[DispId], [t].[BillID], [t].[ChallanNo], [t].[Destination], [t].[DisVid], [t].[DispatchDate], [t].[DispatchQuantity], [t].[FinalPrice], [t].[UnitPrice], [t].[VehicleNo]
      FROM [TblDispatches] AS [t]
      WHERE [t].[ChallanNo] = @__dispatchId_0
info: Microsoft.EntityFrameworkCore.Database.Command[20101]
      Executed DbCommand (5ms) [Parameters=[@__dispatchId_0='?' (Size = 4000)], CommandType='Text', CommandTimeout='120']
      SELECT TOP(1) [t].[DispId], [t].[BillID], [t].[ChallanNo], [t].[Destination], [t].[DisVid], [t].[DispatchDate], [t].[DispatchQuantity], [t].[FinalPrice], [t].[UnitPrice], [t].[VehicleNo]
      FROM [TblDispatches] AS [t]
      WHERE [t].[ChallanNo] = @__dispatchId_0
info: Microsoft.EntityFrameworkCore.Database.Command[20101]
      Executed DbCommand (1ms) [Parameters=[@__billNumber_0='?' (Size = 4000)], CommandType='Text', CommandTimeout='120']
      SELECT TOP(1) [b].[BillID], [b].[ActualAmount], [b].[BillDate], [b].[BillNum], [b].[BillType], [b].[FID], [b].[Gst], [b].[GstDate], [b].[PId], [b].[PaymentReceived], [b].[PaymentTablePId], [b].[Tds]
      FROM [BillTables] AS [b]
      WHERE [b].[BillNum] = @__billNumber_0
info: Microsoft.EntityFrameworkCore.Database.Command[20101]
      Executed DbCommand (1ms) [Parameters=[@p0='?' (DbType = Double), @p1='?' (DbType = DateTime2), @p2='?' (Size = 4000), @p3='?' (Size = 4000), @p4='?' (DbType = Int32), @p5='?' (DbType = Double), @p6='?' (DbType = DateTime2), @p7='?' (DbType = Int32), @p8='?' (DbType = Double), @p9='?' (DbType = Int32), @p10='?' (DbType = Double)], CommandType='Text', CommandTimeout='120']
      SET NOCOUNT ON;
      INSERT INTO [BillTables] ([ActualAmount], [BillDate], [BillNum], [BillType], [FID], [Gst], [GstDate], [PId], [PaymentReceived], [PaymentTablePId], [Tds])
      VALUES (@p0, @p1, @p2, @p3, @p4, @p5, @p6, @p7, @p8, @p9, @p10);
      SELECT [BillID]
      FROM [BillTables]
      WHERE @@ROWCOUNT = 1 AND [BillID] = scope_identity();
info: Microsoft.EntityFrameworkCore.Database.Command[20101]
      Executed DbCommand (1ms) [Parameters=[@p2='?' (DbType = Int32), @p0='?' (DbType = Double), @p1='?' (DbType = Double)], CommandType='Text', CommandTimeout='120']
      SET NOCOUNT ON;
      UPDATE [TblDispatches] SET [FinalPrice] = @p0, [UnitPrice] = @p1
      WHERE [DispId] = @p2;
      SELECT @@ROWCOUNT;
info: Microsoft.EntityFrameworkCore.Database.Command[20101]
      Executed DbCommand (7ms) [Parameters=[@__dispatchId_0='?' (Size = 4000)], CommandType='Text', CommandTimeout='120']
      SELECT TOP(1) [t].[DispId], [t].[BillID], [t].[ChallanNo], [t].[Destination], [t].[DisVid], [t].[DispatchDate], [t].[DispatchQuantity], [t].[FinalPrice], [t].[UnitPrice], [t].[VehicleNo]
      FROM [TblDispatches] AS [t]
      WHERE [t].[ChallanNo] = @__dispatchId_0
info: Microsoft.EntityFrameworkCore.Database.Command[20101]
      Executed DbCommand (5ms) [Parameters=[@__dispatchId_0='?' (Size = 4000)], CommandType='Text', CommandTimeout='120']
      SELECT TOP(1) [t].[DispId], [t].[BillID], [t].[ChallanNo], [t].[Destination], [t].[DisVid], [t].[DispatchDate], [t].[DispatchQuantity], [t].[FinalPrice], [t].[UnitPrice], [t].[VehicleNo]
      FROM [TblDispatches] AS [t]
      WHERE [t].[ChallanNo] = @__dispatchId_0
info: Microsoft.EntityFrameworkCore.Database.Command[20101]
      Executed DbCommand (5ms) [Parameters=[@__dispatchId_0='?' (Size = 4000)], CommandType='Text', CommandTimeout='120']
      SELECT TOP(1) [t].[DispId], [t].[BillID], [t].[ChallanNo], [t].[Destination], [t].[DisVid], [t].[DispatchDate], [t].[DispatchQuantity], [t].[FinalPrice], [t].[UnitPrice], [t].[VehicleNo]
      FROM [TblDispatches] AS [t]
      WHERE [t].[ChallanNo] = @__dispatchId_0
info: Microsoft.EntityFrameworkCore.Database.Command[20101]
      Executed DbCommand (5ms) [Parameters=[@__dispatchId_0='?' (Size = 4000)], CommandType='Text', CommandTimeout='120']
      SELECT TOP(1) [t].[DispId], [t].[BillID], [t].[ChallanNo], [t].[Destination], [t].[DisVid], [t].[DispatchDate], [t].[DispatchQuantity], [t].[FinalPrice], [t].[UnitPrice], [t].[VehicleNo]
      FROM [TblDispatches] AS [t]
      WHERE [t].[ChallanNo] = @__dispatchId_0
info: Microsoft.EntityFrameworkCore.Database.Command[20101]
      Executed DbCommand (5ms) [Parameters=[@__dispatchId_0='?' (Size = 4000)], CommandType='Text', CommandTimeout='120']
      SELECT TOP(1) [t].[DispId], [t].[BillID], [t].[ChallanNo], [t].[Destination], [t].[DisVid], [t].[DispatchDate], [t].[DispatchQuantity], [t].[FinalPrice], [t].[UnitPrice], [t].[VehicleNo]
      FROM [TblDispatches] AS [t]
      WHERE [t].[ChallanNo] = @__dispatchId_0
info: Microsoft.EntityFrameworkCore.Database.Command[20101]
      Executed DbCommand (3ms) [Parameters=[@__dispatchId_0='?' (Size = 4000)], CommandType='Text', CommandTimeout='120']
      SELECT TOP(1) [t].[DispId], [t].[BillID], [t].[ChallanNo], [t].[Destination], [t].[DisVid], [t].[DispatchDate], [t].[DispatchQuantity], [t].[FinalPrice], [t].[UnitPrice], [t].[VehicleNo]
      FROM [TblDispatches] AS [t]
      WHERE [t].[ChallanNo] = @__dispatchId_0
info: Microsoft.EntityFrameworkCore.Database.Command[20101]
      Executed DbCommand (4ms) [Parameters=[@__dispatchId_0='?' (Size = 4000)], CommandType='Text', CommandTimeout='120']
      SELECT TOP(1) [t].[DispId], [t].[BillID], [t].[ChallanNo], [t].[Destination], [t].[DisVid], [t].[DispatchDate], [t].[DispatchQuantity], [t].[FinalPrice], [t].[UnitPrice], [t].[VehicleNo]
      FROM [TblDispatches] AS [t]
      WHERE [t].[ChallanNo] = @__dispatchId_0
info: Microsoft.EntityFrameworkCore.Database.Command[20101]
      Executed DbCommand (3ms) [Parameters=[@__dispatchId_0='?' (Size = 4000)], CommandType='Text', CommandTimeout='120']
      SELECT TOP(1) [t].[DispId], [t].[BillID], [t].[ChallanNo], [t].[Destination], [t].[DisVid], [t].[DispatchDate], [t].[DispatchQuantity], [t].[FinalPrice], [t].[UnitPrice], [t].[VehicleNo]
      FROM [TblDispatches] AS [t]
      WHERE [t].[ChallanNo] = @__dispatchId_0
info: Microsoft.EntityFrameworkCore.Database.Command[20101]
      Executed DbCommand (3ms) [Parameters=[@__dispatchId_0='?' (Size = 4000)], CommandType='Text', CommandTimeout='120']
      SELECT TOP(1) [t].[DispId], [t].[BillID], [t].[ChallanNo], [t].[Destination], [t].[DisVid], [t].[DispatchDate], [t].[DispatchQuantity], [t].[FinalPrice], [t].[UnitPrice], [t].[VehicleNo]
      FROM [TblDispatches] AS [t]
      WHERE [t].[ChallanNo] = @__dispatchId_0
info: Microsoft.EntityFrameworkCore.Database.Command[20101]
      Executed DbCommand (3ms) [Parameters=[@__dispatchId_0='?' (Size = 4000)], CommandType='Text', CommandTimeout='120']
      SELECT TOP(1) [t].[DispId], [t].[BillID], [t].[ChallanNo], [t].[Destination], [t].[DisVid], [t].[DispatchDate], [t].[DispatchQuantity], [t].[FinalPrice], [t].[UnitPrice], [t].[VehicleNo]
      FROM [TblDispatches] AS [t]
      WHERE [t].[ChallanNo] = @__dispatchId_0
info: Microsoft.EntityFrameworkCore.Database.Command[20101]
      Executed DbCommand (3ms) [Parameters=[@__dispatchId_0='?' (Size = 4000)], CommandType='Text', CommandTimeout='120']
      SELECT TOP(1) [t].[DispId], [t].[BillID], [t].[ChallanNo], [t].[Destination], [t].[DisVid], [t].[DispatchDate], [t].[DispatchQuantity], [t].[FinalPrice], [t].[UnitPrice], [t].[VehicleNo]
      FROM [TblDispatches] AS [t]
      WHERE [t].[ChallanNo] = @__dispatchId_0
info: Microsoft.EntityFrameworkCore.Database.Command[20101]
      Executed DbCommand (4ms) [Parameters=[@__dispatchId_0='?' (Size = 4000)], CommandType='Text', CommandTimeout='120']
      SELECT TOP(1) [t].[DispId], [t].[BillID], [t].[ChallanNo], [t].[Destination], [t].[DisVid], [t].[DispatchDate], [t].[DispatchQuantity], [t].[FinalPrice], [t].[UnitPrice], [t].[VehicleNo]
      FROM [TblDispatches] AS [t]
      WHERE [t].[ChallanNo] = @__dispatchId_0
info: Microsoft.EntityFrameworkCore.Database.Command[20101]
      Executed DbCommand (3ms) [Parameters=[@__dispatchId_0='?' (Size = 4000)], CommandType='Text', CommandTimeout='120']
      SELECT TOP(1) [t].[DispId], [t].[BillID], [t].[ChallanNo], [t].[Destination], [t].[DisVid], [t].[DispatchDate], [t].[DispatchQuantity], [t].[FinalPrice], [t].[UnitPrice], [t].[VehicleNo]
      FROM [TblDispatches] AS [t]
      WHERE [t].[ChallanNo] = @__dispatchId_0
info: Microsoft.EntityFrameworkCore.Database.Command[20101]
      Executed DbCommand (6ms) [Parameters=[@__dispatchId_0='?' (Size = 4000)], CommandType='Text', CommandTimeout='120']
      SELECT TOP(1) [t].[DispId], [t].[BillID], [t].[ChallanNo], [t].[Destination], [t].[DisVid], [t].[DispatchDate], [t].[DispatchQuantity], [t].[FinalPrice], [t].[UnitPrice], [t].[VehicleNo]
      FROM [TblDispatches] AS [t]
      WHERE [t].[ChallanNo] = @__dispatchId_0
info: Microsoft.EntityFrameworkCore.Database.Command[20101]
      Executed DbCommand (3ms) [Parameters=[@__dispatchId_0='?' (Size = 4000)], CommandType='Text', CommandTimeout='120']
      SELECT TOP(1) [t].[DispId], [t].[BillID], [t].[ChallanNo], [t].[Destination], [t].[DisVid], [t].[DispatchDate], [t].[DispatchQuantity], [t].[FinalPrice], [t].[UnitPrice], [t].[VehicleNo]
      FROM [TblDispatches] AS [t]
      WHERE [t].[ChallanNo] = @__dispatchId_0
info: Microsoft.EntityFrameworkCore.Database.Command[20101]
      Executed DbCommand (3ms) [Parameters=[@__dispatchId_0='?' (Size = 4000)], CommandType='Text', CommandTimeout='120']
      SELECT TOP(1) [t].[DispId], [t].[BillID], [t].[ChallanNo], [t].[Destination], [t].[DisVid], [t].[DispatchDate], [t].[DispatchQuantity], [t].[FinalPrice], [t].[UnitPrice], [t].[VehicleNo]
      FROM [TblDispatches] AS [t]
      WHERE [t].[ChallanNo] = @__dispatchId_0
info: Microsoft.EntityFrameworkCore.Database.Command[20101]
      Executed DbCommand (4ms) [Parameters=[@__dispatchId_0='?' (Size = 4000)], CommandType='Text', CommandTimeout='120']
      SELECT TOP(1) [t].[DispId], [t].[BillID], [t].[ChallanNo], [t].[Destination], [t].[DisVid], [t].[DispatchDate], [t].[DispatchQuantity], [t].[FinalPrice], [t].[UnitPrice], [t].[VehicleNo]
      FROM [TblDispatches] AS [t]
      WHERE [t].[ChallanNo] = @__dispatchId_0
info: Microsoft.EntityFrameworkCore.Database.Command[20101]
      Executed DbCommand (3ms) [Parameters=[@__dispatchId_0='?' (Size = 4000)], CommandType='Text', CommandTimeout='120']
      SELECT TOP(1) [t].[DispId], [t].[BillID], [t].[ChallanNo], [t].[Destination], [t].[DisVid], [t].[DispatchDate], [t].[DispatchQuantity], [t].[FinalPrice], [t].[UnitPrice], [t].[VehicleNo]
      FROM [TblDispatches] AS [t]
      WHERE [t].[ChallanNo] = @__dispatchId_0
info: Microsoft.EntityFrameworkCore.Database.Command[20101]
      Executed DbCommand (3ms) [Parameters=[@__dispatchId_0='?' (Size = 4000)], CommandType='Text', CommandTimeout='120']
      SELECT TOP(1) [t].[DispId], [t].[BillID], [t].[ChallanNo], [t].[Destination], [t].[DisVid], [t].[DispatchDate], [t].[DispatchQuantity], [t].[FinalPrice], [t].[UnitPrice], [t].[VehicleNo]
      FROM [TblDispatches] AS [t]
      WHERE [t].[ChallanNo] = @__dispatchId_0
info: Microsoft.EntityFrameworkCore.Database.Command[20101]
      Executed DbCommand (4ms) [Parameters=[@__dispatchId_0='?' (Size = 4000)], CommandType='Text', CommandTimeout='120']
      SELECT TOP(1) [t].[DispId], [t].[BillID], [t].[ChallanNo], [t].[Destination], [t].[DisVid], [t].[DispatchDate], [t].[DispatchQuantity], [t].[FinalPrice], [t].[UnitPrice], [t].[VehicleNo]
      FROM [TblDispatches] AS [t]
      WHERE [t].[ChallanNo] = @__dispatchId_0
info: Microsoft.EntityFrameworkCore.Database.Command[20101]
      Executed DbCommand (3ms) [Parameters=[@__dispatchId_0='?' (Size = 4000)], CommandType='Text', CommandTimeout='120']
      SELECT TOP(1) [t].[DispId], [t].[BillID], [t].[ChallanNo], [t].[Destination], [t].[DisVid], [t].[DispatchDate], [t].[DispatchQuantity], [t].[FinalPrice], [t].[UnitPrice], [t].[VehicleNo]
      FROM [TblDispatches] AS [t]
      WHERE [t].[ChallanNo] = @__dispatchId_0
info: Microsoft.EntityFrameworkCore.Database.Command[20101]
      Executed DbCommand (5ms) [Parameters=[@__dispatchId_0='?' (Size = 4000)], CommandType='Text', CommandTimeout='120']
      SELECT TOP(1) [t].[DispId], [t].[BillID], [t].[ChallanNo], [t].[Destination], [t].[DisVid], [t].[DispatchDate], [t].[DispatchQuantity], [t].[FinalPrice], [t].[UnitPrice], [t].[VehicleNo]
      FROM [TblDispatches] AS [t]
      WHERE [t].[ChallanNo] = @__dispatchId_0
info: Microsoft.EntityFrameworkCore.Database.Command[20101]
      Executed DbCommand (3ms) [Parameters=[@__dispatchId_0='?' (Size = 4000)], CommandType='Text', CommandTimeout='120']
      SELECT TOP(1) [t].[DispId], [t].[BillID], [t].[ChallanNo], [t].[Destination], [t].[DisVid], [t].[DispatchDate], [t].[DispatchQuantity], [t].[FinalPrice], [t].[UnitPrice], [t].[VehicleNo]
      FROM [TblDispatches] AS [t]
      WHERE [t].[ChallanNo] = @__dispatchId_0
info: Microsoft.EntityFrameworkCore.Database.Command[20101]
      Executed DbCommand (9ms) [Parameters=[@p9='?' (DbType = Int32), @p0='?' (DbType = Int32), @p1='?' (Size = 4000), @p2='?' (Size = 4000), @p3='?' (DbType = Int32), @p4='?' (DbType = DateTime2), @p5='?' (DbType = Double), @p6='?' (DbType = Double), @p7='?' (DbType = Double), @p8='?' (Size = 4000), @p19='?' (DbType = Int32), @p10='?' (DbType = Int32), @p11='?' (Size = 4000), @p12='?' (Size = 4000), @p13='?' (DbType = Int32), @p14='?' (DbType = DateTime2), @p15='?' (DbType = Double), @p16='?' (DbType = Double), @p17='?' (DbType = Double), @p18='?' (Size = 4000), @p29='?' (DbType = Int32), @p20='?' (DbType = Int32), @p21='?' (Size = 4000), @p22='?' (Size = 4000), @p23='?' (DbType = Int32), @p24='?' (DbType = DateTime2), @p25='?' (DbType = Double), @p26='?' (DbType = Double), @p27='?' (DbType = Double), @p28='?' (Size = 4000), @p39='?' (DbType = Int32), @p30='?' (DbType = Int32), @p31='?' (Size = 4000), @p32='?' (Size = 4000), @p33='?' (DbType = Int32), @p34='?' (DbType = DateTime2), @p35='?' (DbType = Double), @p36='?' (DbType = Double), @p37='?' (DbType = Double), @p38='?' (Size = 4000)], CommandType='Text', CommandTimeout='120']
      SET NOCOUNT ON;
      UPDATE [TblDispatches] SET [BillID] = @p0, [ChallanNo] = @p1, [Destination] = @p2, [DisVid] = @p3, [DispatchDate] = @p4, [DispatchQuantity] = @p5, [FinalPrice] = @p6, [UnitPrice] = @p7, [VehicleNo] = @p8
      WHERE [DispId] = @p9;
      SELECT @@ROWCOUNT;
      
      UPDATE [TblDispatches] SET [BillID] = @p10, [ChallanNo] = @p11, [Destination] = @p12, [DisVid] = @p13, [DispatchDate] = @p14, [DispatchQuantity] = @p15, [FinalPrice] = @p16, [UnitPrice] = @p17, [VehicleNo] = @p18
      WHERE [DispId] = @p19;
      SELECT @@ROWCOUNT;
      
      UPDATE [TblDispatches] SET [BillID] = @p20, [ChallanNo] = @p21, [Destination] = @p22, [DisVid] = @p23, [DispatchDate] = @p24, [DispatchQuantity] = @p25, [FinalPrice] = @p26, [UnitPrice] = @p27, [VehicleNo] = @p28
      WHERE [DispId] = @p29;
      SELECT @@ROWCOUNT;
      
      UPDATE [TblDispatches] SET [BillID] = @p30, [ChallanNo] = @p31, [Destination] = @p32, [DisVid] = @p33, [DispatchDate] = @p34, [DispatchQuantity] = @p35, [FinalPrice] = @p36, [UnitPrice] = @p37, [VehicleNo] = @p38
      WHERE [DispId] = @p39;
      SELECT @@ROWCOUNT;
info: Microsoft.EntityFrameworkCore.Infrastructure[10403]
      Entity Framework Core 6.0.21 initialized 'TransportMgmtContext' using provider 'Microsoft.EntityFrameworkCore.SqlServer:6.0.21' with options: CommandTimeout=120 
info: Microsoft.EntityFrameworkCore.Database.Command[20101]
      Executed DbCommand (0ms) [Parameters=[], CommandType='Text', CommandTimeout='120']
      SELECT [t].[FID], [t].[Address], [t].[Code], [t].[CreatedBy], [t].[CreatedOn], [t].[FactoryName], [t].[Gstin], [t].[IsActive], [t].[ModifiedBy], [t].[ModifiedOn]
      FROM [TblFactories] AS [t]
info: Microsoft.EntityFrameworkCore.Database.Command[20101]
      Executed DbCommand (3ms) [Parameters=[], CommandType='Text', CommandTimeout='120']
      SELECT [t].[FID], [t].[Address], [t].[Code], [t].[CreatedBy], [t].[CreatedOn], [t].[FactoryName], [t].[Gstin], [t].[IsActive], [t].[ModifiedBy], [t].[ModifiedOn]
      FROM [TblFactories] AS [t]
info: Microsoft.EntityFrameworkCore.Database.Command[20101]
      Executed DbCommand (2ms) [Parameters=[], CommandType='Text', CommandTimeout='120']
      SELECT [t].[DispId], [t].[BillID], [t].[ChallanNo], [t].[Destination], [t].[DisVid], [t].[DispatchDate], [t].[DispatchQuantity], [t].[FinalPrice], [t].[UnitPrice], [t].[VehicleNo]
      FROM [TblDispatches] AS [t]
info: Microsoft.EntityFrameworkCore.Infrastructure[10403]
      Entity Framework Core 6.0.21 initialized 'TransportMgmtContext' using provider 'Microsoft.EntityFrameworkCore.SqlServer:6.0.21' with options: CommandTimeout=120 
info: Microsoft.EntityFrameworkCore.Database.Command[20101]
      Executed DbCommand (5ms) [Parameters=[@__dispatchId_0='?' (Size = 4000)], CommandType='Text', CommandTimeout='120']
      SELECT TOP(1) [t].[DispId], [t].[BillID], [t].[ChallanNo], [t].[Destination], [t].[DisVid], [t].[DispatchDate], [t].[DispatchQuantity], [t].[FinalPrice], [t].[UnitPrice], [t].[VehicleNo]
      FROM [TblDispatches] AS [t]
      WHERE [t].[ChallanNo] = @__dispatchId_0
info: Microsoft.EntityFrameworkCore.Database.Command[20101]
      Executed DbCommand (4ms) [Parameters=[@__dispatchId_0='?' (Size = 4000)], CommandType='Text', CommandTimeout='120']
      SELECT TOP(1) [t].[DispId], [t].[BillID], [t].[ChallanNo], [t].[Destination], [t].[DisVid], [t].[DispatchDate], [t].[DispatchQuantity], [t].[FinalPrice], [t].[UnitPrice], [t].[VehicleNo]
      FROM [TblDispatches] AS [t]
      WHERE [t].[ChallanNo] = @__dispatchId_0
info: Microsoft.EntityFrameworkCore.Database.Command[20101]
      Executed DbCommand (3ms) [Parameters=[@__billNumber_0='?' (Size = 4000)], CommandType='Text', CommandTimeout='120']
      SELECT TOP(1) [b].[BillID], [b].[ActualAmount], [b].[BillDate], [b].[BillNum], [b].[BillType], [b].[FID], [b].[Gst], [b].[GstDate], [b].[PId], [b].[PaymentReceived], [b].[PaymentTablePId], [b].[Tds]
      FROM [BillTables] AS [b]
      WHERE [b].[BillNum] = @__billNumber_0
info: Microsoft.EntityFrameworkCore.Database.Command[20101]
      Executed DbCommand (3ms) [Parameters=[@__dispatchId_0='?' (Size = 4000)], CommandType='Text', CommandTimeout='120']
      SELECT TOP(1) [t].[DispId], [t].[BillID], [t].[ChallanNo], [t].[Destination], [t].[DisVid], [t].[DispatchDate], [t].[DispatchQuantity], [t].[FinalPrice], [t].[UnitPrice], [t].[VehicleNo]
      FROM [TblDispatches] AS [t]
      WHERE [t].[ChallanNo] = @__dispatchId_0
info: Microsoft.EntityFrameworkCore.Database.Command[20101]
      Executed DbCommand (3ms) [Parameters=[@__dispatchId_0='?' (Size = 4000)], CommandType='Text', CommandTimeout='120']
      SELECT TOP(1) [t].[DispId], [t].[BillID], [t].[ChallanNo], [t].[Destination], [t].[DisVid], [t].[DispatchDate], [t].[DispatchQuantity], [t].[FinalPrice], [t].[UnitPrice], [t].[VehicleNo]
      FROM [TblDispatches] AS [t]
      WHERE [t].[ChallanNo] = @__dispatchId_0
info: Microsoft.EntityFrameworkCore.Database.Command[20101]
      Executed DbCommand (4ms) [Parameters=[@__dispatchId_0='?' (Size = 4000)], CommandType='Text', CommandTimeout='120']
      SELECT TOP(1) [t].[DispId], [t].[BillID], [t].[ChallanNo], [t].[Destination], [t].[DisVid], [t].[DispatchDate], [t].[DispatchQuantity], [t].[FinalPrice], [t].[UnitPrice], [t].[VehicleNo]
      FROM [TblDispatches] AS [t]
      WHERE [t].[ChallanNo] = @__dispatchId_0
info: Microsoft.EntityFrameworkCore.Database.Command[20101]
      Executed DbCommand (4ms) [Parameters=[@__dispatchId_0='?' (Size = 4000)], CommandType='Text', CommandTimeout='120']
      SELECT TOP(1) [t].[DispId], [t].[BillID], [t].[ChallanNo], [t].[Destination], [t].[DisVid], [t].[DispatchDate], [t].[DispatchQuantity], [t].[FinalPrice], [t].[UnitPrice], [t].[VehicleNo]
      FROM [TblDispatches] AS [t]
      WHERE [t].[ChallanNo] = @__dispatchId_0
info: Microsoft.EntityFrameworkCore.Database.Command[20101]
      Executed DbCommand (9ms) [Parameters=[@__dispatchId_0='?' (Size = 4000)], CommandType='Text', CommandTimeout='120']
      SELECT TOP(1) [t].[DispId], [t].[BillID], [t].[ChallanNo], [t].[Destination], [t].[DisVid], [t].[DispatchDate], [t].[DispatchQuantity], [t].[FinalPrice], [t].[UnitPrice], [t].[VehicleNo]
      FROM [TblDispatches] AS [t]
      WHERE [t].[ChallanNo] = @__dispatchId_0
info: Microsoft.EntityFrameworkCore.Database.Command[20101]
      Executed DbCommand (6ms) [Parameters=[@__dispatchId_0='?' (Size = 4000)], CommandType='Text', CommandTimeout='120']
      SELECT TOP(1) [t].[DispId], [t].[BillID], [t].[ChallanNo], [t].[Destination], [t].[DisVid], [t].[DispatchDate], [t].[DispatchQuantity], [t].[FinalPrice], [t].[UnitPrice], [t].[VehicleNo]
      FROM [TblDispatches] AS [t]
      WHERE [t].[ChallanNo] = @__dispatchId_0
info: Microsoft.EntityFrameworkCore.Database.Command[20101]
      Executed DbCommand (8ms) [Parameters=[@__dispatchId_0='?' (Size = 4000)], CommandType='Text', CommandTimeout='120']
      SELECT TOP(1) [t].[DispId], [t].[BillID], [t].[ChallanNo], [t].[Destination], [t].[DisVid], [t].[DispatchDate], [t].[DispatchQuantity], [t].[FinalPrice], [t].[UnitPrice], [t].[VehicleNo]
      FROM [TblDispatches] AS [t]
      WHERE [t].[ChallanNo] = @__dispatchId_0
info: Microsoft.EntityFrameworkCore.Database.Command[20101]
      Executed DbCommand (9ms) [Parameters=[@__dispatchId_0='?' (Size = 4000)], CommandType='Text', CommandTimeout='120']
      SELECT TOP(1) [t].[DispId], [t].[BillID], [t].[ChallanNo], [t].[Destination], [t].[DisVid], [t].[DispatchDate], [t].[DispatchQuantity], [t].[FinalPrice], [t].[UnitPrice], [t].[VehicleNo]
      FROM [TblDispatches] AS [t]
      WHERE [t].[ChallanNo] = @__dispatchId_0
info: Microsoft.EntityFrameworkCore.Database.Command[20101]
      Executed DbCommand (7ms) [Parameters=[@__dispatchId_0='?' (Size = 4000)], CommandType='Text', CommandTimeout='120']
      SELECT TOP(1) [t].[DispId], [t].[BillID], [t].[ChallanNo], [t].[Destination], [t].[DisVid], [t].[DispatchDate], [t].[DispatchQuantity], [t].[FinalPrice], [t].[UnitPrice], [t].[VehicleNo]
      FROM [TblDispatches] AS [t]
      WHERE [t].[ChallanNo] = @__dispatchId_0
info: Microsoft.EntityFrameworkCore.Database.Command[20101]
      Executed DbCommand (5ms) [Parameters=[@__dispatchId_0='?' (Size = 4000)], CommandType='Text', CommandTimeout='120']
      SELECT TOP(1) [t].[DispId], [t].[BillID], [t].[ChallanNo], [t].[Destination], [t].[DisVid], [t].[DispatchDate], [t].[DispatchQuantity], [t].[FinalPrice], [t].[UnitPrice], [t].[VehicleNo]
      FROM [TblDispatches] AS [t]
      WHERE [t].[ChallanNo] = @__dispatchId_0
info: Microsoft.EntityFrameworkCore.Database.Command[20101]
      Executed DbCommand (8ms) [Parameters=[@__dispatchId_0='?' (Size = 4000)], CommandType='Text', CommandTimeout='120']
      SELECT TOP(1) [t].[DispId], [t].[BillID], [t].[ChallanNo], [t].[Destination], [t].[DisVid], [t].[DispatchDate], [t].[DispatchQuantity], [t].[FinalPrice], [t].[UnitPrice], [t].[VehicleNo]
      FROM [TblDispatches] AS [t]
      WHERE [t].[ChallanNo] = @__dispatchId_0
info: Microsoft.EntityFrameworkCore.Database.Command[20101]
      Executed DbCommand (9ms) [Parameters=[@__dispatchId_0='?' (Size = 4000)], CommandType='Text', CommandTimeout='120']
      SELECT TOP(1) [t].[DispId], [t].[BillID], [t].[ChallanNo], [t].[Destination], [t].[DisVid], [t].[DispatchDate], [t].[DispatchQuantity], [t].[FinalPrice], [t].[UnitPrice], [t].[VehicleNo]
      FROM [TblDispatches] AS [t]
      WHERE [t].[ChallanNo] = @__dispatchId_0
info: Microsoft.EntityFrameworkCore.Database.Command[20101]
      Executed DbCommand (7ms) [Parameters=[@__dispatchId_0='?' (Size = 4000)], CommandType='Text', CommandTimeout='120']
      SELECT TOP(1) [t].[DispId], [t].[BillID], [t].[ChallanNo], [t].[Destination], [t].[DisVid], [t].[DispatchDate], [t].[DispatchQuantity], [t].[FinalPrice], [t].[UnitPrice], [t].[VehicleNo]
      FROM [TblDispatches] AS [t]
      WHERE [t].[ChallanNo] = @__dispatchId_0
info: Microsoft.EntityFrameworkCore.Database.Command[20101]
      Executed DbCommand (4ms) [Parameters=[@__dispatchId_0='?' (Size = 4000)], CommandType='Text', CommandTimeout='120']
      SELECT TOP(1) [t].[DispId], [t].[BillID], [t].[ChallanNo], [t].[Destination], [t].[DisVid], [t].[DispatchDate], [t].[DispatchQuantity], [t].[FinalPrice], [t].[UnitPrice], [t].[VehicleNo]
      FROM [TblDispatches] AS [t]
      WHERE [t].[ChallanNo] = @__dispatchId_0
info: Microsoft.EntityFrameworkCore.Database.Command[20101]
      Executed DbCommand (4ms) [Parameters=[@__dispatchId_0='?' (Size = 4000)], CommandType='Text', CommandTimeout='120']
      SELECT TOP(1) [t].[DispId], [t].[BillID], [t].[ChallanNo], [t].[Destination], [t].[DisVid], [t].[DispatchDate], [t].[DispatchQuantity], [t].[FinalPrice], [t].[UnitPrice], [t].[VehicleNo]
      FROM [TblDispatches] AS [t]
      WHERE [t].[ChallanNo] = @__dispatchId_0
info: Microsoft.EntityFrameworkCore.Database.Command[20101]
      Executed DbCommand (5ms) [Parameters=[@__dispatchId_0='?' (Size = 4000)], CommandType='Text', CommandTimeout='120']
      SELECT TOP(1) [t].[DispId], [t].[BillID], [t].[ChallanNo], [t].[Destination], [t].[DisVid], [t].[DispatchDate], [t].[DispatchQuantity], [t].[FinalPrice], [t].[UnitPrice], [t].[VehicleNo]
      FROM [TblDispatches] AS [t]
      WHERE [t].[ChallanNo] = @__dispatchId_0
info: Microsoft.EntityFrameworkCore.Database.Command[20101]
      Executed DbCommand (4ms) [Parameters=[@__dispatchId_0='?' (Size = 4000)], CommandType='Text', CommandTimeout='120']
      SELECT TOP(1) [t].[DispId], [t].[BillID], [t].[ChallanNo], [t].[Destination], [t].[DisVid], [t].[DispatchDate], [t].[DispatchQuantity], [t].[FinalPrice], [t].[UnitPrice], [t].[VehicleNo]
      FROM [TblDispatches] AS [t]
      WHERE [t].[ChallanNo] = @__dispatchId_0
info: Microsoft.EntityFrameworkCore.Database.Command[20101]
      Executed DbCommand (7ms) [Parameters=[@__dispatchId_0='?' (Size = 4000)], CommandType='Text', CommandTimeout='120']
      SELECT TOP(1) [t].[DispId], [t].[BillID], [t].[ChallanNo], [t].[Destination], [t].[DisVid], [t].[DispatchDate], [t].[DispatchQuantity], [t].[FinalPrice], [t].[UnitPrice], [t].[VehicleNo]
      FROM [TblDispatches] AS [t]
      WHERE [t].[ChallanNo] = @__dispatchId_0
info: Microsoft.EntityFrameworkCore.Database.Command[20101]
      Executed DbCommand (4ms) [Parameters=[@__dispatchId_0='?' (Size = 4000)], CommandType='Text', CommandTimeout='120']
      SELECT TOP(1) [t].[DispId], [t].[BillID], [t].[ChallanNo], [t].[Destination], [t].[DisVid], [t].[DispatchDate], [t].[DispatchQuantity], [t].[FinalPrice], [t].[UnitPrice], [t].[VehicleNo]
      FROM [TblDispatches] AS [t]
      WHERE [t].[ChallanNo] = @__dispatchId_0
info: Microsoft.EntityFrameworkCore.Database.Command[20101]
      Executed DbCommand (7ms) [Parameters=[@__dispatchId_0='?' (Size = 4000)], CommandType='Text', CommandTimeout='120']
      SELECT TOP(1) [t].[DispId], [t].[BillID], [t].[ChallanNo], [t].[Destination], [t].[DisVid], [t].[DispatchDate], [t].[DispatchQuantity], [t].[FinalPrice], [t].[UnitPrice], [t].[VehicleNo]
      FROM [TblDispatches] AS [t]
      WHERE [t].[ChallanNo] = @__dispatchId_0
info: Microsoft.EntityFrameworkCore.Database.Command[20101]
      Executed DbCommand (7ms) [Parameters=[@__dispatchId_0='?' (Size = 4000)], CommandType='Text', CommandTimeout='120']
      SELECT TOP(1) [t].[DispId], [t].[BillID], [t].[ChallanNo], [t].[Destination], [t].[DisVid], [t].[DispatchDate], [t].[DispatchQuantity], [t].[FinalPrice], [t].[UnitPrice], [t].[VehicleNo]
      FROM [TblDispatches] AS [t]
      WHERE [t].[ChallanNo] = @__dispatchId_0
info: Microsoft.EntityFrameworkCore.Database.Command[20101]
      Executed DbCommand (3ms) [Parameters=[@__dispatchId_0='?' (Size = 4000)], CommandType='Text', CommandTimeout='120']
      SELECT TOP(1) [t].[DispId], [t].[BillID], [t].[ChallanNo], [t].[Destination], [t].[DisVid], [t].[DispatchDate], [t].[DispatchQuantity], [t].[FinalPrice], [t].[UnitPrice], [t].[VehicleNo]
      FROM [TblDispatches] AS [t]
      WHERE [t].[ChallanNo] = @__dispatchId_0
info: Microsoft.EntityFrameworkCore.Database.Command[20101]
      Executed DbCommand (5ms) [Parameters=[@__dispatchId_0='?' (Size = 4000)], CommandType='Text', CommandTimeout='120']
      SELECT TOP(1) [t].[DispId], [t].[BillID], [t].[ChallanNo], [t].[Destination], [t].[DisVid], [t].[DispatchDate], [t].[DispatchQuantity], [t].[FinalPrice], [t].[UnitPrice], [t].[VehicleNo]
      FROM [TblDispatches] AS [t]
      WHERE [t].[ChallanNo] = @__dispatchId_0
info: Microsoft.EntityFrameworkCore.Database.Command[20101]
      Executed DbCommand (9ms) [Parameters=[@p9='?' (DbType = Int32), @p0='?' (DbType = Int32), @p1='?' (Size = 4000), @p2='?' (Size = 4000), @p3='?' (DbType = Int32), @p4='?' (DbType = DateTime2), @p5='?' (DbType = Double), @p6='?' (DbType = Double), @p7='?' (DbType = Double), @p8='?' (Size = 4000), @p19='?' (DbType = Int32), @p10='?' (DbType = Int32), @p11='?' (Size = 4000), @p12='?' (Size = 4000), @p13='?' (DbType = Int32), @p14='?' (DbType = DateTime2), @p15='?' (DbType = Double), @p16='?' (DbType = Double), @p17='?' (DbType = Double), @p18='?' (Size = 4000), @p29='?' (DbType = Int32), @p20='?' (DbType = Int32), @p21='?' (Size = 4000), @p22='?' (Size = 4000), @p23='?' (DbType = Int32), @p24='?' (DbType = DateTime2), @p25='?' (DbType = Double), @p26='?' (DbType = Double), @p27='?' (DbType = Double), @p28='?' (Size = 4000), @p39='?' (DbType = Int32), @p30='?' (DbType = Int32), @p31='?' (Size = 4000), @p32='?' (Size = 4000), @p33='?' (DbType = Int32), @p34='?' (DbType = DateTime2), @p35='?' (DbType = Double), @p36='?' (DbType = Double), @p37='?' (DbType = Double), @p38='?' (Size = 4000)], CommandType='Text', CommandTimeout='120']
      SET NOCOUNT ON;
      UPDATE [TblDispatches] SET [BillID] = @p0, [ChallanNo] = @p1, [Destination] = @p2, [DisVid] = @p3, [DispatchDate] = @p4, [DispatchQuantity] = @p5, [FinalPrice] = @p6, [UnitPrice] = @p7, [VehicleNo] = @p8
      WHERE [DispId] = @p9;
      SELECT @@ROWCOUNT;
      
      UPDATE [TblDispatches] SET [BillID] = @p10, [ChallanNo] = @p11, [Destination] = @p12, [DisVid] = @p13, [DispatchDate] = @p14, [DispatchQuantity] = @p15, [FinalPrice] = @p16, [UnitPrice] = @p17, [VehicleNo] = @p18
      WHERE [DispId] = @p19;
      SELECT @@ROWCOUNT;
      
      UPDATE [TblDispatches] SET [BillID] = @p20, [ChallanNo] = @p21, [Destination] = @p22, [DisVid] = @p23, [DispatchDate] = @p24, [DispatchQuantity] = @p25, [FinalPrice] = @p26, [UnitPrice] = @p27, [VehicleNo] = @p28
      WHERE [DispId] = @p29;
      SELECT @@ROWCOUNT;
      
      UPDATE [TblDispatches] SET [BillID] = @p30, [ChallanNo] = @p31, [Destination] = @p32, [DisVid] = @p33, [DispatchDate] = @p34, [DispatchQuantity] = @p35, [FinalPrice] = @p36, [UnitPrice] = @p37, [VehicleNo] = @p38
      WHERE [DispId] = @p39;
      SELECT @@ROWCOUNT;
info: Microsoft.EntityFrameworkCore.Infrastructure[10403]
      Entity Framework Core 6.0.21 initialized 'TransportMgmtContext' using provider 'Microsoft.EntityFrameworkCore.SqlServer:6.0.21' with options: CommandTimeout=120 
info: Microsoft.EntityFrameworkCore.Database.Command[20101]
      Executed DbCommand (7ms) [Parameters=[], CommandType='Text', CommandTimeout='120']
      SELECT [t].[FID], [t].[Address], [t].[Code], [t].[CreatedBy], [t].[CreatedOn], [t].[FactoryName], [t].[Gstin], [t].[IsActive], [t].[ModifiedBy], [t].[ModifiedOn]
      FROM [TblFactories] AS [t]
info: Microsoft.EntityFrameworkCore.Database.Command[20101]
      Executed DbCommand (1ms) [Parameters=[], CommandType='Text', CommandTimeout='120']
      SELECT [t].[FID], [t].[Address], [t].[Code], [t].[CreatedBy], [t].[CreatedOn], [t].[FactoryName], [t].[Gstin], [t].[IsActive], [t].[ModifiedBy], [t].[ModifiedOn]
      FROM [TblFactories] AS [t]
info: Microsoft.EntityFrameworkCore.Database.Command[20101]
      Executed DbCommand (3ms) [Parameters=[], CommandType='Text', CommandTimeout='120']
      SELECT [t].[DispId], [t].[BillID], [t].[ChallanNo], [t].[Destination], [t].[DisVid], [t].[DispatchDate], [t].[DispatchQuantity], [t].[FinalPrice], [t].[UnitPrice], [t].[VehicleNo]
      FROM [TblDispatches] AS [t]
info: Microsoft.EntityFrameworkCore.Infrastructure[10403]
      Entity Framework Core 6.0.21 initialized 'TransportMgmtContext' using provider 'Microsoft.EntityFrameworkCore.SqlServer:6.0.21' with options: CommandTimeout=120 
info: Microsoft.EntityFrameworkCore.Database.Command[20101]
      Executed DbCommand (1ms) [Parameters=[], CommandType='Text', CommandTimeout='120']
      SELECT [t].[FID] AS [id], [t].[FactoryName] AS [name]
      FROM [TblFactories] AS [t]
info: Microsoft.EntityFrameworkCore.Infrastructure[10403]
      Entity Framework Core 6.0.21 initialized 'TransportMgmtContext' using provider 'Microsoft.EntityFrameworkCore.SqlServer:6.0.21' with options: CommandTimeout=120 
info: Microsoft.EntityFrameworkCore.Database.Command[20101]
      Executed DbCommand (86ms) [Parameters=[p0='?' (DbType = DateTime2), p1='?' (DbType = DateTime2), p2='?' (DbType = Int32)], CommandType='Text', CommandTimeout='120']
      EXEC [dbo].[SpExpoBilldetail] @FromDate = @p0, @ToDate = @p1, @FactoryId = @p2
info: Microsoft.EntityFrameworkCore.Infrastructure[10403]
      Entity Framework Core 6.0.21 initialized 'TransportMgmtContext' using provider 'Microsoft.EntityFrameworkCore.SqlServer:6.0.21' with options: CommandTimeout=120 
info: Microsoft.EntityFrameworkCore.Database.Command[20101]
      Executed DbCommand (9ms) [Parameters=[], CommandType='Text', CommandTimeout='120']
      SELECT [t].[FID], [t].[Address], [t].[Code], [t].[CreatedBy], [t].[CreatedOn], [t].[FactoryName], [t].[Gstin], [t].[IsActive], [t].[ModifiedBy], [t].[ModifiedOn]
      FROM [TblFactories] AS [t]
info: Microsoft.EntityFrameworkCore.Database.Command[20101]
      Executed DbCommand (3ms) [Parameters=[], CommandType='Text', CommandTimeout='120']
      SELECT [t].[FID], [t].[Address], [t].[Code], [t].[CreatedBy], [t].[CreatedOn], [t].[FactoryName], [t].[Gstin], [t].[IsActive], [t].[ModifiedBy], [t].[ModifiedOn]
      FROM [TblFactories] AS [t]
info: Microsoft.EntityFrameworkCore.Database.Command[20101]
      Executed DbCommand (9ms) [Parameters=[], CommandType='Text', CommandTimeout='120']
      SELECT [t].[DispId], [t].[BillID], [t].[ChallanNo], [t].[Destination], [t].[DisVid], [t].[DispatchDate], [t].[DispatchQuantity], [t].[FinalPrice], [t].[UnitPrice], [t].[VehicleNo]
      FROM [TblDispatches] AS [t]
info: Microsoft.EntityFrameworkCore.Infrastructure[10403]
      Entity Framework Core 6.0.21 initialized 'TransportMgmtContext' using provider 'Microsoft.EntityFrameworkCore.SqlServer:6.0.21' with options: CommandTimeout=120 
info: Microsoft.EntityFrameworkCore.Database.Command[20101]
      Executed DbCommand (5ms) [Parameters=[@__cell1_0='?' (Size = 4000)], CommandType='Text', CommandTimeout='120']
      SELECT TOP(1) [t].[DispId], [t].[BillID], [t].[ChallanNo], [t].[Destination], [t].[DisVid], [t].[DispatchDate], [t].[DispatchQuantity], [t].[FinalPrice], [t].[UnitPrice], [t].[VehicleNo]
      FROM [TblDispatches] AS [t]
      WHERE [t].[ChallanNo] = @__cell1_0
info: Microsoft.EntityFrameworkCore.Database.Command[20101]
      Executed DbCommand (8ms) [Parameters=[@p0='?' (DbType = Int32), @p1='?' (Size = 4000), @p2='?' (Size = 4000), @p3='?' (DbType = Int32), @p4='?' (DbType = DateTime2), @p5='?' (DbType = Double), @p6='?' (DbType = Double), @p7='?' (DbType = Double), @p8='?' (Size = 4000)], CommandType='Text', CommandTimeout='120']
      SET NOCOUNT ON;
      INSERT INTO [TblDispatches] ([BillID], [ChallanNo], [Destination], [DisVid], [DispatchDate], [DispatchQuantity], [FinalPrice], [UnitPrice], [VehicleNo])
      VALUES (@p0, @p1, @p2, @p3, @p4, @p5, @p6, @p7, @p8);
      SELECT [DispId]
      FROM [TblDispatches]
      WHERE @@ROWCOUNT = 1 AND [DispId] = scope_identity();
info: Microsoft.EntityFrameworkCore.Database.Command[20101]
      Executed DbCommand (1ms) [Parameters=[], CommandType='Text', CommandTimeout='120']
      SELECT [t].[FID], [t].[Address], [t].[Code], [t].[CreatedBy], [t].[CreatedOn], [t].[FactoryName], [t].[Gstin], [t].[IsActive], [t].[ModifiedBy], [t].[ModifiedOn]
      FROM [TblFactories] AS [t]
info: Microsoft.EntityFrameworkCore.Database.Command[20101]
      Executed DbCommand (1ms) [Parameters=[], CommandType='Text', CommandTimeout='120']
      SELECT [t].[DispId], [t].[BillID], [t].[ChallanNo], [t].[Destination], [t].[DisVid], [t].[DispatchDate], [t].[DispatchQuantity], [t].[FinalPrice], [t].[UnitPrice], [t].[VehicleNo]
      FROM [TblDispatches] AS [t]
info: Microsoft.EntityFrameworkCore.Infrastructure[10403]
      Entity Framework Core 6.0.21 initialized 'TransportMgmtContext' using provider 'Microsoft.EntityFrameworkCore.SqlServer:6.0.21' with options: CommandTimeout=120 
info: Microsoft.EntityFrameworkCore.Database.Command[20101]
      Executed DbCommand (2ms) [Parameters=[], CommandType='Text', CommandTimeout='120']
      SELECT [t].[FID], [t].[Address], [t].[Code], [t].[CreatedBy], [t].[CreatedOn], [t].[FactoryName], [t].[Gstin], [t].[IsActive], [t].[ModifiedBy], [t].[ModifiedOn]
      FROM [TblFactories] AS [t]
info: Microsoft.EntityFrameworkCore.Database.Command[20101]
      Executed DbCommand (1ms) [Parameters=[], CommandType='Text', CommandTimeout='120']
      SELECT [t].[FID], [t].[Address], [t].[Code], [t].[CreatedBy], [t].[CreatedOn], [t].[FactoryName], [t].[Gstin], [t].[IsActive], [t].[ModifiedBy], [t].[ModifiedOn]
      FROM [TblFactories] AS [t]
info: Microsoft.EntityFrameworkCore.Database.Command[20101]
      Executed DbCommand (1ms) [Parameters=[], CommandType='Text', CommandTimeout='120']
      SELECT [t].[DispId], [t].[BillID], [t].[ChallanNo], [t].[Destination], [t].[DisVid], [t].[DispatchDate], [t].[DispatchQuantity], [t].[FinalPrice], [t].[UnitPrice], [t].[VehicleNo]
      FROM [TblDispatches] AS [t]
info: Microsoft.EntityFrameworkCore.Infrastructure[10403]
      Entity Framework Core 6.0.21 initialized 'TransportMgmtContext' using provider 'Microsoft.EntityFrameworkCore.SqlServer:6.0.21' with options: CommandTimeout=120 
info: Microsoft.EntityFrameworkCore.Database.Command[20101]
      Executed DbCommand (5ms) [Parameters=[@__dispatchId_0='?' (Size = 4000)], CommandType='Text', CommandTimeout='120']
      SELECT TOP(1) [t].[DispId], [t].[BillID], [t].[ChallanNo], [t].[Destination], [t].[DisVid], [t].[DispatchDate], [t].[DispatchQuantity], [t].[FinalPrice], [t].[UnitPrice], [t].[VehicleNo]
      FROM [TblDispatches] AS [t]
      WHERE [t].[ChallanNo] = @__dispatchId_0
info: Microsoft.EntityFrameworkCore.Database.Command[20101]
      Executed DbCommand (4ms) [Parameters=[@__dispatchId_0='?' (Size = 4000)], CommandType='Text', CommandTimeout='120']
      SELECT TOP(1) [t].[DispId], [t].[BillID], [t].[ChallanNo], [t].[Destination], [t].[DisVid], [t].[DispatchDate], [t].[DispatchQuantity], [t].[FinalPrice], [t].[UnitPrice], [t].[VehicleNo]
      FROM [TblDispatches] AS [t]
      WHERE [t].[ChallanNo] = @__dispatchId_0
info: Microsoft.EntityFrameworkCore.Database.Command[20101]
      Executed DbCommand (6ms) [Parameters=[@__billNumber_0='?' (Size = 4000)], CommandType='Text', CommandTimeout='120']
      SELECT TOP(1) [b].[BillID], [b].[ActualAmount], [b].[BillDate], [b].[BillNum], [b].[BillType], [b].[FID], [b].[Gst], [b].[GstDate], [b].[PId], [b].[PaymentReceived], [b].[PaymentTablePId], [b].[Tds]
      FROM [BillTables] AS [b]
      WHERE [b].[BillNum] = @__billNumber_0
info: Microsoft.EntityFrameworkCore.Database.Command[20101]
      Executed DbCommand (6ms) [Parameters=[@p0='?' (DbType = Double), @p1='?' (DbType = DateTime2), @p2='?' (Size = 4000), @p3='?' (Size = 4000), @p4='?' (DbType = Int32), @p5='?' (DbType = Double), @p6='?' (DbType = DateTime2), @p7='?' (DbType = Int32), @p8='?' (DbType = Double), @p9='?' (DbType = Int32), @p10='?' (DbType = Double)], CommandType='Text', CommandTimeout='120']
      SET NOCOUNT ON;
      INSERT INTO [BillTables] ([ActualAmount], [BillDate], [BillNum], [BillType], [FID], [Gst], [GstDate], [PId], [PaymentReceived], [PaymentTablePId], [Tds])
      VALUES (@p0, @p1, @p2, @p3, @p4, @p5, @p6, @p7, @p8, @p9, @p10);
      SELECT [BillID]
      FROM [BillTables]
      WHERE @@ROWCOUNT = 1 AND [BillID] = scope_identity();
info: Microsoft.EntityFrameworkCore.Database.Command[20101]
      Executed DbCommand (5ms) [Parameters=[@p2='?' (DbType = Int32), @p0='?' (DbType = Double), @p1='?' (DbType = Double)], CommandType='Text', CommandTimeout='120']
      SET NOCOUNT ON;
      UPDATE [TblDispatches] SET [FinalPrice] = @p0, [UnitPrice] = @p1
      WHERE [DispId] = @p2;
      SELECT @@ROWCOUNT;
info: Microsoft.EntityFrameworkCore.Database.Command[20101]
      Executed DbCommand (3ms) [Parameters=[@__dispatchId_0='?' (Size = 4000)], CommandType='Text', CommandTimeout='120']
      SELECT TOP(1) [t].[DispId], [t].[BillID], [t].[ChallanNo], [t].[Destination], [t].[DisVid], [t].[DispatchDate], [t].[DispatchQuantity], [t].[FinalPrice], [t].[UnitPrice], [t].[VehicleNo]
      FROM [TblDispatches] AS [t]
      WHERE [t].[ChallanNo] = @__dispatchId_0
info: Microsoft.EntityFrameworkCore.Database.Command[20101]
      Executed DbCommand (4ms) [Parameters=[@__dispatchId_0='?' (Size = 4000)], CommandType='Text', CommandTimeout='120']
      SELECT TOP(1) [t].[DispId], [t].[BillID], [t].[ChallanNo], [t].[Destination], [t].[DisVid], [t].[DispatchDate], [t].[DispatchQuantity], [t].[FinalPrice], [t].[UnitPrice], [t].[VehicleNo]
      FROM [TblDispatches] AS [t]
      WHERE [t].[ChallanNo] = @__dispatchId_0
info: Microsoft.EntityFrameworkCore.Database.Command[20101]
      Executed DbCommand (4ms) [Parameters=[@__dispatchId_0='?' (Size = 4000)], CommandType='Text', CommandTimeout='120']
      SELECT TOP(1) [t].[DispId], [t].[BillID], [t].[ChallanNo], [t].[Destination], [t].[DisVid], [t].[DispatchDate], [t].[DispatchQuantity], [t].[FinalPrice], [t].[UnitPrice], [t].[VehicleNo]
      FROM [TblDispatches] AS [t]
      WHERE [t].[ChallanNo] = @__dispatchId_0
info: Microsoft.EntityFrameworkCore.Database.Command[20101]
      Executed DbCommand (4ms) [Parameters=[@__dispatchId_0='?' (Size = 4000)], CommandType='Text', CommandTimeout='120']
      SELECT TOP(1) [t].[DispId], [t].[BillID], [t].[ChallanNo], [t].[Destination], [t].[DisVid], [t].[DispatchDate], [t].[DispatchQuantity], [t].[FinalPrice], [t].[UnitPrice], [t].[VehicleNo]
      FROM [TblDispatches] AS [t]
      WHERE [t].[ChallanNo] = @__dispatchId_0
info: Microsoft.EntityFrameworkCore.Database.Command[20101]
      Executed DbCommand (5ms) [Parameters=[@__dispatchId_0='?' (Size = 4000)], CommandType='Text', CommandTimeout='120']
      SELECT TOP(1) [t].[DispId], [t].[BillID], [t].[ChallanNo], [t].[Destination], [t].[DisVid], [t].[DispatchDate], [t].[DispatchQuantity], [t].[FinalPrice], [t].[UnitPrice], [t].[VehicleNo]
      FROM [TblDispatches] AS [t]
      WHERE [t].[ChallanNo] = @__dispatchId_0
info: Microsoft.EntityFrameworkCore.Database.Command[20101]
      Executed DbCommand (4ms) [Parameters=[@__dispatchId_0='?' (Size = 4000)], CommandType='Text', CommandTimeout='120']
      SELECT TOP(1) [t].[DispId], [t].[BillID], [t].[ChallanNo], [t].[Destination], [t].[DisVid], [t].[DispatchDate], [t].[DispatchQuantity], [t].[FinalPrice], [t].[UnitPrice], [t].[VehicleNo]
      FROM [TblDispatches] AS [t]
      WHERE [t].[ChallanNo] = @__dispatchId_0
info: Microsoft.EntityFrameworkCore.Database.Command[20101]
      Executed DbCommand (6ms) [Parameters=[@__dispatchId_0='?' (Size = 4000)], CommandType='Text', CommandTimeout='120']
      SELECT TOP(1) [t].[DispId], [t].[BillID], [t].[ChallanNo], [t].[Destination], [t].[DisVid], [t].[DispatchDate], [t].[DispatchQuantity], [t].[FinalPrice], [t].[UnitPrice], [t].[VehicleNo]
      FROM [TblDispatches] AS [t]
      WHERE [t].[ChallanNo] = @__dispatchId_0
info: Microsoft.EntityFrameworkCore.Database.Command[20101]
      Executed DbCommand (6ms) [Parameters=[@p9='?' (DbType = Int32), @p0='?' (DbType = Int32), @p1='?' (Size = 4000), @p2='?' (Size = 4000), @p3='?' (DbType = Int32), @p4='?' (DbType = DateTime2), @p5='?' (DbType = Double), @p6='?' (DbType = Double), @p7='?' (DbType = Double), @p8='?' (Size = 4000)], CommandType='Text', CommandTimeout='120']
      SET NOCOUNT ON;
      UPDATE [TblDispatches] SET [BillID] = @p0, [ChallanNo] = @p1, [Destination] = @p2, [DisVid] = @p3, [DispatchDate] = @p4, [DispatchQuantity] = @p5, [FinalPrice] = @p6, [UnitPrice] = @p7, [VehicleNo] = @p8
      WHERE [DispId] = @p9;
      SELECT @@ROWCOUNT;
info: Microsoft.EntityFrameworkCore.Infrastructure[10403]
      Entity Framework Core 6.0.21 initialized 'TransportMgmtContext' using provider 'Microsoft.EntityFrameworkCore.SqlServer:6.0.21' with options: CommandTimeout=120 
info: Microsoft.EntityFrameworkCore.Database.Command[20101]
      Executed DbCommand (2ms) [Parameters=[], CommandType='Text', CommandTimeout='120']
      SELECT [t].[FID], [t].[Address], [t].[Code], [t].[CreatedBy], [t].[CreatedOn], [t].[FactoryName], [t].[Gstin], [t].[IsActive], [t].[ModifiedBy], [t].[ModifiedOn]
      FROM [TblFactories] AS [t]
info: Microsoft.EntityFrameworkCore.Database.Command[20101]
      Executed DbCommand (2ms) [Parameters=[], CommandType='Text', CommandTimeout='120']
      SELECT [t].[FID], [t].[Address], [t].[Code], [t].[CreatedBy], [t].[CreatedOn], [t].[FactoryName], [t].[Gstin], [t].[IsActive], [t].[ModifiedBy], [t].[ModifiedOn]
      FROM [TblFactories] AS [t]
info: Microsoft.EntityFrameworkCore.Database.Command[20101]
      Executed DbCommand (1ms) [Parameters=[], CommandType='Text', CommandTimeout='120']
      SELECT [t].[DispId], [t].[BillID], [t].[ChallanNo], [t].[Destination], [t].[DisVid], [t].[DispatchDate], [t].[DispatchQuantity], [t].[FinalPrice], [t].[UnitPrice], [t].[VehicleNo]
      FROM [TblDispatches] AS [t]
info: Microsoft.EntityFrameworkCore.Infrastructure[10403]
      Entity Framework Core 6.0.21 initialized 'TransportMgmtContext' using provider 'Microsoft.EntityFrameworkCore.SqlServer:6.0.21' with options: CommandTimeout=120 
info: Microsoft.EntityFrameworkCore.Database.Command[20101]
      Executed DbCommand (2ms) [Parameters=[], CommandType='Text', CommandTimeout='120']
      SELECT [t].[FID] AS [id], [t].[FactoryName] AS [name]
      FROM [TblFactories] AS [t]
info: Microsoft.EntityFrameworkCore.Infrastructure[10403]
      Entity Framework Core 6.0.21 initialized 'TransportMgmtContext' using provider 'Microsoft.EntityFrameworkCore.SqlServer:6.0.21' with options: CommandTimeout=120 
info: Microsoft.EntityFrameworkCore.Database.Command[20101]
      Executed DbCommand (21ms) [Parameters=[p0='?' (DbType = DateTime2), p1='?' (DbType = DateTime2), p2='?' (DbType = Int32)], CommandType='Text', CommandTimeout='120']
      EXEC [dbo].[SpExpoBilldetail] @FromDate = @p0, @ToDate = @p1, @FactoryId = @p2
info: Microsoft.EntityFrameworkCore.Infrastructure[10403]
      Entity Framework Core 6.0.21 initialized 'TransportMgmtContext' using provider 'Microsoft.EntityFrameworkCore.SqlServer:6.0.21' with options: CommandTimeout=120 
info: Microsoft.EntityFrameworkCore.Database.Command[20101]
      Executed DbCommand (7ms) [Parameters=[], CommandType='Text', CommandTimeout='120']
      SELECT [t].[FID] AS [id], [t].[FactoryName] AS [name]
      FROM [TblFactories] AS [t]
info: Microsoft.EntityFrameworkCore.Infrastructure[10403]
      Entity Framework Core 6.0.21 initialized 'TransportMgmtContext' using provider 'Microsoft.EntityFrameworkCore.SqlServer:6.0.21' with options: CommandTimeout=120 
info: Microsoft.EntityFrameworkCore.Database.Command[20101]
      Executed DbCommand (41ms) [Parameters=[p0='?' (DbType = DateTime2), p1='?' (DbType = DateTime2), p2='?' (DbType = Int32)], CommandType='Text', CommandTimeout='120']
      EXEC [dbo].[SpExpoBilldetail] @FromDate = @p0, @ToDate = @p1, @FactoryId = @p2
info: Microsoft.EntityFrameworkCore.Infrastructure[10403]
      Entity Framework Core 6.0.21 initialized 'TransportMgmtContext' using provider 'Microsoft.EntityFrameworkCore.SqlServer:6.0.21' with options: CommandTimeout=120 
info: Microsoft.EntityFrameworkCore.Database.Command[20101]
      Executed DbCommand (1ms) [Parameters=[], CommandType='Text', CommandTimeout='120']
      SELECT [t].[FID] AS [id], [t].[FactoryName] AS [name]
      FROM [TblFactories] AS [t]
info: Microsoft.EntityFrameworkCore.Infrastructure[10403]
      Entity Framework Core 6.0.21 initialized 'TransportMgmtContext' using provider 'Microsoft.EntityFrameworkCore.SqlServer:6.0.21' with options: CommandTimeout=120 
info: Microsoft.EntityFrameworkCore.Database.Command[20101]
      Executed DbCommand (22ms) [Parameters=[p0='?' (DbType = DateTime2), p1='?' (DbType = DateTime2), p2='?' (DbType = Int32)], CommandType='Text', CommandTimeout='120']
      EXEC [dbo].[SpExpoBilldetail] @FromDate = @p0, @ToDate = @p1, @FactoryId = @p2
info: Microsoft.EntityFrameworkCore.Infrastructure[10403]
      Entity Framework Core 6.0.21 initialized 'TransportMgmtContext' using provider 'Microsoft.EntityFrameworkCore.SqlServer:6.0.21' with options: CommandTimeout=120 
info: Microsoft.EntityFrameworkCore.Database.Command[20101]
      Executed DbCommand (1ms) [Parameters=[], CommandType='Text', CommandTimeout='120']
      SELECT [t].[FID] AS [id], [t].[FactoryName] AS [name]
      FROM [TblFactories] AS [t]
info: Microsoft.EntityFrameworkCore.Infrastructure[10403]
      Entity Framework Core 6.0.21 initialized 'TransportMgmtContext' using provider 'Microsoft.EntityFrameworkCore.SqlServer:6.0.21' with options: CommandTimeout=120 
info: Microsoft.EntityFrameworkCore.Database.Command[20101]
      Executed DbCommand (4ms) [Parameters=[p0='?' (DbType = DateTime2), p1='?' (DbType = DateTime2), p2='?' (DbType = Int32)], CommandType='Text', CommandTimeout='120']
      EXEC [dbo].[SpExpoBilldetail] @FromDate = @p0, @ToDate = @p1, @FactoryId = @p2
info: Microsoft.EntityFrameworkCore.Infrastructure[10403]
      Entity Framework Core 6.0.21 initialized 'TransportMgmtContext' using provider 'Microsoft.EntityFrameworkCore.SqlServer:6.0.21' with options: CommandTimeout=120 
info: Microsoft.EntityFrameworkCore.Database.Command[20101]
      Executed DbCommand (1ms) [Parameters=[], CommandType='Text', CommandTimeout='120']
      SELECT [t].[FID] AS [id], [t].[FactoryName] AS [name]
      FROM [TblFactories] AS [t]
info: Microsoft.EntityFrameworkCore.Infrastructure[10403]
      Entity Framework Core 6.0.21 initialized 'TransportMgmtContext' using provider 'Microsoft.EntityFrameworkCore.SqlServer:6.0.21' with options: CommandTimeout=120 
info: Microsoft.EntityFrameworkCore.Database.Command[20101]
      Executed DbCommand (41ms) [Parameters=[p0='?' (DbType = DateTime2), p1='?' (DbType = DateTime2), p2='?' (DbType = Int32)], CommandType='Text', CommandTimeout='120']
      EXEC [dbo].[SpExpoBilldetail] @FromDate = @p0, @ToDate = @p1, @FactoryId = @p2
info: Microsoft.EntityFrameworkCore.Infrastructure[10403]
      Entity Framework Core 6.0.21 initialized 'TransportMgmtContext' using provider 'Microsoft.EntityFrameworkCore.SqlServer:6.0.21' with options: CommandTimeout=120 
info: Microsoft.EntityFrameworkCore.Database.Command[20101]
      Executed DbCommand (6ms) [Parameters=[], CommandType='Text', CommandTimeout='120']
      SELECT [t].[FID], [t].[Address], [t].[Code], [t].[CreatedBy], [t].[CreatedOn], [t].[FactoryName], [t].[Gstin], [t].[IsActive], [t].[ModifiedBy], [t].[ModifiedOn]
      FROM [TblFactories] AS [t]
info: Microsoft.EntityFrameworkCore.Infrastructure[10403]
      Entity Framework Core 6.0.21 initialized 'TransportMgmtContext' using provider 'Microsoft.EntityFrameworkCore.SqlServer:6.0.21' with options: CommandTimeout=120 
info: Microsoft.EntityFrameworkCore.Database.Command[20101]
      Executed DbCommand (1ms) [Parameters=[], CommandType='Text', CommandTimeout='120']
      SELECT [t].[FID], [t].[Address], [t].[Code], [t].[CreatedBy], [t].[CreatedOn], [t].[FactoryName], [t].[Gstin], [t].[IsActive], [t].[ModifiedBy], [t].[ModifiedOn]
      FROM [TblFactories] AS [t]
info: Microsoft.EntityFrameworkCore.Database.Command[20101]
      Executed DbCommand (51ms) [Parameters=[@FromDate='?' (DbType = DateTime), @ToDate='?' (DbType = DateTime), @FactoryId='?' (DbType = Int32)], CommandType='Text', CommandTimeout='120']
      EXECUTE [dbo].[SpBilldetail] @FromDate, @ToDate, @FactoryId
info: Microsoft.EntityFrameworkCore.Infrastructure[10403]
      Entity Framework Core 6.0.21 initialized 'TransportMgmtContext' using provider 'Microsoft.EntityFrameworkCore.SqlServer:6.0.21' with options: CommandTimeout=120 
info: Microsoft.EntityFrameworkCore.Database.Command[20101]
      Executed DbCommand (3ms) [Parameters=[], CommandType='Text', CommandTimeout='120']
      SELECT [t].[FID], [t].[Address], [t].[Code], [t].[CreatedBy], [t].[CreatedOn], [t].[FactoryName], [t].[Gstin], [t].[IsActive], [t].[ModifiedBy], [t].[ModifiedOn]
      FROM [TblFactories] AS [t]
info: Microsoft.EntityFrameworkCore.Database.Command[20101]
      Executed DbCommand (67ms) [Parameters=[@FromDate='?' (DbType = DateTime), @ToDate='?' (DbType = DateTime), @FactoryId='?' (DbType = Int32)], CommandType='Text', CommandTimeout='120']
      EXECUTE [dbo].[SpBilldetail] @FromDate, @ToDate, @FactoryId
info: Microsoft.EntityFrameworkCore.Infrastructure[10403]
      Entity Framework Core 6.0.21 initialized 'TransportMgmtContext' using provider 'Microsoft.EntityFrameworkCore.SqlServer:6.0.21' with options: CommandTimeout=120 
info: Microsoft.EntityFrameworkCore.Database.Command[20101]
      Executed DbCommand (1ms) [Parameters=[], CommandType='Text', CommandTimeout='120']
      SELECT [t].[FID], [t].[Address], [t].[Code], [t].[CreatedBy], [t].[CreatedOn], [t].[FactoryName], [t].[Gstin], [t].[IsActive], [t].[ModifiedBy], [t].[ModifiedOn]
      FROM [TblFactories] AS [t]
info: Microsoft.EntityFrameworkCore.Database.Command[20101]
      Executed DbCommand (14ms) [Parameters=[p0='?' (DbType = DateTime2), p1='?' (DbType = DateTime2), p2='?'], CommandType='Text', CommandTimeout='120']
      EXECUTE [dbo].[SpCheckBill] @StartDate = @p0, @EndDate = @p1, @FactoryId = @p2
info: Microsoft.EntityFrameworkCore.Infrastructure[10403]
      Entity Framework Core 6.0.21 initialized 'TransportMgmtContext' using provider 'Microsoft.EntityFrameworkCore.SqlServer:6.0.21' with options: CommandTimeout=120 
info: Microsoft.EntityFrameworkCore.Database.Command[20101]
      Executed DbCommand (4ms) [Parameters=[], CommandType='Text', CommandTimeout='120']
      SELECT [t].[FID], [t].[Address], [t].[Code], [t].[CreatedBy], [t].[CreatedOn], [t].[FactoryName], [t].[Gstin], [t].[IsActive], [t].[ModifiedBy], [t].[ModifiedOn]
      FROM [TblFactories] AS [t]
info: Microsoft.EntityFrameworkCore.Database.Command[20101]
      Executed DbCommand (12ms) [Parameters=[p0='?' (DbType = DateTime2), p1='?' (DbType = DateTime2), p2='?' (DbType = Int32)], CommandType='Text', CommandTimeout='120']
      EXECUTE [dbo].[SpCheckBill] @StartDate = @p0, @EndDate = @p1, @FactoryId = @p2
info: Microsoft.EntityFrameworkCore.Infrastructure[10403]
      Entity Framework Core 6.0.21 initialized 'TransportMgmtContext' using provider 'Microsoft.EntityFrameworkCore.SqlServer:6.0.21' with options: CommandTimeout=120 
info: Microsoft.EntityFrameworkCore.Database.Command[20101]
      Executed DbCommand (3ms) [Parameters=[], CommandType='Text', CommandTimeout='120']
      SELECT [t].[FID], [t].[Address], [t].[Code], [t].[CreatedBy], [t].[CreatedOn], [t].[FactoryName], [t].[Gstin], [t].[IsActive], [t].[ModifiedBy], [t].[ModifiedOn]
      FROM [TblFactories] AS [t]
info: Microsoft.EntityFrameworkCore.Database.Command[20101]
      Executed DbCommand (13ms) [Parameters=[p0='?' (DbType = DateTime2), p1='?' (DbType = DateTime2), p2='?' (DbType = Int32)], CommandType='Text', CommandTimeout='120']
      EXECUTE [dbo].[SpCheckBill] @StartDate = @p0, @EndDate = @p1, @FactoryId = @p2
info: Microsoft.EntityFrameworkCore.Infrastructure[10403]
      Entity Framework Core 6.0.21 initialized 'TransportMgmtContext' using provider 'Microsoft.EntityFrameworkCore.SqlServer:6.0.21' with options: CommandTimeout=120 
info: Microsoft.EntityFrameworkCore.Database.Command[20101]
      Executed DbCommand (2ms) [Parameters=[], CommandType='Text', CommandTimeout='120']
      SELECT [t].[FID], [t].[Address], [t].[Code], [t].[CreatedBy], [t].[CreatedOn], [t].[FactoryName], [t].[Gstin], [t].[IsActive], [t].[ModifiedBy], [t].[ModifiedOn]
      FROM [TblFactories] AS [t]
info: Microsoft.EntityFrameworkCore.Database.Command[20101]
      Executed DbCommand (5ms) [Parameters=[p0='?' (DbType = DateTime2), p1='?' (DbType = DateTime2), p2='?'], CommandType='Text', CommandTimeout='120']
      EXECUTE [dbo].[SpCheckBill] @StartDate = @p0, @EndDate = @p1, @FactoryId = @p2
info: Microsoft.EntityFrameworkCore.Infrastructure[10403]
      Entity Framework Core 6.0.21 initialized 'TransportMgmtContext' using provider 'Microsoft.EntityFrameworkCore.SqlServer:6.0.21' with options: CommandTimeout=120 
info: Microsoft.EntityFrameworkCore.Database.Command[20101]
      Executed DbCommand (2ms) [Parameters=[], CommandType='Text', CommandTimeout='120']
      SELECT [t].[FID], [t].[Address], [t].[Code], [t].[CreatedBy], [t].[CreatedOn], [t].[FactoryName], [t].[Gstin], [t].[IsActive], [t].[ModifiedBy], [t].[ModifiedOn]
      FROM [TblFactories] AS [t]
info: Microsoft.EntityFrameworkCore.Database.Command[20101]
      Executed DbCommand (4ms) [Parameters=[p0='?' (DbType = DateTime2), p1='?' (DbType = DateTime2), p2='?' (DbType = Int32)], CommandType='Text', CommandTimeout='120']
      EXECUTE [dbo].[SpCheckBill] @StartDate = @p0, @EndDate = @p1, @FactoryId = @p2
info: Microsoft.EntityFrameworkCore.Infrastructure[10403]
      Entity Framework Core 6.0.21 initialized 'TransportMgmtContext' using provider 'Microsoft.EntityFrameworkCore.SqlServer:6.0.21' with options: CommandTimeout=120 
info: Microsoft.EntityFrameworkCore.Database.Command[20101]
      Executed DbCommand (5ms) [Parameters=[], CommandType='Text', CommandTimeout='120']
      SELECT [t].[FID], [t].[Address], [t].[Code], [t].[CreatedBy], [t].[CreatedOn], [t].[FactoryName], [t].[Gstin], [t].[IsActive], [t].[ModifiedBy], [t].[ModifiedOn]
      FROM [TblFactories] AS [t]
info: Microsoft.EntityFrameworkCore.Database.Command[20101]
      Executed DbCommand (14ms) [Parameters=[p0='?' (DbType = DateTime2), p1='?' (DbType = DateTime2), p2='?' (DbType = Int32)], CommandType='Text', CommandTimeout='120']
      EXECUTE [dbo].[SpCheckBill] @StartDate = @p0, @EndDate = @p1, @FactoryId = @p2
info: Microsoft.EntityFrameworkCore.Infrastructure[10403]
      Entity Framework Core 6.0.21 initialized 'TransportMgmtContext' using provider 'Microsoft.EntityFrameworkCore.SqlServer:6.0.21' with options: CommandTimeout=120 
info: Microsoft.EntityFrameworkCore.Database.Command[20101]
      Executed DbCommand (3ms) [Parameters=[], CommandType='Text', CommandTimeout='120']
      SELECT [t].[FID] AS [id], [t].[FactoryName] AS [name]
      FROM [TblFactories] AS [t]
info: Microsoft.EntityFrameworkCore.Infrastructure[10403]
      Entity Framework Core 6.0.21 initialized 'TransportMgmtContext' using provider 'Microsoft.EntityFrameworkCore.SqlServer:6.0.21' with options: CommandTimeout=120 
info: Microsoft.EntityFrameworkCore.Database.Command[20101]
      Executed DbCommand (27ms) [Parameters=[p0='?' (DbType = DateTime2), p1='?' (DbType = DateTime2), p2='?' (DbType = Int32)], CommandType='Text', CommandTimeout='120']
      EXEC [dbo].[SpExpoBilldetail] @FromDate = @p0, @ToDate = @p1, @FactoryId = @p2
info: Microsoft.EntityFrameworkCore.Infrastructure[10403]
      Entity Framework Core 6.0.21 initialized 'TransportMgmtContext' using provider 'Microsoft.EntityFrameworkCore.SqlServer:6.0.21' with options: CommandTimeout=120 
info: Microsoft.EntityFrameworkCore.Database.Command[20101]
      Executed DbCommand (3ms) [Parameters=[], CommandType='Text', CommandTimeout='120']
      SELECT [t].[FID], [t].[Address], [t].[Code], [t].[CreatedBy], [t].[CreatedOn], [t].[FactoryName], [t].[Gstin], [t].[IsActive], [t].[ModifiedBy], [t].[ModifiedOn]
      FROM [TblFactories] AS [t]
info: Microsoft.EntityFrameworkCore.Database.Command[20101]
      Executed DbCommand (3ms) [Parameters=[], CommandType='Text', CommandTimeout='120']
      SELECT [b].[BillID], [b].[BillNum], [b].[BillDate], [b].[BillType], CASE
          WHEN [b].[FID] IS NOT NULL THEN (
              SELECT TOP(1) [t].[FactoryName]
              FROM [TblFactories] AS [t]
              WHERE [t].[FID] = [b].[FID])
          ELSE NULL
      END AS [FactoryName]
      FROM [BillTables] AS [b]
info: Microsoft.EntityFrameworkCore.Infrastructure[10403]
      Entity Framework Core 6.0.21 initialized 'TransportMgmtContext' using provider 'Microsoft.EntityFrameworkCore.SqlServer:6.0.21' with options: CommandTimeout=120 
info: Microsoft.EntityFrameworkCore.Database.Command[20101]
      Executed DbCommand (6ms) [Parameters=[@__id_0='?' (DbType = Int32)], CommandType='Text', CommandTimeout='120']
      SELECT [t].[BillID], [t].[ActualAmount], [t].[BillDate], [t].[BillNum], [t].[BillType], [t].[FID], [t].[Gst], [t].[GstDate], [t].[PId], [t].[PaymentReceived], [t].[PaymentTablePId], [t].[Tds], [t0].[DispId], [t0].[BillID], [t0].[ChallanNo], [t0].[Destination], [t0].[DisVid], [t0].[DispatchDate], [t0].[DispatchQuantity], [t0].[FinalPrice], [t0].[UnitPrice], [t0].[VehicleNo]
      FROM (
          SELECT TOP(1) [b].[BillID], [b].[ActualAmount], [b].[BillDate], [b].[BillNum], [b].[BillType], [b].[FID], [b].[Gst], [b].[GstDate], [b].[PId], [b].[PaymentReceived], [b].[PaymentTablePId], [b].[Tds]
          FROM [BillTables] AS [b]
          WHERE [b].[BillID] = @__id_0
      ) AS [t]
      LEFT JOIN [TblDispatches] AS [t0] ON [t].[BillID] = [t0].[BillID]
      ORDER BY [t].[BillID]
info: Microsoft.EntityFrameworkCore.Database.Command[20101]
      Executed DbCommand (3ms) [Parameters=[@__bill_FID_0='?' (DbType = Int32)], CommandType='Text', CommandTimeout='120']
      SELECT TOP(1) [t].[FID], [t].[Address], [t].[Code], [t].[CreatedBy], [t].[CreatedOn], [t].[FactoryName], [t].[Gstin], [t].[IsActive], [t].[ModifiedBy], [t].[ModifiedOn]
      FROM [TblFactories] AS [t]
      WHERE [t].[FID] = @__bill_FID_0
info: Microsoft.EntityFrameworkCore.Infrastructure[10403]
      Entity Framework Core 6.0.21 initialized 'TransportMgmtContext' using provider 'Microsoft.EntityFrameworkCore.SqlServer:6.0.21' with options: CommandTimeout=120 
info: Microsoft.EntityFrameworkCore.Database.Command[20101]
      Executed DbCommand (8ms) [Parameters=[], CommandType='Text', CommandTimeout='120']
      SELECT [t].[FID], [t].[Address], [t].[Code], [t].[CreatedBy], [t].[CreatedOn], [t].[FactoryName], [t].[Gstin], [t].[IsActive], [t].[ModifiedBy], [t].[ModifiedOn]
      FROM [TblFactories] AS [t]
info: Microsoft.EntityFrameworkCore.Database.Command[20101]
      Executed DbCommand (1ms) [Parameters=[], CommandType='Text', CommandTimeout='120']
      SELECT [t].[FID], [t].[Address], [t].[Code], [t].[CreatedBy], [t].[CreatedOn], [t].[FactoryName], [t].[Gstin], [t].[IsActive], [t].[ModifiedBy], [t].[ModifiedOn]
      FROM [TblFactories] AS [t]
info: Microsoft.EntityFrameworkCore.Database.Command[20101]
      Executed DbCommand (7ms) [Parameters=[], CommandType='Text', CommandTimeout='120']
      SELECT [t].[DispId], [t].[BillID], [t].[ChallanNo], [t].[Destination], [t].[DisVid], [t].[DispatchDate], [t].[DispatchQuantity], [t].[FinalPrice], [t].[UnitPrice], [t].[VehicleNo]
      FROM [TblDispatches] AS [t]
info: Microsoft.EntityFrameworkCore.Infrastructure[10403]
      Entity Framework Core 6.0.21 initialized 'TransportMgmtContext' using provider 'Microsoft.EntityFrameworkCore.SqlServer:6.0.21' with options: CommandTimeout=120 
info: Microsoft.EntityFrameworkCore.Database.Command[20101]
      Executed DbCommand (1ms) [Parameters=[], CommandType='Text', CommandTimeout='120']
      SELECT [t].[FID], [t].[Address], [t].[Code], [t].[CreatedBy], [t].[CreatedOn], [t].[FactoryName], [t].[Gstin], [t].[IsActive], [t].[ModifiedBy], [t].[ModifiedOn]
      FROM [TblFactories] AS [t]
info: Microsoft.EntityFrameworkCore.Database.Command[20101]
      Executed DbCommand (1ms) [Parameters=[], CommandType='Text', CommandTimeout='120']
      SELECT [t].[FID], [t].[Address], [t].[Code], [t].[CreatedBy], [t].[CreatedOn], [t].[FactoryName], [t].[Gstin], [t].[IsActive], [t].[ModifiedBy], [t].[ModifiedOn]
      FROM [TblFactories] AS [t]
info: Microsoft.EntityFrameworkCore.Database.Command[20101]
      Executed DbCommand (1ms) [Parameters=[], CommandType='Text', CommandTimeout='120']
      SELECT [t].[DispId], [t].[BillID], [t].[ChallanNo], [t].[Destination], [t].[DisVid], [t].[DispatchDate], [t].[DispatchQuantity], [t].[FinalPrice], [t].[UnitPrice], [t].[VehicleNo]
      FROM [TblDispatches] AS [t]
info: Microsoft.EntityFrameworkCore.Infrastructure[10403]
      Entity Framework Core 6.0.21 initialized 'TransportMgmtContext' using provider 'Microsoft.EntityFrameworkCore.SqlServer:6.0.21' with options: CommandTimeout=120 
info: Microsoft.EntityFrameworkCore.Database.Command[20101]
      Executed DbCommand (1ms) [Parameters=[], CommandType='Text', CommandTimeout='120']
      SELECT [t].[FID], [t].[Address], [t].[Code], [t].[CreatedBy], [t].[CreatedOn], [t].[FactoryName], [t].[Gstin], [t].[IsActive], [t].[ModifiedBy], [t].[ModifiedOn]
      FROM [TblFactories] AS [t]
info: Microsoft.EntityFrameworkCore.Database.Command[20101]
      Executed DbCommand (1ms) [Parameters=[], CommandType='Text', CommandTimeout='120']
      SELECT [t].[FID], [t].[Address], [t].[Code], [t].[CreatedBy], [t].[CreatedOn], [t].[FactoryName], [t].[Gstin], [t].[IsActive], [t].[ModifiedBy], [t].[ModifiedOn]
      FROM [TblFactories] AS [t]
info: Microsoft.EntityFrameworkCore.Database.Command[20101]
      Executed DbCommand (1ms) [Parameters=[], CommandType='Text', CommandTimeout='120']
      SELECT [t].[DispId], [t].[BillID], [t].[ChallanNo], [t].[Destination], [t].[DisVid], [t].[DispatchDate], [t].[DispatchQuantity], [t].[FinalPrice], [t].[UnitPrice], [t].[VehicleNo]
      FROM [TblDispatches] AS [t]
info: Microsoft.EntityFrameworkCore.Infrastructure[10403]
      Entity Framework Core 6.0.21 initialized 'TransportMgmtContext' using provider 'Microsoft.EntityFrameworkCore.SqlServer:6.0.21' with options: CommandTimeout=120 
info: Microsoft.EntityFrameworkCore.Database.Command[20101]
      Executed DbCommand (12ms) [Parameters=[@__dispatchId_0='?' (Size = 4000)], CommandType='Text', CommandTimeout='120']
      SELECT TOP(1) [t].[DispId], [t].[BillID], [t].[ChallanNo], [t].[Destination], [t].[DisVid], [t].[DispatchDate], [t].[DispatchQuantity], [t].[FinalPrice], [t].[UnitPrice], [t].[VehicleNo]
      FROM [TblDispatches] AS [t]
      WHERE [t].[ChallanNo] = @__dispatchId_0
info: Microsoft.EntityFrameworkCore.Database.Command[20101]
      Executed DbCommand (5ms) [Parameters=[@__dispatchId_0='?' (Size = 4000)], CommandType='Text', CommandTimeout='120']
      SELECT TOP(1) [t].[DispId], [t].[BillID], [t].[ChallanNo], [t].[Destination], [t].[DisVid], [t].[DispatchDate], [t].[DispatchQuantity], [t].[FinalPrice], [t].[UnitPrice], [t].[VehicleNo]
      FROM [TblDispatches] AS [t]
      WHERE [t].[ChallanNo] = @__dispatchId_0
info: Microsoft.EntityFrameworkCore.Database.Command[20101]
      Executed DbCommand (11ms) [Parameters=[@__billNumber_0='?' (Size = 4000)], CommandType='Text', CommandTimeout='120']
      SELECT TOP(1) [b].[BillID], [b].[ActualAmount], [b].[BillDate], [b].[BillNum], [b].[BillType], [b].[FID], [b].[Gst], [b].[GstDate], [b].[PId], [b].[PaymentReceived], [b].[PaymentTablePId], [b].[Tds]
      FROM [BillTables] AS [b]
      WHERE [b].[BillNum] = @__billNumber_0
info: Microsoft.EntityFrameworkCore.Database.Command[20101]
      Executed DbCommand (7ms) [Parameters=[@p0='?' (DbType = Double), @p1='?' (DbType = DateTime2), @p2='?' (Size = 4000), @p3='?' (Size = 4000), @p4='?' (DbType = Int32), @p5='?' (DbType = Double), @p6='?' (DbType = DateTime2), @p7='?' (DbType = Int32), @p8='?' (DbType = Double), @p9='?' (DbType = Int32), @p10='?' (DbType = Double)], CommandType='Text', CommandTimeout='120']
      SET NOCOUNT ON;
      INSERT INTO [BillTables] ([ActualAmount], [BillDate], [BillNum], [BillType], [FID], [Gst], [GstDate], [PId], [PaymentReceived], [PaymentTablePId], [Tds])
      VALUES (@p0, @p1, @p2, @p3, @p4, @p5, @p6, @p7, @p8, @p9, @p10);
      SELECT [BillID]
      FROM [BillTables]
      WHERE @@ROWCOUNT = 1 AND [BillID] = scope_identity();
info: Microsoft.EntityFrameworkCore.Database.Command[20101]
      Executed DbCommand (6ms) [Parameters=[@p2='?' (DbType = Int32), @p0='?' (DbType = Double), @p1='?' (DbType = Double)], CommandType='Text', CommandTimeout='120']
      SET NOCOUNT ON;
      UPDATE [TblDispatches] SET [FinalPrice] = @p0, [UnitPrice] = @p1
      WHERE [DispId] = @p2;
      SELECT @@ROWCOUNT;
info: Microsoft.EntityFrameworkCore.Database.Command[20101]
      Executed DbCommand (7ms) [Parameters=[@__dispatchId_0='?' (Size = 4000)], CommandType='Text', CommandTimeout='120']
      SELECT TOP(1) [t].[DispId], [t].[BillID], [t].[ChallanNo], [t].[Destination], [t].[DisVid], [t].[DispatchDate], [t].[DispatchQuantity], [t].[FinalPrice], [t].[UnitPrice], [t].[VehicleNo]
      FROM [TblDispatches] AS [t]
      WHERE [t].[ChallanNo] = @__dispatchId_0
info: Microsoft.EntityFrameworkCore.Database.Command[20101]
      Executed DbCommand (10ms) [Parameters=[@__dispatchId_0='?' (Size = 4000)], CommandType='Text', CommandTimeout='120']
      SELECT TOP(1) [t].[DispId], [t].[BillID], [t].[ChallanNo], [t].[Destination], [t].[DisVid], [t].[DispatchDate], [t].[DispatchQuantity], [t].[FinalPrice], [t].[UnitPrice], [t].[VehicleNo]
      FROM [TblDispatches] AS [t]
      WHERE [t].[ChallanNo] = @__dispatchId_0
info: Microsoft.EntityFrameworkCore.Database.Command[20101]
      Executed DbCommand (6ms) [Parameters=[@__dispatchId_0='?' (Size = 4000)], CommandType='Text', CommandTimeout='120']
      SELECT TOP(1) [t].[DispId], [t].[BillID], [t].[ChallanNo], [t].[Destination], [t].[DisVid], [t].[DispatchDate], [t].[DispatchQuantity], [t].[FinalPrice], [t].[UnitPrice], [t].[VehicleNo]
      FROM [TblDispatches] AS [t]
      WHERE [t].[ChallanNo] = @__dispatchId_0
info: Microsoft.EntityFrameworkCore.Database.Command[20101]
      Executed DbCommand (8ms) [Parameters=[@__dispatchId_0='?' (Size = 4000)], CommandType='Text', CommandTimeout='120']
      SELECT TOP(1) [t].[DispId], [t].[BillID], [t].[ChallanNo], [t].[Destination], [t].[DisVid], [t].[DispatchDate], [t].[DispatchQuantity], [t].[FinalPrice], [t].[UnitPrice], [t].[VehicleNo]
      FROM [TblDispatches] AS [t]
      WHERE [t].[ChallanNo] = @__dispatchId_0
info: Microsoft.EntityFrameworkCore.Database.Command[20101]
      Executed DbCommand (8ms) [Parameters=[@__dispatchId_0='?' (Size = 4000)], CommandType='Text', CommandTimeout='120']
      SELECT TOP(1) [t].[DispId], [t].[BillID], [t].[ChallanNo], [t].[Destination], [t].[DisVid], [t].[DispatchDate], [t].[DispatchQuantity], [t].[FinalPrice], [t].[UnitPrice], [t].[VehicleNo]
      FROM [TblDispatches] AS [t]
      WHERE [t].[ChallanNo] = @__dispatchId_0
info: Microsoft.EntityFrameworkCore.Database.Command[20101]
      Executed DbCommand (8ms) [Parameters=[@__dispatchId_0='?' (Size = 4000)], CommandType='Text', CommandTimeout='120']
      SELECT TOP(1) [t].[DispId], [t].[BillID], [t].[ChallanNo], [t].[Destination], [t].[DisVid], [t].[DispatchDate], [t].[DispatchQuantity], [t].[FinalPrice], [t].[UnitPrice], [t].[VehicleNo]
      FROM [TblDispatches] AS [t]
      WHERE [t].[ChallanNo] = @__dispatchId_0
info: Microsoft.EntityFrameworkCore.Database.Command[20101]
      Executed DbCommand (8ms) [Parameters=[@__dispatchId_0='?' (Size = 4000)], CommandType='Text', CommandTimeout='120']
      SELECT TOP(1) [t].[DispId], [t].[BillID], [t].[ChallanNo], [t].[Destination], [t].[DisVid], [t].[DispatchDate], [t].[DispatchQuantity], [t].[FinalPrice], [t].[UnitPrice], [t].[VehicleNo]
      FROM [TblDispatches] AS [t]
      WHERE [t].[ChallanNo] = @__dispatchId_0
info: Microsoft.EntityFrameworkCore.Database.Command[20101]
      Executed DbCommand (7ms) [Parameters=[@p9='?' (DbType = Int32), @p0='?' (DbType = Int32), @p1='?' (Size = 4000), @p2='?' (Size = 4000), @p3='?' (DbType = Int32), @p4='?' (DbType = DateTime2), @p5='?' (DbType = Double), @p6='?' (DbType = Double), @p7='?' (DbType = Double), @p8='?' (Size = 4000)], CommandType='Text', CommandTimeout='120']
      SET NOCOUNT ON;
      UPDATE [TblDispatches] SET [BillID] = @p0, [ChallanNo] = @p1, [Destination] = @p2, [DisVid] = @p3, [DispatchDate] = @p4, [DispatchQuantity] = @p5, [FinalPrice] = @p6, [UnitPrice] = @p7, [VehicleNo] = @p8
      WHERE [DispId] = @p9;
      SELECT @@ROWCOUNT;
info: Microsoft.EntityFrameworkCore.Infrastructure[10403]
      Entity Framework Core 6.0.21 initialized 'TransportMgmtContext' using provider 'Microsoft.EntityFrameworkCore.SqlServer:6.0.21' with options: CommandTimeout=120 
info: Microsoft.EntityFrameworkCore.Database.Command[20101]
      Executed DbCommand (4ms) [Parameters=[], CommandType='Text', CommandTimeout='120']
      SELECT [t].[FID], [t].[Address], [t].[Code], [t].[CreatedBy], [t].[CreatedOn], [t].[FactoryName], [t].[Gstin], [t].[IsActive], [t].[ModifiedBy], [t].[ModifiedOn]
      FROM [TblFactories] AS [t]
info: Microsoft.EntityFrameworkCore.Database.Command[20101]
      Executed DbCommand (1ms) [Parameters=[], CommandType='Text', CommandTimeout='120']
      SELECT [t].[FID], [t].[Address], [t].[Code], [t].[CreatedBy], [t].[CreatedOn], [t].[FactoryName], [t].[Gstin], [t].[IsActive], [t].[ModifiedBy], [t].[ModifiedOn]
      FROM [TblFactories] AS [t]
info: Microsoft.EntityFrameworkCore.Database.Command[20101]
      Executed DbCommand (5ms) [Parameters=[], CommandType='Text', CommandTimeout='120']
      SELECT [t].[DispId], [t].[BillID], [t].[ChallanNo], [t].[Destination], [t].[DisVid], [t].[DispatchDate], [t].[DispatchQuantity], [t].[FinalPrice], [t].[UnitPrice], [t].[VehicleNo]
      FROM [TblDispatches] AS [t]
info: Microsoft.EntityFrameworkCore.Infrastructure[10403]
      Entity Framework Core 6.0.21 initialized 'TransportMgmtContext' using provider 'Microsoft.EntityFrameworkCore.SqlServer:6.0.21' with options: CommandTimeout=120 
info: Microsoft.EntityFrameworkCore.Database.Command[20101]
      Executed DbCommand (6ms) [Parameters=[@__dispatchId_0='?' (Size = 4000)], CommandType='Text', CommandTimeout='120']
      SELECT TOP(1) [t].[DispId], [t].[BillID], [t].[ChallanNo], [t].[Destination], [t].[DisVid], [t].[DispatchDate], [t].[DispatchQuantity], [t].[FinalPrice], [t].[UnitPrice], [t].[VehicleNo]
      FROM [TblDispatches] AS [t]
      WHERE [t].[ChallanNo] = @__dispatchId_0
info: Microsoft.EntityFrameworkCore.Database.Command[20101]
      Executed DbCommand (8ms) [Parameters=[@__dispatchId_0='?' (Size = 4000)], CommandType='Text', CommandTimeout='120']
      SELECT TOP(1) [t].[DispId], [t].[BillID], [t].[ChallanNo], [t].[Destination], [t].[DisVid], [t].[DispatchDate], [t].[DispatchQuantity], [t].[FinalPrice], [t].[UnitPrice], [t].[VehicleNo]
      FROM [TblDispatches] AS [t]
      WHERE [t].[ChallanNo] = @__dispatchId_0
info: Microsoft.EntityFrameworkCore.Database.Command[20101]
      Executed DbCommand (3ms) [Parameters=[@__billNumber_0='?' (Size = 4000)], CommandType='Text', CommandTimeout='120']
      SELECT TOP(1) [b].[BillID], [b].[ActualAmount], [b].[BillDate], [b].[BillNum], [b].[BillType], [b].[FID], [b].[Gst], [b].[GstDate], [b].[PId], [b].[PaymentReceived], [b].[PaymentTablePId], [b].[Tds]
      FROM [BillTables] AS [b]
      WHERE [b].[BillNum] = @__billNumber_0
info: Microsoft.EntityFrameworkCore.Database.Command[20101]
      Executed DbCommand (3ms) [Parameters=[@p0='?' (DbType = Double), @p1='?' (DbType = DateTime2), @p2='?' (Size = 4000), @p3='?' (Size = 4000), @p4='?' (DbType = Int32), @p5='?' (DbType = Double), @p6='?' (DbType = DateTime2), @p7='?' (DbType = Int32), @p8='?' (DbType = Double), @p9='?' (DbType = Int32), @p10='?' (DbType = Double)], CommandType='Text', CommandTimeout='120']
      SET NOCOUNT ON;
      INSERT INTO [BillTables] ([ActualAmount], [BillDate], [BillNum], [BillType], [FID], [Gst], [GstDate], [PId], [PaymentReceived], [PaymentTablePId], [Tds])
      VALUES (@p0, @p1, @p2, @p3, @p4, @p5, @p6, @p7, @p8, @p9, @p10);
      SELECT [BillID]
      FROM [BillTables]
      WHERE @@ROWCOUNT = 1 AND [BillID] = scope_identity();
info: Microsoft.EntityFrameworkCore.Database.Command[20101]
      Executed DbCommand (2ms) [Parameters=[@p2='?' (DbType = Int32), @p0='?' (DbType = Double), @p1='?' (DbType = Double)], CommandType='Text', CommandTimeout='120']
      SET NOCOUNT ON;
      UPDATE [TblDispatches] SET [FinalPrice] = @p0, [UnitPrice] = @p1
      WHERE [DispId] = @p2;
      SELECT @@ROWCOUNT;
info: Microsoft.EntityFrameworkCore.Database.Command[20101]
      Executed DbCommand (6ms) [Parameters=[@__dispatchId_0='?' (Size = 4000)], CommandType='Text', CommandTimeout='120']
      SELECT TOP(1) [t].[DispId], [t].[BillID], [t].[ChallanNo], [t].[Destination], [t].[DisVid], [t].[DispatchDate], [t].[DispatchQuantity], [t].[FinalPrice], [t].[UnitPrice], [t].[VehicleNo]
      FROM [TblDispatches] AS [t]
      WHERE [t].[ChallanNo] = @__dispatchId_0
info: Microsoft.EntityFrameworkCore.Database.Command[20101]
      Executed DbCommand (8ms) [Parameters=[@__dispatchId_0='?' (Size = 4000)], CommandType='Text', CommandTimeout='120']
      SELECT TOP(1) [t].[DispId], [t].[BillID], [t].[ChallanNo], [t].[Destination], [t].[DisVid], [t].[DispatchDate], [t].[DispatchQuantity], [t].[FinalPrice], [t].[UnitPrice], [t].[VehicleNo]
      FROM [TblDispatches] AS [t]
      WHERE [t].[ChallanNo] = @__dispatchId_0
info: Microsoft.EntityFrameworkCore.Database.Command[20101]
      Executed DbCommand (10ms) [Parameters=[@__dispatchId_0='?' (Size = 4000)], CommandType='Text', CommandTimeout='120']
      SELECT TOP(1) [t].[DispId], [t].[BillID], [t].[ChallanNo], [t].[Destination], [t].[DisVid], [t].[DispatchDate], [t].[DispatchQuantity], [t].[FinalPrice], [t].[UnitPrice], [t].[VehicleNo]
      FROM [TblDispatches] AS [t]
      WHERE [t].[ChallanNo] = @__dispatchId_0
info: Microsoft.EntityFrameworkCore.Database.Command[20101]
      Executed DbCommand (8ms) [Parameters=[@__dispatchId_0='?' (Size = 4000)], CommandType='Text', CommandTimeout='120']
      SELECT TOP(1) [t].[DispId], [t].[BillID], [t].[ChallanNo], [t].[Destination], [t].[DisVid], [t].[DispatchDate], [t].[DispatchQuantity], [t].[FinalPrice], [t].[UnitPrice], [t].[VehicleNo]
      FROM [TblDispatches] AS [t]
      WHERE [t].[ChallanNo] = @__dispatchId_0
info: Microsoft.EntityFrameworkCore.Database.Command[20101]
      Executed DbCommand (8ms) [Parameters=[@__dispatchId_0='?' (Size = 4000)], CommandType='Text', CommandTimeout='120']
      SELECT TOP(1) [t].[DispId], [t].[BillID], [t].[ChallanNo], [t].[Destination], [t].[DisVid], [t].[DispatchDate], [t].[DispatchQuantity], [t].[FinalPrice], [t].[UnitPrice], [t].[VehicleNo]
      FROM [TblDispatches] AS [t]
      WHERE [t].[ChallanNo] = @__dispatchId_0
info: Microsoft.EntityFrameworkCore.Database.Command[20101]
      Executed DbCommand (7ms) [Parameters=[@__dispatchId_0='?' (Size = 4000)], CommandType='Text', CommandTimeout='120']
      SELECT TOP(1) [t].[DispId], [t].[BillID], [t].[ChallanNo], [t].[Destination], [t].[DisVid], [t].[DispatchDate], [t].[DispatchQuantity], [t].[FinalPrice], [t].[UnitPrice], [t].[VehicleNo]
      FROM [TblDispatches] AS [t]
      WHERE [t].[ChallanNo] = @__dispatchId_0
info: Microsoft.EntityFrameworkCore.Database.Command[20101]
      Executed DbCommand (6ms) [Parameters=[@__dispatchId_0='?' (Size = 4000)], CommandType='Text', CommandTimeout='120']
      SELECT TOP(1) [t].[DispId], [t].[BillID], [t].[ChallanNo], [t].[Destination], [t].[DisVid], [t].[DispatchDate], [t].[DispatchQuantity], [t].[FinalPrice], [t].[UnitPrice], [t].[VehicleNo]
      FROM [TblDispatches] AS [t]
      WHERE [t].[ChallanNo] = @__dispatchId_0
info: Microsoft.EntityFrameworkCore.Database.Command[20101]
      Executed DbCommand (8ms) [Parameters=[@__dispatchId_0='?' (Size = 4000)], CommandType='Text', CommandTimeout='120']
      SELECT TOP(1) [t].[DispId], [t].[BillID], [t].[ChallanNo], [t].[Destination], [t].[DisVid], [t].[DispatchDate], [t].[DispatchQuantity], [t].[FinalPrice], [t].[UnitPrice], [t].[VehicleNo]
      FROM [TblDispatches] AS [t]
      WHERE [t].[ChallanNo] = @__dispatchId_0
info: Microsoft.EntityFrameworkCore.Database.Command[20101]
      Executed DbCommand (8ms) [Parameters=[@__dispatchId_0='?' (Size = 4000)], CommandType='Text', CommandTimeout='120']
      SELECT TOP(1) [t].[DispId], [t].[BillID], [t].[ChallanNo], [t].[Destination], [t].[DisVid], [t].[DispatchDate], [t].[DispatchQuantity], [t].[FinalPrice], [t].[UnitPrice], [t].[VehicleNo]
      FROM [TblDispatches] AS [t]
      WHERE [t].[ChallanNo] = @__dispatchId_0
info: Microsoft.EntityFrameworkCore.Database.Command[20101]
      Executed DbCommand (3ms) [Parameters=[@p9='?' (DbType = Int32), @p0='?' (DbType = Int32), @p1='?' (Size = 4000), @p2='?' (Size = 4000), @p3='?' (DbType = Int32), @p4='?' (DbType = DateTime2), @p5='?' (DbType = Double), @p6='?' (DbType = Double), @p7='?' (DbType = Double), @p8='?' (Size = 4000)], CommandType='Text', CommandTimeout='120']
      SET NOCOUNT ON;
      UPDATE [TblDispatches] SET [BillID] = @p0, [ChallanNo] = @p1, [Destination] = @p2, [DisVid] = @p3, [DispatchDate] = @p4, [DispatchQuantity] = @p5, [FinalPrice] = @p6, [UnitPrice] = @p7, [VehicleNo] = @p8
      WHERE [DispId] = @p9;
      SELECT @@ROWCOUNT;
info: Microsoft.EntityFrameworkCore.Database.Command[20101]
      Executed DbCommand (2ms) [Parameters=[@p9='?' (DbType = Int32), @p0='?' (DbType = Int32), @p1='?' (Size = 4000), @p2='?' (Size = 4000), @p3='?' (DbType = Int32), @p4='?' (DbType = DateTime2), @p5='?' (DbType = Double), @p6='?' (DbType = Double), @p7='?' (DbType = Double), @p8='?' (Size = 4000)], CommandType='Text', CommandTimeout='120']
      SET NOCOUNT ON;
      UPDATE [TblDispatches] SET [BillID] = @p0, [ChallanNo] = @p1, [Destination] = @p2, [DisVid] = @p3, [DispatchDate] = @p4, [DispatchQuantity] = @p5, [FinalPrice] = @p6, [UnitPrice] = @p7, [VehicleNo] = @p8
      WHERE [DispId] = @p9;
      SELECT @@ROWCOUNT;
info: Microsoft.EntityFrameworkCore.Infrastructure[10403]
      Entity Framework Core 6.0.21 initialized 'TransportMgmtContext' using provider 'Microsoft.EntityFrameworkCore.SqlServer:6.0.21' with options: CommandTimeout=120 
info: Microsoft.EntityFrameworkCore.Database.Command[20101]
      Executed DbCommand (1ms) [Parameters=[], CommandType='Text', CommandTimeout='120']
      SELECT [t].[FID], [t].[Address], [t].[Code], [t].[CreatedBy], [t].[CreatedOn], [t].[FactoryName], [t].[Gstin], [t].[IsActive], [t].[ModifiedBy], [t].[ModifiedOn]
      FROM [TblFactories] AS [t]
info: Microsoft.EntityFrameworkCore.Database.Command[20101]
      Executed DbCommand (2ms) [Parameters=[], CommandType='Text', CommandTimeout='120']
      SELECT [t].[FID], [t].[Address], [t].[Code], [t].[CreatedBy], [t].[CreatedOn], [t].[FactoryName], [t].[Gstin], [t].[IsActive], [t].[ModifiedBy], [t].[ModifiedOn]
      FROM [TblFactories] AS [t]
info: Microsoft.EntityFrameworkCore.Database.Command[20101]
      Executed DbCommand (2ms) [Parameters=[], CommandType='Text', CommandTimeout='120']
      SELECT [t].[DispId], [t].[BillID], [t].[ChallanNo], [t].[Destination], [t].[DisVid], [t].[DispatchDate], [t].[DispatchQuantity], [t].[FinalPrice], [t].[UnitPrice], [t].[VehicleNo]
      FROM [TblDispatches] AS [t]
info: Microsoft.EntityFrameworkCore.Infrastructure[10403]
      Entity Framework Core 6.0.21 initialized 'TransportMgmtContext' using provider 'Microsoft.EntityFrameworkCore.SqlServer:6.0.21' with options: CommandTimeout=120 
info: Microsoft.EntityFrameworkCore.Database.Command[20101]
      Executed DbCommand (7ms) [Parameters=[], CommandType='Text', CommandTimeout='120']
      SELECT [t].[FID] AS [id], [t].[FactoryName] AS [name]
      FROM [TblFactories] AS [t]
info: Microsoft.EntityFrameworkCore.Infrastructure[10403]
      Entity Framework Core 6.0.21 initialized 'TransportMgmtContext' using provider 'Microsoft.EntityFrameworkCore.SqlServer:6.0.21' with options: CommandTimeout=120 
info: Microsoft.EntityFrameworkCore.Database.Command[20101]
      Executed DbCommand (42ms) [Parameters=[p0='?' (DbType = DateTime2), p1='?' (DbType = DateTime2), p2='?' (DbType = Int32)], CommandType='Text', CommandTimeout='120']
      EXEC [dbo].[SpExpoBilldetail] @FromDate = @p0, @ToDate = @p1, @FactoryId = @p2
info: Microsoft.EntityFrameworkCore.Infrastructure[10403]
      Entity Framework Core 6.0.21 initialized 'TransportMgmtContext' using provider 'Microsoft.EntityFrameworkCore.SqlServer:6.0.21' with options: CommandTimeout=120 
info: Microsoft.EntityFrameworkCore.Database.Command[20101]
      Executed DbCommand (94ms) [Parameters=[], CommandType='Text', CommandTimeout='120']
      SELECT [t].[FID], [t].[Address], [t].[Code], [t].[CreatedBy], [t].[CreatedOn], [t].[FactoryName], [t].[Gstin], [t].[IsActive], [t].[ModifiedBy], [t].[ModifiedOn]
      FROM [TblFactories] AS [t]
info: Microsoft.EntityFrameworkCore.Database.Command[20101]
      Executed DbCommand (4ms) [Parameters=[], CommandType='Text', CommandTimeout='120']
      SELECT [t].[FID], [t].[Address], [t].[Code], [t].[CreatedBy], [t].[CreatedOn], [t].[FactoryName], [t].[Gstin], [t].[IsActive], [t].[ModifiedBy], [t].[ModifiedOn]
      FROM [TblFactories] AS [t]
info: Microsoft.EntityFrameworkCore.Database.Command[20101]
      Executed DbCommand (125ms) [Parameters=[], CommandType='Text', CommandTimeout='120']
      SELECT [b].[BillID], [b].[ActualAmount], [b].[BillDate], [b].[BillNum], [b].[BillType], [b].[FID], [b].[Gst], [b].[GstDate], [b].[PId], [b].[PaymentReceived], [b].[PaymentTablePId], [b].[Tds]
      FROM [BillTables] AS [b]
info: Microsoft.EntityFrameworkCore.Infrastructure[10403]
      Entity Framework Core 6.0.21 initialized 'TransportMgmtContext' using provider 'Microsoft.EntityFrameworkCore.SqlServer:6.0.21' with options: CommandTimeout=120 
info: Microsoft.EntityFrameworkCore.Database.Command[20101]
      Executed DbCommand (5ms) [Parameters=[@__billNumber_0='?' (Size = 4000)], CommandType='Text', CommandTimeout='120']
      SELECT TOP(1) [b].[BillID], [b].[ActualAmount], [b].[BillDate], [b].[BillNum], [b].[BillType], [b].[FID], [b].[Gst], [b].[GstDate], [b].[PId], [b].[PaymentReceived], [b].[PaymentTablePId], [b].[Tds]
      FROM [BillTables] AS [b]
      WHERE [b].[BillNum] = @__billNumber_0
info: Microsoft.EntityFrameworkCore.Database.Command[20101]
      Executed DbCommand (2ms) [Parameters=[@__billNumber_0='?' (Size = 4000)], CommandType='Text', CommandTimeout='120']
      SELECT TOP(1) [b].[BillID], [b].[ActualAmount], [b].[BillDate], [b].[BillNum], [b].[BillType], [b].[FID], [b].[Gst], [b].[GstDate], [b].[PId], [b].[PaymentReceived], [b].[PaymentTablePId], [b].[Tds]
      FROM [BillTables] AS [b]
      WHERE [b].[BillNum] = @__billNumber_0
info: Microsoft.EntityFrameworkCore.Database.Command[20101]
      Executed DbCommand (6ms) [Parameters=[@__paymentNumber_0='?' (Size = 4000)], CommandType='Text', CommandTimeout='120']
      SELECT TOP(1) [p].[PId], [p].[DocNumber], [p].[FID], [p].[PayRecDate], [p].[Shortage]
      FROM [PaymentTables] AS [p]
      WHERE [p].[DocNumber] = @__paymentNumber_0
info: Microsoft.EntityFrameworkCore.Database.Command[20101]
      Executed DbCommand (10ms) [Parameters=[@p4='?' (DbType = Int32), @p0='?' (DbType = Double), @p1='?' (DbType = Double), @p2='?' (DbType = Double), @p3='?' (DbType = Double)], CommandType='Text', CommandTimeout='120']
      SET NOCOUNT ON;
      UPDATE [BillTables] SET [ActualAmount] = @p0, [Gst] = @p1, [PaymentReceived] = @p2, [Tds] = @p3
      WHERE [BillID] = @p4;
      SELECT @@ROWCOUNT;
info: Microsoft.EntityFrameworkCore.Database.Command[20101]
      Executed DbCommand (2ms) [Parameters=[@p0='?' (Size = 4000), @p1='?' (DbType = Int32), @p2='?' (DbType = DateTime2), @p3='?' (DbType = Double)], CommandType='Text', CommandTimeout='120']
      SET NOCOUNT ON;
      INSERT INTO [PaymentTables] ([DocNumber], [FID], [PayRecDate], [Shortage])
      VALUES (@p0, @p1, @p2, @p3);
      SELECT [PId]
      FROM [PaymentTables]
      WHERE @@ROWCOUNT = 1 AND [PId] = scope_identity();
info: Microsoft.EntityFrameworkCore.Database.Command[20101]
      Executed DbCommand (5ms) [Parameters=[@p11='?' (DbType = Int32), @p0='?' (DbType = Double), @p1='?' (DbType = DateTime2), @p2='?' (Size = 4000), @p3='?' (Size = 4000), @p4='?' (DbType = Int32), @p5='?' (DbType = Double), @p6='?' (DbType = DateTime2), @p7='?' (DbType = Int32), @p8='?' (DbType = Double), @p9='?' (DbType = Int32), @p10='?' (DbType = Double)], CommandType='Text', CommandTimeout='120']
      SET NOCOUNT ON;
      UPDATE [BillTables] SET [ActualAmount] = @p0, [BillDate] = @p1, [BillNum] = @p2, [BillType] = @p3, [FID] = @p4, [Gst] = @p5, [GstDate] = @p6, [PId] = @p7, [PaymentReceived] = @p8, [PaymentTablePId] = @p9, [Tds] = @p10
      WHERE [BillID] = @p11;
      SELECT @@ROWCOUNT;
info: Microsoft.EntityFrameworkCore.Infrastructure[10403]
      Entity Framework Core 6.0.21 initialized 'TransportMgmtContext' using provider 'Microsoft.EntityFrameworkCore.SqlServer:6.0.21' with options: CommandTimeout=120 
info: Microsoft.EntityFrameworkCore.Database.Command[20101]
      Executed DbCommand (3ms) [Parameters=[], CommandType='Text', CommandTimeout='120']
      SELECT [t].[FID], [t].[Address], [t].[Code], [t].[CreatedBy], [t].[CreatedOn], [t].[FactoryName], [t].[Gstin], [t].[IsActive], [t].[ModifiedBy], [t].[ModifiedOn]
      FROM [TblFactories] AS [t]
info: Microsoft.EntityFrameworkCore.Database.Command[20101]
      Executed DbCommand (1ms) [Parameters=[], CommandType='Text', CommandTimeout='120']
      SELECT [t].[FID], [t].[Address], [t].[Code], [t].[CreatedBy], [t].[CreatedOn], [t].[FactoryName], [t].[Gstin], [t].[IsActive], [t].[ModifiedBy], [t].[ModifiedOn]
      FROM [TblFactories] AS [t]
info: Microsoft.EntityFrameworkCore.Database.Command[20101]
      Executed DbCommand (3ms) [Parameters=[], CommandType='Text', CommandTimeout='120']
      SELECT [b].[BillID], [b].[ActualAmount], [b].[BillDate], [b].[BillNum], [b].[BillType], [b].[FID], [b].[Gst], [b].[GstDate], [b].[PId], [b].[PaymentReceived], [b].[PaymentTablePId], [b].[Tds]
      FROM [BillTables] AS [b]
info: Microsoft.EntityFrameworkCore.Infrastructure[10403]
      Entity Framework Core 6.0.21 initialized 'TransportMgmtContext' using provider 'Microsoft.EntityFrameworkCore.SqlServer:6.0.21' with options: CommandTimeout=120 
info: Microsoft.EntityFrameworkCore.Database.Command[20101]
      Executed DbCommand (1ms) [Parameters=[@__billNumber_0='?' (Size = 4000)], CommandType='Text', CommandTimeout='120']
      SELECT TOP(1) [b].[BillID], [b].[ActualAmount], [b].[BillDate], [b].[BillNum], [b].[BillType], [b].[FID], [b].[Gst], [b].[GstDate], [b].[PId], [b].[PaymentReceived], [b].[PaymentTablePId], [b].[Tds]
      FROM [BillTables] AS [b]
      WHERE [b].[BillNum] = @__billNumber_0
info: Microsoft.EntityFrameworkCore.Database.Command[20101]
      Executed DbCommand (2ms) [Parameters=[@__billNumber_0='?' (Size = 4000)], CommandType='Text', CommandTimeout='120']
      SELECT TOP(1) [b].[BillID], [b].[ActualAmount], [b].[BillDate], [b].[BillNum], [b].[BillType], [b].[FID], [b].[Gst], [b].[GstDate], [b].[PId], [b].[PaymentReceived], [b].[PaymentTablePId], [b].[Tds]
      FROM [BillTables] AS [b]
      WHERE [b].[BillNum] = @__billNumber_0
info: Microsoft.EntityFrameworkCore.Database.Command[20101]
      Executed DbCommand (1ms) [Parameters=[@__paymentNumber_0='?' (Size = 4000)], CommandType='Text', CommandTimeout='120']
      SELECT TOP(1) [p].[PId], [p].[DocNumber], [p].[FID], [p].[PayRecDate], [p].[Shortage]
      FROM [PaymentTables] AS [p]
      WHERE [p].[DocNumber] = @__paymentNumber_0
info: Microsoft.EntityFrameworkCore.Database.Command[20101]
      Executed DbCommand (2ms) [Parameters=[@p4='?' (DbType = Int32), @p0='?' (DbType = Double), @p1='?' (DbType = Double), @p2='?' (DbType = Double), @p3='?' (DbType = Double)], CommandType='Text', CommandTimeout='120']
      SET NOCOUNT ON;
      UPDATE [BillTables] SET [ActualAmount] = @p0, [Gst] = @p1, [PaymentReceived] = @p2, [Tds] = @p3
      WHERE [BillID] = @p4;
      SELECT @@ROWCOUNT;
info: Microsoft.EntityFrameworkCore.Database.Command[20101]
      Executed DbCommand (2ms) [Parameters=[@p0='?' (Size = 4000), @p1='?' (DbType = Int32), @p2='?' (DbType = DateTime2), @p3='?' (DbType = Double)], CommandType='Text', CommandTimeout='120']
      SET NOCOUNT ON;
      INSERT INTO [PaymentTables] ([DocNumber], [FID], [PayRecDate], [Shortage])
      VALUES (@p0, @p1, @p2, @p3);
      SELECT [PId]
      FROM [PaymentTables]
      WHERE @@ROWCOUNT = 1 AND [PId] = scope_identity();
info: Microsoft.EntityFrameworkCore.Database.Command[20101]
      Executed DbCommand (1ms) [Parameters=[@__billNumber_0='?' (Size = 4000)], CommandType='Text', CommandTimeout='120']
      SELECT TOP(1) [b].[BillID], [b].[ActualAmount], [b].[BillDate], [b].[BillNum], [b].[BillType], [b].[FID], [b].[Gst], [b].[GstDate], [b].[PId], [b].[PaymentReceived], [b].[PaymentTablePId], [b].[Tds]
      FROM [BillTables] AS [b]
      WHERE [b].[BillNum] = @__billNumber_0
info: Microsoft.EntityFrameworkCore.Database.Command[20101]
      Executed DbCommand (2ms) [Parameters=[@__billNumber_0='?' (Size = 4000)], CommandType='Text', CommandTimeout='120']
      SELECT TOP(1) [b].[BillID], [b].[ActualAmount], [b].[BillDate], [b].[BillNum], [b].[BillType], [b].[FID], [b].[Gst], [b].[GstDate], [b].[PId], [b].[PaymentReceived], [b].[PaymentTablePId], [b].[Tds]
      FROM [BillTables] AS [b]
      WHERE [b].[BillNum] = @__billNumber_0
info: Microsoft.EntityFrameworkCore.Database.Command[20101]
      Executed DbCommand (1ms) [Parameters=[@__billNumber_0='?' (Size = 4000)], CommandType='Text', CommandTimeout='120']
      SELECT TOP(1) [b].[BillID], [b].[ActualAmount], [b].[BillDate], [b].[BillNum], [b].[BillType], [b].[FID], [b].[Gst], [b].[GstDate], [b].[PId], [b].[PaymentReceived], [b].[PaymentTablePId], [b].[Tds]
      FROM [BillTables] AS [b]
      WHERE [b].[BillNum] = @__billNumber_0
info: Microsoft.EntityFrameworkCore.Database.Command[20101]
      Executed DbCommand (14ms) [Parameters=[@p11='?' (DbType = Int32), @p0='?' (DbType = Double), @p1='?' (DbType = DateTime2), @p2='?' (Size = 4000), @p3='?' (Size = 4000), @p4='?' (DbType = Int32), @p5='?' (DbType = Double), @p6='?' (DbType = DateTime2), @p7='?' (DbType = Int32), @p8='?' (DbType = Double), @p9='?' (DbType = Int32), @p10='?' (DbType = Double), @p23='?' (DbType = Int32), @p12='?' (DbType = Double), @p13='?' (DbType = DateTime2), @p14='?' (Size = 4000), @p15='?' (Size = 4000), @p16='?' (DbType = Int32), @p17='?' (DbType = Double), @p18='?' (DbType = DateTime2), @p19='?' (DbType = Int32), @p20='?' (DbType = Double), @p21='?' (DbType = Int32), @p22='?' (DbType = Double), @p35='?' (DbType = Int32), @p24='?' (DbType = Double), @p25='?' (DbType = DateTime2), @p26='?' (Size = 4000), @p27='?' (Size = 4000), @p28='?' (DbType = Int32), @p29='?' (DbType = Double), @p30='?' (DbType = DateTime2), @p31='?' (DbType = Int32), @p32='?' (DbType = Double), @p33='?' (DbType = Int32), @p34='?' (DbType = Double), @p47='?' (DbType = Int32), @p36='?' (DbType = Double), @p37='?' (DbType = DateTime2), @p38='?' (Size = 4000), @p39='?' (Size = 4000), @p40='?' (DbType = Int32), @p41='?' (DbType = Double), @p42='?' (DbType = DateTime2), @p43='?' (DbType = Int32), @p44='?' (DbType = Double), @p45='?' (DbType = Int32), @p46='?' (DbType = Double)], CommandType='Text', CommandTimeout='120']
      SET NOCOUNT ON;
      UPDATE [BillTables] SET [ActualAmount] = @p0, [BillDate] = @p1, [BillNum] = @p2, [BillType] = @p3, [FID] = @p4, [Gst] = @p5, [GstDate] = @p6, [PId] = @p7, [PaymentReceived] = @p8, [PaymentTablePId] = @p9, [Tds] = @p10
      WHERE [BillID] = @p11;
      SELECT @@ROWCOUNT;
      
      UPDATE [BillTables] SET [ActualAmount] = @p12, [BillDate] = @p13, [BillNum] = @p14, [BillType] = @p15, [FID] = @p16, [Gst] = @p17, [GstDate] = @p18, [PId] = @p19, [PaymentReceived] = @p20, [PaymentTablePId] = @p21, [Tds] = @p22
      WHERE [BillID] = @p23;
      SELECT @@ROWCOUNT;
      
      UPDATE [BillTables] SET [ActualAmount] = @p24, [BillDate] = @p25, [BillNum] = @p26, [BillType] = @p27, [FID] = @p28, [Gst] = @p29, [GstDate] = @p30, [PId] = @p31, [PaymentReceived] = @p32, [PaymentTablePId] = @p33, [Tds] = @p34
      WHERE [BillID] = @p35;
      SELECT @@ROWCOUNT;
      
      UPDATE [BillTables] SET [ActualAmount] = @p36, [BillDate] = @p37, [BillNum] = @p38, [BillType] = @p39, [FID] = @p40, [Gst] = @p41, [GstDate] = @p42, [PId] = @p43, [PaymentReceived] = @p44, [PaymentTablePId] = @p45, [Tds] = @p46
      WHERE [BillID] = @p47;
      SELECT @@ROWCOUNT;
info: Microsoft.EntityFrameworkCore.Infrastructure[10403]
      Entity Framework Core 6.0.21 initialized 'TransportMgmtContext' using provider 'Microsoft.EntityFrameworkCore.SqlServer:6.0.21' with options: CommandTimeout=120 
info: Microsoft.EntityFrameworkCore.Database.Command[20101]
      Executed DbCommand (1ms) [Parameters=[], CommandType='Text', CommandTimeout='120']
      SELECT [t].[FID], [t].[Address], [t].[Code], [t].[CreatedBy], [t].[CreatedOn], [t].[FactoryName], [t].[Gstin], [t].[IsActive], [t].[ModifiedBy], [t].[ModifiedOn]
      FROM [TblFactories] AS [t]
info: Microsoft.EntityFrameworkCore.Database.Command[20101]
      Executed DbCommand (1ms) [Parameters=[], CommandType='Text', CommandTimeout='120']
      SELECT [t].[FID], [t].[Address], [t].[Code], [t].[CreatedBy], [t].[CreatedOn], [t].[FactoryName], [t].[Gstin], [t].[IsActive], [t].[ModifiedBy], [t].[ModifiedOn]
      FROM [TblFactories] AS [t]
info: Microsoft.EntityFrameworkCore.Database.Command[20101]
      Executed DbCommand (1ms) [Parameters=[], CommandType='Text', CommandTimeout='120']
      SELECT [b].[BillID], [b].[ActualAmount], [b].[BillDate], [b].[BillNum], [b].[BillType], [b].[FID], [b].[Gst], [b].[GstDate], [b].[PId], [b].[PaymentReceived], [b].[PaymentTablePId], [b].[Tds]
      FROM [BillTables] AS [b]
info: Microsoft.EntityFrameworkCore.Infrastructure[10403]
      Entity Framework Core 6.0.21 initialized 'TransportMgmtContext' using provider 'Microsoft.EntityFrameworkCore.SqlServer:6.0.21' with options: CommandTimeout=120 
info: Microsoft.EntityFrameworkCore.Database.Command[20101]
      Executed DbCommand (1ms) [Parameters=[], CommandType='Text', CommandTimeout='120']
      SELECT [t].[FID] AS [id], [t].[FactoryName] AS [name]
      FROM [TblFactories] AS [t]
info: Microsoft.EntityFrameworkCore.Infrastructure[10403]
      Entity Framework Core 6.0.21 initialized 'TransportMgmtContext' using provider 'Microsoft.EntityFrameworkCore.SqlServer:6.0.21' with options: CommandTimeout=120 
info: Microsoft.EntityFrameworkCore.Database.Command[20101]
      Executed DbCommand (13ms) [Parameters=[p0='?' (DbType = DateTime2), p1='?' (DbType = DateTime2), p2='?' (DbType = Int32)], CommandType='Text', CommandTimeout='120']
      EXEC [dbo].[SpPaymentByDate] @StartDate = @p0, @EndDate = @p1, @FactoryId = @p2
info: Microsoft.EntityFrameworkCore.Infrastructure[10403]
      Entity Framework Core 6.0.21 initialized 'TransportMgmtContext' using provider 'Microsoft.EntityFrameworkCore.SqlServer:6.0.21' with options: CommandTimeout=120 
info: Microsoft.EntityFrameworkCore.Database.Command[20101]
      Executed DbCommand (0ms) [Parameters=[], CommandType='Text', CommandTimeout='120']
      SELECT [t].[FID] AS [id], [t].[FactoryName] AS [name]
      FROM [TblFactories] AS [t]
info: Microsoft.EntityFrameworkCore.Infrastructure[10403]
      Entity Framework Core 6.0.21 initialized 'TransportMgmtContext' using provider 'Microsoft.EntityFrameworkCore.SqlServer:6.0.21' with options: CommandTimeout=120 
info: Microsoft.EntityFrameworkCore.Database.Command[20101]
      Executed DbCommand (2ms) [Parameters=[p0='?' (DbType = DateTime2), p1='?' (DbType = DateTime2), p2='?' (DbType = Int32)], CommandType='Text', CommandTimeout='120']
      EXEC [dbo].[SpPaymentByDate] @StartDate = @p0, @EndDate = @p1, @FactoryId = @p2
info: Microsoft.EntityFrameworkCore.Infrastructure[10403]
      Entity Framework Core 6.0.21 initialized 'TransportMgmtContext' using provider 'Microsoft.EntityFrameworkCore.SqlServer:6.0.21' with options: CommandTimeout=120 
info: Microsoft.EntityFrameworkCore.Database.Command[20101]
      Executed DbCommand (3ms) [Parameters=[], CommandType='Text', CommandTimeout='120']
      SELECT [t].[FID], [t].[Address], [t].[Code], [t].[CreatedBy], [t].[CreatedOn], [t].[FactoryName], [t].[Gstin], [t].[IsActive], [t].[ModifiedBy], [t].[ModifiedOn]
      FROM [TblFactories] AS [t]
info: Microsoft.EntityFrameworkCore.Database.Command[20101]
      Executed DbCommand (2ms) [Parameters=[], CommandType='Text', CommandTimeout='120']
      SELECT [t].[FID], [t].[Address], [t].[Code], [t].[CreatedBy], [t].[CreatedOn], [t].[FactoryName], [t].[Gstin], [t].[IsActive], [t].[ModifiedBy], [t].[ModifiedOn]
      FROM [TblFactories] AS [t]
info: Microsoft.EntityFrameworkCore.Database.Command[20101]
      Executed DbCommand (3ms) [Parameters=[], CommandType='Text', CommandTimeout='120']
      SELECT [b].[BillID], [b].[ActualAmount], [b].[BillDate], [b].[BillNum], [b].[BillType], [b].[FID], [b].[Gst], [b].[GstDate], [b].[PId], [b].[PaymentReceived], [b].[PaymentTablePId], [b].[Tds]
      FROM [BillTables] AS [b]
info: Microsoft.EntityFrameworkCore.Infrastructure[10403]
      Entity Framework Core 6.0.21 initialized 'TransportMgmtContext' using provider 'Microsoft.EntityFrameworkCore.SqlServer:6.0.21' with options: CommandTimeout=120 
info: Microsoft.EntityFrameworkCore.Database.Command[20101]
      Executed DbCommand (8ms) [Parameters=[], CommandType='Text', CommandTimeout='120']
      SELECT [t].[FID], [t].[Address], [t].[Code], [t].[CreatedBy], [t].[CreatedOn], [t].[FactoryName], [t].[Gstin], [t].[IsActive], [t].[ModifiedBy], [t].[ModifiedOn]
      FROM [TblFactories] AS [t]
info: Microsoft.EntityFrameworkCore.Database.Command[20101]
      Executed DbCommand (1ms) [Parameters=[], CommandType='Text', CommandTimeout='120']
      SELECT [t].[FID], [t].[Address], [t].[Code], [t].[CreatedBy], [t].[CreatedOn], [t].[FactoryName], [t].[Gstin], [t].[IsActive], [t].[ModifiedBy], [t].[ModifiedOn]
      FROM [TblFactories] AS [t]
info: Microsoft.EntityFrameworkCore.Database.Command[20101]
      Executed DbCommand (7ms) [Parameters=[], CommandType='Text', CommandTimeout='120']
      SELECT [t].[DispId], [t].[BillID], [t].[ChallanNo], [t].[Destination], [t].[DisVid], [t].[DispatchDate], [t].[DispatchQuantity], [t].[FinalPrice], [t].[UnitPrice], [t].[VehicleNo]
      FROM [TblDispatches] AS [t]
info: Microsoft.EntityFrameworkCore.Infrastructure[10403]
      Entity Framework Core 6.0.21 initialized 'TransportMgmtContext' using provider 'Microsoft.EntityFrameworkCore.SqlServer:6.0.21' with options: CommandTimeout=120 
info: Microsoft.EntityFrameworkCore.Database.Command[20101]
      Executed DbCommand (11ms) [Parameters=[@__cell1_0='?' (Size = 4000)], CommandType='Text', CommandTimeout='120']
      SELECT TOP(1) [t].[DispId], [t].[BillID], [t].[ChallanNo], [t].[Destination], [t].[DisVid], [t].[DispatchDate], [t].[DispatchQuantity], [t].[FinalPrice], [t].[UnitPrice], [t].[VehicleNo]
      FROM [TblDispatches] AS [t]
      WHERE [t].[ChallanNo] = @__cell1_0
info: Microsoft.EntityFrameworkCore.Database.Command[20101]
      Executed DbCommand (8ms) [Parameters=[@__cell1_0='?' (Size = 4000)], CommandType='Text', CommandTimeout='120']
      SELECT TOP(1) [t].[DispId], [t].[BillID], [t].[ChallanNo], [t].[Destination], [t].[DisVid], [t].[DispatchDate], [t].[DispatchQuantity], [t].[FinalPrice], [t].[UnitPrice], [t].[VehicleNo]
      FROM [TblDispatches] AS [t]
      WHERE [t].[ChallanNo] = @__cell1_0
info: Microsoft.EntityFrameworkCore.Database.Command[20101]
      Executed DbCommand (9ms) [Parameters=[@__cell1_0='?' (Size = 4000)], CommandType='Text', CommandTimeout='120']
      SELECT TOP(1) [t].[DispId], [t].[BillID], [t].[ChallanNo], [t].[Destination], [t].[DisVid], [t].[DispatchDate], [t].[DispatchQuantity], [t].[FinalPrice], [t].[UnitPrice], [t].[VehicleNo]
      FROM [TblDispatches] AS [t]
      WHERE [t].[ChallanNo] = @__cell1_0
info: Microsoft.EntityFrameworkCore.Database.Command[20101]
      Executed DbCommand (12ms) [Parameters=[@__cell1_0='?' (Size = 4000)], CommandType='Text', CommandTimeout='120']
      SELECT TOP(1) [t].[DispId], [t].[BillID], [t].[ChallanNo], [t].[Destination], [t].[DisVid], [t].[DispatchDate], [t].[DispatchQuantity], [t].[FinalPrice], [t].[UnitPrice], [t].[VehicleNo]
      FROM [TblDispatches] AS [t]
      WHERE [t].[ChallanNo] = @__cell1_0
info: Microsoft.EntityFrameworkCore.Database.Command[20101]
      Executed DbCommand (7ms) [Parameters=[@__cell1_0='?' (Size = 4000)], CommandType='Text', CommandTimeout='120']
      SELECT TOP(1) [t].[DispId], [t].[BillID], [t].[ChallanNo], [t].[Destination], [t].[DisVid], [t].[DispatchDate], [t].[DispatchQuantity], [t].[FinalPrice], [t].[UnitPrice], [t].[VehicleNo]
      FROM [TblDispatches] AS [t]
      WHERE [t].[ChallanNo] = @__cell1_0
info: Microsoft.EntityFrameworkCore.Database.Command[20101]
      Executed DbCommand (7ms) [Parameters=[@__cell1_0='?' (Size = 4000)], CommandType='Text', CommandTimeout='120']
      SELECT TOP(1) [t].[DispId], [t].[BillID], [t].[ChallanNo], [t].[Destination], [t].[DisVid], [t].[DispatchDate], [t].[DispatchQuantity], [t].[FinalPrice], [t].[UnitPrice], [t].[VehicleNo]
      FROM [TblDispatches] AS [t]
      WHERE [t].[ChallanNo] = @__cell1_0
info: Microsoft.EntityFrameworkCore.Database.Command[20101]
      Executed DbCommand (9ms) [Parameters=[@__cell1_0='?' (Size = 4000)], CommandType='Text', CommandTimeout='120']
      SELECT TOP(1) [t].[DispId], [t].[BillID], [t].[ChallanNo], [t].[Destination], [t].[DisVid], [t].[DispatchDate], [t].[DispatchQuantity], [t].[FinalPrice], [t].[UnitPrice], [t].[VehicleNo]
      FROM [TblDispatches] AS [t]
      WHERE [t].[ChallanNo] = @__cell1_0
info: Microsoft.EntityFrameworkCore.Database.Command[20101]
      Executed DbCommand (8ms) [Parameters=[@__cell1_0='?' (Size = 4000)], CommandType='Text', CommandTimeout='120']
      SELECT TOP(1) [t].[DispId], [t].[BillID], [t].[ChallanNo], [t].[Destination], [t].[DisVid], [t].[DispatchDate], [t].[DispatchQuantity], [t].[FinalPrice], [t].[UnitPrice], [t].[VehicleNo]
      FROM [TblDispatches] AS [t]
      WHERE [t].[ChallanNo] = @__cell1_0
info: Microsoft.EntityFrameworkCore.Database.Command[20101]
      Executed DbCommand (7ms) [Parameters=[@__cell1_0='?' (Size = 4000)], CommandType='Text', CommandTimeout='120']
      SELECT TOP(1) [t].[DispId], [t].[BillID], [t].[ChallanNo], [t].[Destination], [t].[DisVid], [t].[DispatchDate], [t].[DispatchQuantity], [t].[FinalPrice], [t].[UnitPrice], [t].[VehicleNo]
      FROM [TblDispatches] AS [t]
      WHERE [t].[ChallanNo] = @__cell1_0
info: Microsoft.EntityFrameworkCore.Database.Command[20101]
      Executed DbCommand (6ms) [Parameters=[@__cell1_0='?' (Size = 4000)], CommandType='Text', CommandTimeout='120']
      SELECT TOP(1) [t].[DispId], [t].[BillID], [t].[ChallanNo], [t].[Destination], [t].[DisVid], [t].[DispatchDate], [t].[DispatchQuantity], [t].[FinalPrice], [t].[UnitPrice], [t].[VehicleNo]
      FROM [TblDispatches] AS [t]
      WHERE [t].[ChallanNo] = @__cell1_0
info: Microsoft.EntityFrameworkCore.Database.Command[20101]
      Executed DbCommand (7ms) [Parameters=[@__cell1_0='?' (Size = 4000)], CommandType='Text', CommandTimeout='120']
      SELECT TOP(1) [t].[DispId], [t].[BillID], [t].[ChallanNo], [t].[Destination], [t].[DisVid], [t].[DispatchDate], [t].[DispatchQuantity], [t].[FinalPrice], [t].[UnitPrice], [t].[VehicleNo]
      FROM [TblDispatches] AS [t]
      WHERE [t].[ChallanNo] = @__cell1_0
info: Microsoft.EntityFrameworkCore.Database.Command[20101]
      Executed DbCommand (7ms) [Parameters=[@__cell1_0='?' (Size = 4000)], CommandType='Text', CommandTimeout='120']
      SELECT TOP(1) [t].[DispId], [t].[BillID], [t].[ChallanNo], [t].[Destination], [t].[DisVid], [t].[DispatchDate], [t].[DispatchQuantity], [t].[FinalPrice], [t].[UnitPrice], [t].[VehicleNo]
      FROM [TblDispatches] AS [t]
      WHERE [t].[ChallanNo] = @__cell1_0
info: Microsoft.EntityFrameworkCore.Database.Command[20101]
      Executed DbCommand (6ms) [Parameters=[@__cell1_0='?' (Size = 4000)], CommandType='Text', CommandTimeout='120']
      SELECT TOP(1) [t].[DispId], [t].[BillID], [t].[ChallanNo], [t].[Destination], [t].[DisVid], [t].[DispatchDate], [t].[DispatchQuantity], [t].[FinalPrice], [t].[UnitPrice], [t].[VehicleNo]
      FROM [TblDispatches] AS [t]
      WHERE [t].[ChallanNo] = @__cell1_0
info: Microsoft.EntityFrameworkCore.Database.Command[20101]
      Executed DbCommand (68ms) [Parameters=[@p0='?' (DbType = Int32), @p1='?' (Size = 4000), @p2='?' (Size = 4000), @p3='?' (DbType = Int32), @p4='?' (DbType = DateTime2), @p5='?' (DbType = Double), @p6='?' (DbType = Double), @p7='?' (DbType = Double), @p8='?' (Size = 4000), @p9='?' (DbType = Int32), @p10='?' (Size = 4000), @p11='?' (Size = 4000), @p12='?' (DbType = Int32), @p13='?' (DbType = DateTime2), @p14='?' (DbType = Double), @p15='?' (DbType = Double), @p16='?' (DbType = Double), @p17='?' (Size = 4000), @p18='?' (DbType = Int32), @p19='?' (Size = 4000), @p20='?' (Size = 4000), @p21='?' (DbType = Int32), @p22='?' (DbType = DateTime2), @p23='?' (DbType = Double), @p24='?' (DbType = Double), @p25='?' (DbType = Double), @p26='?' (Size = 4000), @p27='?' (DbType = Int32), @p28='?' (Size = 4000), @p29='?' (Size = 4000), @p30='?' (DbType = Int32), @p31='?' (DbType = DateTime2), @p32='?' (DbType = Double), @p33='?' (DbType = Double), @p34='?' (DbType = Double), @p35='?' (Size = 4000), @p36='?' (DbType = Int32), @p37='?' (Size = 4000), @p38='?' (Size = 4000), @p39='?' (DbType = Int32), @p40='?' (DbType = DateTime2), @p41='?' (DbType = Double), @p42='?' (DbType = Double), @p43='?' (DbType = Double), @p44='?' (Size = 4000), @p45='?' (DbType = Int32), @p46='?' (Size = 4000), @p47='?' (Size = 4000), @p48='?' (DbType = Int32), @p49='?' (DbType = DateTime2), @p50='?' (DbType = Double), @p51='?' (DbType = Double), @p52='?' (DbType = Double), @p53='?' (Size = 4000), @p54='?' (DbType = Int32), @p55='?' (Size = 4000), @p56='?' (Size = 4000), @p57='?' (DbType = Int32), @p58='?' (DbType = DateTime2), @p59='?' (DbType = Double), @p60='?' (DbType = Double), @p61='?' (DbType = Double), @p62='?' (Size = 4000), @p63='?' (DbType = Int32), @p64='?' (Size = 4000), @p65='?' (Size = 4000), @p66='?' (DbType = Int32), @p67='?' (DbType = DateTime2), @p68='?' (DbType = Double), @p69='?' (DbType = Double), @p70='?' (DbType = Double), @p71='?' (Size = 4000), @p72='?' (DbType = Int32), @p73='?' (Size = 4000), @p74='?' (Size = 4000), @p75='?' (DbType = Int32), @p76='?' (DbType = DateTime2), @p77='?' (DbType = Double), @p78='?' (DbType = Double), @p79='?' (DbType = Double), @p80='?' (Size = 4000), @p81='?' (DbType = Int32), @p82='?' (Size = 4000), @p83='?' (Size = 4000), @p84='?' (DbType = Int32), @p85='?' (DbType = DateTime2), @p86='?' (DbType = Double), @p87='?' (DbType = Double), @p88='?' (DbType = Double), @p89='?' (Size = 4000), @p90='?' (DbType = Int32), @p91='?' (Size = 4000), @p92='?' (Size = 4000), @p93='?' (DbType = Int32), @p94='?' (DbType = DateTime2), @p95='?' (DbType = Double), @p96='?' (DbType = Double), @p97='?' (DbType = Double), @p98='?' (Size = 4000), @p99='?' (DbType = Int32), @p100='?' (Size = 4000), @p101='?' (Size = 4000), @p102='?' (DbType = Int32), @p103='?' (DbType = DateTime2), @p104='?' (DbType = Double), @p105='?' (DbType = Double), @p106='?' (DbType = Double), @p107='?' (Size = 4000), @p108='?' (DbType = Int32), @p109='?' (Size = 4000), @p110='?' (Size = 4000), @p111='?' (DbTy