info: Microsoft.Hosting.Lifetime[0]
      Application started. Press Ctrl+C to shut down.
info: Microsoft.Hosting.Lifetime[0]
      Hosting environment: Development
info: Microsoft.Hosting.Lifetime[0]
      Content root path: C:\Users\Dell\Documents\KTC-APP-FINAL\
info: Microsoft.EntityFrameworkCore.Infrastructure[10403]
      Entity Framework Core 6.0.21 initialized 'TransportMgmtContext' using provider 'Microsoft.EntityFrameworkCore.SqlServer:6.0.21' with options: CommandTimeout=120 
info: Microsoft.EntityFrameworkCore.Database.Command[20101]
      Executed DbCommand (159ms) [Parameters=[@__emailId_0='?' (Size = 4000), @__password_1='?' (Size = 4000)], CommandType='Text', CommandTimeout='120']
      SELECT TOP(1) [t].[UserId], [t].[Address], [t].[City], [t].[Doj], [t].[Email], [t].[LastLogIn], [t].[Password], [t].[Role], [t].[UserName]
      FROM [TblUsers] AS [t]
      WHERE ([t].[Email] = @__emailId_0) AND ([t].[Password] = @__password_1)
info: Microsoft.EntityFrameworkCore.Infrastructure[10403]
      Entity Framework Core 6.0.21 initialized 'TransportMgmtContext' using provider 'Microsoft.EntityFrameworkCore.SqlServer:6.0.21' with options: CommandTimeout=120 
info: Microsoft.EntityFrameworkCore.Database.Command[20101]
      Executed DbCommand (12ms) [Parameters=[], CommandType='Text', CommandTimeout='120']
      SELECT [t].[FID], [t].[Address], [t].[Code], [t].[CreatedBy], [t].[CreatedOn], [t].[FactoryName], [t].[Gstin], [t].[IsActive], [t].[ModifiedBy], [t].[ModifiedOn]
      FROM [TblFactories] AS [t]
info: Microsoft.EntityFrameworkCore.Database.Command[20101]
      Executed DbCommand (0ms) [Parameters=[], CommandType='Text', CommandTimeout='120']
      SELECT [t].[FID], [t].[Address], [t].[Code], [t].[CreatedBy], [t].[CreatedOn], [t].[FactoryName], [t].[Gstin], [t].[IsActive], [t].[ModifiedBy], [t].[ModifiedOn]
      FROM [TblFactories] AS [t]
info: Microsoft.EntityFrameworkCore.Database.Command[20101]
      Executed DbCommand (8ms) [Parameters=[], CommandType='Text', CommandTimeout='120']
      SELECT [t].[DispId], [t].[BillID], [t].[ChallanNo], [t].[Destination], [t].[DisVid], [t].[DispatchDate], [t].[DispatchQuantity], [t].[FinalPrice], [t].[UnitPrice], [t].[VehicleNo]
      FROM [TblDispatches] AS [t]
info: Microsoft.EntityFrameworkCore.Infrastructure[10403]
      Entity Framework Core 6.0.21 initialized 'TransportMgmtContext' using provider 'Microsoft.EntityFrameworkCore.SqlServer:6.0.21' with options: CommandTimeout=120 
info: Microsoft.EntityFrameworkCore.Database.Command[20101]
      Executed DbCommand (10ms) [Parameters=[@__cell1_0='?' (Size = 4000)], CommandType='Text', CommandTimeout='120']
      SELECT TOP(1) [t].[DispId], [t].[BillID], [t].[ChallanNo], [t].[Destination], [t].[DisVid], [t].[DispatchDate], [t].[DispatchQuantity], [t].[FinalPrice], [t].[UnitPrice], [t].[VehicleNo]
      FROM [TblDispatches] AS [t]
      WHERE [t].[ChallanNo] = @__cell1_0
info: Microsoft.EntityFrameworkCore.Database.Command[20101]
      Executed DbCommand (6ms) [Parameters=[@__cell1_0='?' (Size = 4000)], CommandType='Text', CommandTimeout='120']
      SELECT TOP(1) [t].[DispId], [t].[BillID], [t].[ChallanNo], [t].[Destination], [t].[DisVid], [t].[DispatchDate], [t].[DispatchQuantity], [t].[FinalPrice], [t].[UnitPrice], [t].[VehicleNo]
      FROM [TblDispatches] AS [t]
      WHERE [t].[ChallanNo] = @__cell1_0
info: Microsoft.EntityFrameworkCore.Database.Command[20101]
      Executed DbCommand (10ms) [Parameters=[@__cell1_0='?' (Size = 4000)], CommandType='Text', CommandTimeout='120']
      SELECT TOP(1) [t].[DispId], [t].[BillID], [t].[ChallanNo], [t].[Destination], [t].[DisVid], [t].[DispatchDate], [t].[DispatchQuantity], [t].[FinalPrice], [t].[UnitPrice], [t].[VehicleNo]
      FROM [TblDispatches] AS [t]
      WHERE [t].[ChallanNo] = @__cell1_0
info: Microsoft.EntityFrameworkCore.Database.Command[20101]
      Executed DbCommand (8ms) [Parameters=[@__cell1_0='?' (Size = 4000)], CommandType='Text', CommandTimeout='120']
      SELECT TOP(1) [t].[DispId], [t].[BillID], [t].[ChallanNo], [t].[Destination], [t].[DisVid], [t].[DispatchDate], [t].[DispatchQuantity], [t].[FinalPrice], [t].[UnitPrice], [t].[VehicleNo]
      FROM [TblDispatches] AS [t]
      WHERE [t].[ChallanNo] = @__cell1_0
info: Microsoft.EntityFrameworkCore.Database.Command[20101]
      Executed DbCommand (8ms) [Parameters=[@__cell1_0='?' (Size = 4000)], CommandType='Text', CommandTimeout='120']
      SELECT TOP(1) [t].[DispId], [t].[BillID], [t].[ChallanNo], [t].[Destination], [t].[DisVid], [t].[DispatchDate], [t].[DispatchQuantity], [t].[FinalPrice], [t].[UnitPrice], [t].[VehicleNo]
      FROM [TblDispatches] AS [t]
      WHERE [t].[ChallanNo] = @__cell1_0
info: Microsoft.EntityFrameworkCore.Database.Command[20101]
      Executed DbCommand (8ms) [Parameters=[@__cell1_0='?' (Size = 4000)], CommandType='Text', CommandTimeout='120']
      SELECT TOP(1) [t].[DispId], [t].[BillID], [t].[ChallanNo], [t].[Destination], [t].[DisVid], [t].[DispatchDate], [t].[DispatchQuantity], [t].[FinalPrice], [t].[UnitPrice], [t].[VehicleNo]
      FROM [TblDispatches] AS [t]
      WHERE [t].[ChallanNo] = @__cell1_0
info: Microsoft.EntityFrameworkCore.Database.Command[20101]
      Executed DbCommand (7ms) [Parameters=[@__cell1_0='?' (Size = 4000)], CommandType='Text', CommandTimeout='120']
      SELECT TOP(1) [t].[DispId], [t].[BillID], [t].[ChallanNo], [t].[Destination], [t].[DisVid], [t].[DispatchDate], [t].[DispatchQuantity], [t].[FinalPrice], [t].[UnitPrice], [t].[VehicleNo]
      FROM [TblDispatches] AS [t]
      WHERE [t].[ChallanNo] = @__cell1_0
info: Microsoft.EntityFrameworkCore.Database.Command[20101]
      Executed DbCommand (12ms) [Parameters=[@__cell1_0='?' (Size = 4000)], CommandType='Text', CommandTimeout='120']
      SELECT TOP(1) [t].[DispId], [t].[BillID], [t].[ChallanNo], [t].[Destination], [t].[DisVid], [t].[DispatchDate], [t].[DispatchQuantity], [t].[FinalPrice], [t].[UnitPrice], [t].[VehicleNo]
      FROM [TblDispatches] AS [t]
      WHERE [t].[ChallanNo] = @__cell1_0
info: Microsoft.EntityFrameworkCore.Database.Command[20101]
      Executed DbCommand (16ms) [Parameters=[@__cell1_0='?' (Size = 4000)], CommandType='Text', CommandTimeout='120']
      SELECT TOP(1) [t].[DispId], [t].[BillID], [t].[ChallanNo], [t].[Destination], [t].[DisVid], [t].[DispatchDate], [t].[DispatchQuantity], [t].[FinalPrice], [t].[UnitPrice], [t].[VehicleNo]
      FROM [TblDispatches] AS [t]
      WHERE [t].[ChallanNo] = @__cell1_0
info: Microsoft.EntityFrameworkCore.Database.Command[20101]
      Executed DbCommand (20ms) [Parameters=[@__cell1_0='?' (Size = 4000)], CommandType='Text', CommandTimeout='120']
      SELECT TOP(1) [t].[DispId], [t].[BillID], [t].[ChallanNo], [t].[Destination], [t].[DisVid], [t].[DispatchDate], [t].[DispatchQuantity], [t].[FinalPrice], [t].[UnitPrice], [t].[VehicleNo]
      FROM [TblDispatches] AS [t]
      WHERE [t].[ChallanNo] = @__cell1_0
info: Microsoft.EntityFrameworkCore.Database.Command[20101]
      Executed DbCommand (20ms) [Parameters=[@__cell1_0='?' (Size = 4000)], CommandType='Text', CommandTimeout='120']
      SELECT TOP(1) [t].[DispId], [t].[BillID], [t].[ChallanNo], [t].[Destination], [t].[DisVid], [t].[DispatchDate], [t].[DispatchQuantity], [t].[FinalPrice], [t].[UnitPrice], [t].[VehicleNo]
      FROM [TblDispatches] AS [t]
      WHERE [t].[ChallanNo] = @__cell1_0
info: Microsoft.EntityFrameworkCore.Database.Command[20101]
      Executed DbCommand (20ms) [Parameters=[@__cell1_0='?' (Size = 4000)], CommandType='Text', CommandTimeout='120']
      SELECT TOP(1) [t].[DispId], [t].[BillID], [t].[ChallanNo], [t].[Destination], [t].[DisVid], [t].[DispatchDate], [t].[DispatchQuantity], [t].[FinalPrice], [t].[UnitPrice], [t].[VehicleNo]
      FROM [TblDispatches] AS [t]
      WHERE [t].[ChallanNo] = @__cell1_0
info: Microsoft.EntityFrameworkCore.Database.Command[20101]
      Executed DbCommand (24ms) [Parameters=[@__cell1_0='?' (Size = 4000)], CommandType='Text', CommandTimeout='120']
      SELECT TOP(1) [t].[DispId], [t].[BillID], [t].[ChallanNo], [t].[Destination], [t].[DisVid], [t].[DispatchDate], [t].[DispatchQuantity], [t].[FinalPrice], [t].[UnitPrice], [t].[VehicleNo]
      FROM [TblDispatches] AS [t]
      WHERE [t].[ChallanNo] = @__cell1_0
info: Microsoft.EntityFrameworkCore.Database.Command[20101]
      Executed DbCommand (19ms) [Parameters=[@__cell1_0='?' (Size = 4000)], CommandType='Text', CommandTimeout='120']
      SELECT TOP(1) [t].[DispId], [t].[BillID], [t].[ChallanNo], [t].[Destination], [t].[DisVid], [t].[DispatchDate], [t].[DispatchQuantity], [t].[FinalPrice], [t].[UnitPrice], [t].[VehicleNo]
      FROM [TblDispatches] AS [t]
      WHERE [t].[ChallanNo] = @__cell1_0
info: Microsoft.EntityFrameworkCore.Database.Command[20101]
      Executed DbCommand (11ms) [Parameters=[@__cell1_0='?' (Size = 4000)], CommandType='Text', CommandTimeout='120']
      SELECT TOP(1) [t].[DispId], [t].[BillID], [t].[ChallanNo], [t].[Destination], [t].[DisVid], [t].[DispatchDate], [t].[DispatchQuantity], [t].[FinalPrice], [t].[UnitPrice], [t].[VehicleNo]
      FROM [TblDispatches] AS [t]
      WHERE [t].[ChallanNo] = @__cell1_0
info: Microsoft.EntityFrameworkCore.Database.Command[20101]
      Executed DbCommand (12ms) [Parameters=[@__cell1_0='?' (Size = 4000)], CommandType='Text', CommandTimeout='120']
      SELECT TOP(1) [t].[DispId], [t].[BillID], [t].[ChallanNo], [t].[Destination], [t].[DisVid], [t].[DispatchDate], [t].[DispatchQuantity], [t].[FinalPrice], [t].[UnitPrice], [t].[VehicleNo]
      FROM [TblDispatches] AS [t]
      WHERE [t].[ChallanNo] = @__cell1_0
info: Microsoft.EntityFrameworkCore.Database.Command[20101]
      Executed DbCommand (9ms) [Parameters=[@__cell1_0='?' (Size = 4000)], CommandType='Text', CommandTimeout='120']
      SELECT TOP(1) [t].[DispId], [t].[BillID], [t].[ChallanNo], [t].[Destination], [t].[DisVid], [t].[DispatchDate], [t].[DispatchQuantity], [t].[FinalPrice], [t].[UnitPrice], [t].[VehicleNo]
      FROM [TblDispatches] AS [t]
      WHERE [t].[ChallanNo] = @__cell1_0
info: Microsoft.EntityFrameworkCore.Database.Command[20101]
      Executed DbCommand (15ms) [Parameters=[@__cell1_0='?' (Size = 4000)], CommandType='Text', CommandTimeout='120']
      SELECT TOP(1) [t].[DispId], [t].[BillID], [t].[ChallanNo], [t].[Destination], [t].[DisVid], [t].[DispatchDate], [t].[DispatchQuantity], [t].[FinalPrice], [t].[UnitPrice], [t].[VehicleNo]
      FROM [TblDispatches] AS [t]
      WHERE [t].[ChallanNo] = @__cell1_0
info: Microsoft.EntityFrameworkCore.Database.Command[20101]
      Executed DbCommand (22ms) [Parameters=[@__cell1_0='?' (Size = 4000)], CommandType='Text', CommandTimeout='120']
      SELECT TOP(1) [t].[DispId], [t].[BillID], [t].[ChallanNo], [t].[Destination], [t].[DisVid], [t].[DispatchDate], [t].[DispatchQuantity], [t].[FinalPrice], [t].[UnitPrice], [t].[VehicleNo]
      FROM [TblDispatches] AS [t]
      WHERE [t].[ChallanNo] = @__cell1_0
info: Microsoft.EntityFrameworkCore.Database.Command[20101]
      Executed DbCommand (18ms) [Parameters=[@__cell1_0='?' (Size = 4000)], CommandType='Text', CommandTimeout='120']
      SELECT TOP(1) [t].[DispId], [t].[BillID], [t].[ChallanNo], [t].[Destination], [t].[DisVid], [t].[DispatchDate], [t].[DispatchQuantity], [t].[FinalPrice], [t].[UnitPrice], [t].[VehicleNo]
      FROM [TblDispatches] AS [t]
      WHERE [t].[ChallanNo] = @__cell1_0
info: Microsoft.EntityFrameworkCore.Database.Command[20101]
      Executed DbCommand (16ms) [Parameters=[@__cell1_0='?' (Size = 4000)], CommandType='Text', CommandTimeout='120']
      SELECT TOP(1) [t].[DispId], [t].[BillID], [t].[ChallanNo], [t].[Destination], [t].[DisVid], [t].[DispatchDate], [t].[DispatchQuantity], [t].[FinalPrice], [t].[UnitPrice], [t].[VehicleNo]
      FROM [TblDispatches] AS [t]
      WHERE [t].[ChallanNo] = @__cell1_0
info: Microsoft.EntityFrameworkCore.Database.Command[20101]
      Executed DbCommand (10ms) [Parameters=[@__cell1_0='?' (Size = 4000)], CommandType='Text', CommandTimeout='120']
      SELECT TOP(1) [t].[DispId], [t].[BillID], [t].[ChallanNo], [t].[Destination], [t].[DisVid], [t].[DispatchDate], [t].[DispatchQuantity], [t].[FinalPrice], [t].[UnitPrice], [t].[VehicleNo]
      FROM [TblDispatches] AS [t]
      WHERE [t].[ChallanNo] = @__cell1_0
info: Microsoft.EntityFrameworkCore.Database.Command[20101]
      Executed DbCommand (9ms) [Parameters=[@__cell1_0='?' (Size = 4000)], CommandType='Text', CommandTimeout='120']
      SELECT TOP(1) [t].[DispId], [t].[BillID], [t].[ChallanNo], [t].[Destination], [t].[DisVid], [t].[DispatchDate], [t].[DispatchQuantity], [t].[FinalPrice], [t].[UnitPrice], [t].[VehicleNo]
      FROM [TblDispatches] AS [t]
      WHERE [t].[ChallanNo] = @__cell1_0
info: Microsoft.EntityFrameworkCore.Database.Command[20101]
      Executed DbCommand (15ms) [Parameters=[@__cell1_0='?' (Size = 4000)], CommandType='Text', CommandTimeout='120']
      SELECT TOP(1) [t].[DispId], [t].[BillID], [t].[ChallanNo], [t].[Destination], [t].[DisVid], [t].[DispatchDate], [t].[DispatchQuantity], [t].[FinalPrice], [t].[UnitPrice], [t].[VehicleNo]
      FROM [TblDispatches] AS [t]
      WHERE [t].[ChallanNo] = @__cell1_0
info: Microsoft.EntityFrameworkCore.Database.Command[20101]
      Executed DbCommand (17ms) [Parameters=[@__cell1_0='?' (Size = 4000)], CommandType='Text', CommandTimeout='120']
      SELECT TOP(1) [t].[DispId], [t].[BillID], [t].[ChallanNo], [t].[Destination], [t].[DisVid], [t].[DispatchDate], [t].[DispatchQuantity], [t].[FinalPrice], [t].[UnitPrice], [t].[VehicleNo]
      FROM [TblDispatches] AS [t]
      WHERE [t].[ChallanNo] = @__cell1_0
info: Microsoft.EntityFrameworkCore.Database.Command[20101]
      Executed DbCommand (9ms) [Parameters=[@__cell1_0='?' (Size = 4000)], CommandType='Text', CommandTimeout='120']
      SELECT TOP(1) [t].[DispId], [t].[BillID], [t].[ChallanNo], [t].[Destination], [t].[DisVid], [t].[DispatchDate], [t].[DispatchQuantity], [t].[FinalPrice], [t].[UnitPrice], [t].[VehicleNo]
      FROM [TblDispatches] AS [t]
      WHERE [t].[ChallanNo] = @__cell1_0
info: Microsoft.EntityFrameworkCore.Database.Command[20101]
      Executed DbCommand (67ms) [Parameters=[@p0='?' (DbType = Int32), @p1='?' (Size = 4000), @p2='?' (Size = 4000), @p3='?' (DbType = Int32), @p4='?' (DbType = DateTime2), @p5='?' (DbType = Double), @p6='?' (DbType = Double), @p7='?' (DbType = Double), @p8='?' (Size = 4000), @p9='?' (DbType = Int32), @p10='?' (Size = 4000), @p11='?' (Size = 4000), @p12='?' (DbType = Int32), @p13='?' (DbType = DateTime2), @p14='?' (DbType = Double), @p15='?' (DbType = Double), @p16='?' (DbType = Double), @p17='?' (Size = 4000), @p18='?' (DbType = Int32), @p19='?' (Size = 4000), @p20='?' (Size = 4000), @p21='?' (DbType = Int32), @p22='?' (DbType = DateTime2), @p23='?' (DbType = Double), @p24='?' (DbType = Double), @p25='?' (DbType = Double), @p26='?' (Size = 4000), @p27='?' (DbType = Int32), @p28='?' (Size = 4000), @p29='?' (Size = 4000), @p30='?' (DbType = Int32), @p31='?' (DbType = DateTime2), @p32='?' (DbType = Double), @p33='?' (DbType = Double), @p34='?' (DbType = Double), @p35='?' (Size = 4000), @p36='?' (DbType = Int32), @p37='?' (Size = 4000), @p38='?' (Size = 4000), @p39='?' (DbType = Int32), @p40='?' (DbType = DateTime2), @p41='?' (DbType = Double), @p42='?' (DbType = Double), @p43='?' (DbType = Double), @p44='?' (Size = 4000), @p45='?' (DbType = Int32), @p46='?' (Size = 4000), @p47='?' (Size = 4000), @p48='?' (DbType = Int32), @p49='?' (DbType = DateTime2), @p50='?' (DbType = Double), @p51='?' (DbType = Double), @p52='?' (DbType = Double), @p53='?' (Size = 4000), @p54='?' (DbType = Int32), @p55='?' (Size = 4000), @p56='?' (Size = 4000), @p57='?' (DbType = Int32), @p58='?' (DbType = DateTime2), @p59='?' (DbType = Double), @p60='?' (DbType = Double), @p61='?' (DbType = Double), @p62='?' (Size = 4000), @p63='?' (DbType = Int32), @p64='?' (Size = 4000), @p65='?' (Size = 4000), @p66='?' (DbType = Int32), @p67='?' (DbType = DateTime2), @p68='?' (DbType = Double), @p69='?' (DbType = Double), @p70='?' (DbType = Double), @p71='?' (Size = 4000), @p72='?' (DbType = Int32), @p73='?' (Size = 4000), @p74='?' (Size = 4000), @p75='?' (DbType = Int32), @p76='?' (DbType = DateTime2), @p77='?' (DbType = Double), @p78='?' (DbType = Double), @p79='?' (DbType = Double), @p80='?' (Size = 4000), @p81='?' (DbType = Int32), @p82='?' (Size = 4000), @p83='?' (Size = 4000), @p84='?' (DbType = Int32), @p85='?' (DbType = DateTime2), @p86='?' (DbType = Double), @p87='?' (DbType = Double), @p88='?' (DbType = Double), @p89='?' (Size = 4000), @p90='?' (DbType = Int32), @p91='?' (Size = 4000), @p92='?' (Size = 4000), @p93='?' (DbType = Int32), @p94='?' (DbType = DateTime2), @p95='?' (DbType = Double), @p96='?' (DbType = Double), @p97='?' (DbType = Double), @p98='?' (Size = 4000), @p99='?' (DbType = Int32), @p100='?' (Size = 4000), @p101='?' (Size = 4000), @p102='?' (DbType = Int32), @p103='?' (DbType = DateTime2), @p104='?' (DbType = Double), @p105='?' (DbType = Double), @p106='?' (DbType = Double), @p107='?' (Size = 4000), @p108='?' (DbType = Int32), @p109='?' (Size = 4000), @p110='?' (Size = 4000), @p111='?' (DbType = Int32), @p112='?' (DbType = DateTime2), @p113='?' (DbType = Double), @p114='?' (DbType = Double), @p115='?' (DbType = Double), @p116='?' (Size = 4000), @p117='?' (DbType = Int32), @p118='?' (Size = 4000), @p119='?' (Size = 4000), @p120='?' (DbType = Int32), @p121='?' (DbType = DateTime2), @p122='?' (DbType = Double), @p123='?' (DbType = Double), @p124='?' (DbType = Double), @p125='?' (Size = 4000), @p126='?' (DbType = Int32), @p127='?' (Size = 4000), @p128='?' (Size = 4000), @p129='?' (DbType = Int32), @p130='?' (DbType = DateTime2), @p131='?' (DbType = Double), @p132='?' (DbType = Double), @p133='?' (DbType = Double), @p134='?' (Size = 4000), @p135='?' (DbType = Int32), @p136='?' (Size = 4000), @p137='?' (Size = 4000), @p138='?' (DbType = Int32), @p139='?' (DbType = DateTime2), @p140='?' (DbType = Double), @p141='?' (DbType = Double), @p142='?' (DbType = Double), @p143='?' (Size = 4000), @p144='?' (DbType = Int32), @p145='?' (Size = 4000), @p146='?' (Size = 4000), @p147='?' (DbType = Int32), @p148='?' (DbType = DateTime2), @p149='?' (DbType = Double), @p150='?' (DbType = Double), @p151='?' (DbType = Double), @p152='?' (Size = 4000), @p153='?' (DbType = Int32), @p154='?' (Size = 4000), @p155='?' (Size = 4000), @p156='?' (DbType = Int32), @p157='?' (DbType = DateTime2), @p158='?' (DbType = Double), @p159='?' (DbType = Double), @p160='?' (DbType = Double), @p161='?' (Size = 4000), @p162='?' (DbType = Int32), @p163='?' (Size = 4000), @p164='?' (Size = 4000), @p165='?' (DbType = Int32), @p166='?' (DbType = DateTime2), @p167='?' (DbType = Double), @p168='?' (DbType = Double), @p169='?' (DbType = Double), @p170='?' (Size = 4000), @p171='?' (DbType = Int32), @p172='?' (Size = 4000), @p173='?' (Size = 4000), @p174='?' (DbType = Int32), @p175='?' (DbType = DateTime2), @p176='?' (DbType = Double), @p177='?' (DbType = Double), @p178='?' (DbType = Double), @p179='?' (Size = 4000), @p180='?' (DbType = Int32), @p181='?' (Size = 4000), @p182='?' (Size = 4000), @p183='?' (DbType = Int32), @p184='?' (DbType = DateTime2), @p185='?' (DbType = Double), @p186='?' (DbType = Double), @p187='?' (DbType = Double), @p188='?' (Size = 4000), @p189='?' (DbType = Int32), @p190='?' (Size = 4000), @p191='?' (Size = 4000), @p192='?' (DbType = Int32), @p193='?' (DbType = DateTime2), @p194='?' (DbType = Double), @p195='?' (DbType = Double), @p196='?' (DbType = Double), @p197='?' (Size = 4000), @p198='?' (DbType = Int32), @p199='?' (Size = 4000), @p200='?' (Size = 4000), @p201='?' (DbType = Int32), @p202='?' (DbType = DateTime2), @p203='?' (DbType = Double), @p204='?' (DbType = Double), @p205='?' (DbType = Double), @p206='?' (Size = 4000), @p207='?' (DbType = Int32), @p208='?' (Size = 4000), @p209='?' (Size = 4000), @p210='?' (DbType = Int32), @p211='?' (DbType = DateTime2), @p212='?' (DbType = Double), @p213='?' (DbType = Double), @p214='?' (DbType = Double), @p215='?' (Size = 4000), @p216='?' (DbType = Int32), @p217='?' (Size = 4000), @p218='?' (Size = 4000), @p219='?' (DbType = Int32), @p220='?' (DbType = DateTime2), @p221='?' (DbType = Double), @p222='?' (DbType = Double), @p223='?' (DbType = Double), @p224='?' (Size = 4000), @p225='?' (DbType = Int32), @p226='?' (Size = 4000), @p227='?' (Size = 4000), @p228='?' (DbType = Int32), @p229='?' (DbType = DateTime2), @p230='?' (DbType = Double), @p231='?' (DbType = Double), @p232='?' (DbType = Double), @p233='?' (Size = 4000)], CommandType='Text', CommandTimeout='120']
      SET NOCOUNT ON;
      DECLARE @inserted0 TABLE ([DispId] int, [_Position] [int]);
      MERGE [TblDispatches] USING (
      VALUES (@p0, @p1, @p2, @p3, @p4, @p5, @p6, @p7, @p8, 0),
      (@p9, @p10, @p11, @p12, @p13, @p14, @p15, @p16, @p17, 1),
      (@p18, @p19, @p20, @p21, @p22, @p23, @p24, @p25, @p26, 2),
      (@p27, @p28, @p29, @p30, @p31, @p32, @p33, @p34, @p35, 3),
      (@p36, @p37, @p38, @p39, @p40, @p41, @p42, @p43, @p44, 4),
      (@p45, @p46, @p47, @p48, @p49, @p50, @p51, @p52, @p53, 5),
      (@p54, @p55, @p56, @p57, @p58, @p59, @p60, @p61, @p62, 6),
      (@p63, @p64, @p65, @p66, @p67, @p68, @p69, @p70, @p71, 7),
      (@p72, @p73, @p74, @p75, @p76, @p77, @p78, @p79, @p80, 8),
      (@p81, @p82, @p83, @p84, @p85, @p86, @p87, @p88, @p89, 9),
      (@p90, @p91, @p92, @p93, @p94, @p95, @p96, @p97, @p98, 10),
      (@p99, @p100, @p101, @p102, @p103, @p104, @p105, @p106, @p107, 11),
      (@p108, @p109, @p110, @p111, @p112, @p113, @p114, @p115, @p116, 12),
      (@p117, @p118, @p119, @p120, @p121, @p122, @p123, @p124, @p125, 13),
      (@p126, @p127, @p128, @p129, @p130, @p131, @p132, @p133, @p134, 14),
      (@p135, @p136, @p137, @p138, @p139, @p140, @p141, @p142, @p143, 15),
      (@p144, @p145, @p146, @p147, @p148, @p149, @p150, @p151, @p152, 16),
      (@p153, @p154, @p155, @p156, @p157, @p158, @p159, @p160, @p161, 17),
      (@p162, @p163, @p164, @p165, @p166, @p167, @p168, @p169, @p170, 18),
      (@p171, @p172, @p173, @p174, @p175, @p176, @p177, @p178, @p179, 19),
      (@p180, @p181, @p182, @p183, @p184, @p185, @p186, @p187, @p188, 20),
      (@p189, @p190, @p191, @p192, @p193, @p194, @p195, @p196, @p197, 21),
      (@p198, @p199, @p200, @p201, @p202, @p203, @p204, @p205, @p206, 22),
      (@p207, @p208, @p209, @p210, @p211, @p212, @p213, @p214, @p215, 23),
      (@p216, @p217, @p218, @p219, @p220, @p221, @p222, @p223, @p224, 24),
      (@p225, @p226, @p227, @p228, @p229, @p230, @p231, @p232, @p233, 25)) AS i ([BillID], [ChallanNo], [Destination], [DisVid], [DispatchDate], [DispatchQuantity], [FinalPrice], [UnitPrice], [VehicleNo], _Position) ON 1=0
      WHEN NOT MATCHED THEN
      INSERT ([BillID], [ChallanNo], [Destination], [DisVid], [DispatchDate], [DispatchQuantity], [FinalPrice], [UnitPrice], [VehicleNo])
      VALUES (i.[BillID], i.[ChallanNo], i.[Destination], i.[DisVid], i.[DispatchDate], i.[DispatchQuantity], i.[FinalPrice], i.[UnitPrice], i.[VehicleNo])
      OUTPUT INSERTED.[DispId], i._Position
      INTO @inserted0;
      
      SELECT [i].[DispId] FROM @inserted0 i
      ORDER BY [i].[_Position];
info: Microsoft.EntityFrameworkCore.Database.Command[20101]
      Executed DbCommand (2ms) [Parameters=[], CommandType='Text', CommandTimeout='120']
      SELECT [t].[FID], [t].[Address], [t].[Code], [t].[CreatedBy], [t].[CreatedOn], [t].[FactoryName], [t].[Gstin], [t].[IsActive], [t].[ModifiedBy], [t].[ModifiedOn]
      FROM [TblFactories] AS [t]
info: Microsoft.EntityFrameworkCore.Database.Command[20101]
      Executed DbCommand (2ms) [Parameters=[], CommandType='Text', CommandTimeout='120']
      SELECT [t].[DispId], [t].[BillID], [t].[ChallanNo], [t].[Destination], [t].[DisVid], [t].[DispatchDate], [t].[DispatchQuantity], [t].[FinalPrice], [t].[UnitPrice], [t].[VehicleNo]
      FROM [TblDispatches] AS [t]
info: Microsoft.EntityFrameworkCore.Infrastructure[10403]
      Entity Framework Core 6.0.21 initialized 'TransportMgmtContext' using provider 'Microsoft.EntityFrameworkCore.SqlServer:6.0.21' with options: CommandTimeout=120 
info: Microsoft.EntityFrameworkCore.Database.Command[20101]
      Executed DbCommand (4ms) [Parameters=[], CommandType='Text', CommandTimeout='120']
      SELECT [t].[FID], [t].[Address], [t].[Code], [t].[CreatedBy], [t].[CreatedOn], [t].[FactoryName], [t].[Gstin], [t].[IsActive], [t].[ModifiedBy], [t].[ModifiedOn]
      FROM [TblFactories] AS [t]
info: Microsoft.EntityFrameworkCore.Database.Command[20101]
      Executed DbCommand (1ms) [Parameters=[], CommandType='Text', CommandTimeout='120']
      SELECT [t].[FID], [t].[Address], [t].[Code], [t].[CreatedBy], [t].[CreatedOn], [t].[FactoryName], [t].[Gstin], [t].[IsActive], [t].[ModifiedBy], [t].[ModifiedOn]
      FROM [TblFactories] AS [t]
info: Microsoft.EntityFrameworkCore.Database.Command[20101]
      Executed DbCommand (7ms) [Parameters=[], CommandType='Text', CommandTimeout='120']
      SELECT [b].[BillID], [b].[ActualAmount], [b].[BillDate], [b].[BillNum], [b].[BillType], [b].[FID], [b].[Gst], [b].[GstDate], [b].[PId], [b].[PaymentReceived], [b].[PaymentTablePId], [b].[Tds]
      FROM [BillTables] AS [b]
info: Microsoft.EntityFrameworkCore.Infrastructure[10403]
      Entity Framework Core 6.0.21 initialized 'TransportMgmtContext' using provider 'Microsoft.EntityFrameworkCore.SqlServer:6.0.21' with options: CommandTimeout=120 
info: Microsoft.EntityFrameworkCore.Database.Command[20101]
      Executed DbCommand (6ms) [Parameters=[], CommandType='Text', CommandTimeout='120']
      SELECT [t].[FID], [t].[Address], [t].[Code], [t].[CreatedBy], [t].[CreatedOn], [t].[FactoryName], [t].[Gstin], [t].[IsActive], [t].[ModifiedBy], [t].[ModifiedOn]
      FROM [TblFactories] AS [t]
info: Microsoft.EntityFrameworkCore.Database.Command[20101]
      Executed DbCommand (1ms) [Parameters=[], CommandType='Text', CommandTimeout='120']
      SELECT [t].[FID], [t].[Address], [t].[Code], [t].[CreatedBy], [t].[CreatedOn], [t].[FactoryName], [t].[Gstin], [t].[IsActive], [t].[ModifiedBy], [t].[ModifiedOn]
      FROM [TblFactories] AS [t]
info: Microsoft.EntityFrameworkCore.Database.Command[20101]
      Executed DbCommand (38ms) [Parameters=[], CommandType='Text', CommandTimeout='120']
      SELECT [b].[BillID], [b].[ActualAmount], [b].[BillDate], [b].[BillNum], [b].[BillType], [b].[FID], [b].[Gst], [b].[GstDate], [b].[PId], [b].[PaymentReceived], [b].[PaymentTablePId], [b].[Tds]
      FROM [BillTables] AS [b]
info: Microsoft.EntityFrameworkCore.Infrastructure[10403]
      Entity Framework Core 6.0.21 initialized 'TransportMgmtContext' using provider 'Microsoft.EntityFrameworkCore.SqlServer:6.0.21' with options: CommandTimeout=120 
info: Microsoft.EntityFrameworkCore.Database.Command[20101]
      Executed DbCommand (4ms) [Parameters=[@__billNumber_0='?' (Size = 4000)], CommandType='Text', CommandTimeout='120']
      SELECT TOP(1) [b].[BillID], [b].[ActualAmount], [b].[BillDate], [b].[BillNum], [b].[BillType], [b].[FID], [b].[Gst], [b].[GstDate], [b].[PId], [b].[PaymentReceived], [b].[PaymentTablePId], [b].[Tds]
      FROM [BillTables] AS [b]
      WHERE [b].[BillNum] = @__billNumber_0
info: Microsoft.EntityFrameworkCore.Database.Command[20101]
      Executed DbCommand (1ms) [Parameters=[@__billNumber_0='?' (Size = 4000)], CommandType='Text', CommandTimeout='120']
      SELECT TOP(1) [b].[BillID], [b].[ActualAmount], [b].[BillDate], [b].[BillNum], [b].[BillType], [b].[FID], [b].[Gst], [b].[GstDate], [b].[PId], [b].[PaymentReceived], [b].[PaymentTablePId], [b].[Tds]
      FROM [BillTables] AS [b]
      WHERE [b].[BillNum] = @__billNumber_0
info: Microsoft.EntityFrameworkCore.Database.Command[20101]
      Executed DbCommand (4ms) [Parameters=[@__paymentNumber_0='?' (Size = 4000)], CommandType='Text', CommandTimeout='120']
      SELECT TOP(1) [p].[PId], [p].[DocNumber], [p].[FID], [p].[PayRecDate], [p].[Shortage]
      FROM [PaymentTables] AS [p]
      WHERE [p].[DocNumber] = @__paymentNumber_0
info: Microsoft.EntityFrameworkCore.Database.Command[20101]
      Executed DbCommand (42ms) [Parameters=[@p4='?' (DbType = Int32), @p0='?' (DbType = Double), @p1='?' (DbType = Double), @p2='?' (DbType = Double), @p3='?' (DbType = Double)], CommandType='Text', CommandTimeout='120']
      SET NOCOUNT ON;
      UPDATE [BillTables] SET [ActualAmount] = @p0, [Gst] = @p1, [PaymentReceived] = @p2, [Tds] = @p3
      WHERE [BillID] = @p4;
      SELECT @@ROWCOUNT;
info: Microsoft.EntityFrameworkCore.Database.Command[20101]
      Executed DbCommand (5ms) [Parameters=[@p0='?' (Size = 4000), @p1='?' (DbType = Int32), @p2='?' (DbType = DateTime2), @p3='?' (DbType = Double)], CommandType='Text', CommandTimeout='120']
      SET NOCOUNT ON;
      INSERT INTO [PaymentTables] ([DocNumber], [FID], [PayRecDate], [Shortage])
      VALUES (@p0, @p1, @p2, @p3);
      SELECT [PId]
      FROM [PaymentTables]
      WHERE @@ROWCOUNT = 1 AND [PId] = scope_identity();
info: Microsoft.EntityFrameworkCore.Database.Command[20101]
      Executed DbCommand (1ms) [Parameters=[@__billNumber_0='?' (Size = 4000)], CommandType='Text', CommandTimeout='120']
      SELECT TOP(1) [b].[BillID], [b].[ActualAmount], [b].[BillDate], [b].[BillNum], [b].[BillType], [b].[FID], [b].[Gst], [b].[GstDate], [b].[PId], [b].[PaymentReceived], [b].[PaymentTablePId], [b].[Tds]
      FROM [BillTables] AS [b]
      WHERE [b].[BillNum] = @__billNumber_0
info: Microsoft.EntityFrameworkCore.Database.Command[20101]
      Executed DbCommand (1ms) [Parameters=[@__billNumber_0='?' (Size = 4000)], CommandType='Text', CommandTimeout='120']
      SELECT TOP(1) [b].[BillID], [b].[ActualAmount], [b].[BillDate], [b].[BillNum], [b].[BillType], [b].[FID], [b].[Gst], [b].[GstDate], [b].[PId], [b].[PaymentReceived], [b].[PaymentTablePId], [b].[Tds]
      FROM [BillTables] AS [b]
      WHERE [b].[BillNum] = @__billNumber_0
info: Microsoft.EntityFrameworkCore.Database.Command[20101]
      Executed DbCommand (3ms) [Parameters=[@p11='?' (DbType = Int32), @p0='?' (DbType = Double), @p1='?' (DbType = DateTime2), @p2='?' (Size = 4000), @p3='?' (Size = 4000), @p4='?' (DbType = Int32), @p5='?' (DbType = Double), @p6='?' (DbType = DateTime2), @p7='?' (DbType = Int32), @p8='?' (DbType = Double), @p9='?' (DbType = Int32), @p10='?' (DbType = Double)], CommandType='Text', CommandTimeout='120']
      SET NOCOUNT ON;
      UPDATE [BillTables] SET [ActualAmount] = @p0, [BillDate] = @p1, [BillNum] = @p2, [BillType] = @p3, [FID] = @p4, [Gst] = @p5, [GstDate] = @p6, [PId] = @p7, [PaymentReceived] = @p8, [PaymentTablePId] = @p9, [Tds] = @p10
      WHERE [BillID] = @p11;
      SELECT @@ROWCOUNT;
info: Microsoft.EntityFrameworkCore.Database.Command[20101]
      Executed DbCommand (1ms) [Parameters=[@p11='?' (DbType = Int32), @p0='?' (DbType = Double), @p1='?' (DbType = DateTime2), @p2='?' (Size = 4000), @p3='?' (Size = 4000), @p4='?' (DbType = Int32), @p5='?' (DbType = Double), @p6='?' (DbType = DateTime2), @p7='?' (DbType = Int32), @p8='?' (DbType = Double), @p9='?' (DbType = Int32), @p10='?' (DbType = Double)], CommandType='Text', CommandTimeout='120']
      SET NOCOUNT ON;
      UPDATE [BillTables] SET [ActualAmount] = @p0, [BillDate] = @p1, [BillNum] = @p2, [BillType] = @p3, [FID] = @p4, [Gst] = @p5, [GstDate] = @p6, [PId] = @p7, [PaymentReceived] = @p8, [PaymentTablePId] = @p9, [Tds] = @p10
      WHERE [BillID] = @p11;
      SELECT @@ROWCOUNT;
info: Microsoft.EntityFrameworkCore.Database.Command[20101]
      Executed DbCommand (2ms) [Parameters=[@p11='?' (DbType = Int32), @p0='?' (DbType = Double), @p1='?' (DbType = DateTime2), @p2='?' (Size = 4000), @p3='?' (Size = 4000), @p4='?' (DbType = Int32), @p5='?' (DbType = Double), @p6='?' (DbType = DateTime2), @p7='?' (DbType = Int32), @p8='?' (DbType = Double), @p9='?' (DbType = Int32), @p10='?' (DbType = Double)], CommandType='Text', CommandTimeout='120']
      SET NOCOUNT ON;
      UPDATE [BillTables] SET [ActualAmount] = @p0, [BillDate] = @p1, [BillNum] = @p2, [BillType] = @p3, [FID] = @p4, [Gst] = @p5, [GstDate] = @p6, [PId] = @p7, [PaymentReceived] = @p8, [PaymentTablePId] = @p9, [Tds] = @p10
      WHERE [BillID] = @p11;
      SELECT @@ROWCOUNT;
info: Microsoft.EntityFrameworkCore.Infrastructure[10403]
      Entity Framework Core 6.0.21 initialized 'TransportMgmtContext' using provider 'Microsoft.EntityFrameworkCore.SqlServer:6.0.21' with options: CommandTimeout=120 
info: Microsoft.EntityFrameworkCore.Database.Command[20101]
      Executed DbCommand (2ms) [Parameters=[], CommandType='Text', CommandTimeout='120']
      SELECT [t].[FID], [t].[Address], [t].[Code], [t].[CreatedBy], [t].[CreatedOn], [t].[FactoryName], [t].[Gstin], [t].[IsActive], [t].[ModifiedBy], [t].[ModifiedOn]
      FROM [TblFactories] AS [t]
info: Microsoft.EntityFrameworkCore.Database.Command[20101]
      Executed DbCommand (1ms) [Parameters=[], CommandType='Text', CommandTimeout='120']
      SELECT [t].[FID], [t].[Address], [t].[Code], [t].[CreatedBy], [t].[CreatedOn], [t].[FactoryName], [t].[Gstin], [t].[IsActive], [t].[ModifiedBy], [t].[ModifiedOn]
      FROM [TblFactories] AS [t]
info: Microsoft.EntityFrameworkCore.Database.Command[20101]
      Executed DbCommand (5ms) [Parameters=[], CommandType='Text', CommandTimeout='120']
      SELECT [b].[BillID], [b].[ActualAmount], [b].[BillDate], [b].[BillNum], [b].[BillType], [b].[FID], [b].[Gst], [b].[GstDate], [b].[PId], [b].[PaymentReceived], [b].[PaymentTablePId], [b].[Tds]
      FROM [BillTables] AS [b]
info: Microsoft.EntityFrameworkCore.Infrastructure[10403]
      Entity Framework Core 6.0.21 initialized 'TransportMgmtContext' using provider 'Microsoft.EntityFrameworkCore.SqlServer:6.0.21' with options: CommandTimeout=120 
info: Microsoft.EntityFrameworkCore.Database.Command[20101]
      Executed DbCommand (4ms) [Parameters=[@__billNumber_0='?' (Size = 4000)], CommandType='Text', CommandTimeout='120']
      SELECT TOP(1) [b].[BillID], [b].[ActualAmount], [b].[BillDate], [b].[BillNum], [b].[BillType], [b].[FID], [b].[Gst], [b].[GstDate], [b].[PId], [b].[PaymentReceived], [b].[PaymentTablePId], [b].[Tds]
      FROM [BillTables] AS [b]
      WHERE [b].[BillNum] = @__billNumber_0
info: Microsoft.EntityFrameworkCore.Database.Command[20101]
      Executed DbCommand (1ms) [Parameters=[@__billNumber_0='?' (Size = 4000)], CommandType='Text', CommandTimeout='120']
      SELECT TOP(1) [b].[BillID], [b].[ActualAmount], [b].[BillDate], [b].[BillNum], [b].[BillType], [b].[FID], [b].[Gst], [b].[GstDate], [b].[PId], [b].[PaymentReceived], [b].[PaymentTablePId], [b].[Tds]
      FROM [BillTables] AS [b]
      WHERE [b].[BillNum] = @__billNumber_0
info: Microsoft.EntityFrameworkCore.Database.Command[20101]
      Executed DbCommand (2ms) [Parameters=[@__paymentNumber_0='?' (Size = 4000)], CommandType='Text', CommandTimeout='120']
      SELECT TOP(1) [p].[PId], [p].[DocNumber], [p].[FID], [p].[PayRecDate], [p].[Shortage]
      FROM [PaymentTables] AS [p]
      WHERE [p].[DocNumber] = @__paymentNumber_0
info: Microsoft.EntityFrameworkCore.Database.Command[20101]
      Executed DbCommand (4ms) [Parameters=[@p4='?' (DbType = Int32), @p0='?' (DbType = Double), @p1='?' (DbType = Double), @p2='?' (DbType = Double), @p3='?' (DbType = Double)], CommandType='Text', CommandTimeout='120']
      SET NOCOUNT ON;
      UPDATE [BillTables] SET [ActualAmount] = @p0, [Gst] = @p1, [PaymentReceived] = @p2, [Tds] = @p3
      WHERE [BillID] = @p4;
      SELECT @@ROWCOUNT;
info: Microsoft.EntityFrameworkCore.Database.Command[20101]
      Executed DbCommand (3ms) [Parameters=[@p0='?' (Size = 4000), @p1='?' (DbType = Int32), @p2='?' (DbType = DateTime2), @p3='?' (DbType = Double)], CommandType='Text', CommandTimeout='120']
      SET NOCOUNT ON;
      INSERT INTO [PaymentTables] ([DocNumber], [FID], [PayRecDate], [Shortage])
      VALUES (@p0, @p1, @p2, @p3);
      SELECT [PId]
      FROM [PaymentTables]
      WHERE @@ROWCOUNT = 1 AND [PId] = scope_identity();
info: Microsoft.EntityFrameworkCore.Database.Command[20101]
      Executed DbCommand (1ms) [Parameters=[@__billNumber_0='?' (Size = 4000)], CommandType='Text', CommandTimeout='120']
      SELECT TOP(1) [b].[BillID], [b].[ActualAmount], [b].[BillDate], [b].[BillNum], [b].[BillType], [b].[FID], [b].[Gst], [b].[GstDate], [b].[PId], [b].[PaymentReceived], [b].[PaymentTablePId], [b].[Tds]
      FROM [BillTables] AS [b]
      WHERE [b].[BillNum] = @__billNumber_0
info: Microsoft.EntityFrameworkCore.Database.Command[20101]
      Executed DbCommand (1ms) [Parameters=[@__billNumber_0='?' (Size = 4000)], CommandType='Text', CommandTimeout='120']
      SELECT TOP(1) [b].[BillID], [b].[ActualAmount], [b].[BillDate], [b].[BillNum], [b].[BillType], [b].[FID], [b].[Gst], [b].[GstDate], [b].[PId], [b].[PaymentReceived], [b].[PaymentTablePId], [b].[Tds]
      FROM [BillTables] AS [b]
      WHERE [b].[BillNum] = @__billNumber_0
info: Microsoft.EntityFrameworkCore.Database.Command[20101]
      Executed DbCommand (3ms) [Parameters=[@p11='?' (DbType = Int32), @p0='?' (DbType = Double), @p1='?' (DbType = DateTime2), @p2='?' (Size = 4000), @p3='?' (Size = 4000), @p4='?' (DbType = Int32), @p5='?' (DbType = Double), @p6='?' (DbType = DateTime2), @p7='?' (DbType = Int32), @p8='?' (DbType = Double), @p9='?' (DbType = Int32), @p10='?' (DbType = Double)], CommandType='Text', CommandTimeout='120']
      SET NOCOUNT ON;
      UPDATE [BillTables] SET [ActualAmount] = @p0, [BillDate] = @p1, [BillNum] = @p2, [BillType] = @p3, [FID] = @p4, [Gst] = @p5, [GstDate] = @p6, [PId] = @p7, [PaymentReceived] = @p8, [PaymentTablePId] = @p9, [Tds] = @p10
      WHERE [BillID] = @p11;
      SELECT @@ROWCOUNT;
info: Microsoft.EntityFrameworkCore.Database.Command[20101]
      Executed DbCommand (1ms) [Parameters=[@p11='?' (DbType = Int32), @p0='?' (DbType = Double), @p1='?' (DbType = DateTime2), @p2='?' (Size = 4000), @p3='?' (Size = 4000), @p4='?' (DbType = Int32), @p5='?' (DbType = Double), @p6='?' (DbType = DateTime2), @p7='?' (DbType = Int32), @p8='?' (DbType = Double), @p9='?' (DbType = Int32), @p10='?' (DbType = Double)], CommandType='Text', CommandTimeout='120']
      SET NOCOUNT ON;
      UPDATE [BillTables] SET [ActualAmount] = @p0, [BillDate] = @p1, [BillNum] = @p2, [BillType] = @p3, [FID] = @p4, [Gst] = @p5, [GstDate] = @p6, [PId] = @p7, [PaymentReceived] = @p8, [PaymentTablePId] = @p9, [Tds] = @p10
      WHERE [BillID] = @p11;
      SELECT @@ROWCOUNT;
info: Microsoft.EntityFrameworkCore.Database.Command[20101]
      Executed DbCommand (1ms) [Parameters=[@p11='?' (DbType = Int32), @p0='?' (DbType = Double), @p1='?' (DbType = DateTime2), @p2='?' (Size = 4000), @p3='?' (Size = 4000), @p4='?' (DbType = Int32), @p5='?' (DbType = Double), @p6='?' (DbType = DateTime2), @p7='?' (DbType = Int32), @p8='?' (DbType = Double), @p9='?' (DbType = Int32), @p10='?' (DbType = Double)], CommandType='Text', CommandTimeout='120']
      SET NOCOUNT ON;
      UPDATE [BillTables] SET [ActualAmount] = @p0, [BillDate] = @p1, [BillNum] = @p2, [BillType] = @p3, [FID] = @p4, [Gst] = @p5, [GstDate] = @p6, [PId] = @p7, [PaymentReceived] = @p8, [PaymentTablePId] = @p9, [Tds] = @p10
      WHERE [BillID] = @p11;
      SELECT @@ROWCOUNT;
info: Microsoft.EntityFrameworkCore.Infrastructure[10403]
      Entity Framework Core 6.0.21 initialized 'TransportMgmtContext' using provider 'Microsoft.EntityFrameworkCore.SqlServer:6.0.21' with options: CommandTimeout=120 
info: Microsoft.EntityFrameworkCore.Database.Command[20101]
      Executed DbCommand (2ms) [Parameters=[], CommandType='Text', CommandTimeout='120']
      SELECT [t].[FID], [t].[Address], [t].[Code], [t].[CreatedBy], [t].[CreatedOn], [t].[FactoryName], [t].[Gstin], [t].[IsActive], [t].[ModifiedBy], [t].[ModifiedOn]
      FROM [TblFactories] AS [t]
info: Microsoft.EntityFrameworkCore.Database.Command[20101]
      Executed DbCommand (1ms) [Parameters=[], CommandType='Text', CommandTimeout='120']
      SELECT [t].[FID], [t].[Address], [t].[Code], [t].[CreatedBy], [t].[CreatedOn], [t].[FactoryName], [t].[Gstin], [t].[IsActive], [t].[ModifiedBy], [t].[ModifiedOn]
      FROM [TblFactories] AS [t]
info: Microsoft.EntityFrameworkCore.Database.Command[20101]
      Executed DbCommand (4ms) [Parameters=[], CommandType='Text', CommandTimeout='120']
      SELECT [b].[BillID], [b].[ActualAmount], [b].[BillDate], [b].[BillNum], [b].[BillType], [b].[FID], [b].[Gst], [b].[GstDate], [b].[PId], [b].[PaymentReceived], [b].[PaymentTablePId], [b].[Tds]
      FROM [BillTables] AS [b]
info: Microsoft.EntityFrameworkCore.Infrastructure[10403]
      Entity Framework Core 6.0.21 initialized 'TransportMgmtContext' using provider 'Microsoft.EntityFrameworkCore.SqlServer:6.0.21' with options: CommandTimeout=120 
info: Microsoft.EntityFrameworkCore.Database.Command[20101]
      Executed DbCommand (6ms) [Parameters=[], CommandType='Text', CommandTimeout='120']
      SELECT [t].[FID] AS [id], [t].[FactoryName] AS [name]
      FROM [TblFactories] AS [t]
info: Microsoft.EntityFrameworkCore.Infrastructure[10403]
      Entity Framework Core 6.0.21 initialized 'TransportMgmtContext' using provider 'Microsoft.EntityFrameworkCore.SqlServer:6.0.21' with options: CommandTimeout=120 
info: Microsoft.EntityFrameworkCore.Database.Command[20101]
      Executed DbCommand (59ms) [Parameters=[p0='?' (DbType = DateTime2), p1='?' (DbType = DateTime2), p2='?' (DbType = Int32)], CommandType='Text', CommandTimeout='120']
      EXEC [dbo].[SpExpoBilldetail] @FromDate = @p0, @ToDate = @p1, @FactoryId = @p2
info: Microsoft.EntityFrameworkCore.Infrastructure[10403]
      Entity Framework Core 6.0.21 initialized 'TransportMgmtContext' using provider 'Microsoft.EntityFrameworkCore.SqlServer:6.0.21' with options: CommandTimeout=120 
info: Microsoft.EntityFrameworkCore.Database.Command[20101]
      Executed DbCommand (2ms) [Parameters=[], CommandType='Text', CommandTimeout='120']
      SELECT [t].[FID], [t].[Address], [t].[Code], [t].[CreatedBy], [t].[CreatedOn], [t].[FactoryName], [t].[Gstin], [t].[IsActive], [t].[ModifiedBy], [t].[ModifiedOn]
      FROM [TblFactories] AS [t]
info: Microsoft.EntityFrameworkCore.Database.Command[20101]
      Executed DbCommand (1ms) [Parameters=[], CommandType='Text', CommandTimeout='120']
      SELECT [t].[FID], [t].[Address], [t].[Code], [t].[CreatedBy], [t].[CreatedOn], [t].[FactoryName], [t].[Gstin], [t].[IsActive], [t].[ModifiedBy], [t].[ModifiedOn]
      FROM [TblFactories] AS [t]
info: Microsoft.EntityFrameworkCore.Database.Command[20101]
      Executed DbCommand (2ms) [Parameters=[], CommandType='Text', CommandTimeout='120']
      SELECT [t].[DispId], [t].[BillID], [t].[ChallanNo], [t].[Destination], [t].[DisVid], [t].[DispatchDate], [t].[DispatchQuantity], [t].[FinalPrice], [t].[UnitPrice], [t].[VehicleNo]
      FROM [TblDispatches] AS [t]
info: Microsoft.EntityFrameworkCore.Infrastructure[10403]
      Entity Framework Core 6.0.21 initialized 'TransportMgmtContext' using provider 'Microsoft.EntityFrameworkCore.SqlServer:6.0.21' with options: CommandTimeout=120 
info: Microsoft.EntityFrameworkCore.Database.Command[20101]
      Executed DbCommand (16ms) [Parameters=[@__dispatchId_0='?' (Size = 4000)], CommandType='Text', CommandTimeout='120']
      SELECT TOP(1) [t].[DispId], [t].[BillID], [t].[ChallanNo], [t].[Destination], [t].[DisVid], [t].[DispatchDate], [t].[DispatchQuantity], [t].[FinalPrice], [t].[UnitPrice], [t].[VehicleNo]
      FROM [TblDispatches] AS [t]
      WHERE [t].[ChallanNo] = @__dispatchId_0
info: Microsoft.EntityFrameworkCore.Database.Command[20101]
      Executed DbCommand (3ms) [Parameters=[@__dispatchId_0='?' (Size = 4000)], CommandType='Text', CommandTimeout='120']
      SELECT TOP(1) [t].[DispId], [t].[BillID], [t].[ChallanNo], [t].[Destination], [t].[DisVid], [t].[DispatchDate], [t].[DispatchQuantity], [t].[FinalPrice], [t].[UnitPrice], [t].[VehicleNo]
      FROM [TblDispatches] AS [t]
      WHERE [t].[ChallanNo] = @__dispatchId_0
info: Microsoft.EntityFrameworkCore.Database.Command[20101]
      Executed DbCommand (8ms) [Parameters=[@__billNumber_0='?' (Size = 4000)], CommandType='Text', CommandTimeout='120']
      SELECT TOP(1) [b].[BillID], [b].[ActualAmount], [b].[BillDate], [b].[BillNum], [b].[BillType], [b].[FID], [b].[Gst], [b].[GstDate], [b].[PId], [b].[PaymentReceived], [b].[PaymentTablePId], [b].[Tds]
      FROM [BillTables] AS [b]
      WHERE [b].[BillNum] = @__billNumber_0
info: Microsoft.EntityFrameworkCore.Database.Command[20101]
      Executed DbCommand (2ms) [Parameters=[@__dispatchId_0='?' (Size = 4000)], CommandType='Text', CommandTimeout='120']
      SELECT TOP(1) [t].[DispId], [t].[BillID], [t].[ChallanNo], [t].[Destination], [t].[DisVid], [t].[DispatchDate], [t].[DispatchQuantity], [t].[FinalPrice], [t].[UnitPrice], [t].[VehicleNo]
      FROM [TblDispatches] AS [t]
      WHERE [t].[ChallanNo] = @__dispatchId_0
info: Microsoft.EntityFrameworkCore.Database.Command[20101]
      Executed DbCommand (3ms) [Parameters=[@__dispatchId_0='?' (Size = 4000)], CommandType='Text', CommandTimeout='120']
      SELECT TOP(1) [t].[DispId], [t].[BillID], [t].[ChallanNo], [t].[Destination], [t].[DisVid], [t].[DispatchDate], [t].[DispatchQuantity], [t].[FinalPrice], [t].[UnitPrice], [t].[VehicleNo]
      FROM [TblDispatches] AS [t]
      WHERE [t].[ChallanNo] = @__dispatchId_0
info: Microsoft.EntityFrameworkCore.Database.Command[20101]
      Executed DbCommand (3ms) [Parameters=[@__dispatchId_0='?' (Size = 4000)], CommandType='Text', CommandTimeout='120']
      SELECT TOP(1) [t].[DispId], [t].[BillID], [t].[ChallanNo], [t].[Destination], [t].[DisVid], [t].[DispatchDate], [t].[DispatchQuantity], [t].[FinalPrice], [t].[UnitPrice], [t].[VehicleNo]
      FROM [TblDispatches] AS [t]
      WHERE [t].[ChallanNo] = @__dispatchId_0
info: Microsoft.EntityFrameworkCore.Database.Command[20101]
      Executed DbCommand (3ms) [Parameters=[@__dispatchId_0='?' (Size = 4000)], CommandType='Text', CommandTimeout='120']
      SELECT TOP(1) [t].[DispId], [t].[BillID], [t].[ChallanNo], [t].[Destination], [t].[DisVid], [t].[DispatchDate], [t].[DispatchQuantity], [t].[FinalPrice], [t].[UnitPrice], [t].[VehicleNo]
      FROM [TblDispatches] AS [t]
      WHERE [t].[ChallanNo] = @__dispatchId_0
info: Microsoft.EntityFrameworkCore.Database.Command[20101]
      Executed DbCommand (5ms) [Parameters=[@__dispatchId_0='?' (Size = 4000)], CommandType='Text', CommandTimeout='120']
      SELECT TOP(1) [t].[DispId], [t].[BillID], [t].[ChallanNo], [t].[Destination], [t].[DisVid], [t].[DispatchDate], [t].[DispatchQuantity], [t].[FinalPrice], [t].[UnitPrice], [t].[VehicleNo]
      FROM [TblDispatches] AS [t]
      WHERE [t].[ChallanNo] = @__dispatchId_0
info: Microsoft.EntityFrameworkCore.Database.Command[20101]
      Executed DbCommand (3ms) [Parameters=[@__dispatchId_0='?' (Size = 4000)], CommandType='Text', CommandTimeout='120']
      SELECT TOP(1) [t].[DispId], [t].[BillID], [t].[ChallanNo], [t].[Destination], [t].[DisVid], [t].[DispatchDate], [t].[DispatchQuantity], [t].[FinalPrice], [t].[UnitPrice], [t].[VehicleNo]
      FROM [TblDispatches] AS [t]
      WHERE [t].[ChallanNo] = @__dispatchId_0
info: Microsoft.EntityFrameworkCore.Database.Command[20101]
      Executed DbCommand (5ms) [Parameters=[@__dispatchId_0='?' (Size = 4000)], CommandType='Text', CommandTimeout='120']
      SELECT TOP(1) [t].[DispId], [t].[BillID], [t].[ChallanNo], [t].[Destination], [t].[DisVid], [t].[DispatchDate], [t].[DispatchQuantity], [t].[FinalPrice], [t].[UnitPrice], [t].[VehicleNo]
      FROM [TblDispatches] AS [t]
      WHERE [t].[ChallanNo] = @__dispatchId_0
info: Microsoft.EntityFrameworkCore.Database.Command[20101]
      Executed DbCommand (4ms) [Parameters=[@__dispatchId_0='?' (Size = 4000)], CommandType='Text', CommandTimeout='120']
      SELECT TOP(1) [t].[DispId], [t].[BillID], [t].[ChallanNo], [t].[Destination], [t].[DisVid], [t].[DispatchDate], [t].[DispatchQuantity], [t].[FinalPrice], [t].[UnitPrice], [t].[VehicleNo]
      FROM [TblDispatches] AS [t]
      WHERE [t].[ChallanNo] = @__dispatchId_0
info: Microsoft.EntityFrameworkCore.Database.Command[20101]
      Executed DbCommand (7ms) [Parameters=[@__dispatchId_0='?' (Size = 4000)], CommandType='Text', CommandTimeout='120']
      SELECT TOP(1) [t].[DispId], [t].[BillID], [t].[ChallanNo], [t].[Destination], [t].[DisVid], [t].[DispatchDate], [t].[DispatchQuantity], [t].[FinalPrice], [t].[UnitPrice], [t].[VehicleNo]
      FROM [TblDispatches] AS [t]
      WHERE [t].[ChallanNo] = @__dispatchId_0
info: Microsoft.EntityFrameworkCore.Database.Command[20101]
      Executed DbCommand (3ms) [Parameters=[@__dispatchId_0='?' (Size = 4000)], CommandType='Text', CommandTimeout='120']
      SELECT TOP(1) [t].[DispId], [t].[BillID], [t].[ChallanNo], [t].[Destination], [t].[DisVid], [t].[DispatchDate], [t].[DispatchQuantity], [t].[FinalPrice], [t].[UnitPrice], [t].[VehicleNo]
      FROM [TblDispatches] AS [t]
      WHERE [t].[ChallanNo] = @__dispatchId_0
info: Microsoft.EntityFrameworkCore.Database.Command[20101]
      Executed DbCommand (5ms) [Parameters=[@__dispatchId_0='?' (Size = 4000)], CommandType='Text', CommandTimeout='120']
      SELECT TOP(1) [t].[DispId], [t].[BillID], [t].[ChallanNo], [t].[Destination], [t].[DisVid], [t].[DispatchDate], [t].[DispatchQuantity], [t].[FinalPrice], [t].[UnitPrice], [t].[VehicleNo]
      FROM [TblDispatches] AS [t]
      WHERE [t].[ChallanNo] = @__dispatchId_0
info: Microsoft.EntityFrameworkCore.Database.Command[20101]
      Executed DbCommand (3ms) [Parameters=[@__dispatchId_0='?' (Size = 4000)], CommandType='Text', CommandTimeout='120']
      SELECT TOP(1) [t].[DispId], [t].[BillID], [t].[ChallanNo], [t].[Destination], [t].[DisVid], [t].[DispatchDate], [t].[DispatchQuantity], [t].[FinalPrice], [t].[UnitPrice], [t].[VehicleNo]
      FROM [TblDispatches] AS [t]
      WHERE [t].[ChallanNo] = @__dispatchId_0
info: Microsoft.EntityFrameworkCore.Database.Command[20101]
      Executed DbCommand (3ms) [Parameters=[@__dispatchId_0='?' (Size = 4000)], CommandType='Text', CommandTimeout='120']
      SELECT TOP(1) [t].[DispId], [t].[BillID], [t].[ChallanNo], [t].[Destination], [t].[DisVid], [t].[DispatchDate], [t].[DispatchQuantity], [t].[FinalPrice], [t].[UnitPrice], [t].[VehicleNo]
      FROM [TblDispatches] AS [t]
      WHERE [t].[ChallanNo] = @__dispatchId_0
info: Microsoft.EntityFrameworkCore.Database.Command[20101]
      Executed DbCommand (3ms) [Parameters=[@__dispatchId_0='?' (Size = 4000)], CommandType='Text', CommandTimeout='120']
      SELECT TOP(1) [t].[DispId], [t].[BillID], [t].[ChallanNo], [t].[Destination], [t].[DisVid], [t].[DispatchDate], [t].[DispatchQuantity], [t].[FinalPrice], [t].[UnitPrice], [t].[VehicleNo]
      FROM [TblDispatches] AS [t]
      WHERE [t].[ChallanNo] = @__dispatchId_0
info: Microsoft.EntityFrameworkCore.Database.Command[20101]
      Executed DbCommand (3ms) [Parameters=[@__dispatchId_0='?' (Size = 4000)], CommandType='Text', CommandTimeout='120']
      SELECT TOP(1) [t].[DispId], [t].[BillID], [t].[ChallanNo], [t].[Destination], [t].[DisVid], [t].[DispatchDate], [t].[DispatchQuantity], [t].[FinalPrice], [t].[UnitPrice], [t].[VehicleNo]
      FROM [TblDispatches] AS [t]
      WHERE [t].[ChallanNo] = @__dispatchId_0
info: Microsoft.EntityFrameworkCore.Database.Command[20101]
      Executed DbCommand (4ms) [Parameters=[@__dispatchId_0='?' (Size = 4000)], CommandType='Text', CommandTimeout='120']
      SELECT TOP(1) [t].[DispId], [t].[BillID], [t].[ChallanNo], [t].[Destination], [t].[DisVid], [t].[DispatchDate], [t].[DispatchQuantity], [t].[FinalPrice], [t].[UnitPrice], [t].[VehicleNo]
      FROM [TblDispatches] AS [t]
      WHERE [t].[ChallanNo] = @__dispatchId_0
info: Microsoft.EntityFrameworkCore.Database.Command[20101]
      Executed DbCommand (4ms) [Parameters=[@__dispatchId_0='?' (Size = 4000)], CommandType='Text', CommandTimeout='120']
      SELECT TOP(1) [t].[DispId], [t].[BillID], [t].[ChallanNo], [t].[Destination], [t].[DisVid], [t].[DispatchDate], [t].[DispatchQuantity], [t].[FinalPrice], [t].[UnitPrice], [t].[VehicleNo]
      FROM [TblDispatches] AS [t]
      WHERE [t].[ChallanNo] = @__dispatchId_0
info: Microsoft.EntityFrameworkCore.Database.Command[20101]
      Executed DbCommand (3ms) [Parameters=[@__dispatchId_0='?' (Size = 4000)], CommandType='Text', CommandTimeout='120']
      SELECT TOP(1) [t].[DispId], [t].[BillID], [t].[ChallanNo], [t].[Destination], [t].[DisVid], [t].[DispatchDate], [t].[DispatchQuantity], [t].[FinalPrice], [t].[UnitPrice], [t].[VehicleNo]
      FROM [TblDispatches] AS [t]
      WHERE [t].[ChallanNo] = @__dispatchId_0
info: Microsoft.EntityFrameworkCore.Database.Command[20101]
      Executed DbCommand (3ms) [Parameters=[@__dispatchId_0='?' (Size = 4000)], CommandType='Text', CommandTimeout='120']
      SELECT TOP(1) [t].[DispId], [t].[BillID], [t].[ChallanNo], [t].[Destination], [t].[DisVid], [t].[DispatchDate], [t].[DispatchQuantity], [t].[FinalPrice], [t].[UnitPrice], [t].[VehicleNo]
      FROM [TblDispatches] AS [t]
      WHERE [t].[ChallanNo] = @__dispatchId_0
info: Microsoft.EntityFrameworkCore.Database.Command[20101]
      Executed DbCommand (3ms) [Parameters=[@__dispatchId_0='?' (Size = 4000)], CommandType='Text', CommandTimeout='120']
      SELECT TOP(1) [t].[DispId], [t].[BillID], [t].[ChallanNo], [t].[Destination], [t].[DisVid], [t].[DispatchDate], [t].[DispatchQuantity], [t].[FinalPrice], [t].[UnitPrice], [t].[VehicleNo]
      FROM [TblDispatches] AS [t]
      WHERE [t].[ChallanNo] = @__dispatchId_0
info: Microsoft.EntityFrameworkCore.Database.Command[20101]
      Executed DbCommand (4ms) [Parameters=[@__dispatchId_0='?' (Size = 4000)], CommandType='Text', CommandTimeout='120']
      SELECT TOP(1) [t].[DispId], [t].[BillID], [t].[ChallanNo], [t].[Destination], [t].[DisVid], [t].[DispatchDate], [t].[DispatchQuantity], [t].[FinalPrice], [t].[UnitPrice], [t].[VehicleNo]
      FROM [TblDispatches] AS [t]
      WHERE [t].[ChallanNo] = @__dispatchId_0
info: Microsoft.EntityFrameworkCore.Database.Command[20101]
      Executed DbCommand (3ms) [Parameters=[@__dispatchId_0='?' (Size = 4000)], CommandType='Text', CommandTimeout='120']
      SELECT TOP(1) [t].[DispId], [t].[BillID], [t].[ChallanNo], [t].[Destination], [t].[DisVid], [t].[DispatchDate], [t].[DispatchQuantity], [t].[FinalPrice], [t].[UnitPrice], [t].[VehicleNo]
      FROM [TblDispatches] AS [t]
      WHERE [t].[ChallanNo] = @__dispatchId_0
info: Microsoft.EntityFrameworkCore.Database.Command[20101]
      Executed DbCommand (4ms) [Parameters=[@__dispatchId_0='?' (Size = 4000)], CommandType='Text', CommandTimeout='120']
      SELECT TOP(1) [t].[DispId], [t].[BillID], [t].[ChallanNo], [t].[Destination], [t].[DisVid], [t].[DispatchDate], [t].[DispatchQuantity], [t].[FinalPrice], [t].[UnitPrice], [t].[VehicleNo]
      FROM [TblDispatches] AS [t]
      WHERE [t].[ChallanNo] = @__dispatchId_0
info: Microsoft.EntityFrameworkCore.Database.Command[20101]
      Executed DbCommand (3ms) [Parameters=[@__dispatchId_0='?' (Size = 4000)], CommandType='Text', CommandTimeout='120']
      SELECT TOP(1) [t].[DispId], [t].[BillID], [t].[ChallanNo], [t].[Destination], [t].[DisVid], [t].[DispatchDate], [t].[DispatchQuantity], [t].[FinalPrice], [t].[UnitPrice], [t].[VehicleNo]
      FROM [TblDispatches] AS [t]
      WHERE [t].[ChallanNo] = @__dispatchId_0
info: Microsoft.EntityFrameworkCore.Database.Command[20101]
      Executed DbCommand (4ms) [Parameters=[@__dispatchId_0='?' (Size = 4000)], CommandType='Text', CommandTimeout='120']
      SELECT TOP(1) [t].[DispId], [t].[BillID], [t].[ChallanNo], [t].[Destination], [t].[DisVid], [t].[DispatchDate], [t].[DispatchQuantity], [t].[FinalPrice], [t].[UnitPrice], [t].[VehicleNo]
      FROM [TblDispatches] AS [t]
      WHERE [t].[ChallanNo] = @__dispatchId_0
info: Microsoft.EntityFrameworkCore.Database.Command[20101]
      Executed DbCommand (5ms) [Parameters=[@__dispatchId_0='?' (Size = 4000)], CommandType='Text', CommandTimeout='120']
      SELECT TOP(1) [t].[DispId], [t].[BillID], [t].[ChallanNo], [t].[Destination], [t].[DisVid], [t].[DispatchDate], [t].[DispatchQuantity], [t].[FinalPrice], [t].[UnitPrice], [t].[VehicleNo]
      FROM [TblDispatches] AS [t]
      WHERE [t].[ChallanNo] = @__dispatchId_0
info: Microsoft.EntityFrameworkCore.Database.Command[20101]
      Executed DbCommand (3ms) [Parameters=[@__dispatchId_0='?' (Size = 4000)], CommandType='Text', CommandTimeout='120']
      SELECT TOP(1) [t].[DispId], [t].[BillID], [t].[ChallanNo], [t].[Destination], [t].[DisVid], [t].[DispatchDate], [t].[DispatchQuantity], [t].[FinalPrice], [t].[UnitPrice], [t].[VehicleNo]
      FROM [TblDispatches] AS [t]
      WHERE [t].[ChallanNo] = @__dispatchId_0
info: Microsoft.EntityFrameworkCore.Database.Command[20101]
      Executed DbCommand (3ms) [Parameters=[@__dispatchId_0='?' (Size = 4000)], CommandType='Text', CommandTimeout='120']
      SELECT TOP(1) [t].[DispId], [t].[BillID], [t].[ChallanNo], [t].[Destination], [t].[DisVid], [t].[DispatchDate], [t].[DispatchQuantity], [t].[FinalPrice], [t].[UnitPrice], [t].[VehicleNo]
      FROM [TblDispatches] AS [t]
      WHERE [t].[ChallanNo] = @__dispatchId_0
info: Microsoft.EntityFrameworkCore.Database.Command[20101]
      Executed DbCommand (3ms) [Parameters=[@__dispatchId_0='?' (Size = 4000)], CommandType='Text', CommandTimeout='120']
      SELECT TOP(1) [t].[DispId], [t].[BillID], [t].[ChallanNo], [t].[Destination], [t].[DisVid], [t].[DispatchDate], [t].[DispatchQuantity], [t].[FinalPrice], [t].[UnitPrice], [t].[VehicleNo]
      FROM [TblDispatches] AS [t]
      WHERE [t].[ChallanNo] = @__dispatchId_0
info: Microsoft.EntityFrameworkCore.Database.Command[20101]
      Executed DbCommand (3ms) [Parameters=[@__dispatchId_0='?' (Size = 4000)], CommandType='Text', CommandTimeout='120']
      SELECT TOP(1) [t].[DispId], [t].[BillID], [t].[ChallanNo], [t].[Destination], [t].[DisVid], [t].[DispatchDate], [t].[DispatchQuantity], [t].[FinalPrice], [t].[UnitPrice], [t].[VehicleNo]
      FROM [TblDispatches] AS [t]
      WHERE [t].[ChallanNo] = @__dispatchId_0
info: Microsoft.EntityFrameworkCore.Database.Command[20101]
      Executed DbCommand (3ms) [Parameters=[@__dispatchId_0='?' (Size = 4000)], CommandType='Text', CommandTimeout='120']
      SELECT TOP(1) [t].[DispId], [t].[BillID], [t].[ChallanNo], [t].[Destination], [t].[DisVid], [t].[DispatchDate], [t].[DispatchQuantity], [t].[FinalPrice], [t].[UnitPrice], [t].[VehicleNo]
      FROM [TblDispatches] AS [t]
      WHERE [t].[ChallanNo] = @__dispatchId_0
info: Microsoft.EntityFrameworkCore.Database.Command[20101]
      Executed DbCommand (3ms) [Parameters=[@__dispatchId_0='?' (Size = 4000)], CommandType='Text', CommandTimeout='120']
      SELECT TOP(1) [t].[DispId], [t].[BillID], [t].[ChallanNo], [t].[Destination], [t].[DisVid], [t].[DispatchDate], [t].[DispatchQuantity], [t].[FinalPrice], [t].[UnitPrice], [t].[VehicleNo]
      FROM [TblDispatches] AS [t]
      WHERE [t].[ChallanNo] = @__dispatchId_0
info: Microsoft.EntityFrameworkCore.Database.Command[20101]
      Executed DbCommand (3ms) [Parameters=[@__dispatchId_0='?' (Size = 4000)], CommandType='Text', CommandTimeout='120']
      SELECT TOP(1) [t].[DispId], [t].[BillID], [t].[ChallanNo], [t].[Destination], [t].[DisVid], [t].[DispatchDate], [t].[DispatchQuantity], [t].[FinalPrice], [t].[UnitPrice], [t].[VehicleNo]
      FROM [TblDispatches] AS [t]
      WHERE [t].[ChallanNo] = @__dispatchId_0
info: Microsoft.EntityFrameworkCore.Database.Command[20101]
      Executed DbCommand (23ms) [Parameters=[@p9='?' (DbType = Int32), @p0='?' (DbType = Int32), @p1='?' (Size = 4000), @p2='?' (Size = 4000), @p3='?' (DbType = Int32), @p4='?' (DbType = DateTime2), @p5='?' (DbType = Double), @p6='?' (DbType = Double), @p7='?' (DbType = Double), @p8='?' (Size = 4000), @p19='?' (DbType = Int32), @p10='?' (DbType = Int32), @p11='?' (Size = 4000), @p12='?' (Size = 4000), @p13='?' (DbType = Int32), @p14='?' (DbType = DateTime2), @p15='?' (DbType = Double), @p16='?' (DbType = Double), @p17='?' (DbType = Double), @p18='?' (Size = 4000), @p29='?' (DbType = Int32), @p20='?' (DbType = Int32), @p21='?' (Size = 4000), @p22='?' (Size = 4000), @p23='?' (DbType = Int32), @p24='?' (DbType = DateTime2), @p25='?' (DbType = Double), @p26='?' (DbType = Double), @p27='?' (DbType = Double), @p28='?' (Size = 4000), @p39='?' (DbType = Int32), @p30='?' (DbType = Int32), @p31='?' (Size = 4000), @p32='?' (Size = 4000), @p33='?' (DbType = Int32), @p34='?' (DbType = DateTime2), @p35='?' (DbType = Double), @p36='?' (DbType = Double), @p37='?' (DbType = Double), @p38='?' (Size = 4000), @p49='?' (DbType = Int32), @p40='?' (DbType = Int32), @p41='?' (Size = 4000), @p42='?' (Size = 4000), @p43='?' (DbType = Int32), @p44='?' (DbType = DateTime2), @p45='?' (DbType = Double), @p46='?' (DbType = Double), @p47='?' (DbType = Double), @p48='?' (Size = 4000), @p59='?' (DbType = Int32), @p50='?' (DbType = Int32), @p51='?' (Size = 4000), @p52='?' (Size = 4000), @p53='?' (DbType = Int32), @p54='?' (DbType = DateTime2), @p55='?' (DbType = Double), @p56='?' (DbType = Double), @p57='?' (DbType = Double), @p58='?' (Size = 4000), @p69='?' (DbType = Int32), @p60='?' (DbType = Int32), @p61='?' (Size = 4000), @p62='?' (Size = 4000), @p63='?' (DbType = Int32), @p64='?' (DbType = DateTime2), @p65='?' (DbType = Double), @p66='?' (DbType = Double), @p67='?' (DbType = Double), @p68='?' (Size = 4000), @p79='?' (DbType = Int32), @p70='?' (DbType = Int32), @p71='?' (Size = 4000), @p72='?' (Size = 4000), @p73='?' (DbType = Int32), @p74='?' (DbType = DateTime2), @p75='?' (DbType = Double), @p76='?' (DbType = Double), @p77='?' (DbType = Double), @p78='?' (Size = 4000), @p89='?' (DbType = Int32), @p80='?' (DbType = Int32), @p81='?' (Size = 4000), @p82='?' (Size = 4000), @p83='?' (DbType = Int32), @p84='?' (DbType = DateTime2), @p85='?' (DbType = Double), @p86='?' (DbType = Double), @p87='?' (DbType = Double), @p88='?' (Size = 4000), @p99='?' (DbType = Int32), @p90='?' (DbType = Int32), @p91='?' (Size = 4000), @p92='?' (Size = 4000), @p93='?' (DbType = Int32), @p94='?' (DbType = DateTime2), @p95='?' (DbType = Double), @p96='?' (DbType = Double), @p97='?' (DbType = Double), @p98='?' (Size = 4000)], CommandType='Text', CommandTimeout='120']
      SET NOCOUNT ON;
      UPDATE [TblDispatches] SET [BillID] = @p0, [ChallanNo] = @p1, [Destination] = @p2, [DisVid] = @p3, [DispatchDate] = @p4, [DispatchQuantity] = @p5, [FinalPrice] = @p6, [UnitPrice] = @p7, [VehicleNo] = @p8
      WHERE [DispId] = @p9;
      SELECT @@ROWCOUNT;
      
      UPDATE [TblDispatches] SET [BillID] = @p10, [ChallanNo] = @p11, [Destination] = @p12, [DisVid] = @p13, [DispatchDate] = @p14, [DispatchQuantity] = @p15, [FinalPrice] = @p16, [UnitPrice] = @p17, [VehicleNo] = @p18
      WHERE [DispId] = @p19;
      SELECT @@ROWCOUNT;
      
      UPDATE [TblDispatches] SET [BillID] = @p20, [ChallanNo] = @p21, [Destination] = @p22, [DisVid] = @p23, [DispatchDate] = @p24, [DispatchQuantity] = @p25, [FinalPrice] = @p26, [UnitPrice] = @p27, [VehicleNo] = @p28
      WHERE [DispId] = @p29;
      SELECT @@ROWCOUNT;
      
      UPDATE [TblDispatches] SET [BillID] = @p30, [ChallanNo] = @p31, [Destination] = @p32, [DisVid] = @p33, [DispatchDate] = @p34, [DispatchQuantity] = @p35, [FinalPrice] = @p36, [UnitPrice] = @p37, [VehicleNo] = @p38
      WHERE [DispId] = @p39;
      SELECT @@ROWCOUNT;
      
      UPDATE [TblDispatches] SET [BillID] = @p40, [ChallanNo] = @p41, [Destination] = @p42, [DisVid] = @p43, [DispatchDate] = @p44, [DispatchQuantity] = @p45, [FinalPrice] = @p46, [UnitPrice] = @p47, [VehicleNo] = @p48
      WHERE [DispId] = @p49;
      SELECT @@ROWCOUNT;
      
      UPDATE [TblDispatches] SET [BillID] = @p50, [ChallanNo] = @p51, [Destination] = @p52, [DisVid] = @p53, [DispatchDate] = @p54, [DispatchQuantity] = @p55, [FinalPrice] = @p56, [UnitPrice] = @p57, [VehicleNo] = @p58
      WHERE [DispId] = @p59;
      SELECT @@ROWCOUNT;
      
      UPDATE [TblDispatches] SET [BillID] = @p60, [ChallanNo] = @p61, [Destination] = @p62, [DisVid] = @p63, [DispatchDate] = @p64, [DispatchQuantity] = @p65, [FinalPrice] = @p66, [UnitPrice] = @p67, [VehicleNo] = @p68
      WHERE [DispId] = @p69;
      SELECT @@ROWCOUNT;
      
      UPDATE [TblDispatches] SET [BillID] = @p70, [ChallanNo] = @p71, [Destination] = @p72, [DisVid] = @p73, [DispatchDate] = @p74, [DispatchQuantity] = @p75, [FinalPrice] = @p76, [UnitPrice] = @p77, [VehicleNo] = @p78
      WHERE [DispId] = @p79;
      SELECT @@ROWCOUNT;
      
      UPDATE [TblDispatches] SET [BillID] = @p80, [ChallanNo] = @p81, [Destination] = @p82, [DisVid] = @p83, [DispatchDate] = @p84, [DispatchQuantity] = @p85, [FinalPrice] = @p86, [UnitPrice] = @p87, [VehicleNo] = @p88
      WHERE [DispId] = @p89;
      SELECT @@ROWCOUNT;
      
      UPDATE [TblDispatches] SET [BillID] = @p90, [ChallanNo] = @p91, [Destination] = @p92, [DisVid] = @p93, [DispatchDate] = @p94, [DispatchQuantity] = @p95, [FinalPrice] = @p96, [UnitPrice] = @p97, [VehicleNo] = @p98
      WHERE [DispId] = @p99;
      SELECT @@ROWCOUNT;
info: Microsoft.EntityFrameworkCore.Infrastructure[10403]
      Entity Framework Core 6.0.21 initialized 'TransportMgmtContext' using provider 'Microsoft.EntityFrameworkCore.SqlServer:6.0.21' with options: CommandTimeout=120 
info: Microsoft.EntityFrameworkCore.Database.Command[20101]
      Executed DbCommand (3ms) [Parameters=[], CommandType='Text', CommandTimeout='120']
      SELECT [t].[FID], [t].[Address], [t].[Code], [t].[CreatedBy], [t].[CreatedOn], [t].[FactoryName], [t].[Gstin], [t].[IsActive], [t].[ModifiedBy], [t].[ModifiedOn]
      FROM [TblFactories] AS [t]
info: Microsoft.EntityFrameworkCore.Database.Command[20101]
      Executed DbCommand (1ms) [Parameters=[], CommandType='Text', CommandTimeout='120']
      SELECT [t].[FID], [t].[Address], [t].[Code], [t].[CreatedBy], [t].[CreatedOn], [t].[FactoryName], [t].[Gstin], [t].[IsActive], [t].[ModifiedBy], [t].[ModifiedOn]
      FROM [TblFactories] AS [t]
info: Microsoft.EntityFrameworkCore.Database.Command[20101]
      Executed DbCommand (4ms) [Parameters=[], CommandType='Text', CommandTimeout='120']
      SELECT [t].[DispId], [t].[BillID], [t].[ChallanNo], [t].[Destination], [t].[DisVid], [t].[DispatchDate], [t].[DispatchQuantity], [t].[FinalPrice], [t].[UnitPrice], [t].[VehicleNo]
      FROM [TblDispatches] AS [t]
info: Microsoft.EntityFrameworkCore.Infrastructure[10403]
      Entity Framework Core 6.0.21 initialized 'TransportMgmtContext' using provider 'Microsoft.EntityFrameworkCore.SqlServer:6.0.21' with options: CommandTimeout=120 
info: Microsoft.EntityFrameworkCore.Database.Command[20101]
      Executed DbCommand (2ms) [Parameters=[], CommandType='Text', CommandTimeout='120']
      SELECT [t].[FID] AS [id], [t].[FactoryName] AS [name]
      FROM [TblFactories] AS [t]
info: Microsoft.EntityFrameworkCore.Infrastructure[10403]
      Entity Framework Core 6.0.21 initialized 'TransportMgmtContext' using provider 'Microsoft.EntityFrameworkCore.SqlServer:6.0.21' with options: CommandTimeout=120 
info: Microsoft.EntityFrameworkCore.Database.Command[20101]
      Executed DbCommand (14ms) [Parameters=[p0='?' (DbType = DateTime2), p1='?' (DbType = DateTime2), p2='?' (DbType = Int32)], CommandType='Text', CommandTimeout='120']
      EXEC [dbo].[SpExpoBilldetail] @FromDate = @p0, @ToDate = @p1, @FactoryId = @p2
info: Microsoft.EntityFrameworkCore.Infrastructure[10403]
      Entity Framework Core 6.0.21 initialized 'TransportMgmtContext' using provider 'Microsoft.EntityFrameworkCore.SqlServer:6.0.21' with options: CommandTimeout=120 
info: Microsoft.EntityFrameworkCore.Database.Command[20101]
      Executed DbCommand (5ms) [Parameters=[], CommandType='Text', CommandTimeout='120']
      SELECT [t].[FID] AS [id], [t].[FactoryName] AS [name]
      FROM [TblFactories] AS [t]
info: Microsoft.EntityFrameworkCore.Infrastructure[10403]
      Entity Framework Core 6.0.21 initialized 'TransportMgmtContext' using provider 'Microsoft.EntityFrameworkCore.SqlServer:6.0.21' with options: CommandTimeout=120 
info: Microsoft.EntityFrameworkCore.Database.Command[20101]
      Executed DbCommand (36ms) [Parameters=[p0='?' (DbType = DateTime2), p1='?' (DbType = DateTime2), p2='?' (DbType = Int32)], CommandType='Text', CommandTimeout='120']
      EXEC [dbo].[SpExpoBilldetail] @FromDate = @p0, @ToDate = @p1, @FactoryId = @p2
info: Microsoft.EntityFrameworkCore.Infrastructure[10403]
      Entity Framework Core 6.0.21 initialized 'TransportMgmtContext' using provider 'Microsoft.EntityFrameworkCore.SqlServer:6.0.21' with options: CommandTimeout=120 
info: Microsoft.EntityFrameworkCore.Database.Command[20101]
      Executed DbCommand (7ms) [Parameters=[], CommandType='Text', CommandTimeout='120']
      SELECT [t].[FID], [t].[Address], [t].[Code], [t].[CreatedBy], [t].[CreatedOn], [t].[FactoryName], [t].[Gstin], [t].[IsActive], [t].[ModifiedBy], [t].[ModifiedOn]
      FROM [TblFactories] AS [t]
info: Microsoft.EntityFrameworkCore.Database.Command[20101]
      Executed DbCommand (0ms) [Parameters=[], CommandType='Text', CommandTimeout='120']
      SELECT [t].[FID], [t].[Address], [t].[Code], [t].[CreatedBy], [t].[CreatedOn], [t].[FactoryName], [t].[Gstin], [t].[IsActive], [t].[ModifiedBy], [t].[ModifiedOn]
      FROM [TblFactories] AS [t]
info: Microsoft.EntityFrameworkCore.Database.Command[20101]
      Executed DbCommand (7ms) [Parameters=[], CommandType='Text', CommandTimeout='120']
      SELECT [t].[DispId], [t].[BillID], [t].[ChallanNo], [t].[Destination], [t].[DisVid], [t].[DispatchDate], [t].[DispatchQuantity], [t].[FinalPrice], [t].[UnitPrice], [t].[VehicleNo]
      FROM [TblDispatches] AS [t]
info: Microsoft.EntityFrameworkCore.Infrastructure[10403]
      Entity Framework Core 6.0.21 initialized 'TransportMgmtContext' using provider 'Microsoft.EntityFrameworkCore.SqlServer:6.0.21' with options: CommandTimeout=120 
info: Microsoft.EntityFrameworkCore.Database.Command[20101]
      Executed DbCommand (8ms) [Parameters=[@__dispatchId_0='?' (Size = 4000)], CommandType='Text', CommandTimeout='120']
      SELECT TOP(1) [t].[DispId], [t].[BillID], [t].[ChallanNo], [t].[Destination], [t].[DisVid], [t].[DispatchDate], [t].[DispatchQuantity], [t].[FinalPrice], [t].[UnitPrice], [t].[VehicleNo]
      FROM [TblDispatches] AS [t]
      WHERE [t].[ChallanNo] = @__dispatchId_0
info: Microsoft.EntityFrameworkCore.Database.Command[20101]
      Executed DbCommand (3ms) [Parameters=[@__dispatchId_0='?' (Size = 4000)], CommandType='Text', CommandTimeout='120']
      SELECT TOP(1) [t].[DispId], [t].[BillID], [t].[ChallanNo], [t].[Destination], [t].[DisVid], [t].[DispatchDate], [t].[DispatchQuantity], [t].[FinalPrice], [t].[UnitPrice], [t].[VehicleNo]
      FROM [TblDispatches] AS [t]
      WHERE [t].[ChallanNo] = @__dispatchId_0
info: Microsoft.EntityFrameworkCore.Database.Command[20101]
      Executed DbCommand (9ms) [Parameters=[@__billNumber_0='?' (Size = 4000)], CommandType='Text', CommandTimeout='120']
      SELECT TOP(1) [b].[BillID], [b].[ActualAmount], [b].[BillDate], [b].[BillNum], [b].[BillType], [b].[FID], [b].[Gst], [b].[GstDate], [b].[PId], [b].[PaymentReceived], [b].[PaymentTablePId], [b].[Tds]
      FROM [BillTables] AS [b]
      WHERE [b].[BillNum] = @__billNumber_0
info: Microsoft.EntityFrameworkCore.Database.Command[20101]
      Executed DbCommand (7ms) [Parameters=[@p0='?' (DbType = Double), @p1='?' (DbType = DateTime2), @p2='?' (Size = 4000), @p3='?' (Size = 4000), @p4='?' (DbType = Int32), @p5='?' (DbType = Double), @p6='?' (DbType = DateTime2), @p7='?' (DbType = Int32), @p8='?' (DbType = Double), @p9='?' (DbType = Int32), @p10='?' (DbType = Double)], CommandType='Text', CommandTimeout='120']
      SET NOCOUNT ON;
      INSERT INTO [BillTables] ([ActualAmount], [BillDate], [BillNum], [BillType], [FID], [Gst], [GstDate], [PId], [PaymentReceived], [PaymentTablePId], [Tds])
      VALUES (@p0, @p1, @p2, @p3, @p4, @p5, @p6, @p7, @p8, @p9, @p10);
      SELECT [BillID]
      FROM [BillTables]
      WHERE @@ROWCOUNT = 1 AND [BillID] = scope_identity();
info: Microsoft.EntityFrameworkCore.Database.Command[20101]
      Executed DbCommand (3ms) [Parameters=[@p2='?' (DbType = Int32), @p0='?' (DbType = Double), @p1='?' (DbType = Double)], CommandType='Text', CommandTimeout='120']
      SET NOCOUNT ON;
      UPDATE [TblDispatches] SET [FinalPrice] = @p0, [UnitPrice] = @p1
      WHERE [DispId] = @p2;
      SELECT @@ROWCOUNT;
info: Microsoft.EntityFrameworkCore.Database.Command[20101]
      Executed DbCommand (3ms) [Parameters=[@__dispatchId_0='?' (Size = 4000)], CommandType='Text', CommandTimeout='120']
      SELECT TOP(1) [t].[DispId], [t].[BillID], [t].[ChallanNo], [t].[Destination], [t].[DisVid], [t].[DispatchDate], [t].[DispatchQuantity], [t].[FinalPrice], [t].[UnitPrice], [t].[VehicleNo]
      FROM [TblDispatches] AS [t]
      WHERE [t].[ChallanNo] = @__dispatchId_0
info: Microsoft.EntityFrameworkCore.Database.Command[20101]
      Executed DbCommand (4ms) [Parameters=[@__dispatchId_0='?' (Size = 4000)], CommandType='Text', CommandTimeout='120']
      SELECT TOP(1) [t].[DispId], [t].[BillID], [t].[ChallanNo], [t].[Destination], [t].[DisVid], [t].[DispatchDate], [t].[DispatchQuantity], [t].[FinalPrice], [t].[UnitPrice], [t].[VehicleNo]
      FROM [TblDispatches] AS [t]
      WHERE [t].[ChallanNo] = @__dispatchId_0
info: Microsoft.EntityFrameworkCore.Database.Command[20101]
      Executed DbCommand (3ms) [Parameters=[@__dispatchId_0='?' (Size = 4000)], CommandType='Text', CommandTimeout='120']
      SELECT TOP(1) [t].[DispId], [t].[BillID], [t].[ChallanNo], [t].[Destination], [t].[DisVid], [t].[DispatchDate], [t].[DispatchQuantity], [t].[FinalPrice], [t].[UnitPrice], [t].[VehicleNo]
      FROM [TblDispatches] AS [t]
      WHERE [t].[ChallanNo] = @__dispatchId_0
info: Microsoft.EntityFrameworkCore.Database.Command[20101]
      Executed DbCommand (4ms) [Parameters=[@__dispatchId_0='?' (Size = 4000)], CommandType='Text', CommandTimeout='120']
      SELECT TOP(1) [t].[DispId], [t].[BillID], [t].[ChallanNo], [t].[Destination], [t].[DisVid], [t].[DispatchDate], [t].[DispatchQuantity], [t].[FinalPrice], [t].[UnitPrice], [t].[VehicleNo]
      FROM [TblDispatches] AS [t]
      WHERE [t].[ChallanNo] = @__dispatchId_0
info: Microsoft.EntityFrameworkCore.Database.Command[20101]
      Executed DbCommand (3ms) [Parameters=[@__dispatchId_0='?' (Size = 4000)], CommandType='Text', CommandTimeout='120']
      SELECT TOP(1) [t].[DispId], [t].[BillID], [t].[ChallanNo], [t].[Destination], [t].[DisVid], [t].[DispatchDate], [t].[DispatchQuantity], [t].[FinalPrice], [t].[UnitPrice], [t].[VehicleNo]
      FROM [TblDispatches] AS [t]
      WHERE [t].[ChallanNo] = @__dispatchId_0
info: Microsoft.EntityFrameworkCore.Database.Command[20101]
      Executed DbCommand (2ms) [Parameters=[@__dispatchId_0='?' (Size = 4000)], CommandType='Text', CommandTimeout='120']
      SELECT TOP(1) [t].[DispId], [t].[BillID], [t].[ChallanNo], [t].[Destination], [t].[DisVid], [t].[DispatchDate], [t].[DispatchQuantity], [t].[FinalPrice], [t].[UnitPrice], [t].[VehicleNo]
      FROM [TblDispatches] AS [t]
      WHERE [t].[ChallanNo] = @__dispatchId_0
info: Microsoft.EntityFrameworkCore.Database.Command[20101]
      Executed DbCommand (4ms) [Parameters=[@__dispatchId_0='?' (Size = 4000)], CommandType='Text', CommandTimeout='120']
      SELECT TOP(1) [t].[DispId], [t].[BillID], [t].[ChallanNo], [t].[Destination], [t].[DisVid], [t].[DispatchDate], [t].[DispatchQuantity], [t].[FinalPrice], [t].[UnitPrice], [t].[VehicleNo]
      FROM [TblDispatches] AS [t]
      WHERE [t].[ChallanNo] = @__dispatchId_0
info: Microsoft.EntityFrameworkCore.Database.Command[20101]
      Executed DbCommand (3ms) [Parameters=[@__dispatchId_0='?' (Size = 4000)], CommandType='Text', CommandTimeout='120']
      SELECT TOP(1) [t].[DispId], [t].[BillID], [t].[ChallanNo], [t].[Destination], [t].[DisVid], [t].[DispatchDate], [t].[DispatchQuantity], [t].[FinalPrice], [t].[UnitPrice], [t].[VehicleNo]
      FROM [TblDispatches] AS [t]
      WHERE [t].[ChallanNo] = @__dispatchId_0
info: Microsoft.EntityFrameworkCore.Database.Command[20101]
      Executed DbCommand (4ms) [Parameters=[@__dispatchId_0='?' (Size = 4000)], CommandType='Text', CommandTimeout='120']
      SELECT TOP(1) [t].[DispId], [t].[BillID], [t].[ChallanNo], [t].[Destination], [t].[DisVid], [t].[DispatchDate], [t].[DispatchQuantity], [t].[FinalPrice], [t].[UnitPrice], [t].[VehicleNo]
      FROM [TblDispatches] AS [t]
      WHERE [t].[ChallanNo] = @__dispatchId_0
info: Microsoft.EntityFrameworkCore.Database.Command[20101]
      Executed DbCommand (3ms) [Parameters=[@__dispatchId_0='?' (Size = 4000)], CommandType='Text', CommandTimeout='120']
      SELECT TOP(1) [t].[DispId], [t].[BillID], [t].[ChallanNo], [t].[Destination], [t].[DisVid], [t].[DispatchDate], [t].[DispatchQuantity], [t].[FinalPrice], [t].[UnitPrice], [t].[VehicleNo]
      FROM [TblDispatches] AS [t]
      WHERE [t].[ChallanNo] = @__dispatchId_0
info: Microsoft.EntityFrameworkCore.Database.Command[20101]
      Executed DbCommand (3ms) [Parameters=[@__dispatchId_0='?' (Size = 4000)], CommandType='Text', CommandTimeout='120']
      SELECT TOP(1) [t].[DispId], [t].[BillID], [t].[ChallanNo], [t].[Destination], [t].[DisVid], [t].[DispatchDate], [t].[DispatchQuantity], [t].[FinalPrice], [t].[UnitPrice], [t].[VehicleNo]
      FROM [TblDispatches] AS [t]
      WHERE [t].[ChallanNo] = @__dispatchId_0
info: Microsoft.EntityFrameworkCore.Database.Command[20101]
      Executed DbCommand (3ms) [Parameters=[@__dispatchId_0='?' (Size = 4000)], CommandType='Text', CommandTimeout='120']
      SELECT TOP(1) [t].[DispId], [t].[BillID], [t].[ChallanNo], [t].[Destination], [t].[DisVid], [t].[DispatchDate], [t].[DispatchQuantity], [t].[FinalPrice], [t].[UnitPrice], [t].[VehicleNo]
      FROM [TblDispatches] AS [t]
      WHERE [t].[ChallanNo] = @__dispatchId_0
info: Microsoft.EntityFrameworkCore.Database.Command[20101]
      Executed DbCommand (3ms) [Parameters=[@__dispatchId_0='?' (Size = 4000)], CommandType='Text', CommandTimeout='120']
      SELECT TOP(1) [t].[DispId], [t].[BillID], [t].[ChallanNo], [t].[Destination], [t].[DisVid], [t].[DispatchDate], [t].[DispatchQuantity], [t].[FinalPrice], [t].[UnitPrice], [t].[VehicleNo]
      FROM [TblDispatches] AS [t]
      WHERE [t].[ChallanNo] = @__dispatchId_0
info: Microsoft.EntityFrameworkCore.Database.Command[20101]
      Executed DbCommand (4ms) [Parameters=[@__dispatchId_0='?' (Size = 4000)], CommandType='Text', CommandTimeout='120']
      SELECT TOP(1) [t].[DispId], [t].[BillID], [t].[ChallanNo], [t].[Destination], [t].[DisVid], [t].[DispatchDate], [t].[DispatchQuantity], [t].[FinalPrice], [t].[UnitPrice], [t].[VehicleNo]
      FROM [TblDispatches] AS [t]
      WHERE [t].[ChallanNo] = @__dispatchId_0
info: Microsoft.EntityFrameworkCore.Database.Command[20101]
      Executed DbCommand (3ms) [Parameters=[@__dispatchId_0='?' (Size = 4000)], CommandType='Text', CommandTimeout='120']
      SELECT TOP(1) [t].[DispId], [t].[BillID], [t].[ChallanNo], [t].[Destination], [t].[DisVid], [t].[DispatchDate], [t].[DispatchQuantity], [t].[FinalPrice], [t].[UnitPrice], [t].[VehicleNo]
      FROM [TblDispatches] AS [t]
      WHERE [t].[ChallanNo] = @__dispatchId_0
info: Microsoft.EntityFrameworkCore.Database.Command[20101]
      Executed DbCommand (3ms) [Parameters=[@__dispatchId_0='?' (Size = 4000)], CommandType='Text', CommandTimeout='120']
      SELECT TOP(1) [t].[DispId], [t].[BillID], [t].[ChallanNo], [t].[Destination], [t].[DisVid], [t].[DispatchDate], [t].[DispatchQuantity], [t].[FinalPrice], [t].[UnitPrice], [t].[VehicleNo]
      FROM [TblDispatches] AS [t]
      WHERE [t].[ChallanNo] = @__dispatchId_0
info: Microsoft.EntityFrameworkCore.Database.Command[20101]
      Executed DbCommand (6ms) [Parameters=[@__dispatchId_0='?' (Size = 4000)], CommandType='Text', CommandTimeout='120']
      SELECT TOP(1) [t].[DispId], [t].[BillID], [t].[ChallanNo], [t].[Destination], [t].[DisVid], [t].[DispatchDate], [t].[DispatchQuantity], [t].[FinalPrice], [t].[UnitPrice], [t].[VehicleNo]
      FROM [TblDispatches] AS [t]
      WHERE [t].[ChallanNo] = @__dispatchId_0
info: Microsoft.EntityFrameworkCore.Database.Command[20101]
      Executed DbCommand (6ms) [Parameters=[@__dispatchId_0='?' (Size = 4000)], CommandType='Text', CommandTimeout='120']
      SELECT TOP(1) [t].[DispId], [t].[BillID], [t].[ChallanNo], [t].[Destination], [t].[DisVid], [t].[DispatchDate], [t].[DispatchQuantity], [t].[FinalPrice], [t].[UnitPrice], [t].[VehicleNo]
      FROM [TblDispatches] AS [t]
      WHERE [t].[ChallanNo] = @__dispatchId_0
info: Microsoft.EntityFrameworkCore.Database.Command[20101]
      Executed DbCommand (3ms) [Parameters=[@__dispatchId_0='?' (Size = 4000)], CommandType='Text', CommandTimeout='120']
      SELECT TOP(1) [t].[DispId], [t].[BillID], [t].[ChallanNo], [t].[Destination], [t].[DisVid], [t].[DispatchDate], [t].[DispatchQuantity], [t].[FinalPrice], [t].[UnitPrice], [t].[VehicleNo]
      FROM [TblDispatches] AS [t]
      WHERE [t].[ChallanNo] = @__dispatchId_0
info: Microsoft.EntityFrameworkCore.Database.Command[20101]
      Executed DbCommand (2ms) [Parameters=[@__dispatchId_0='?' (Size = 4000)], CommandType='Text', CommandTimeout='120']
      SELECT TOP(1) [t].[DispId], [t].[BillID], [t].[ChallanNo], [t].[Destination], [t].[DisVid], [t].[DispatchDate], [t].[DispatchQuantity], [t].[FinalPrice], [t].[UnitPrice], [t].[VehicleNo]
      FROM [TblDispatches] AS [t]
      WHERE [t].[ChallanNo] = @__dispatchId_0
info: Microsoft.EntityFrameworkCore.Database.Command[20101]
      Executed DbCommand (7ms) [Parameters=[@__dispatchId_0='?' (Size = 4000)], CommandType='Text', CommandTimeout='120']
      SELECT TOP(1) [t].[DispId], [t].[BillID], [t].[ChallanNo], [t].[Destination], [t].[DisVid], [t].[DispatchDate], [t].[DispatchQuantity], [t].[FinalPrice], [t].[UnitPrice], [t].[VehicleNo]
      FROM [TblDispatches] AS [t]
      WHERE [t].[ChallanNo] = @__dispatchId_0
info: Microsoft.EntityFrameworkCore.Database.Command[20101]
      Executed DbCommand (3ms) [Parameters=[@__dispatchId_0='?' (Size = 4000)], CommandType='Text', CommandTimeout='120']
      SELECT TOP(1) [t].[DispId], [t].[BillID], [t].[ChallanNo], [t].[Destination], [t].[DisVid], [t].[DispatchDate], [t].[DispatchQuantity], [t].[FinalPrice], [t].[UnitPrice], [t].[VehicleNo]
      FROM [TblDispatches] AS [t]
      WHERE [t].[ChallanNo] = @__dispatchId_0
info: Microsoft.EntityFrameworkCore.Database.Command[20101]
      Executed DbCommand (6ms) [Parameters=[@__dispatchId_0='?' (Size = 4000)], CommandType='Text', CommandTimeout='120']
      SELECT TOP(1) [t].[DispId], [t].[BillID], [t].[ChallanNo], [t].[Destination], [t].[DisVid], [t].[DispatchDate], [t].[DispatchQuantity], [t].[FinalPrice], [t].[UnitPrice], [t].[VehicleNo]
      FROM [TblDispatches] AS [t]
      WHERE [t].[ChallanNo] = @__dispatchId_0
info: Microsoft.EntityFrameworkCore.Database.Command[20101]
      Executed DbCommand (4ms) [Parameters=[@__dispatchId_0='?' (Size = 4000)], CommandType='Text', CommandTimeout='120']
      SELECT TOP(1) [t].[DispId], [t].[BillID], [t].[ChallanNo], [t].[Destination], [t].[DisVid], [t].[DispatchDate], [t].[DispatchQuantity], [t].[FinalPrice], [t].[UnitPrice], [t].[VehicleNo]
      FROM [TblDispatches] AS [t]
      WHERE [t].[ChallanNo] = @__dispatchId_0
info: Microsoft.EntityFrameworkCore.Database.Command[20101]
      Executed DbCommand (4ms) [Parameters=[@__dispatchId_0='?' (Size = 4000)], CommandType='Text', CommandTimeout='120']
      SELECT TOP(1) [t].[DispId], [t].[BillID], [t].[ChallanNo], [t].[Destination], [t].[DisVid], [t].[DispatchDate], [t].[DispatchQuantity], [t].[FinalPrice], [t].[UnitPrice], [t].[VehicleNo]
      FROM [TblDispatches] AS [t]
      WHERE [t].[ChallanNo] = @__dispatchId_0
info: Microsoft.EntityFrameworkCore.Database.Command[20101]
      Executed DbCommand (3ms) [Parameters=[@__dispatchId_0='?' (Size = 4000)], CommandType='Text', CommandTimeout='120']
      SELECT TOP(1) [t].[DispId], [t].[BillID], [t].[ChallanNo], [t].[Destination], [t].[DisVid], [t].[DispatchDate], [t].[DispatchQuantity], [t].[FinalPrice], [t].[UnitPrice], [t].[VehicleNo]
      FROM [TblDispatches] AS [t]
      WHERE [t].[ChallanNo] = @__dispatchId_0
info: Microsoft.EntityFrameworkCore.Database.Command[20101]
      Executed DbCommand (4ms) [Parameters=[@__dispatchId_0='?' (Size = 4000)], CommandType='Text', CommandTimeout='120']
      SELECT TOP(1) [t].[DispId], [t].[BillID], [t].[ChallanNo], [t].[Destination], [t].[DisVid], [t].[DispatchDate], [t].[DispatchQuantity], [t].[FinalPrice], [t].[UnitPrice], [t].[VehicleNo]
      FROM [TblDispatches] AS [t]
      WHERE [t].[ChallanNo] = @__dispatchId_0
info: Microsoft.EntityFrameworkCore.Database.Command[20101]
      Executed DbCommand (3ms) [Parameters=[@__dispatchId_0='?' (Size = 4000)], CommandType='Text', CommandTimeout='120']
      SELECT TOP(1) [t].[DispId], [t].[BillID], [t].[ChallanNo], [t].[Destination], [t].[DisVid], [t].[DispatchDate], [t].[DispatchQuantity], [t].[FinalPrice], [t].[UnitPrice], [t].[VehicleNo]
      FROM [TblDispatches] AS [t]
      WHERE [t].[ChallanNo] = @__dispatchId_0
info: Microsoft.EntityFrameworkCore.Database.Command[20101]
      Executed DbCommand (3ms) [Parameters=[@__dispatchId_0='?' (Size = 4000)], CommandType='Text', CommandTimeout='120']
      SELECT TOP(1) [t].[DispId], [t].[BillID], [t].[ChallanNo], [t].[Destination], [t].[DisVid], [t].[DispatchDate], [t].[DispatchQuantity], [t].[FinalPrice], [t].[UnitPrice], [t].[VehicleNo]
      FROM [TblDispatches] AS [t]
      WHERE [t].[ChallanNo] = @__dispatchId_0
info: Microsoft.EntityFrameworkCore.Database.Command[20101]
      Executed DbCommand (4ms) [Parameters=[@__dispatchId_0='?' (Size = 4000)], CommandType='Text', CommandTimeout='120']
      SELECT TOP(1) [t].[DispId], [t].[BillID], [t].[ChallanNo], [t].[Destination], [t].[DisVid], [t].[DispatchDate], [t].[DispatchQuantity], [t].[FinalPrice], [t].[UnitPrice], [t].[VehicleNo]
      FROM [TblDispatches] AS [t]
      WHERE [t].[ChallanNo] = @__dispatchId_0
info: Microsoft.EntityFrameworkCore.Database.Command[20101]
      Executed DbCommand (3ms) [Parameters=[@__dispatchId_0='?' (Size = 4000)], CommandType='Text', CommandTimeout='120']
      SELECT TOP(1) [t].[DispId], [t].[BillID], [t].[ChallanNo], [t].[Destination], [t].[DisVid], [t].[DispatchDate], [t].[DispatchQuantity], [t].[FinalPrice], [t].[UnitPrice], [t].[VehicleNo]
      FROM [TblDispatches] AS [t]
      WHERE [t].[ChallanNo] = @__dispatchId_0
info: Microsoft.EntityFrameworkCore.Database.Command[20101]
      Executed DbCommand (3ms) [Parameters=[@__dispatchId_0='?' (Size = 4000)], CommandType='Text', CommandTimeout='120']
      SELECT TOP(1) [t].[DispId], [t].[BillID], [t].[ChallanNo], [t].[Destination], [t].[DisVid], [t].[DispatchDate], [t].[DispatchQuantity], [t].[FinalPrice], [t].[UnitPrice], [t].[VehicleNo]
      FROM [TblDispatches] AS [t]
      WHERE [t].[ChallanNo] = @__dispatchId_0
info: Microsoft.EntityFrameworkCore.Database.Command[20101]
      Executed DbCommand (5ms) [Parameters=[@__dispatchId_0='?' (Size = 4000)], CommandType='Text', CommandTimeout='120']
      SELECT TOP(1) [t].[DispId], [t].[BillID], [t].[ChallanNo], [t].[Destination], [t].[DisVid], [t].[DispatchDate], [t].[DispatchQuantity], [t].[FinalPrice], [t].[UnitPrice], [t].[VehicleNo]
      FROM [TblDispatches] AS [t]
      WHERE [t].[ChallanNo] = @__dispatchId_0
info: Microsoft.EntityFrameworkCore.Database.Command[20101]
      Executed DbCommand (5ms) [Parameters=[@__dispatchId_0='?' (Size = 4000)], CommandType='Text', CommandTimeout='120']
      SELECT TOP(1) [t].[DispId], [t].[BillID], [t].[ChallanNo], [t].[Destination], [t].[DisVid], [t].[DispatchDate], [t].[DispatchQuantity], [t].[FinalPrice], [t].[UnitPrice], [t].[VehicleNo]
      FROM [TblDispatches] AS [t]
      WHERE [t].[ChallanNo] = @__dispatchId_0
info: Microsoft.EntityFrameworkCore.Database.Command[20101]
      Executed DbCommand (5ms) [Parameters=[@__dispatchId_0='?' (Size = 4000)], CommandType='Text', CommandTimeout='120']
      SELECT TOP(1) [t].[DispId], [t].[BillID], [t].[ChallanNo], [t].[Destination], [t].[DisVid], [t].[DispatchDate], [t].[DispatchQuantity], [t].[FinalPrice], [t].[UnitPrice], [t].[VehicleNo]
      FROM [TblDispatches] AS [t]
      WHERE [t].[ChallanNo] = @__dispatchId_0
info: Microsoft.EntityFrameworkCore.Database.Command[20101]
      Executed DbCommand (3ms) [Parameters=[@__dispatchId_0='?' (Size = 4000)], CommandType='Text', CommandTimeout='120']
      SELECT TOP(1) [t].[DispId], [t].[BillID], [t].[ChallanNo], [t].[Destination], [t].[DisVid], [t].[DispatchDate], [t].[DispatchQuantity], [t].[FinalPrice], [t].[UnitPrice], [t].[VehicleNo]
      FROM [TblDispatches] AS [t]
      WHERE [t].[ChallanNo] = @__dispatchId_0
info: Microsoft.EntityFrameworkCore.Database.Command[20101]
      Executed DbCommand (5ms) [Parameters=[@__dispatchId_0='?' (Size = 4000)], CommandType='Text', CommandTimeout='120']
      SELECT TOP(1) [t].[DispId], [t].[BillID], [t].[ChallanNo], [t].[Destination], [t].[DisVid], [t].[DispatchDate], [t].[DispatchQuantity], [t].[FinalPrice], [t].[UnitPrice], [t].[VehicleNo]
      FROM [TblDispatches] AS [t]
      WHERE [t].[ChallanNo] = @__dispatchId_0
info: Microsoft.EntityFrameworkCore.Database.Command[20101]
      Executed DbCommand (5ms) [Parameters=[@__dispatchId_0='?' (Size = 4000)], CommandType='Text', CommandTimeout='120']
      SELECT TOP(1) [t].[DispId], [t].[BillID], [t].[ChallanNo], [t].[Destination], [t].[DisVid], [t].[DispatchDate], [t].[DispatchQuantity], [t].[FinalPrice], [t].[UnitPrice], [t].[VehicleNo]
      FROM [TblDispatches] AS [t]
      WHERE [t].[ChallanNo] = @__dispatchId_0
info: Microsoft.EntityFrameworkCore.Database.Command[20101]
      Executed DbCommand (3ms) [Parameters=[@__dispatchId_0='?' (Size = 4000)], CommandType='Text', CommandTimeout='120']
      SELECT TOP(1) [t].[DispId], [t].[BillID], [t].[ChallanNo], [t].[Destination], [t].[DisVid], [t].[DispatchDate], [t].[DispatchQuantity], [t].[FinalPrice], [t].[UnitPrice], [t].[VehicleNo]
      FROM [TblDispatches] AS [t]
      WHERE [t].[ChallanNo] = @__dispatchId_0
info: Microsoft.EntityFrameworkCore.Database.Command[20101]
      Executed DbCommand (6ms) [Parameters=[@__dispatchId_0='?' (Size = 4000)], CommandType='Text', CommandTimeout='120']
      SELECT TOP(1) [t].[DispId], [t].[BillID], [t].[ChallanNo], [t].[Destination], [t].[DisVid], [t].[DispatchDate], [t].[DispatchQuantity], [t].[FinalPrice], [t].[UnitPrice], [t].[VehicleNo]
      FROM [TblDispatches] AS [t]
      WHERE [t].[ChallanNo] = @__dispatchId_0
info: Microsoft.EntityFrameworkCore.Database.Command[20101]
      Executed DbCommand (7ms) [Parameters=[@__dispatchId_0='?' (Size = 4000)], CommandType='Text', CommandTimeout='120']
      SELECT TOP(1) [t].[DispId], [t].[BillID], [t].[ChallanNo], [t].[Destination], [t].[DisVid], [t].[DispatchDate], [t].[DispatchQuantity], [t].[FinalPrice], [t].[UnitPrice], [t].[VehicleNo]
      FROM [TblDispatches] AS [t]
      WHERE [t].[ChallanNo] = @__dispatchId_0
info: Microsoft.EntityFrameworkCore.Database.Command[20101]
      Executed DbCommand (5ms) [Parameters=[@__dispatchId_0='?' (Size = 4000)], CommandType='Text', CommandTimeout='120']
      SELECT TOP(1) [t].[DispId], [t].[BillID], [t].[ChallanNo], [t].[Destination], [t].[DisVid], [t].[DispatchDate], [t].[DispatchQuantity], [t].[FinalPrice], [t].[UnitPrice], [t].[VehicleNo]
      FROM [TblDispatches] AS [t]
      WHERE [t].[ChallanNo] = @__dispatchId_0
info: Microsoft.EntityFrameworkCore.Database.Command[20101]
      Executed DbCommand (4ms) [Parameters=[@__dispatchId_0='?' (Size = 4000)], CommandType='Text', CommandTimeout='120']
      SELECT TOP(1) [t].[DispId], [t].[BillID], [t].[ChallanNo], [t].[Destination], [t].[DisVid], [t].[DispatchDate], [t].[DispatchQuantity], [t].[FinalPrice], [t].[UnitPrice], [t].[VehicleNo]
      FROM [TblDispatches] AS [t]
      WHERE [t].[ChallanNo] = @__dispatchId_0
info: Microsoft.EntityFrameworkCore.Database.Command[20101]
      Executed DbCommand (3ms) [Parameters=[@__dispatchId_0='?' (Size = 4000)], CommandType='Text', CommandTimeout='120']
      SELECT TOP(1) [t].[DispId], [t].[BillID], [t].[ChallanNo], [t].[Destination], [t].[DisVid], [t].[DispatchDate], [t].[DispatchQuantity], [t].[FinalPrice], [t].[UnitPrice], [t].[VehicleNo]
      FROM [TblDispatches] AS [t]
      WHERE [t].[ChallanNo] = @__dispatchId_0
info: Microsoft.EntityFrameworkCore.Database.Command[20101]
      Executed DbCommand (5ms) [Parameters=[@__dispatchId_0='?' (Size = 4000)], CommandType='Text', CommandTimeout='120']
      SELECT TOP(1) [t].[DispId], [t].[BillID], [t].[ChallanNo], [t].[Destination], [t].[DisVid], [t].[DispatchDate], [t].[DispatchQuantity], [t].[FinalPrice], [t].[UnitPrice], [t].[VehicleNo]
      FROM [TblDispatches] AS [t]
      WHERE [t].[ChallanNo] = @__dispatchId_0
info: Microsoft.EntityFrameworkCore.Database.Command[20101]
      Executed DbCommand (7ms) [Parameters=[@__dispatchId_0='?' (Size = 4000)], CommandType='Text', CommandTimeout='120']
      SELECT TOP(1) [t].[DispId], [t].[BillID], [t].[ChallanNo], [t].[Destination], [t].[DisVid], [t].[DispatchDate], [t].[DispatchQuantity], [t].[FinalPrice], [t].[UnitPrice], [t].[VehicleNo]
      FROM [TblDispatches] AS [t]
      WHERE [t].[ChallanNo] = @__dispatchId_0
info: Microsoft.EntityFrameworkCore.Database.Command[20101]
      Executed DbCommand (6ms) [Parameters=[@__dispatchId_0='?' (Size = 4000)], CommandType='Text', CommandTimeout='120']
      SELECT TOP(1) [t].[DispId], [t].[BillID], [t].[ChallanNo], [t].[Destination], [t].[DisVid], [t].[DispatchDate], [t].[DispatchQuantity], [t].[FinalPrice], [t].[UnitPrice], [t].[VehicleNo]
      FROM [TblDispatches] AS [t]
      WHERE [t].[ChallanNo] = @__dispatchId_0
info: Microsoft.EntityFrameworkCore.Database.Command[20101]
      Executed DbCommand (4ms) [Parameters=[@__dispatchId_0='?' (Size = 4000)], CommandType='Text', CommandTimeout='120']
      SELECT TOP(1) [t].[DispId], [t].[BillID], [t].[ChallanNo], [t].[Destination], [t].[DisVid], [t].[DispatchDate], [t].[DispatchQuantity], [t].[FinalPrice], [t].[UnitPrice], [t].[VehicleNo]
      FROM [TblDispatches] AS [t]
      WHERE [t].[ChallanNo] = @__dispatchId_0
info: Microsoft.EntityFrameworkCore.Database.Command[20101]
      Executed DbCommand (3ms) [Parameters=[@__dispatchId_0='?' (Size = 4000)], CommandType='Text', CommandTimeout='120']
      SELECT TOP(1) [t].[DispId], [t].[BillID], [t].[ChallanNo], [t].[Destination], [t].[DisVid], [t].[DispatchDate], [t].[DispatchQuantity], [t].[FinalPrice], [t].[UnitPrice], [t].[VehicleNo]
      FROM [TblDispatches] AS [t]
      WHERE [t].[ChallanNo] = @__dispatchId_0
info: Microsoft.EntityFrameworkCore.Database.Command[20101]
      Executed DbCommand (3ms) [Parameters=[@__dispatchId_0='?' (Size = 4000)], CommandType='Text', CommandTimeout='120']
      SELECT TOP(1) [t].[DispId], [t].[BillID], [t].[ChallanNo], [t].[Destination], [t].[DisVid], [t].[DispatchDate], [t].[DispatchQuantity], [t].[FinalPrice], [t].[UnitPrice], [t].[VehicleNo]
      FROM [TblDispatches] AS [t]
      WHERE [t].[ChallanNo] = @__dispatchId_0
info: Microsoft.EntityFrameworkCore.Database.Command[20101]
      Executed DbCommand (3ms) [Parameters=[@__dispatchId_0='?' (Size = 4000)], CommandType='Text', CommandTimeout='120']
      SELECT TOP(1) [t].[DispId], [t].[BillID], [t].[ChallanNo], [t].[Destination], [t].[DisVid], [t].[DispatchDate], [t].[DispatchQuantity], [t].[FinalPrice], [t].[UnitPrice], [t].[VehicleNo]
      FROM [TblDispatches] AS [t]
      WHERE [t].[ChallanNo] = @__dispatchId_0
info: Microsoft.EntityFrameworkCore.Database.Command[20101]
      Executed DbCommand (3ms) [Parameters=[@__dispatchId_0='?' (Size = 4000)], CommandType='Text', CommandTimeout='120']
      SELECT TOP(1) [t].[DispId], [t].[BillID], [t].[ChallanNo], [t].[Destination], [t].[DisVid], [t].[DispatchDate], [t].[DispatchQuantity], [t].[FinalPrice], [t].[UnitPrice], [t].[VehicleNo]
      FROM [TblDispatches] AS [t]
      WHERE [t].[ChallanNo] = @__dispatchId_0
info: Microsoft.EntityFrameworkCore.Database.Command[20101]
      Executed DbCommand (4ms) [Parameters=[@__dispatchId_0='?' (Size = 4000)], CommandType='Text', CommandTimeout='120']
      SELECT TOP(1) [t].[DispId], [t].[BillID], [t].[ChallanNo], [t].[Destination], [t].[DisVid], [t].[DispatchDate], [t].[DispatchQuantity], [t].[FinalPrice], [t].[UnitPrice], [t].[VehicleNo]
      FROM [TblDispatches] AS [t]
      WHERE [t].[ChallanNo] = @__dispatchId_0
info: Microsoft.EntityFrameworkCore.Database.Command[20101]
      Executed DbCommand (4ms) [Parameters=[@__dispatchId_0='?' (Size = 4000)], CommandType='Text', CommandTimeout='120']
      SELECT TOP(1) [t].[DispId], [t].[BillID], [t].[ChallanNo], [t].[Destination], [t].[DisVid], [t].[DispatchDate], [t].[DispatchQuantity], [t].[FinalPrice], [t].[UnitPrice], [t].[VehicleNo]
      FROM [TblDispatches] AS [t]
      WHERE [t].[ChallanNo] = @__dispatchId_0
info: Microsoft.EntityFrameworkCore.Database.Command[20101]
      Executed DbCommand (3ms) [Parameters=[@__dispatchId_0='?' (Size = 4000)], CommandType='Text', CommandTimeout='120']
      SELECT TOP(1) [t].[DispId], [t].[BillID], [t].[ChallanNo], [t].[Destination], [t].[DisVid], [t].[DispatchDate], [t].[DispatchQuantity], [t].[FinalPrice], [t].[UnitPrice], [t].[VehicleNo]
      FROM [TblDispatches] AS [t]
      WHERE [t].[ChallanNo] = @__dispatchId_0
info: Microsoft.EntityFrameworkCore.Database.Command[20101]
      Executed DbCommand (56ms) [Parameters=[@p9='?' (DbType = Int32), @p0='?' (DbType = Int32), @p1='?' (Size = 4000), @p2='?' (Size = 4000), @p3='?' (DbType = Int32), @p4='?' (DbType = DateTime2), @p5='?' (DbType = Double), @p6='?' (DbType = Double), @p7='?' (DbType = Double), @p8='?' (Size = 4000), @p19='?' (DbType = Int32), @p10='?' (DbType = Int32), @p11='?' (Size = 4000), @p12='?' (Size = 4000), @p13='?' (DbType = Int32), @p14='?' (DbType = DateTime2), @p15='?' (DbType = Double), @p16='?' (DbType = Double), @p17='?' (DbType = Double), @p18='?' (Size = 4000), @p29='?' (DbType = Int32), @p20='?' (DbType = Int32), @p21='?' (Size = 4000), @p22='?' (Size = 4000), @p23='?' (DbType = Int32), @p24='?' (DbType = DateTime2), @p25='?' (DbType = Double), @p26='?' (DbType = Double), @p27='?' (DbType = Double), @p28='?' (Size = 4000), @p39='?' (DbType = Int32), @p30='?' (DbType = Int32), @p31='?' (Size = 4000), @p32='?' (Size = 4000), @p33='?' (DbType = Int32), @p34='?' (DbType = DateTime2), @p35='?' (DbType = Double), @p36='?' (DbType = Double), @p37='?' (DbType = Double), @p38='?' (Size = 4000), @p49='?' (DbType = Int32), @p40='?' (DbType = Int32), @p41='?' (Size = 4000), @p42='?' (Size = 4000), @p43='?' (DbType = Int32), @p44='?' (DbType = DateTime2), @p45='?' (DbType = Double), @p46='?' (DbType = Double), @p47='?' (DbType = Double), @p48='?' (Size = 4000), @p59='?' (DbType = Int32), @p50='?' (DbType = Int32), @p51='?' (Size = 4000), @p52='?' (Size = 4000), @p53='?' (DbType = Int32), @p54='?' (DbType = DateTime2), @p55='?' (DbType = Double), @p56='?' (DbType = Double), @p57='?' (DbType = Double), @p58='?' (Size = 4000), @p69='?' (DbType = Int32), @p60='?' (DbType = Int32), @p61='?' (Size = 4000), @p62='?' (Size = 4000), @p63='?' (DbType = Int32), @p64='?' (DbType = DateTime2), @p65='?' (DbType = Double), @p66='?' (DbType = Double), @p67='?' (DbType = Double), @p68='?' (Size = 4000), @p79='?' (DbType = Int32), @p70='?' (DbType = Int32), @p71='?' (Size = 4000), @p72='?' (Size = 4000), @p73='?' (DbType = Int32), @p74='?' (DbType = DateTime2), @p75='?' (DbType = Double), @p76='?' (DbType = Double), @p77='?' (DbType = Double), @p78='?' (Size = 4000), @p89='?' (DbType = Int32), @p80='?' (DbType = Int32), @p81='?' (Size = 4000), @p82='?' (Size = 4000), @p83='?' (DbType = Int32), @p84='?' (DbType = DateTime2), @p85='?' (DbType = Double), @p86='?' (DbType = Double), @p87='?' (DbType = Double), @p88='?' (Size = 4000), @p99='?' (DbType = Int32), @p90='?' (DbType = Int32), @p91='?' (Size = 4000), @p92='?' (Size = 4000), @p93='?' (DbType = Int32), @p94='?' (DbType = DateTime2), @p95='?' (DbType = Double), @p96='?' (DbType = Double), @p97='?' (DbType = Double), @p98='?' (Size = 4000), @p109='?' (DbType = Int32), @p100='?' (DbType = Int32), @p101='?' (Size = 4000), @p102='?' (Size = 4000), @p103='?' (DbType = Int32), @p104='?' (DbType = DateTime2), @p105='?' (DbType = Double), @p106='?' (DbType = Double), @p107='?' (DbType = Double), @p108='?' (Size = 4000), @p119='?' (DbType = Int32), @p110='?' (DbType = Int32), @p111='?' (Size = 4000), @p112='?' (Size = 4000), @p113='?' (DbType = Int32), @p114='?' (DbType = DateTime2), @p115='?' (DbType = Double), @p116='?' (DbType = Double), @p117='?' (DbType = Double), @p118='?' (Size = 4000), @p129='?' (DbType = Int32), @p120='?' (DbType = Int32), @p121='?' (Size = 4000), @p122='?' (Size = 4000), @p123='?' (DbType = Int32), @p124='?' (DbType = DateTime2), @p125='?' (DbType = Double), @p126='?' (DbType = Double), @p127='?' (DbType = Double), @p128='?' (Size = 4000), @p139='?' (DbType = Int32), @p130='?' (DbType = Int32), @p131='?' (Size = 4000), @p132='?' (Size = 4000), @p133='?' (DbType = Int32), @p134='?' (DbType = DateTime2), @p135='?' (DbType = Double), @p136='?' (DbType = Double), @p137='?' (DbType = Double), @p138='?' (Size = 4000), @p149='?' (DbType = Int32), @p140='?' (DbType = Int32), @p141='?' (Size = 4000), @p142='?' (Size = 4000), @p143='?' (DbType = Int32), @p144='?' (DbType = DateTime2), @p145='?' (DbType = Double), @p146='?' (DbType = Double), @p147='?' (DbType = Double), @p148='?' (Size = 4000), @p159='?' (DbType = Int32), @p150='?' (DbType = Int32), @p151='?' (Size = 4000), @p152='?' (Size = 4000), @p153='?' (DbType = Int32), @p154='?' (DbType = DateTime2), @p155='?' (DbType = Double), @p156='?' (DbType = Double), @p157='?' (DbType = Double), @p158='?' (Size = 4000), @p169='?' (DbType = Int32), @p160='?' (DbType = Int32), @p161='?' (Size = 4000), @p162='?' (Size = 4000), @p163='?' (DbType = Int32), @p164='?' (DbType = DateTime2), @p165='?' (DbType = Double), @p166='?' (DbType = Double), @p167='?' (DbType = Double), @p168='?' (Size = 4000), @p179='?' (DbType = Int32), @p170='?' (DbType = Int32), @p171='?' (Size = 4000), @p172='?' (Size = 4000), @p173='?' (DbType = Int32), @p174='?' (DbType = DateTime2), @p175='?' (DbType = Double), @p176='?' (DbType = Double), @p177='?' (DbType = Double), @p178='?' (Size = 4000), @p189='?' (DbType = Int32), @p180='?' (DbType = Int32), @p181='?' (Size = 4000), @p182='?' (Size = 4000), @p183='?' (DbType = Int32), @p184='?' (DbType = DateTime2), @p185='?' (DbType = Double), @p186='?' (DbType = Double), @p187='?' (DbType = Double), @p188='?' (Size = 4000), @p199='?' (DbType = Int32), @p190='?' (DbType = Int32), @p191='?' (Size = 4000), @p192='?' (Size = 4000), @p193='?' (DbType = Int32), @p194='?' (DbType = DateTime2), @p195='?' (DbType = Double), @p196='?' (DbType = Double), @p197='?' (DbType = Double), @p198='?' (Size = 4000), @p209='?' (DbType = Int32), @p200='?' (DbType = Int32), @p201='?' (Size = 4000), @p202='?' (Size = 4000), @p203='?' (DbType = Int32), @p204='?' (DbType = DateTime2), @p205='?' (DbType = Double), @p206='?' (DbType = Double), @p207='?' (DbType = Double), @p208='?' (Size = 4000), @p219='?' (DbType = Int32), @p210='?' (DbType = Int32), @p211='?' (Size = 4000), @p212='?' (Size = 4000), @p213='?' (DbType = Int32), @p214='?' (DbType = DateTime2), @p215='?' (DbType = Double), @p216='?' (DbType = Double), @p217='?' (DbType = Double), @p218='?' (Size = 4000), @p229='?' (DbType = Int32), @p220='?' (DbType = Int32), @p221='?' (Size = 4000), @p222='?' (Size = 4000), @p223='?' (DbType = Int32), @p224='?' (DbType = DateTime2), @p225='?' (DbType = Double), @p226='?' (DbType = Double), @p227='?' (DbType = Double), @p228='?' (Size = 4000), @p239='?' (DbType = Int32), @p230='?' (DbType = Int32), @p231='?' (Size = 4000), @p232='?' (Size = 4000), @p233='?' (DbType = Int32), @p234='?' (DbType = DateTime2), @p235='?' (DbType = Double), @p236='?' (DbType = Double), @p237='?' (DbType = Double), @p238='?' (Size = 4000), @p249='?' (DbType = Int32), @p240='?' (DbType = Int32), @p241='?' (Size = 4000), @p242='?' (Size = 4000), @p243='?' (DbType = Int32), @p244='?' (DbType = DateTime2), @p245='?' (DbType = Double), @p246='?' (DbType = Double), @p247='?' (DbType = Double), @p248='?' (Size = 4000)], CommandType='Text', CommandTimeout='120']
      SET NOCOUNT ON;
      UPDATE [TblDispatches] SET [BillID] = @p0, [ChallanNo] = @p1, [Destination] = @p2, [DisVid] = @p3, [DispatchDate] = @p4, [DispatchQuantity] = @p5, [FinalPrice] = @p6, [UnitPrice] = @p7, [VehicleNo] = @p8
      WHERE [DispId] = @p9;
      SELECT @@ROWCOUNT;
      
      UPDATE [TblDispatches] SET [BillID] = @p10, [ChallanNo] = @p11, [Destination] = @p12, [DisVid] = @p13, [DispatchDate] = @p14, [DispatchQuantity] = @p15, [FinalPrice] = @p16, [UnitPrice] = @p17, [VehicleNo] = @p18
      WHERE [DispId] = @p19;
      SELECT @@ROWCOUNT;
      
      UPDATE [TblDispatches] SET [BillID] = @p20, [ChallanNo] = @p21, [Destination] = @p22, [DisVid] = @p23, [DispatchDate] = @p24, [DispatchQuantity] = @p25, [FinalPrice] = @p26, [UnitPrice] = @p27, [VehicleNo] = @p28
      WHERE [DispId] = @p29;
      SELECT @@ROWCOUNT;
      
      UPDATE [TblDispatches] SET [BillID] = @p30, [ChallanNo] = @p31, [Destination] = @p32, [DisVid] = @p33, [DispatchDate] = @p34, [DispatchQuantity] = @p35, [FinalPrice] = @p36, [UnitPrice] = @p37, [VehicleNo] = @p38
      WHERE [DispId] = @p39;
      SELECT @@ROWCOUNT;
      
      UPDATE [TblDispatches] SET [BillID] = @p40, [ChallanNo] = @p41, [Destination] = @p42, [DisVid] = @p43, [DispatchDate] = @p44, [DispatchQuantity] = @p45, [FinalPrice] = @p46, [UnitPrice] = @p47, [VehicleNo] = @p48
      WHERE [DispId] = @p49;
      SELECT @@ROWCOUNT;
      
      UPDATE [TblDispatches] SET [BillID] = @p50, [ChallanNo] = @p51, [Destination] = @p52, [DisVid] = @p53, [DispatchDate] = @p54, [DispatchQuantity] = @p55, [FinalPrice] = @p56, [UnitPrice] = @p57, [VehicleNo] = @p58
      WHERE [DispId] = @p59;
      SELECT @@ROWCOUNT;
      
      UPDATE [TblDispatches] SET [BillID] = @p60, [ChallanNo] = @p61, [Destination] = @p62, [DisVid] = @p63, [DispatchDate] = @p64, [DispatchQuantity] = @p65, [FinalPrice] = @p66, [UnitPrice] = @p67, [VehicleNo] = @p68
      WHERE [DispId] = @p69;
      SELECT @@ROWCOUNT;
      
      UPDATE [TblDispatches] SET [BillID] = @p70, [ChallanNo] = @p71, [Destination] = @p72, [DisVid] = @p73, [DispatchDate] = @p74, [DispatchQuantity] = @p75, [FinalPrice] = @p76, [UnitPrice] = @p77, [VehicleNo] = @p78
      WHERE [DispId] = @p79;
      SELECT @@ROWCOUNT;
      
      UPDATE [TblDispatches] SET [BillID] = @p80, [ChallanNo] = @p81, [Destination] = @p82, [DisVid] = @p83, [DispatchDate] = @p84, [DispatchQuantity] = @p85, [FinalPrice] = @p86, [UnitPrice] = @p87, [VehicleNo] = @p88
      WHERE [DispId] = @p89;
      SELECT @@ROWCOUNT;
      
      UPDATE [TblDispatches] SET [BillID] = @p90, [ChallanNo] = @p91, [Destination] = @p92, [DisVid] = @p93, [DispatchDate] = @p94, [DispatchQuantity] = @p95, [FinalPrice] = @p96, [UnitPrice] = @p97, [VehicleNo] = @p98
      WHERE [DispId] = @p99;
      SELECT @@ROWCOUNT;
      
      UPDATE [TblDispatches] SET [BillID] = @p100, [ChallanNo] = @p101, [Destination] = @p102, [DisVid] = @p103, [DispatchDate] = @p104, [DispatchQuantity] = @p105, [FinalPrice] = @p106, [UnitPrice] = @p107, [VehicleNo] = @p108
      WHERE [DispId] = @p109;
      SELECT @@ROWCOUNT;
      
      UPDATE [TblDispatches] SET [BillID] = @p110, [ChallanNo] = @p111, [Destination] = @p112, [DisVid] = @p113, [DispatchDate] = @p114, [DispatchQuantity] = @p115, [FinalPrice] = @p116, [UnitPrice] = @p117, [VehicleNo] = @p118
      WHERE [DispId] = @p119;
      SELECT @@ROWCOUNT;
      
      UPDATE [TblDispatches] SET [BillID] = @p120, [ChallanNo] = @p121, [Destination] = @p122, [DisVid] = @p123, [DispatchDate] = @p124, [DispatchQuantity] = @p125, [FinalPrice] = @p126, [UnitPrice] = @p127, [VehicleNo] = @p128
      WHERE [DispId] = @p129;
      SELECT @@ROWCOUNT;
      
      UPDATE [TblDispatches] SET [BillID] = @p130, [ChallanNo] = @p131, [Destination] = @p132, [DisVid] = @p133, [DispatchDate] = @p134, [DispatchQuantity] = @p135, [FinalPrice] = @p136, [UnitPrice] = @p137, [VehicleNo] = @p138
      WHERE [DispId] = @p139;
      SELECT @@ROWCOUNT;
      
      UPDATE [TblDispatches] SET [BillID] = @p140, [ChallanNo] = @p141, [Destination] = @p142, [DisVid] = @p143, [DispatchDate] = @p144, [DispatchQuantity] = @p145, [FinalPrice] = @p146, [UnitPrice] = @p147, [VehicleNo] = @p148
      WHERE [DispId] = @p149;
      SELECT @@ROWCOUNT;
      
      UPDATE [TblDispatches] SET [BillID] = @p150, [ChallanNo] = @p151, [Destination] = @p152, [DisVid] = @p153, [DispatchDate] = @p154, [DispatchQuantity] = @p155, [FinalPrice] = @p156, [UnitPrice] = @p157, [VehicleNo] = @p158
      WHERE [DispId] = @p159;
      SELECT @@ROWCOUNT;
      
      UPDATE [TblDispatches] SET [BillID] = @p160, [ChallanNo] = @p161, [Destination] = @p162, [DisVid] = @p163, [DispatchDate] = @p164, [DispatchQuantity] = @p165, [FinalPrice] = @p166, [UnitPrice] = @p167, [VehicleNo] = @p168
      WHERE [DispId] = @p169;
      SELECT @@ROWCOUNT;
      
      UPDATE [TblDispatches] SET [BillID] = @p170, [ChallanNo] = @p171, [Destination] = @p172, [DisVid] = @p173, [DispatchDate] = @p174, [DispatchQuantity] = @p175, [FinalPrice] = @p176, [UnitPrice] = @p177, [VehicleNo] = @p178
      WHERE [DispId] = @p179;
      SELECT @@ROWCOUNT;
      
      UPDATE [TblDispatches] SET [BillID] = @p180, [ChallanNo] = @p181, [Destination] = @p182, [DisVid] = @p183, [DispatchDate] = @p184, [DispatchQuantity] = @p185, [FinalPrice] = @p186, [UnitPrice] = @p187, [VehicleNo] = @p188
      WHERE [DispId] = @p189;
      SELECT @@ROWCOUNT;
      
      UPDATE [TblDispatches] SET [BillID] = @p190, [ChallanNo] = @p191, [Destination] = @p192, [DisVid] = @p193, [DispatchDate] = @p194, [DispatchQuantity] = @p195, [FinalPrice] = @p196, [UnitPrice] = @p197, [VehicleNo] = @p198
      WHERE [DispId] = @p199;
      SELECT @@ROWCOUNT;
      
      UPDATE [TblDispatches] SET [BillID] = @p200, [ChallanNo] = @p201, [Destination] = @p202, [DisVid] = @p203, [DispatchDate] = @p204, [DispatchQuantity] = @p205, [FinalPrice] = @p206, [UnitPrice] = @p207, [VehicleNo] = @p208
      WHERE [DispId] = @p209;
      SELECT @@ROWCOUNT;
      
      UPDATE [TblDispatches] SET [BillID] = @p210, [ChallanNo] = @p211, [Destination] = @p212, [DisVid] = @p213, [DispatchDate] = @p214, [DispatchQuantity] = @p215, [FinalPrice] = @p216, [UnitPrice] = @p217, [VehicleNo] = @p218
      WHERE [DispId] = @p219;
      SELECT @@ROWCOUNT;
      
      UPDATE [TblDispatches] SET [BillID] = @p220, [ChallanNo] = @p221, [Destination] = @p222, [DisVid] = @p223, [DispatchDate] = @p224, [DispatchQuantity] = @p225, [FinalPrice] = @p226, [UnitPrice] = @p227, [VehicleNo] = @p228
      WHERE [DispId] = @p229;
      SELECT @@ROWCOUNT;
      
      UPDATE [TblDispatches] SET [BillID] = @p230, [ChallanNo] = @p231, [Destination] = @p232, [DisVid] = @p233, [DispatchDate] = @p234, [DispatchQuantity] = @p235, [FinalPrice] = @p236, [UnitPrice] = @p237, [VehicleNo] = @p238
      WHERE [DispId] = @p239;
      SELECT @@ROWCOUNT;
      
      UPDATE [TblDispatches] SET [BillID] = @p240, [ChallanNo] = @p241, [Destination] = @p242, [DisVid] = @p243, [DispatchDate] = @p244, [DispatchQuantity] = @p245, [FinalPrice] = @p246, [UnitPrice] = @p247, [VehicleNo] = @p248
      WHERE [DispId] = @p249;
      SELECT @@ROWCOUNT;
info: Microsoft.EntityFrameworkCore.Infrastructure[10403]
      Entity Framework Core 6.0.21 initialized 'TransportMgmtContext' using provider 'Microsoft.EntityFrameworkCore.SqlServer:6.0.21' with options: CommandTimeout=120 
info: Microsoft.EntityFrameworkCore.Database.Command[20101]
      Executed DbCommand (4ms) [Parameters=[], CommandType='Text', CommandTimeout='120']
      SELECT [t].[FID], [t].[Address], [t].[Code], [t].[CreatedBy], [t].[CreatedOn], [t].[FactoryName], [t].[Gstin], [t].[IsActive], [t].[ModifiedBy], [t].[ModifiedOn]
      FROM [TblFactories] AS [t]
info: Microsoft.EntityFrameworkCore.Database.Command[20101]
      Executed DbCommand (0ms) [Parameters=[], CommandType='Text', CommandTimeout='120']
      SELECT [t].[FID], [t].[Address], [t].[Code], [t].[CreatedBy], [t].[CreatedOn], [t].[FactoryName], [t].[Gstin], [t].[IsActive], [t].[ModifiedBy], [t].[ModifiedOn]
      FROM [TblFactories] AS [t]
info: Microsoft.EntityFrameworkCore.Database.Command[20101]
      Executed DbCommand (2ms) [Parameters=[], CommandType='Text', CommandTimeout='120']
      SELECT [t].[DispId], [t].[BillID], [t].[ChallanNo], [t].[Destination], [t].[DisVid], [t].[DispatchDate], [t].[DispatchQuantity], [t].[FinalPrice], [t].[UnitPrice], [t].[VehicleNo]
      FROM [TblDispatches] AS [t]
info: Microsoft.EntityFrameworkCore.Infrastructure[10403]
      Entity Framework Core 6.0.21 initialized 'TransportMgmtContext' using provider 'Microsoft.EntityFrameworkCore.SqlServer:6.0.21' with options: CommandTimeout=120 
info: Microsoft.EntityFrameworkCore.Database.Command[20101]
      Executed DbCommand (3ms) [Parameters=[@__dispatchId_0='?' (Size = 4000)], CommandType='Text', CommandTimeout='120']
      SELECT TOP(1) [t].[DispId], [t].[BillID], [t].[ChallanNo], [t].[Destination], [t].[DisVid], [t].[DispatchDate], [t].[DispatchQuantity], [t].[FinalPrice], [t].[UnitPrice], [t].[VehicleNo]
      FROM [TblDispatches] AS [t]
      WHERE [t].[ChallanNo] = @__dispatchId_0
info: Microsoft.EntityFrameworkCore.Database.Command[20101]
      Executed DbCommand (6ms) [Parameters=[@__dispatchId_0='?' (Size = 4000)], CommandType='Text', CommandTimeout='120']
      SELECT TOP(1) [t].[DispId], [t].[BillID], [t].[ChallanNo], [t].[Destination], [t].[DisVid], [t].[DispatchDate], [t].[DispatchQuantity], [t].[FinalPrice], [t].[UnitPrice], [t].[VehicleNo]
      FROM [TblDispatches] AS [t]
      WHERE [t].[ChallanNo] = @__dispatchId_0
info: Microsoft.EntityFrameworkCore.Database.Command[20101]
      Executed DbCommand (1ms) [Parameters=[@__billNumber_0='?' (Size = 4000)], CommandType='Text', CommandTimeout='120']
      SELECT TOP(1) [b].[BillID], [b].[ActualAmount], [b].[BillDate], [b].[BillNum], [b].[BillType], [b].[FID], [b].[Gst], [b].[GstDate], [b].[PId], [b].[PaymentReceived], [b].[PaymentTablePId], [b].[Tds]
      FROM [BillTables] AS [b]
      WHERE [b].[BillNum] = @__billNumber_0
info: Microsoft.EntityFrameworkCore.Database.Command[20101]
      Executed DbCommand (1ms) [Parameters=[@p0='?' (DbType = Double), @p1='?' (DbType = DateTime2), @p2='?' (Size = 4000), @p3='?' (Size = 4000), @p4='?' (DbType = Int32), @p5='?' (DbType = Double), @p6='?' (DbType = DateTime2), @p7='?' (DbType = Int32), @p8='?' (DbType = Double), @p9='?' (DbType = Int32), @p10='?' (DbType = Double)], CommandType='Text', CommandTimeout='120']
      SET NOCOUNT ON;
      INSERT INTO [BillTables] ([ActualAmount], [BillDate], [BillNum], [BillType], [FID], [Gst], [GstDate], [PId], [PaymentReceived], [PaymentTablePId], [Tds])
      VALUES (@p0, @p1, @p2, @p3, @p4, @p5, @p6, @p7, @p8, @p9, @p10);
      SELECT [BillID]
      FROM [BillTables]
      WHERE @@ROWCOUNT = 1 AND [BillID] = scope_identity();
info: Microsoft.EntityFrameworkCore.Database.Command[20101]
      Executed DbCommand (0ms) [Parameters=[@p2='?' (DbType = Int32), @p0='?' (DbType = Double), @p1='?' (DbType = Double)], CommandType='Text', CommandTimeout='120']
      SET NOCOUNT ON;
      UPDATE [TblDispatches] SET [FinalPrice] = @p0, [UnitPrice] = @p1
      WHERE [DispId] = @p2;
      SELECT @@ROWCOUNT;
info: Microsoft.EntityFrameworkCore.Database.Command[20101]
      Executed DbCommand (2ms) [Parameters=[@__dispatchId_0='?' (Size = 4000)], CommandType='Text', CommandTimeout='120']
      SELECT TOP(1) [t].[DispId], [t].[BillID], [t].[ChallanNo], [t].[Destination], [t].[DisVid], [t].[DispatchDate], [t].[DispatchQuantity], [t].[FinalPrice], [t].[UnitPrice], [t].[VehicleNo]
      FROM [TblDispatches] AS [t]
      WHERE [t].[ChallanNo] = @__dispatchId_0
info: Microsoft.EntityFrameworkCore.Database.Command[20101]
      Executed DbCommand (5ms) [Parameters=[@__dispatchId_0='?' (Size = 4000)], CommandType='Text', CommandTimeout='120']
      SELECT TOP(1) [t].[DispId], [t].[BillID], [t].[ChallanNo], [t].[Destination], [t].[DisVid], [t].[DispatchDate], [t].[DispatchQuantity], [t].[FinalPrice], [t].[UnitPrice], [t].[VehicleNo]
      FROM [TblDispatches] AS [t]
      WHERE [t].[ChallanNo] = @__dispatchId_0
info: Microsoft.EntityFrameworkCore.Database.Command[20101]
      Executed DbCommand (4ms) [Parameters=[@__dispatchId_0='?' (Size = 4000)], CommandType='Text', CommandTimeout='120']
      SELECT TOP(1) [t].[DispId], [t].[BillID], [t].[ChallanNo], [t].[Destination], [t].[DisVid], [t].[DispatchDate], [t].[DispatchQuantity], [t].[FinalPrice], [t].[UnitPrice], [t].[VehicleNo]
      FROM [TblDispatches] AS [t]
      WHERE [t].[ChallanNo] = @__dispatchId_0
info: Microsoft.EntityFrameworkCore.Database.Command[20101]
      Executed DbCommand (2ms) [Parameters=[@__dispatchId_0='?' (Size = 4000)], CommandType='Text', CommandTimeout='120']
      SELECT TOP(1) [t].[DispId], [t].[BillID], [t].[ChallanNo], [t].[Destination], [t].[DisVid], [t].[DispatchDate], [t].[DispatchQuantity], [t].[FinalPrice], [t].[UnitPrice], [t].[VehicleNo]
      FROM [TblDispatches] AS [t]
      WHERE [t].[ChallanNo] = @__dispatchId_0
info: Microsoft.EntityFrameworkCore.Database.Command[20101]
      Executed DbCommand (4ms) [Parameters=[@__dispatchId_0='?' (Size = 4000)], CommandType='Text', CommandTimeout='120']
      SELECT TOP(1) [t].[DispId], [t].[BillID], [t].[ChallanNo], [t].[Destination], [t].[DisVid], [t].[DispatchDate], [t].[DispatchQuantity], [t].[FinalPrice], [t].[UnitPrice], [t].[VehicleNo]
      FROM [TblDispatches] AS [t]
      WHERE [t].[ChallanNo] = @__dispatchId_0
info: Microsoft.EntityFrameworkCore.Database.Command[20101]
      Executed DbCommand (3ms) [Parameters=[@__dispatchId_0='?' (Size = 4000)], CommandType='Text', CommandTimeout='120']
      SELECT TOP(1) [t].[DispId], [t].[BillID], [t].[ChallanNo], [t].[Destination], [t].[DisVid], [t].[DispatchDate], [t].[DispatchQuantity], [t].[FinalPrice], [t].[UnitPrice], [t].[VehicleNo]
      FROM [TblDispatches] AS [t]
      WHERE [t].[ChallanNo] = @__dispatchId_0
info: Microsoft.EntityFrameworkCore.Database.Command[20101]
      Executed DbCommand (4ms) [Parameters=[@__dispatchId_0='?' (Size = 4000)], CommandType='Text', CommandTimeout='120']
      SELECT TOP(1) [t].[DispId], [t].[BillID], [t].[ChallanNo], [t].[Destination], [t].[DisVid], [t].[DispatchDate], [t].[DispatchQuantity], [t].[FinalPrice], [t].[UnitPrice], [t].[VehicleNo]
      FROM [TblDispatches] AS [t]
      WHERE [t].[ChallanNo] = @__dispatchId_0
info: Microsoft.EntityFrameworkCore.Database.Command[20101]
      Executed DbCommand (3ms) [Parameters=[@__dispatchId_0='?' (Size = 4000)], CommandType='Text', CommandTimeout='120']
      SELECT TOP(1) [t].[DispId], [t].[BillID], [t].[ChallanNo], [t].[Destination], [t].[DisVid], [t].[DispatchDate], [t].[DispatchQuantity], [t].[FinalPrice], [t].[UnitPrice], [t].[VehicleNo]
      FROM [TblDispatches] AS [t]
      WHERE [t].[ChallanNo] = @__dispatchId_0
info: Microsoft.EntityFrameworkCore.Database.Command[20101]
      Executed DbCommand (4ms) [Parameters=[@__dispatchId_0='?' (Size = 4000)], CommandType='Text', CommandTimeout='120']
      SELECT TOP(1) [t].[DispId], [t].[BillID], [t].[ChallanNo], [t].[Destination], [t].[DisVid], [t].[DispatchDate], [t].[DispatchQuantity], [t].[FinalPrice], [t].[UnitPrice], [t].[VehicleNo]
      FROM [TblDispatches] AS [t]
      WHERE [t].[ChallanNo] = @__dispatchId_0
info: Microsoft.EntityFrameworkCore.Database.Command[20101]
      Executed DbCommand (4ms) [Parameters=[@__dispatchId_0='?' (Size = 4000)], CommandType='Text', CommandTimeout='120']
      SELECT TOP(1) [t].[DispId], [t].[BillID], [t].[ChallanNo], [t].[Destination], [t].[DisVid], [t].[DispatchDate], [t].[DispatchQuantity], [t].[FinalPrice], [t].[UnitPrice], [t].[VehicleNo]
      FROM [TblDispatches] AS [t]
      WHERE [t].[ChallanNo] = @__dispatchId_0
info: Microsoft.EntityFrameworkCore.Database.Command[20101]
      Executed DbCommand (3ms) [Parameters=[@__dispatchId_0='?' (Size = 4000)], CommandType='Text', CommandTimeout='120']
      SELECT TOP(1) [t].[DispId], [t].[BillID], [t].[ChallanNo], [t].[Destination], [t].[DisVid], [t].[DispatchDate], [t].[DispatchQuantity], [t].[FinalPrice], [t].[UnitPrice], [t].[VehicleNo]
      FROM [TblDispatches] AS [t]
      WHERE [t].[ChallanNo] = @__dispatchId_0
info: Microsoft.EntityFrameworkCore.Database.Command[20101]
      Executed DbCommand (5ms) [Parameters=[@__dispatchId_0='?' (Size = 4000)], CommandType='Text', CommandTimeout='120']
      SELECT TOP(1) [t].[DispId], [t].[BillID], [t].[ChallanNo], [t].[Destination], [t].[DisVid], [t].[DispatchDate], [t].[DispatchQuantity], [t].[FinalPrice], [t].[UnitPrice], [t].[VehicleNo]
      FROM [TblDispatches] AS [t]
      WHERE [t].[ChallanNo] = @__dispatchId_0
info: Microsoft.EntityFrameworkCore.Database.Command[20101]
      Executed DbCommand (4ms) [Parameters=[@__dispatchId_0='?' (Size = 4000)], CommandType='Text', CommandTimeout='120']
      SELECT TOP(1) [t].[DispId], [t].[BillID], [t].[ChallanNo], [t].[Destination], [t].[DisVid], [t].[DispatchDate], [t].[DispatchQuantity], [t].[FinalPrice], [t].[UnitPrice], [t].[VehicleNo]
      FROM [TblDispatches] AS [t]
      WHERE [t].[ChallanNo] = @__dispatchId_0
info: Microsoft.EntityFrameworkCore.Database.Command[20101]
      Executed DbCommand (4ms) [Parameters=[@__dispatchId_0='?' (Size = 4000)], CommandType='Text', CommandTimeout='120']
      SELECT TOP(1) [t].[DispId], [t].[BillID], [t].[ChallanNo], [t].[Destination], [t].[DisVid], [t].[DispatchDate], [t].[DispatchQuantity], [t].[FinalPrice], [t].[UnitPrice], [t].[VehicleNo]
      FROM [TblDispatches] AS [t]
      WHERE [t].[ChallanNo] = @__dispatchId_0
info: Microsoft.EntityFrameworkCore.Database.Command[20101]
      Executed DbCommand (3ms) [Parameters=[@__dispatchId_0='?' (Size = 4000)], CommandType='Text', CommandTimeout='120']
      SELECT TOP(1) [t].[DispId], [t].[BillID], [t].[ChallanNo], [t].[Destination], [t].[DisVid], [t].[DispatchDate], [t].[DispatchQuantity], [t].[FinalPrice], [t].[UnitPrice], [t].[VehicleNo]
      FROM [TblDispatches] AS [t]
      WHERE [t].[ChallanNo] = @__dispatchId_0
info: Microsoft.EntityFrameworkCore.Database.Command[20101]
      Executed DbCommand (3ms) [Parameters=[@__dispatchId_0='?' (Size = 4000)], CommandType='Text', CommandTimeout='120']
      SELECT TOP(1) [t].[DispId], [t].[BillID], [t].[ChallanNo], [t].[Destination], [t].[DisVid], [t].[DispatchDate], [t].[DispatchQuantity], [t].[FinalPrice], [t].[UnitPrice], [t].[VehicleNo]
      FROM [TblDispatches] AS [t]
      WHERE [t].[ChallanNo] = @__dispatchId_0
info: Microsoft.EntityFrameworkCore.Database.Command[20101]
      Executed DbCommand (7ms) [Parameters=[@__dispatchId_0='?' (Size = 4000)], CommandType='Text', CommandTimeout='120']
      SELECT TOP(1) [t].[DispId], [t].[BillID], [t].[ChallanNo], [t].[Destination], [t].[DisVid], [t].[DispatchDate], [t].[DispatchQuantity], [t].[FinalPrice], [t].[UnitPrice], [t].[VehicleNo]
      FROM [TblDispatches] AS [t]
      WHERE [t].[ChallanNo] = @__dispatchId_0
info: Microsoft.EntityFrameworkCore.Database.Command[20101]
      Executed DbCommand (5ms) [Parameters=[@__dispatchId_0='?' (Size = 4000)], CommandType='Text', CommandTimeout='120']
      SELECT TOP(1) [t].[DispId], [t].[BillID], [t].[ChallanNo], [t].[Destination], [t].[DisVid], [t].[DispatchDate], [t].[DispatchQuantity], [t].[FinalPrice], [t].[UnitPrice], [t].[VehicleNo]
      FROM [TblDispatches] AS [t]
      WHERE [t].[ChallanNo] = @__dispatchId_0
info: Microsoft.EntityFrameworkCore.Database.Command[20101]
      Executed DbCommand (3ms) [Parameters=[@__dispatchId_0='?' (Size = 4000)], CommandType='Text', CommandTimeout='120']
      SELECT TOP(1) [t].[DispId], [t].[BillID], [t].[ChallanNo], [t].[Destination], [t].[DisVid], [t].[DispatchDate], [t].[DispatchQuantity], [t].[FinalPrice], [t].[UnitPrice], [t].[VehicleNo]
      FROM [TblDispatches] AS [t]
      WHERE [t].[ChallanNo] = @__dispatchId_0
info: Microsoft.EntityFrameworkCore.Database.Command[20101]
      Executed DbCommand (3ms) [Parameters=[@__dispatchId_0='?' (Size = 4000)], CommandType='Text', CommandTimeout='120']
      SELECT TOP(1) [t].[DispId], [t].[BillID], [t].[ChallanNo], [t].[Destination], [t].[DisVid], [t].[DispatchDate], [t].[DispatchQuantity], [t].[FinalPrice], [t].[UnitPrice], [t].[VehicleNo]
      FROM [TblDispatches] AS [t]
      WHERE [t].[ChallanNo] = @__dispatchId_0
info: Microsoft.EntityFrameworkCore.Database.Command[20101]
      Executed DbCommand (5ms) [Parameters=[@__dispatchId_0='?' (Size = 4000)], CommandType='Text', CommandTimeout='120']
      SELECT TOP(1) [t].[DispId], [t].[BillID], [t].[ChallanNo], [t].[Destination], [t].[DisVid], [t].[DispatchDate], [t].[DispatchQuantity], [t].[FinalPrice], [t].[UnitPrice], [t].[VehicleNo]
      FROM [TblDispatches] AS [t]
      WHERE [t].[ChallanNo] = @__dispatchId_0
info: Microsoft.EntityFrameworkCore.Database.Command[20101]
      Executed DbCommand (3ms) [Parameters=[@__dispatchId_0='?' (Size = 4000)], CommandType='Text', CommandTimeout='120']
      SELECT TOP(1) [t].[DispId], [t].[BillID], [t].[ChallanNo], [t].[Destination], [t].[DisVid], [t].[DispatchDate], [t].[DispatchQuantity], [t].[FinalPrice], [t].[UnitPrice], [t].[VehicleNo]
      FROM [TblDispatches] AS [t]
      WHERE [t].[ChallanNo] = @__dispatchId_0
info: Microsoft.EntityFrameworkCore.Database.Command[20101]
      Executed DbCommand (5ms) [Parameters=[@__dispatchId_0='?' (Size = 4000)], CommandType='Text', CommandTimeout='120']
      SELECT TOP(1) [t].[DispId], [t].[BillID], [t].[ChallanNo], [t].[Destination], [t].[DisVid], [t].[DispatchDate], [t].[DispatchQuantity], [t].[FinalPrice], [t].[UnitPrice], [t].[VehicleNo]
      FROM [TblDispatches] AS [t]
      WHERE [t].[ChallanNo] = @__dispatchId_0
info: Microsoft.EntityFrameworkCore.Database.Command[20101]
      Executed DbCommand (3ms) [Parameters=[@__dispatchId_0='?' (Size = 4000)], CommandType='Text', CommandTimeout='120']
      SELECT TOP(1) [t].[DispId], [t].[BillID], [t].[ChallanNo], [t].[Destination], [t].[DisVid], [t].[DispatchDate], [t].[DispatchQuantity], [t].[FinalPrice], [t].[UnitPrice], [t].[VehicleNo]
      FROM [TblDispatches] AS [t]
      WHERE [t].[ChallanNo] = @__dispatchId_0
info: Microsoft.EntityFrameworkCore.Database.Command[20101]
      Executed DbCommand (4ms) [Parameters=[@__dispatchId_0='?' (Size = 4000)], CommandType='Text', CommandTimeout='120']
      SELECT TOP(1) [t].[DispId], [t].[BillID], [t].[ChallanNo], [t].[Destination], [t].[DisVid], [t].[DispatchDate], [t].[DispatchQuantity], [t].[FinalPrice], [t].[UnitPrice], [t].[VehicleNo]
      FROM [TblDispatches] AS [t]
      WHERE [t].[ChallanNo] = @__dispatchId_0
info: Microsoft.EntityFrameworkCore.Database.Command[20101]
      Executed DbCommand (3ms) [Parameters=[@__dispatchId_0='?' (Size = 4000)], CommandType='Text', CommandTimeout='120']
      SELECT TOP(1) [t].[DispId], [t].[BillID], [t].[ChallanNo], [t].[Destination], [t].[DisVid], [t].[DispatchDate], [t].[DispatchQuantity], [t].[FinalPrice], [t].[UnitPrice], [t].[VehicleNo]
      FROM [TblDispatches] AS [t]
      WHERE [t].[ChallanNo] = @__dispatchId_0
info: Microsoft.EntityFrameworkCore.Database.Command[20101]
      Executed DbCommand (5ms) [Parameters=[@__dispatchId_0='?' (Size = 4000)], CommandType='Text', CommandTimeout='120']
      SELECT TOP(1) [t].[DispId], [t].[BillID], [t].[ChallanNo], [t].[Destination], [t].[DisVid], [t].[DispatchDate], [t].[DispatchQuantity], [t].[FinalPrice], [t].[UnitPrice], [t].[VehicleNo]
      FROM [TblDispatches] AS [t]
      WHERE [t].[ChallanNo] = @__dispatchId_0
info: Microsoft.EntityFrameworkCore.Database.Command[20101]
      Executed DbCommand (8ms) [Parameters=[@__dispatchId_0='?' (Size = 4000)], CommandType='Text', CommandTimeout='120']
      SELECT TOP(1) [t].[DispId], [t].[BillID], [t].[ChallanNo], [t].[Destination], [t].[DisVid], [t].[DispatchDate], [t].[DispatchQuantity], [t].[FinalPrice], [t].[UnitPrice], [t].[VehicleNo]
      FROM [TblDispatches] AS [t]
      WHERE [t].[ChallanNo] = @__dispatchId_0
info: Microsoft.EntityFrameworkCore.Database.Command[20101]
      Executed DbCommand (5ms) [Parameters=[@__dispatchId_0='?' (Size = 4000)], CommandType='Text', CommandTimeout='120']
      SELECT TOP(1) [t].[DispId], [t].[BillID], [t].[ChallanNo], [t].[Destination], [t].[DisVid], [t].[DispatchDate], [t].[DispatchQuantity], [t].[FinalPrice], [t].[UnitPrice], [t].[VehicleNo]
      FROM [TblDispatches] AS [t]
      WHERE [t].[ChallanNo] = @__dispatchId_0
info: Microsoft.EntityFrameworkCore.Database.Command[20101]
      Executed DbCommand (3ms) [Parameters=[@__dispatchId_0='?' (Size = 4000)], CommandType='Text', CommandTimeout='120']
      SELECT TOP(1) [t].[DispId], [t].[BillID], [t].[ChallanNo], [t].[Destination], [t].[DisVid], [t].[DispatchDate], [t].[DispatchQuantity], [t].[FinalPrice], [t].[UnitPrice], [t].[VehicleNo]
      FROM [TblDispatches] AS [t]
      WHERE [t].[ChallanNo] = @__dispatchId_0
info: Microsoft.EntityFrameworkCore.Database.Command[20101]
      Executed DbCommand (3ms) [Parameters=[@__dispatchId_0='?' (Size = 4000)], CommandType='Text', CommandTimeout='120']
      SELECT TOP(1) [t].[DispId], [t].[BillID], [t].[ChallanNo], [t].[Destination], [t].[DisVid], [t].[DispatchDate], [t].[DispatchQuantity], [t].[FinalPrice], [t].[UnitPrice], [t].[VehicleNo]
      FROM [TblDispatches] AS [t]
      WHERE [t].[ChallanNo] = @__dispatchId_0
info: Microsoft.EntityFrameworkCore.Database.Command[20101]
      Executed DbCommand (6ms) [Parameters=[@__dispatchId_0='?' (Size = 4000)], CommandType='Text', CommandTimeout='120']
      SELECT TOP(1) [t].[DispId], [t].[BillID], [t].[ChallanNo], [t].[Destination], [t].[DisVid], [t].[DispatchDate], [t].[DispatchQuantity], [t].[FinalPrice], [t].[UnitPrice], [t].[VehicleNo]
      FROM [TblDispatches] AS [t]
      WHERE [t].[ChallanNo] = @__dispatchId_0
info: Microsoft.EntityFrameworkCore.Database.Command[20101]
      Executed DbCommand (4ms) [Parameters=[@__dispatchId_0='?' (Size = 4000)], CommandType='Text', CommandTimeout='120']
      SELECT TOP(1) [t].[DispId], [t].[BillID], [t].[ChallanNo], [t].[Destination], [t].[DisVid], [t].[DispatchDate], [t].[DispatchQuantity], [t].[FinalPrice], [t].[UnitPrice], [t].[VehicleNo]
      FROM [TblDispatches] AS [t]
      WHERE [t].[ChallanNo] = @__dispatchId_0
info: Microsoft.EntityFrameworkCore.Database.Command[20101]
      Executed DbCommand (3ms) [Parameters=[@__dispatchId_0='?' (Size = 4000)], CommandType='Text', CommandTimeout='120']
      SELECT TOP(1) [t].[DispId], [t].[BillID], [t].[ChallanNo], [t].[Destination], [t].[DisVid], [t].[DispatchDate], [t].[DispatchQuantity], [t].[FinalPrice], [t].[UnitPrice], [t].[VehicleNo]
      FROM [TblDispatches] AS [t]
      WHERE [t].[ChallanNo] = @__dispatchId_0
info: Microsoft.EntityFrameworkCore.Database.Command[20101]
      Executed DbCommand (4ms) [Parameters=[@__dispatchId_0='?' (Size = 4000)], CommandType='Text', CommandTimeout='120']
      SELECT TOP(1) [t].[DispId], [t].[BillID], [t].[ChallanNo], [t].[Destination], [t].[DisVid], [t].[DispatchDate], [t].[DispatchQuantity], [t].[FinalPrice], [t].[UnitPrice], [t].[VehicleNo]
      FROM [TblDispatches] AS [t]
      WHERE [t].[ChallanNo] = @__dispatchId_0
info: Microsoft.EntityFrameworkCore.Database.Command[20101]
      Executed DbCommand (7ms) [Parameters=[@__dispatchId_0='?' (Size = 4000)], CommandType='Text', CommandTimeout='120']
      SELECT TOP(1) [t].[DispId], [t].[BillID], [t].[ChallanNo], [t].[Destination], [t].[DisVid], [t].[DispatchDate], [t].[DispatchQuantity], [t].[FinalPrice], [t].[UnitPrice], [t].[VehicleNo]
      FROM [TblDispatches] AS [t]
      WHERE [t].[ChallanNo] = @__dispatchId_0
info: Microsoft.EntityFrameworkCore.Database.Command[20101]
      Executed DbCommand (5ms) [Parameters=[@__dispatchId_0='?' (Size = 4000)], CommandType='Text', CommandTimeout='120']
      SELECT TOP(1) [t].[DispId], [t].[BillID], [t].[ChallanNo], [t].[Destination], [t].[DisVid], [t].[DispatchDate], [t].[DispatchQuantity], [t].[FinalPrice], [t].[UnitPrice], [t].[VehicleNo]
      FROM [TblDispatches] AS [t]
      WHERE [t].[ChallanNo] = @__dispatchId_0
info: Microsoft.EntityFrameworkCore.Database.Command[20101]
      Executed DbCommand (3ms) [Parameters=[@__dispatchId_0='?' (Size = 4000)], CommandType='Text', CommandTimeout='120']
      SELECT TOP(1) [t].[DispId], [t].[BillID], [t].[ChallanNo], [t].[Destination], [t].[DisVid], [t].[DispatchDate], [t].[DispatchQuantity], [t].[FinalPrice], [t].[UnitPrice], [t].[VehicleNo]
      FROM [TblDispatches] AS [t]
      WHERE [t].[ChallanNo] = @__dispatchId_0
info: Microsoft.EntityFrameworkCore.Database.Command[20101]
      Executed DbCommand (3ms) [Parameters=[@__dispatchId_0='?' (Size = 4000)], CommandType='Text', CommandTimeout='120']
      SELECT TOP(1) [t].[DispId], [t].[BillID], [t].[ChallanNo], [t].[Destination], [t].[DisVid], [t].[DispatchDate], [t].[DispatchQuantity], [t].[FinalPrice], [t].[UnitPrice], [t].[VehicleNo]
      FROM [TblDispatches] AS [t]
      WHERE [t].[ChallanNo] = @__dispatchId_0
info: Microsoft.EntityFrameworkCore.Database.Command[20101]
      Executed DbCommand (3ms) [Parameters=[@__dispatchId_0='?' (Size = 4000)], CommandType='Text', CommandTimeout='120']
      SELECT TOP(1) [t].[DispId], [t].[BillID], [t].[ChallanNo], [t].[Destination], [t].[DisVid], [t].[DispatchDate], [t].[DispatchQuantity], [t].[FinalPrice], [t].[UnitPrice], [t].[VehicleNo]
      FROM [TblDispatches] AS [t]
      WHERE [t].[ChallanNo] = @__dispatchId_0
info: Microsoft.EntityFrameworkCore.Database.Command[20101]
      Executed DbCommand (8ms) [Parameters=[@__dispatchId_0='?' (Size = 4000)], CommandType='Text', CommandTimeout='120']
      SELECT TOP(1) [t].[DispId], [t].[BillID], [t].[ChallanNo], [t].[Destination], [t].[DisVid], [t].[DispatchDate], [t].[DispatchQuantity], [t].[FinalPrice], [t].[UnitPrice], [t].[VehicleNo]
      FROM [TblDispatches] AS [t]
      WHERE [t].[ChallanNo] = @__dispatchId_0
info: Microsoft.EntityFrameworkCore.Database.Command[20101]
      Executed DbCommand (5ms) [Parameters=[@__dispatchId_0='?' (Size = 4000)], CommandType='Text', CommandTimeout='120']
      SELECT TOP(1) [t].[DispId], [t].[BillID], [t].[ChallanNo], [t].[Destination], [t].[DisVid], [t].[DispatchDate], [t].[DispatchQuantity], [t].[FinalPrice], [t].[UnitPrice], [t].[VehicleNo]
      FROM [TblDispatches] AS [t]
      WHERE [t].[ChallanNo] = @__dispatchId_0
info: Microsoft.EntityFrameworkCore.Database.Command[20101]
      Executed DbCommand (3ms) [Parameters=[@__dispatchId_0='?' (Size = 4000)], CommandType='Text', CommandTimeout='120']
      SELECT TOP(1) [t].[DispId], [t].[BillID], [t].[ChallanNo], [t].[Destination], [t].[DisVid], [t].[DispatchDate], [t].[DispatchQuantity], [t].[FinalPrice], [t].[UnitPrice], [t].[VehicleNo]
      FROM [TblDispatches] AS [t]
      WHERE [t].[ChallanNo] = @__dispatchId_0
info: Microsoft.EntityFrameworkCore.Database.Command[20101]
      Executed DbCommand (5ms) [Parameters=[@__dispatchId_0='?' (Size = 4000)], CommandType='Text', CommandTimeout='120']
      SELECT TOP(1) [t].[DispId], [t].[BillID], [t].[ChallanNo], [t].[Destination], [t].[DisVid], [t].[DispatchDate], [t].[DispatchQuantity], [t].[FinalPrice], [t].[UnitPrice], [t].[VehicleNo]
      FROM [TblDispatches] AS [t]
      WHERE [t].[ChallanNo] = @__dispatchId_0
info: Microsoft.EntityFrameworkCore.Database.Command[20101]
      Executed DbCommand (4ms) [Parameters=[@__dispatchId_0='?' (Size = 4000)], CommandType='Text', CommandTimeout='120']
      SELECT TOP(1) [t].[DispId], [t].[BillID], [t].[ChallanNo], [t].[Destination], [t].[DisVid], [t].[DispatchDate], [t].[DispatchQuantity], [t].[FinalPrice], [t].[UnitPrice], [t].[VehicleNo]
      FROM [TblDispatches] AS [t]
      WHERE [t].[ChallanNo] = @__dispatchId_0
info: Microsoft.EntityFrameworkCore.Database.Command[20101]
      Executed DbCommand (7ms) [Parameters=[@__dispatchId_0='?' (Size = 4000)], CommandType='Text', CommandTimeout='120']
      SELECT TOP(1) [t].[DispId], [t].[BillID], [t].[ChallanNo], [t].[Destination], [t].[DisVid], [t].[DispatchDate], [t].[DispatchQuantity], [t].[FinalPrice], [t].[UnitPrice], [t].[VehicleNo]
      FROM [TblDispatches] AS [t]
      WHERE [t].[ChallanNo] = @__dispatchId_0
info: Microsoft.EntityFrameworkCore.Database.Command[20101]
      Executed DbCommand (5ms) [Parameters=[@__dispatchId_0='?' (Size = 4000)], CommandType='Text', CommandTimeout='120']
      SELECT TOP(1) [t].[DispId], [t].[BillID], [t].[ChallanNo], [t].[Destination], [t].[DisVid], [t].[DispatchDate], [t].[DispatchQuantity], [t].[FinalPrice], [t].[UnitPrice], [t].[VehicleNo]
      FROM [TblDispatches] AS [t]
      WHERE [t].[ChallanNo] = @__dispatchId_0
info: Microsoft.EntityFrameworkCore.Database.Command[20101]
      Executed DbCommand (8ms) [Parameters=[@__dispatchId_0='?' (Size = 4000)], CommandType='Text', CommandTimeout='120']
      SELECT TOP(1) [t].[DispId], [t].[BillID], [t].[ChallanNo], [t].[Destination], [t].[DisVid], [t].[DispatchDate], [t].[DispatchQuantity], [t].[FinalPrice], [t].[UnitPrice], [t].[VehicleNo]
      FROM [TblDispatches] AS [t]
      WHERE [t].[ChallanNo] = @__dispatchId_0
info: Microsoft.EntityFrameworkCore.Database.Command[20101]
      Executed DbCommand (4ms) [Parameters=[@__dispatchId_0='?' (Size = 4000)], CommandType='Text', CommandTimeout='120']
      SELECT TOP(1) [t].[DispId], [t].[BillID], [t].[ChallanNo], [t].[Destination], [t].[DisVid], [t].[DispatchDate], [t].[DispatchQuantity], [t].[FinalPrice], [t].[UnitPrice], [t].[VehicleNo]
      FROM [TblDispatches] AS [t]
      WHERE [t].[ChallanNo] = @__dispatchId_0
info: Microsoft.EntityFrameworkCore.Database.Command[20101]
      Executed DbCommand (5ms) [Parameters=[@__dispatchId_0='?' (Size = 4000)], CommandType='Text', CommandTimeout='120']
      SELECT TOP(1) [t].[DispId], [t].[BillID], [t].[ChallanNo], [t].[Destination], [t].[DisVid], [t].[DispatchDate], [t].[DispatchQuantity], [t].[FinalPrice], [t].[UnitPrice], [t].[VehicleNo]
      FROM [TblDispatches] AS [t]
      WHERE [t].[ChallanNo] = @__dispatchId_0
info: Microsoft.EntityFrameworkCore.Database.Command[20101]
      Executed DbCommand (7ms) [Parameters=[@__dispatchId_0='?' (Size = 4000)], CommandType='Text', CommandTimeout='120']
      SELECT TOP(1) [t].[DispId], [t].[BillID], [t].[ChallanNo], [t].[Destination], [t].[DisVid], [t].[DispatchDate], [t].[DispatchQuantity], [t].[FinalPrice], [t].[UnitPrice], [t].[VehicleNo]
      FROM [TblDispatches] AS [t]
      WHERE [t].[ChallanNo] = @__dispatchId_0
info: Microsoft.EntityFrameworkCore.Database.Command[20101]
      Executed DbCommand (4ms) [Parameters=[@__dispatchId_0='?' (Size = 4000)], CommandType='Text', CommandTimeout='120']
      SELECT TOP(1) [t].[DispId], [t].[BillID], [t].[ChallanNo], [t].[Destination], [t].[DisVid], [t].[DispatchDate], [t].[DispatchQuantity], [t].[FinalPrice], [t].[UnitPrice], [t].[VehicleNo]
      FROM [TblDispatches] AS [t]
      WHERE [t].[ChallanNo] = @__dispatchId_0
info: Microsoft.EntityFrameworkCore.Database.Command[20101]
      Executed DbCommand (7ms) [Parameters=[@__dispatchId_0='?' (Size = 4000)], CommandType='Text', CommandTimeout='120']
      SELECT TOP(1) [t].[DispId], [t].[BillID], [t].[ChallanNo], [t].[Destination], [t].[DisVid], [t].[DispatchDate], [t].[DispatchQuantity], [t].[FinalPrice], [t].[UnitPrice], [t].[VehicleNo]
      FROM [TblDispatches] AS [t]
      WHERE [t].[ChallanNo] = @__dispatchId_0
info: Microsoft.EntityFrameworkCore.Database.Command[20101]
      Executed DbCommand (4ms) [Parameters=[@__dispatchId_0='?' (Size = 4000)], CommandType='Text', CommandTimeout='120']
      SELECT TOP(1) [t].[DispId], [t].[BillID], [t].[ChallanNo], [t].[Destination], [t].[DisVid], [t].[DispatchDate], [t].[DispatchQuantity], [t].[FinalPrice], [t].[UnitPrice], [t].[VehicleNo]
      FROM [TblDispatches] AS [t]
      WHERE [t].[ChallanNo] = @__dispatchId_0
info: Microsoft.EntityFrameworkCore.Database.Command[20101]
      Executed DbCommand (6ms) [Parameters=[@__dispatchId_0='?' (Size = 4000)], CommandType='Text', CommandTimeout='120']
      SELECT TOP(1) [t].[DispId], [t].[BillID], [t].[ChallanNo], [t].[Destination], [t].[DisVid], [t].[DispatchDate], [t].[DispatchQuantity], [t].[FinalPrice], [t].[UnitPrice], [t].[VehicleNo]
      FROM [TblDispatches] AS [t]
      WHERE [t].[ChallanNo] = @__dispatchId_0
info: Microsoft.EntityFrameworkCore.Database.Command[20101]
      Executed DbCommand (8ms) [Parameters=[@p9='?' (DbType = Int32), @p0='?' (DbType = Int32), @p1='?' (Size = 4000), @p2='?' (Size = 4000), @p3='?' (DbType = Int32), @p4='?' (DbType = DateTime2), @p5='?' (DbType = Double), @p6='?' (DbType = Double), @p7='?' (DbType = Double), @p8='?' (Size = 4000), @p19='?' (DbType = Int32), @p10='?' (DbType = Int32), @p11='?' (Size = 4000), @p12='?' (Size = 4000), @p13='?' (DbType = Int32), @p14='?' (DbType = DateTime2), @p15='?' (DbType = Double), @p16='?' (DbType = Double), @p17='?' (DbType = Double), @p18='?' (Size = 4000), @p29='?' (DbType = Int32), @p20='?' (DbType = Int32), @p21='?' (Size = 4000), @p22='?' (Size = 4000), @p23='?' (DbType = Int32), @p24='?' (DbType = DateTime2), @p25='?' (DbType = Double), @p26='?' (DbType = Double), @p27='?' (DbType = Double), @p28='?' (Size = 4000), @p39='?' (DbType = Int32), @p30='?' (DbType = Int32), @p31='?' (Size = 4000), @p32='?' (Size = 4000), @p33='?' (DbType = Int32), @p34='?' (DbType = DateTime2), @p35='?' (DbType = Double), @p36='?' (DbType = Double), @p37='?' (DbType = Double), @p38='?' (Size = 4000), @p49='?' (DbType = Int32), @p40='?' (DbType = Int32), @p41='?' (Size = 4000), @p42='?' (Size = 4000), @p43='?' (DbType = Int32), @p44='?' (DbType = DateTime2), @p45='?' (DbType = Double), @p46='?' (DbType = Double), @p47='?' (DbType = Double), @p48='?' (Size = 4000), @p59='?' (DbType = Int32), @p50='?' (DbType = Int32), @p51='?' (Size = 4000), @p52='?' (Size = 4000), @p53='?' (DbType = Int32), @p54='?' (DbType = DateTime2), @p55='?' (DbType = Double), @p56='?' (DbType = Double), @p57='?' (DbType = Double), @p58='?' (Size = 4000), @p69='?' (DbType = Int32), @p60='?' (DbType = Int32), @p61='?' (Size = 4000), @p62='?' (Size = 4000), @p63='?' (DbType = Int32), @p64='?' (DbType = DateTime2), @p65='?' (DbType = Double), @p66='?' (DbType = Double), @p67='?' (DbType = Double), @p68='?' (Size = 4000), @p79='?' (DbType = Int32), @p70='?' (DbType = Int32), @p71='?' (Size = 4000), @p72='?' (Size = 4000), @p73='?' (DbType = Int32), @p74='?' (DbType = DateTime2), @p75='?' (DbType = Double), @p76='?' (DbType = Double), @p77='?' (DbType = Double), @p78='?' (Size = 4000), @p89='?' (DbType = Int32), @p80='?' (DbType = Int32), @p81='?' (Size = 4000), @p82='?' (Size = 4000), @p83='?' (DbType = Int32), @p84='?' (DbType = DateTime2), @p85='?' (DbType = Double), @p86='?' (DbType = Double), @p87='?' (DbType = Double), @p88='?' (Size = 4000), @p99='?' (DbType = Int32), @p90='?' (DbType = Int32), @p91='?' (Size = 4000), @p92='?' (Size = 4000), @p93='?' (DbType = Int32), @p94='?' (DbType = DateTime2), @p95='?' (DbType = Double), @p96='?' (DbType = Double), @p97='?' (DbType = Double), @p98='?' (Size = 4000), @p109='?' (DbType = Int32), @p100='?' (DbType = Int32), @p101='?' (Size = 4000), @p102='?' (Size = 4000), @p103='?' (DbType = Int32), @p104='?' (DbType = DateTime2), @p105='?' (DbType = Double), @p106='?' (DbType = Double), @p107='?' (DbType = Double), @p108='?' (Size = 4000), @p119='?' (DbType = Int32), @p110='?' (DbType = Int32), @p111='?' (Size = 4000), @p112='?' (Size = 4000), @p113='?' (DbType = Int32), @p114='?' (DbType = DateTime2), @p115='?' (DbType = Double), @p116='?' (DbType = Double), @p117='?' (DbType = Double), @p118='?' (Size = 4000), @p129='?' (DbType = Int32), @p120='?' (DbType = Int32), @p121='?' (Size = 4000), @p122='?' (Size = 4000), @p123='?' (DbType = Int32), @p124='?' (DbType = DateTime2), @p125='?' (DbType = Double), @p126='?' (DbType = Double), @p127='?' (DbType = Double), @p128='?' (Size = 4000), @p139='?' (DbType = Int32), @p130='?' (DbType = Int32), @p131='?' (Size = 4000), @p132='?' (Size = 4000), @p133='?' (DbType = Int32), @p134='?' (DbType = DateTime2), @p135='?' (DbType = Double), @p136='?' (DbType = Double), @p137='?' (DbType = Double), @p138='?' (Size = 4000), @p149='?' (DbType = Int32), @p140='?' (DbType = Int32), @p141='?' (Size = 4000), @p142='?' (Size = 4000), @p143='?' (DbType = Int32), @p144='?' (DbType = DateTime2), @p145='?' (DbType = Double), @p146='?' (DbType = Double), @p147='?' (DbType = Double), @p148='?' (Size = 4000), @p159='?' (DbType = Int32), @p150='?' (DbType = Int32), @p151='?' (Size = 4000), @p152='?' (Size = 4000), @p153='?' (DbType = Int32), @p154='?' (DbType = DateTime2), @p155='?' (DbType = Double), @p156='?' (DbType = Double), @p157='?' (DbType = Double), @p158='?' (Size = 4000), @p169='?' (DbType = Int32), @p160='?' (DbType = Int32), @p161='?' (Size = 4000), @p162='?' (Size = 4000), @p163='?' (DbType = Int32), @p164='?' (DbType = DateTime2), @p165='?' (DbType = Double), @p166='?' (DbType = Double), @p167='?' (DbType = Double), @p168='?' (Size = 4000), @p179='?' (DbType = Int32), @p170='?' (DbType = Int32), @p171='?' (Size = 4000), @p172='?' (Size = 4000), @p173='?' (DbType = Int32), @p174='?' (DbType = DateTime2), @p175='?' (DbType = Double), @p176='?' (DbType = Double), @p177='?' (DbType = Double), @p178='?' (Size = 4000), @p189='?' (DbType = Int32), @p180='?' (DbType = Int32), @p181='?' (Size = 4000), @p182='?' (Size = 4000), @p183='?' (DbType = Int32), @p184='?' (DbType = DateTime2), @p185='?' (DbType = Double), @p186='?' (DbType = Double), @p187='?' (DbType = Double), @p188='?' (Size = 4000), @p199='?' (DbType = Int32), @p190='?' (DbType = Int32), @p191='?' (Size = 4000), @p192='?' (Size = 4000), @p193='?' (DbType = Int32), @p194='?' (DbType = DateTime2), @p195='?' (DbType = Double), @p196='?' (DbType = Double), @p197='?' (DbType = Double), @p198='?' (Size = 4000), @p209='?' (DbType = Int32), @p200='?' (DbType = Int32), @p201='?' (Size = 4000), @p202='?' (Size = 4000), @p203='?' (DbType = Int32), @p204='?' (DbType = DateTime2), @p205='?' (DbType = Double), @p206='?' (DbType = Double), @p207='?' (DbType = Double), @p208='?' (Size = 4000), @p219='?' (DbType = Int32), @p210='?' (DbType = Int32), @p211='?' (Size = 4000), @p212='?' (Size = 4000), @p213='?' (DbType = Int32), @p214='?' (DbType = DateTime2), @p215='?' (DbType = Double), @p216='?' (DbType = Double), @p217='?' (DbType = Double), @p218='?' (Size = 4000), @p229='?' (DbType = Int32), @p220='?' (DbType = Int32), @p221='?' (Size = 4000), @p222='?' (Size = 4000), @p223='?' (DbType = Int32), @p224='?' (DbType = DateTime2), @p225='?' (DbType = Double), @p226='?' (DbType = Double), @p227='?' (DbType = Double), @p228='?' (Size = 4000), @p239='?' (DbType = Int32), @p230='?' (DbType = Int32), @p231='?' (Size = 4000), @p232='?' (Size = 4000), @p233='?' (DbType = Int32), @p234='?' (DbType = DateTime2), @p235='?' (DbType = Double), @p236='?' (DbType = Double), @p237='?' (DbType = Double), @p238='?' (Size = 4000), @p249='?' (DbType = Int32), @p240='?' (DbType = Int32), @p241='?' (Size = 4000), @p242='?' (Size = 4000), @p243='?' (DbType = Int32), @p244='?' (DbType = DateTime2), @p245='?' (DbType = Double), @p246='?' (DbType = Double), @p247='?' (DbType = Double), @p248='?' (Size = 4000)], CommandType='Text', CommandTimeout='120']
      SET NOCOUNT ON;
      UPDATE [TblDispatches] SET [BillID] = @p0, [ChallanNo] = @p1, [Destination] = @p2, [DisVid] = @p3, [DispatchDate] = @p4, [DispatchQuantity] = @p5, [FinalPrice] = @p6, [UnitPrice] = @p7, [VehicleNo] = @p8
      WHERE [DispId] = @p9;
      SELECT @@ROWCOUNT;
      
      UPDATE [TblDispatches] SET [BillID] = @p10, [ChallanNo] = @p11, [Destination] = @p12, [DisVid] = @p13, [DispatchDate] = @p14, [DispatchQuantity] = @p15, [FinalPrice] = @p16, [UnitPrice] = @p17, [VehicleNo] = @p18
      WHERE [DispId] = @p19;
      SELECT @@ROWCOUNT;
      
      UPDATE [TblDispatches] SET [BillID] = @p20, [ChallanNo] = @p21, [Destination] = @p22, [DisVid] = @p23, [DispatchDate] = @p24, [DispatchQuantity] = @p25, [FinalPrice] = @p26, [UnitPrice] = @p27, [VehicleNo] = @p28
      WHERE [DispId] = @p29;
      SELECT @@ROWCOUNT;
      
      UPDATE [TblDispatches] SET [BillID] = @p30, [ChallanNo] = @p31, [Destination] = @p32, [DisVid] = @p33, [DispatchDate] = @p34, [DispatchQuantity] = @p35, [FinalPrice] = @p36, [UnitPrice] = @p37, [VehicleNo] = @p38
      WHERE [DispId] = @p39;
      SELECT @@ROWCOUNT;
      
      UPDATE [TblDispatches] SET [BillID] = @p40, [ChallanNo] = @p41, [Destination] = @p42, [DisVid] = @p43, [DispatchDate] = @p44, [DispatchQuantity] = @p45, [FinalPrice] = @p46, [UnitPrice] = @p47, [VehicleNo] = @p48
      WHERE [DispId] = @p49;
      SELECT @@ROWCOUNT;
      
      UPDATE [TblDispatches] SET [BillID] = @p50, [ChallanNo] = @p51, [Destination] = @p52, [DisVid] = @p53, [DispatchDate] = @p54, [DispatchQuantity] = @p55, [FinalPrice] = @p56, [UnitPrice] = @p57, [VehicleNo] = @p58
      WHERE [DispId] = @p59;
      SELECT @@ROWCOUNT;
      
      UPDATE [TblDispatches] SET [BillID] = @p60, [ChallanNo] = @p61, [Destination] = @p62, [DisVid] = @p63, [DispatchDate] = @p64, [DispatchQuantity] = @p65, [FinalPrice] = @p66, [UnitPrice] = @p67, [VehicleNo] = @p68
      WHERE [DispId] = @p69;
      SELECT @@ROWCOUNT;
      
      UPDATE [TblDispatches] SET [BillID] = @p70, [ChallanNo] = @p71, [Destination] = @p72, [DisVid] = @p73, [DispatchDate] = @p74, [DispatchQuantity] = @p75, [FinalPrice] = @p76, [UnitPrice] = @p77, [VehicleNo] = @p78
      WHERE [DispId] = @p79;
      SELECT @@ROWCOUNT;
      
      UPDATE [TblDispatches] SET [BillID] = @p80, [ChallanNo] = @p81, [Destination] = @p82, [DisVid] = @p83, [DispatchDate] = @p84, [DispatchQuantity] = @p85, [FinalPrice] = @p86, [UnitPrice] = @p87, [VehicleNo] = @p88
      WHERE [DispId] = @p89;
      SELECT @@ROWCOUNT;
      
      UPDATE [TblDispatches] SET [BillID] = @p90, [ChallanNo] = @p91, [Destination] = @p92, [DisVid] = @p93, [DispatchDate] = @p94, [DispatchQuantity] = @p95, [FinalPrice] = @p96, [UnitPrice] = @p97, [VehicleNo] = @p98
      WHERE [DispId] = @p99;
      SELECT @@ROWCOUNT;
      
      UPDATE [TblDispatches] SET [BillID] = @p100, [ChallanNo] = @p101, [Destination] = @p102, [DisVid] = @p103, [DispatchDate] = @p104, [DispatchQuantity] = @p105, [FinalPrice] = @p106, [UnitPrice] = @p107, [VehicleNo] = @p108
      WHERE [DispId] = @p109;
      SELECT @@ROWCOUNT;
      
      UPDATE [TblDispatches] SET [BillID] = @p110, [ChallanNo] = @p111, [Destination] = @p112, [DisVid] = @p113, [DispatchDate] = @p114, [DispatchQuantity] = @p115, [FinalPrice] = @p116, [UnitPrice] = @p117, [VehicleNo] = @p118
      WHERE [DispId] = @p119;
      SELECT @@ROWCOUNT;
      
      UPDATE [TblDispatches] SET [BillID] = @p120, [ChallanNo] = @p121, [Destination] = @p122, [DisVid] = @p123, [DispatchDate] = @p124, [DispatchQuantity] = @p125, [FinalPrice] = @p126, [UnitPrice] = @p127, [VehicleNo] = @p128
      WHERE [DispId] = @p129;
      SELECT @@ROWCOUNT;
      
      UPDATE [TblDispatches] SET [BillID] = @p130, [ChallanNo] = @p131, [Destination] = @p132, [DisVid] = @p133, [DispatchDate] = @p134, [DispatchQuantity] = @p135, [FinalPrice] = @p136, [UnitPrice] = @p137, [VehicleNo] = @p138
      WHERE [DispId] = @p139;
      SELECT @@ROWCOUNT;
      
      UPDATE [TblDispatches] SET [BillID] = @p140, [ChallanNo] = @p141, [Destination] = @p142, [DisVid] = @p143, [DispatchDate] = @p144, [DispatchQuantity] = @p145, [FinalPrice] = @p146, [UnitPrice] = @p147, [VehicleNo] = @p148
      WHERE [DispId] = @p149;
      SELECT @@ROWCOUNT;
      
      UPDATE [TblDispatches] SET [BillID] = @p150, [ChallanNo] = @p151, [Destination] = @p152, [DisVid] = @p153, [DispatchDate] = @p154, [DispatchQuantity] = @p155, [FinalPrice] = @p156, [UnitPrice] = @p157, [VehicleNo] = @p158
      WHERE [DispId] = @p159;
      SELECT @@ROWCOUNT;
      
      UPDATE [TblDispatches] SET [BillID] = @p160, [ChallanNo] = @p161, [Destination] = @p162, [DisVid] = @p163, [DispatchDate] = @p164, [DispatchQuantity] = @p165, [FinalPrice] = @p166, [UnitPrice] = @p167, [VehicleNo] = @p168
      WHERE [DispId] = @p169;
      SELECT @@ROWCOUNT;
      
      UPDATE [TblDispatches] SET [BillID] = @p170, [ChallanNo] = @p171, [Destination] = @p172, [DisVid] = @p173, [DispatchDate] = @p174, [DispatchQuantity] = @p175, [FinalPrice] = @p176, [UnitPrice] = @p177, [VehicleNo] = @p178
      WHERE [DispId] = @p179;
      SELECT @@ROWCOUNT;
      
      UPDATE [TblDispatches] SET [BillID] = @p180, [ChallanNo] = @p181, [Destination] = @p182, [DisVid] = @p183, [DispatchDate] = @p184, [DispatchQuantity] = @p185, [FinalPrice] = @p186, [UnitPrice] = @p187, [VehicleNo] = @p188
      WHERE [DispId] = @p189;
      SELECT @@ROWCOUNT;
      
      UPDATE [TblDispatches] SET [BillID] = @p190, [ChallanNo] = @p191, [Destination] = @p192, [DisVid] = @p193, [DispatchDate] = @p194, [DispatchQuantity] = @p195, [FinalPrice] = @p196, [UnitPrice] = @p197, [VehicleNo] = @p198
      WHERE [DispId] = @p199;
      SELECT @@ROWCOUNT;
      
      UPDATE [TblDispatches] SET [BillID] = @p200, [ChallanNo] = @p201, [Destination] = @p202, [DisVid] = @p203, [DispatchDate] = @p204, [DispatchQuantity] = @p205, [FinalPrice] = @p206, [UnitPrice] = @p207, [VehicleNo] = @p208
      WHERE [DispId] = @p209;
      SELECT @@ROWCOUNT;
      
      UPDATE [TblDispatches] SET [BillID] = @p210, [ChallanNo] = @p211, [Destination] = @p212, [DisVid] = @p213, [DispatchDate] = @p214, [DispatchQuantity] = @p215, [FinalPrice] = @p216, [UnitPrice] = @p217, [VehicleNo] = @p218
      WHERE [DispId] = @p219;
      SELECT @@ROWCOUNT;
      
      UPDATE [TblDispatches] SET [BillID] = @p220, [ChallanNo] = @p221, [Destination] = @p222, [DisVid] = @p223, [DispatchDate] = @p224, [DispatchQuantity] = @p225, [FinalPrice] = @p226, [UnitPrice] = @p227, [VehicleNo] = @p228
      WHERE [DispId] = @p229;
      SELECT @@ROWCOUNT;
      
      UPDATE [TblDispatches] SET [BillID] = @p230, [ChallanNo] = @p231, [Destination] = @p232, [DisVid] = @p233, [DispatchDate] = @p234, [DispatchQuantity] = @p235, [FinalPrice] = @p236, [UnitPrice] = @p237, [VehicleNo] = @p238
      WHERE [DispId] = @p239;
      SELECT @@ROWCOUNT;
      
      UPDATE [TblDispatches] SET [BillID] = @p240, [ChallanNo] = @p241, [Destination] = @p242, [DisVid] = @p243, [DispatchDate] = @p244, [DispatchQuantity] = @p245, [FinalPrice] = @p246, [UnitPrice] = @p247, [VehicleNo] = @p248
      WHERE [DispId] = @p249;
      SELECT @@ROWCOUNT;
info: Microsoft.EntityFrameworkCore.Infrastructure[10403]
      Entity Framework Core 6.0.21 initialized 'TransportMgmtContext' using provider 'Microsoft.EntityFrameworkCore.SqlServer:6.0.21' with options: CommandTimeout=120 
info: Microsoft.EntityFrameworkCore.Database.Command[20101]
      Executed DbCommand (0ms) [Parameters=[], CommandType='Text', CommandTimeout='120']
      SELECT [t].[FID], [t].[Address], [t].[Code], [t].[CreatedBy], [t].[CreatedOn], [t].[FactoryName], [t].[Gstin], [t].[IsActive], [t].[ModifiedBy], [t].[ModifiedOn]
      FROM [TblFactories] AS [t]
info: Microsoft.EntityFrameworkCore.Database.Command[20101]
      Executed DbCommand (3ms) [Parameters=[], CommandType='Text', CommandTimeout='120']
      SELECT [t].[FID], [t].[Address], [t].[Code], [t].[CreatedBy], [t].[CreatedOn], [t].[FactoryName], [t].[Gstin], [t].[IsActive], [t].[ModifiedBy], [t].[ModifiedOn]
      FROM [TblFactories] AS [t]
info: Microsoft.EntityFrameworkCore.Database.Command[20101]
      Executed DbCommand (1ms) [Parameters=[], CommandType='Text', CommandTimeout='120']
      SELECT [t].[DispId], [t].[BillID], [t].[ChallanNo], [t].[Destination], [t].[DisVid], [t].[DispatchDate], [t].[DispatchQuantity], [t].[FinalPrice], [t].[UnitPrice], [t].[VehicleNo]
      FROM [TblDispatches] AS [t]
info: Microsoft.EntityFrameworkCore.Infrastructure[10403]
      Entity Framework Core 6.0.21 initialized 'TransportMgmtContext' using provider 'Microsoft.EntityFrameworkCore.SqlServer:6.0.21' with options: CommandTimeout=120 
info: Microsoft.EntityFrameworkCore.Database.Command[20101]
      Executed DbCommand (3ms) [Parameters=[@__dispatchId_0='?' (Size = 4000)], CommandType='Text', CommandTimeout='120']
      SELECT TOP(1) [t].[DispId], [t].[BillID], [t].[ChallanNo], [t].[Destination], [t].[DisVid], [t].[DispatchDate], [t].[DispatchQuantity], [t].[FinalPrice], [t].[UnitPrice], [t].[VehicleNo]
      FROM [TblDispatches] AS [t]
      WHERE [t].[ChallanNo] = @__dispatchId_0
info: Microsoft.EntityFrameworkCore.Database.Command[20101]
      Executed DbCommand (3ms) [Parameters=[@__dispatchId_0='?' (Size = 4000)], CommandType='Text', CommandTimeout='120']
      SELECT TOP(1) [t].[DispId], [t].[BillID], [t].[ChallanNo], [t].[Destination], [t].[DisVid], [t].[DispatchDate], [t].[DispatchQuantity], [t].[FinalPrice], [t].[UnitPrice], [t].[VehicleNo]
      FROM [TblDispatches] AS [t]
      WHERE [t].[ChallanNo] = @__dispatchId_0
info: Microsoft.EntityFrameworkCore.Database.Command[20101]
      Executed DbCommand (1ms) [Parameters=[@__billNumber_0='?' (Size = 4000)], CommandType='Text', CommandTimeout='120']
      SELECT TOP(1) [b].[BillID], [b].[ActualAmount], [b].[BillDate], [b].[BillNum], [b].[BillType], [b].[FID], [b].[Gst], [b].[GstDate], [b].[PId], [b].[PaymentReceived], [b].[PaymentTablePId], [b].[Tds]
      FROM [BillTables] AS [b]
      WHERE [b].[BillNum] = @__billNumber_0
info: Microsoft.EntityFrameworkCore.Database.Command[20101]
      Executed DbCommand (4ms) [Parameters=[@p0='?' (DbType = Double), @p1='?' (DbType = DateTime2), @p2='?' (Size = 4000), @p3='?' (Size = 4000), @p4='?' (DbType = Int32), @p5='?' (DbType = Double), @p6='?' (DbType = DateTime2), @p7='?' (DbType = Int32), @p8='?' (DbType = Double), @p9='?' (DbType = Int32), @p10='?' (DbType = Double)], CommandType='Text', CommandTimeout='120']
      SET NOCOUNT ON;
      INSERT INTO [BillTables] ([ActualAmount], [BillDate], [BillNum], [BillType], [FID], [Gst], [GstDate], [PId], [PaymentReceived], [PaymentTablePId], [Tds])
      VALUES (@p0, @p1, @p2, @p3, @p4, @p5, @p6, @p7, @p8, @p9, @p10);
      SELECT [BillID]
      FROM [BillTables]
      WHERE @@ROWCOUNT = 1 AND [BillID] = scope_identity();
info: Microsoft.EntityFrameworkCore.Database.Command[20101]
      Executed DbCommand (5ms) [Parameters=[@p2='?' (DbType = Int32), @p0='?' (DbType = Double), @p1='?' (DbType = Double)], CommandType='Text', CommandTimeout='120']
      SET NOCOUNT ON;
      UPDATE [TblDispatches] SET [FinalPrice] = @p0, [UnitPrice] = @p1
      WHERE [DispId] = @p2;
      SELECT @@ROWCOUNT;
info: Microsoft.EntityFrameworkCore.Database.Command[20101]
      Executed DbCommand (4ms) [Parameters=[@__dispatchId_0='?' (Size = 4000)], CommandType='Text', CommandTimeout='120']
      SELECT TOP(1) [t].[DispId], [t].[BillID], [t].[ChallanNo], [t].[Destination], [t].[DisVid], [t].[DispatchDate], [t].[DispatchQuantity], [t].[FinalPrice], [t].[UnitPrice], [t].[VehicleNo]
      FROM [TblDispatches] AS [t]
      WHERE [t].[ChallanNo] = @__dispatchId_0
info: Microsoft.EntityFrameworkCore.Database.Command[20101]
      Executed DbCommand (5ms) [Parameters=[@__dispatchId_0='?' (Size = 4000)], CommandType='Text', CommandTimeout='120']
      SELECT TOP(1) [t].[DispId], [t].[BillID], [t].[ChallanNo], [t].[Destination], [t].[DisVid], [t].[DispatchDate], [t].[DispatchQuantity], [t].[FinalPrice], [t].[UnitPrice], [t].[VehicleNo]
      FROM [TblDispatches] AS [t]
      WHERE [t].[ChallanNo] = @__dispatchId_0
info: Microsoft.EntityFrameworkCore.Database.Command[20101]
      Executed DbCommand (4ms) [Parameters=[@__dispatchId_0='?' (Size = 4000)], CommandType='Text', CommandTimeout='120']
      SELECT TOP(1) [t].[DispId], [t].[BillID], [t].[ChallanNo], [t].[Destination], [t].[DisVid], [t].[DispatchDate], [t].[DispatchQuantity], [t].[FinalPrice], [t].[UnitPrice], [t].[VehicleNo]
      FROM [TblDispatches] AS [t]
      WHERE [t].[ChallanNo] = @__dispatchId_0
info: Microsoft.EntityFrameworkCore.Database.Command[20101]
      Executed DbCommand (3ms) [Parameters=[@__dispatchId_0='?' (Size = 4000)], CommandType='Text', CommandTimeout='120']
      SELECT TOP(1) [t].[DispId], [t].[BillID], [t].[ChallanNo], [t].[Destination], [t].[DisVid], [t].[DispatchDate], [t].[DispatchQuantity], [t].[FinalPrice], [t].[UnitPrice], [t].[VehicleNo]
      FROM [TblDispatches] AS [t]
      WHERE [t].[ChallanNo] = @__dispatchId_0
info: Microsoft.EntityFrameworkCore.Database.Command[20101]
      Executed DbCommand (3ms) [Parameters=[@__dispatchId_0='?' (Size = 4000)], CommandType='Text', CommandTimeout='120']
      SELECT TOP(1) [t].[DispId], [t].[BillID], [t].[ChallanNo], [t].[Destination], [t].[DisVid], [t].[DispatchDate], [t].[DispatchQuantity], [t].[FinalPrice], [t].[UnitPrice], [t].[VehicleNo]
      FROM [TblDispatches] AS [t]
      WHERE [t].[ChallanNo] = @__dispatchId_0
info: Microsoft.EntityFrameworkCore.Database.Command[20101]
      Executed DbCommand (4ms) [Parameters=[@__dispatchId_0='?' (Size = 4000)], CommandType='Text', CommandTimeout='120']
      SELECT TOP(1) [t].[DispId], [t].[BillID], [t].[ChallanNo], [t].[Destination], [t].[DisVid], [t].[DispatchDate], [t].[DispatchQuantity], [t].[FinalPrice], [t].[UnitPrice], [t].[VehicleNo]
      FROM [TblDispatches] AS [t]
      WHERE [t].[ChallanNo] = @__dispatchId_0
info: Microsoft.EntityFrameworkCore.Database.Command[20101]
      Executed DbCommand (3ms) [Parameters=[@__dispatchId_0='?' (Size = 4000)], CommandType='Text', CommandTimeout='120']
      SELECT TOP(1) [t].[DispId], [t].[BillID], [t].[ChallanNo], [t].[Destination], [t].[DisVid], [t].[DispatchDate], [t].[DispatchQuantity], [t].[FinalPrice], [t].[UnitPrice], [t].[VehicleNo]
      FROM [TblDispatches] AS [t]
      WHERE [t].[ChallanNo] = @__dispatchId_0
info: Microsoft.EntityFrameworkCore.Database.Command[20101]
      Executed DbCommand (6ms) [Parameters=[@__dispatchId_0='?' (Size = 4000)], CommandType='Text', CommandTimeout='120']
      SELECT TOP(1) [t].[DispId], [t].[BillID], [t].[ChallanNo], [t].[Destination], [t].[DisVid], [t].[DispatchDate], [t].[DispatchQuantity], [t].[FinalPrice], [t].[UnitPrice], [t].[VehicleNo]
      FROM [TblDispatches] AS [t]
      WHERE [t].[ChallanNo] = @__dispatchId_0
info: Microsoft.EntityFrameworkCore.Database.Command[20101]
      Executed DbCommand (3ms) [Parameters=[@__dispatchId_0='?' (Size = 4000)], CommandType='Text', CommandTimeout='120']
      SELECT TOP(1) [t].[DispId], [t].[BillID], [t].[ChallanNo], [t].[Destination], [t].[DisVid], [t].[DispatchDate], [t].[DispatchQuantity], [t].[FinalPrice], [t].[UnitPrice], [t].[VehicleNo]
      FROM [TblDispatches] AS [t]
      WHERE [t].[ChallanNo] = @__dispatchId_0
info: Microsoft.EntityFrameworkCore.Database.Command[20101]
      Executed DbCommand (6ms) [Parameters=[@__dispatchId_0='?' (Size = 4000)], CommandType='Text', CommandTimeout='120']
      SELECT TOP(1) [t].[DispId], [t].[BillID], [t].[ChallanNo], [t].[Destination], [t].[DisVid], [t].[DispatchDate], [t].[DispatchQuantity], [t].[FinalPrice], [t].[UnitPrice], [t].[VehicleNo]
      FROM [TblDispatches] AS [t]
      WHERE [t].[ChallanNo] = @__dispatchId_0
info: Microsoft.EntityFrameworkCore.Database.Command[20101]
      Executed DbCommand (5ms) [Parameters=[@__dispatchId_0='?' (Size = 4000)], CommandType='Text', CommandTimeout='120']
      SELECT TOP(1) [t].[DispId], [t].[BillID], [t].[ChallanNo], [t].[Destination], [t].[DisVid], [t].[DispatchDate], [t].[DispatchQuantity], [t].[FinalPrice], [t].[UnitPrice], [t].[VehicleNo]
      FROM [TblDispatches] AS [t]
      WHERE [t].[ChallanNo] = @__dispatchId_0
info: Microsoft.EntityFrameworkCore.Database.Command[20101]
      Executed DbCommand (4ms) [Parameters=[@__dispatchId_0='?' (Size = 4000)], CommandType='Text', CommandTimeout='120']
      SELECT TOP(1) [t].[DispId], [t].[BillID], [t].[ChallanNo], [t].[Destination], [t].[DisVid], [t].[DispatchDate], [t].[DispatchQuantity], [t].[FinalPrice], [t].[UnitPrice], [t].[VehicleNo]
      FROM [TblDispatches] AS [t]
      WHERE [t].[ChallanNo] = @__dispatchId_0
info: Microsoft.EntityFrameworkCore.Database.Command[20101]
      Executed DbCommand (3ms) [Parameters=[@__dispatchId_0='?' (Size = 4000)], CommandType='Text', CommandTimeout='120']
      SELECT TOP(1) [t].[DispId], [t].[BillID], [t].[ChallanNo], [t].[Destination], [t].[DisVid], [t].[DispatchDate], [t].[DispatchQuantity], [t].[FinalPrice], [t].[UnitPrice], [t].[VehicleNo]
      FROM [TblDispatches] AS [t]
      WHERE [t].[ChallanNo] = @__dispatchId_0
info: Microsoft.EntityFrameworkCore.Database.Command[20101]
      Executed DbCommand (4ms) [Parameters=[@__dispatchId_0='?' (Size = 4000)], CommandType='Text', CommandTimeout='120']
      SELECT TOP(1) [t].[DispId], [t].[BillID], [t].[ChallanNo], [t].[Destination], [t].[DisVid], [t].[DispatchDate], [t].[DispatchQuantity], [t].[FinalPrice], [t].[UnitPrice], [t].[VehicleNo]
      FROM [TblDispatches] AS [t]
      WHERE [t].[ChallanNo] = @__dispatchId_0
info: Microsoft.EntityFrameworkCore.Database.Command[20101]
      Executed DbCommand (4ms) [Parameters=[@__dispatchId_0='?' (Size = 4000)], CommandType='Text', CommandTimeout='120']
      SELECT TOP(1) [t].[DispId], [t].[BillID], [t].[ChallanNo], [t].[Destination], [t].[DisVid], [t].[DispatchDate], [t].[DispatchQuantity], [t].[FinalPrice], [t].[UnitPrice], [t].[VehicleNo]
      FROM [TblDispatches] AS [t]
      WHERE [t].[ChallanNo] = @__dispatchId_0
info: Microsoft.EntityFrameworkCore.Database.Command[20101]
      Executed DbCommand (3ms) [Parameters=[@__dispatchId_0='?' (Size = 4000)], CommandType='Text', CommandTimeout='120']
      SELECT TOP(1) [t].[DispId], [t].[BillID], [t].[ChallanNo], [t].[Destination], [t].[DisVid], [t].[DispatchDate], [t].[DispatchQuantity], [t].[FinalPrice], [t].[UnitPrice], [t].[VehicleNo]
      FROM [TblDispatches] AS [t]
      WHERE [t].[ChallanNo] = @__dispatchId_0
info: Microsoft.EntityFrameworkCore.Database.Command[20101]
      Executed DbCommand (6ms) [Parameters=[@__dispatchId_0='?' (Size = 4000)], CommandType='Text', CommandTimeout='120']
      SELECT TOP(1) [t].[DispId], [t].[BillID], [t].[ChallanNo], [t].[Destination], [t].[DisVid], [t].[DispatchDate], [t].[DispatchQuantity], [t].[FinalPrice], [t].[UnitPrice], [t].[VehicleNo]
      FROM [TblDispatches] AS [t]
      WHERE [t].[ChallanNo] = @__dispatchId_0
info: Microsoft.EntityFrameworkCore.Database.Command[20101]
      Executed DbCommand (4ms) [Parameters=[@__dispatchId_0='?' (Size = 4000)], CommandType='Text', CommandTimeout='120']
      SELECT TOP(1) [t].[DispId], [t].[BillID], [t].[ChallanNo], [t].[Destination], [t].[DisVid], [t].[DispatchDate], [t].[DispatchQuantity], [t].[FinalPrice], [t].[UnitPrice], [t].[VehicleNo]
      FROM [TblDispatches] AS [t]
      WHERE [t].[ChallanNo] = @__dispatchId_0
info: Microsoft.EntityFrameworkCore.Database.Command[20101]
      Executed DbCommand (4ms) [Parameters=[@__dispatchId_0='?' (Size = 4000)], CommandType='Text', CommandTimeout='120']
      SELECT TOP(1) [t].[DispId], [t].[BillID], [t].[ChallanNo], [t].[Destination], [t].[DisVid], [t].[DispatchDate], [t].[DispatchQuantity], [t].[FinalPrice], [t].[UnitPrice], [t].[VehicleNo]
      FROM [TblDispatches] AS [t]
      WHERE [t].[ChallanNo] = @__dispatchId_0
info: Microsoft.EntityFrameworkCore.Database.Command[20101]
      Executed DbCommand (3ms) [Parameters=[@__dispatchId_0='?' (Size = 4000)], CommandType='Text', CommandTimeout='120']
      SELECT TOP(1) [t].[DispId], [t].[BillID], [t].[ChallanNo], [t].[Destination], [t].[DisVid], [t].[DispatchDate], [t].[DispatchQuantity], [t].[FinalPrice], [t].[UnitPrice], [t].[VehicleNo]
      FROM [TblDispatches] AS [t]
      WHERE [t].[ChallanNo] = @__dispatchId_0
info: Microsoft.EntityFrameworkCore.Database.Command[20101]
      Executed DbCommand (4ms) [Parameters=[@__dispatchId_0='?' (Size = 4000)], CommandType='Text', CommandTimeout='120']
      SELECT TOP(1) [t].[DispId], [t].[BillID], [t].[ChallanNo], [t].[Destination], [t].[DisVid], [t].[DispatchDate], [t].[DispatchQuantity], [t].[FinalPrice], [t].[UnitPrice], [t].[VehicleNo]
      FROM [TblDispatches] AS [t]
      WHERE [t].[ChallanNo] = @__dispatchId_0
info: Microsoft.EntityFrameworkCore.Database.Command[20101]
      Executed DbCommand (3ms) [Parameters=[@__dispatchId_0='?' (Size = 4000)], CommandType='Text', CommandTimeout='120']
      SELECT TOP(1) [t].[DispId], [t].[BillID], [t].[ChallanNo], [t].[Destination], [t].[DisVid], [t].[DispatchDate], [t].[DispatchQuantity], [t].[FinalPrice], [t].[UnitPrice], [t].[VehicleNo]
      FROM [TblDispatches] AS [t]
      WHERE [t].[ChallanNo] = @__dispatchId_0
info: Microsoft.EntityFrameworkCore.Database.Command[20101]
      Executed DbCommand (2ms) [Parameters=[@__dispatchId_0='?' (Size = 4000)], CommandType='Text', CommandTimeout='120']
      SELECT TOP(1) [t].[DispId], [t].[BillID], [t].[ChallanNo], [t].[Destination], [t].[DisVid], [t].[DispatchDate], [t].[DispatchQuantity], [t].[FinalPrice], [t].[UnitPrice], [t].[VehicleNo]
      FROM [TblDispatches] AS [t]
      WHERE [t].[ChallanNo] = @__dispatchId_0
info: Microsoft.EntityFrameworkCore.Database.Command[20101]
      Executed DbCommand (3ms) [Parameters=[@__dispatchId_0='?' (Size = 4000)], CommandType='Text', CommandTimeout='120']
      SELECT TOP(1) [t].[DispId], [t].[BillID], [t].[ChallanNo], [t].[Destination], [t].[DisVid], [t].[DispatchDate], [t].[DispatchQuantity], [t].[FinalPrice], [t].[UnitPrice], [t].[VehicleNo]
      FROM [TblDispatches] AS [t]
      WHERE [t].[ChallanNo] = @__dispatchId_0
info: Microsoft.EntityFrameworkCore.Database.Command[20101]
      Executed DbCommand (3ms) [Parameters=[@__dispatchId_0='?' (Size = 4000)], CommandType='Text', CommandTimeout='120']
      SELECT TOP(1) [t].[DispId], [t].[BillID], [t].[ChallanNo], [t].[Destination], [t].[DisVid], [t].[DispatchDate], [t].[DispatchQuantity], [t].[FinalPrice], [t].[UnitPrice], [t].[VehicleNo]
      FROM [TblDispatches] AS [t]
      WHERE [t].[ChallanNo] = @__dispatchId_0
info: Microsoft.EntityFrameworkCore.Database.Command[20101]
      Executed DbCommand (3ms) [Parameters=[@__dispatchId_0='?' (Size = 4000)], CommandType='Text', CommandTimeout='120']
      SELECT TOP(1) [t].[DispId], [t].[BillID], [t].[ChallanNo], [t].[Destination], [t].[DisVid], [t].[DispatchDate], [t].[DispatchQuantity], [t].[FinalPrice], [t].[UnitPrice], [t].[VehicleNo]
      FROM [TblDispatches] AS [t]
      WHERE [t].[ChallanNo] = @__dispatchId_0
info: Microsoft.EntityFrameworkCore.Database.Command[20101]
      Executed DbCommand (3ms) [Parameters=[@__dispatchId_0='?' (Size = 4000)], CommandType='Text', CommandTimeout='120']
      SELECT TOP(1) [t].[DispId], [t].[BillID], [t].[ChallanNo], [t].[Destination], [t].[DisVid], [t].[DispatchDate], [t].[DispatchQuantity], [t].[FinalPrice], [t].[UnitPrice], [t].[VehicleNo]
      FROM [TblDispatches] AS [t]
      WHERE [t].[ChallanNo] = @__dispatchId_0
info: Microsoft.EntityFrameworkCore.Database.Command[20101]
      Executed DbCommand (4ms) [Parameters=[@__dispatchId_0='?' (Size = 4000)], CommandType='Text', CommandTimeout='120']
      SELECT TOP(1) [t].[DispId], [t].[BillID], [t].[ChallanNo], [t].[Destination], [t].[DisVid], [t].[DispatchDate], [t].[DispatchQuantity], [t].[FinalPrice], [t].[UnitPrice], [t].[VehicleNo]
      FROM [TblDispatches] AS [t]
      WHERE [t].[ChallanNo] = @__dispatchId_0
info: Microsoft.EntityFrameworkCore.Database.Command[20101]
      Executed DbCommand (7ms) [Parameters=[@__dispatchId_0='?' (Size = 4000)], CommandType='Text', CommandTimeout='120']
      SELECT TOP(1) [t].[DispId], [t].[BillID], [t].[ChallanNo], [t].[Destination], [t].[DisVid], [t].[DispatchDate], [t].[DispatchQuantity], [t].[FinalPrice], [t].[UnitPrice], [t].[VehicleNo]
      FROM [TblDispatches] AS [t]
      WHERE [t].[ChallanNo] = @__dispatchId_0
info: Microsoft.EntityFrameworkCore.Database.Command[20101]
      Executed DbCommand (7ms) [Parameters=[@__dispatchId_0='?' (Size = 4000)], CommandType='Text', CommandTimeout='120']
      SELECT TOP(1) [t].[DispId], [t].[BillID], [t].[ChallanNo], [t].[Destination], [t].[DisVid], [t].[DispatchDate], [t].[DispatchQuantity], [t].[FinalPrice], [t].[UnitPrice], [t].[VehicleNo]
      FROM [TblDispatches] AS [t]
      WHERE [t].[ChallanNo] = @__dispatchId_0
info: Microsoft.EntityFrameworkCore.Database.Command[20101]
      Executed DbCommand (4ms) [Parameters=[@__dispatchId_0='?' (Size = 4000)], CommandType='Text', CommandTimeout='120']
      SELECT TOP(1) [t].[DispId], [t].[BillID], [t].[ChallanNo], [t].[Destination], [t].[DisVid], [t].[DispatchDate], [t].[DispatchQuantity], [t].[FinalPrice], [t].[UnitPrice], [t].[VehicleNo]
      FROM [TblDispatches] AS [t]
      WHERE [t].[ChallanNo] = @__dispatchId_0
info: Microsoft.EntityFrameworkCore.Database.Command[20101]
      Executed DbCommand (3ms) [Parameters=[@__dispatchId_0='?' (Size = 4000)], CommandType='Text', CommandTimeout='120']
      SELECT TOP(1) [t].[DispId], [t].[BillID], [t].[ChallanNo], [t].[Destination], [t].[DisVid], [t].[DispatchDate], [t].[DispatchQuantity], [t].[FinalPrice], [t].[UnitPrice], [t].[VehicleNo]
      FROM [TblDispatches] AS [t]
      WHERE [t].[ChallanNo] = @__dispatchId_0
info: Microsoft.EntityFrameworkCore.Database.Command[20101]
      Executed DbCommand (6ms) [Parameters=[@__dispatchId_0='?' (Size = 4000)], CommandType='Text', CommandTimeout='120']
      SELECT TOP(1) [t].[DispId], [t].[BillID], [t].[ChallanNo], [t].[Destination], [t].[DisVid], [t].[DispatchDate], [t].[DispatchQuantity], [t].[FinalPrice], [t].[UnitPrice], [t].[VehicleNo]
      FROM [TblDispatches] AS [t]
      WHERE [t].[ChallanNo] = @__dispatchId_0
info: Microsoft.EntityFrameworkCore.Database.Command[20101]
      Executed DbCommand (4ms) [Parameters=[@__dispatchId_0='?' (Size = 4000)], CommandType='Text', CommandTimeout='120']
      SELECT TOP(1) [t].[DispId], [t].[BillID], [t].[ChallanNo], [t].[Destination], [t].[DisVid], [t].[DispatchDate], [t].[DispatchQuantity], [t].[FinalPrice], [t].[UnitPrice], [t].[VehicleNo]
      FROM [TblDispatches] AS [t]
      WHERE [t].[ChallanNo] = @__dispatchId_0
info: Microsoft.EntityFrameworkCore.Database.Command[20101]
      Executed DbCommand (4ms) [Parameters=[@__dispatchId_0='?' (Size = 4000)], CommandType='Text', CommandTimeout='120']
      SELECT TOP(1) [t].[DispId], [t].[BillID], [t].[ChallanNo], [t].[Destination], [t].[DisVid], [t].[DispatchDate], [t].[DispatchQuantity], [t].[FinalPrice], [t].[UnitPrice], [t].[VehicleNo]
      FROM [TblDispatches] AS [t]
      WHERE [t].[ChallanNo] = @__dispatchId_0
info: Microsoft.EntityFrameworkCore.Database.Command[20101]
      Executed DbCommand (6ms) [Parameters=[@__dispatchId_0='?' (Size = 4000)], CommandType='Text', CommandTimeout='120']
      SELECT TOP(1) [t].[DispId], [t].[BillID], [t].[ChallanNo], [t].[Destination], [t].[DisVid], [t].[DispatchDate], [t].[DispatchQuantity], [t].[FinalPrice], [t].[UnitPrice], [t].[VehicleNo]
      FROM [TblDispatches] AS [t]
      WHERE [t].[ChallanNo] = @__dispatchId_0
info: Microsoft.EntityFrameworkCore.Database.Command[20101]
      Executed DbCommand (3ms) [Parameters=[@__dispatchId_0='?' (Size = 4000)], CommandType='Text', CommandTimeout='120']
      SELECT TOP(1) [t].[DispId], [t].[BillID], [t].[ChallanNo], [t].[Destination], [t].[DisVid], [t].[DispatchDate], [t].[DispatchQuantity], [t].[FinalPrice], [t].[UnitPrice], [t].[VehicleNo]
      FROM [TblDispatches] AS [t]
      WHERE [t].[ChallanNo] = @__dispatchId_0
info: Microsoft.EntityFrameworkCore.Database.Command[20101]
      Executed DbCommand (3ms) [Parameters=[@__dispatchId_0='?' (Size = 4000)], CommandType='Text', CommandTimeout='120']
      SELECT TOP(1) [t].[DispId], [t].[BillID], [t].[ChallanNo], [t].[Destination], [t].[DisVid], [t].[DispatchDate], [t].[DispatchQuantity], [t].[FinalPrice], [t].[UnitPrice], [t].[VehicleNo]
      FROM [TblDispatches] AS [t]
      WHERE [t].[ChallanNo] = @__dispatchId_0
info: Microsoft.EntityFrameworkCore.Database.Command[20101]
      Executed DbCommand (6ms) [Parameters=[@__dispatchId_0='?' (Size = 4000)], CommandType='Text', CommandTimeout='120']
      SELECT TOP(1) [t].[DispId], [t].[BillID], [t].[ChallanNo], [t].[Destination], [t].[DisVid], [t].[DispatchDate], [t].[DispatchQuantity], [t].[FinalPrice], [t].[UnitPrice], [t].[VehicleNo]
      FROM [TblDispatches] AS [t]
      WHERE [t].[ChallanNo] = @__dispatchId_0
info: Microsoft.EntityFrameworkCore.Database.Command[20101]
      Executed DbCommand (3ms) [Parameters=[@__dispatchId_0='?' (Size = 4000)], CommandType='Text', CommandTimeout='120']
      SELECT TOP(1) [t].[DispId], [t].[BillID], [t].[ChallanNo], [t].[Destination], [t].[DisVid], [t].[DispatchDate], [t].[DispatchQuantity], [t].[FinalPrice], [t].[UnitPrice], [t].[VehicleNo]
      FROM [TblDispatches] AS [t]
      WHERE [t].[ChallanNo] = @__dispatchId_0
info: Microsoft.EntityFrameworkCore.Database.Command[20101]
      Executed DbCommand (3ms) [Parameters=[@__dispatchId_0='?' (Size = 4000)], CommandType='Text', CommandTimeout='120']
      SELECT TOP(1) [t].[DispId], [t].[BillID], [t].[ChallanNo], [t].[Destination], [t].[DisVid], [t].[DispatchDate], [t].[DispatchQuantity], [t].[FinalPrice], [t].[UnitPrice], [t].[VehicleNo]
      FROM [TblDispatches] AS [t]
      WHERE [t].[ChallanNo] = @__dispatchId_0
info: Microsoft.EntityFrameworkCore.Database.Command[20101]
      Executed DbCommand (3ms) [Parameters=[@__dispatchId_0='?' (Size = 4000)], CommandType='Text', CommandTimeout='120']
      SELECT TOP(1) [t].[DispId], [t].[BillID], [t].[ChallanNo], [t].[Destination], [t].[DisVid], [t].[DispatchDate], [t].[DispatchQuantity], [t].[FinalPrice], [t].[UnitPrice], [t].[VehicleNo]
      FROM [TblDispatches] AS [t]
      WHERE [t].[ChallanNo] = @__dispatchId_0
info: Microsoft.EntityFrameworkCore.Database.Command[20101]
      Executed DbCommand (5ms) [Parameters=[@__dispatchId_0='?' (Size = 4000)], CommandType='Text', CommandTimeout='120']
      SELECT TOP(1) [t].[DispId], [t].[BillID], [t].[ChallanNo], [t].[Destination], [t].[DisVid], [t].[DispatchDate], [t].[DispatchQuantity], [t].[FinalPrice], [t].[UnitPrice], [t].[VehicleNo]
      FROM [TblDispatches] AS [t]
      WHERE [t].[ChallanNo] = @__dispatchId_0
info: Microsoft.EntityFrameworkCore.Database.Command[20101]
      Executed DbCommand (35ms) [Parameters=[@p9='?' (DbType = Int32), @p0='?' (DbType = Int32), @p1='?' (Size = 4000), @p2='?' (Size = 4000), @p3='?' (DbType = Int32), @p4='?' (DbType = DateTime2), @p5='?' (DbType = Double), @p6='?' (DbType = Double), @p7='?' (DbType = Double), @p8='?' (Size = 4000), @p19='?' (DbType = Int32), @p10='?' (DbType = Int32), @p11='?' (Size = 4000), @p12='?' (Size = 4000), @p13='?' (DbType = Int32), @p14='?' (DbType = DateTime2), @p15='?' (DbType = Double), @p16='?' (DbType = Double), @p17='?' (DbType = Double), @p18='?' (Size = 4000), @p29='?' (DbType = Int32), @p20='?' (DbType = Int32), @p21='?' (Size = 4000), @p22='?' (Size = 4000), @p23='?' (DbType = Int32), @p24='?' (DbType = DateTime2), @p25='?' (DbType = Double), @p26='?' (DbType = Double), @p27='?' (DbType = Double), @p28='?' (Size = 4000), @p39='?' (DbType = Int32), @p30='?' (DbType = Int32), @p31='?' (Size = 4000), @p32='?' (Size = 4000), @p33='?' (DbType = Int32), @p34='?' (DbType = DateTime2), @p35='?' (DbType = Double), @p36='?' (DbType = Double), @p37='?' (DbType = Double), @p38='?' (Size = 4000), @p49='?' (DbType = Int32), @p40='?' (DbType = Int32), @p41='?' (Size = 4000), @p42='?' (Size = 4000), @p43='?' (DbType = Int32), @p44='?' (DbType = DateTime2), @p45='?' (DbType = Double), @p46='?' (DbType = Double), @p47='?' (DbType = Double), @p48='?' (Size = 4000), @p59='?' (DbType = Int32), @p50='?' (DbType = Int32), @p51='?' (Size = 4000), @p52='?' (Size = 4000), @p53='?' (DbType = Int32), @p54='?' (DbType = DateTime2), @p55='?' (DbType = Double), @p56='?' (DbType = Double), @p57='?' (DbType = Double), @p58='?' (Size = 4000), @p69='?' (DbType = Int32), @p60='?' (DbType = Int32), @p61='?' (Size = 4000), @p62='?' (Size = 4000), @p63='?' (DbType = Int32), @p64='?' (DbType = DateTime2), @p65='?' (DbType = Double), @p66='?' (DbType = Double), @p67='?' (DbType = Double), @p68='?' (Size = 4000), @p79='?' (DbType = Int32), @p70='?' (DbType = Int32), @p71='?' (Size = 4000), @p72='?' (Size = 4000), @p73='?' (DbType = Int32), @p74='?' (DbType = DateTime2), @p75='?' (DbType = Double), @p76='?' (DbType = Double), @p77='?' (DbType = Double), @p78='?' (Size = 4000), @p89='?' (DbType = Int32), @p80='?' (DbType = Int32), @p81='?' (Size = 4000), @p82='?' (Size = 4000), @p83='?' (DbType = Int32), @p84='?' (DbType = DateTime2), @p85='?' (DbType = Double), @p86='?' (DbType = Double), @p87='?' (DbType = Double), @p88='?' (Size = 4000), @p99='?' (DbType = Int32), @p90='?' (DbType = Int32), @p91='?' (Size = 4000), @p92='?' (Size = 4000), @p93='?' (DbType = Int32), @p94='?' (DbType = DateTime2), @p95='?' (DbType = Double), @p96='?' (DbType = Double), @p97='?' (DbType = Double), @p98='?' (Size = 4000), @p109='?' (DbType = Int32), @p100='?' (DbType = Int32), @p101='?' (Size = 4000), @p102='?' (Size = 4000), @p103='?' (DbType = Int32), @p104='?' (DbType = DateTime2), @p105='?' (DbType = Double), @p106='?' (DbType = Double), @p107='?' (DbType = Double), @p108='?' (Size = 4000), @p119='?' (DbType = Int32), @p110='?' (DbType = Int32), @p111='?' (Size = 4000), @p112='?' (Size = 4000), @p113='?' (DbType = Int32), @p114='?' (DbType = DateTime2), @p115='?' (DbType = Double), @p116='?' (DbType = Double), @p117='?' (DbType = Double), @p118='?' (Size = 4000), @p129='?' (DbType = Int32), @p120='?' (DbType = Int32), @p121='?' (Size = 4000), @p122='?' (Size = 4000), @p123='?' (DbType = Int32), @p124='?' (DbType = DateTime2), @p125='?' (DbType = Double), @p126='?' (DbType = Double), @p127='?' (DbType = Double), @p128='?' (Size = 4000), @p139='?' (DbType = Int32), @p130='?' (DbType = Int32), @p131='?' (Size = 4000), @p132='?' (Size = 4000), @p133='?' (DbType = Int32), @p134='?' (DbType = DateTime2), @p135='?' (DbType = Double), @p136='?' (DbType = Double), @p137='?' (DbType = Double), @p138='?' (Size = 4000), @p149='?' (DbType = Int32), @p140='?' (DbType = Int32), @p141='?' (Size = 4000), @p142='?' (Size = 4000), @p143='?' (DbType = Int32), @p144='?' (DbType = DateTime2), @p145='?' (DbType = Double), @p146='?' (DbType = Double), @p147='?' (DbType = Double), @p148='?' (Size = 4000)], CommandType='Text', CommandTimeout='120']
      SET NOCOUNT ON;
      UPDATE [TblDispatches] SET [BillID] = @p0, [ChallanNo] = @p1, [Destination] = @p2, [DisVid] = @p3, [DispatchDate] = @p4, [DispatchQuantity] = @p5, [FinalPrice] = @p6, [UnitPrice] = @p7, [VehicleNo] = @p8
      WHERE [DispId] = @p9;
      SELECT @@ROWCOUNT;
      
      UPDATE [TblDispatches] SET [BillID] = @p10, [ChallanNo] = @p11, [Destination] = @p12, [DisVid] = @p13, [DispatchDate] = @p14, [DispatchQuantity] = @p15, [FinalPrice] = @p16, [UnitPrice] = @p17, [VehicleNo] = @p18
      WHERE [DispId] = @p19;
      SELECT @@ROWCOUNT;
      
      UPDATE [TblDispatches] SET [BillID] = @p20, [ChallanNo] = @p21, [Destination] = @p22, [DisVid] = @p23, [DispatchDate] = @p24, [DispatchQuantity] = @p25, [FinalPrice] = @p26, [UnitPrice] = @p27, [VehicleNo] = @p28
      WHERE [DispId] = @p29;
      SELECT @@ROWCOUNT;
      
      UPDATE [TblDispatches] SET [BillID] = @p30, [ChallanNo] = @p31, [Destination] = @p32, [DisVid] = @p33, [DispatchDate] = @p34, [DispatchQuantity] = @p35, [FinalPrice] = @p36, [UnitPrice] = @p37, [VehicleNo] = @p38
      WHERE [DispId] = @p39;
      SELECT @@ROWCOUNT;
      
      UPDATE [TblDispatches] SET [BillID] = @p40, [ChallanNo] = @p41, [Destination] = @p42, [DisVid] = @p43, [DispatchDate] = @p44, [DispatchQuantity] = @p45, [FinalPrice] = @p46, [UnitPrice] = @p47, [VehicleNo] = @p48
      WHERE [DispId] = @p49;
      SELECT @@ROWCOUNT;
      
      UPDATE [TblDispatches] SET [BillID] = @p50, [ChallanNo] = @p51, [Destination] = @p52, [DisVid] = @p53, [DispatchDate] = @p54, [DispatchQuantity] = @p55, [FinalPrice] = @p56, [UnitPrice] = @p57, [VehicleNo] = @p58
      WHERE [DispId] = @p59;
      SELECT @@ROWCOUNT;
      
      UPDATE [TblDispatches] SET [BillID] = @p60, [ChallanNo] = @p61, [Destination] = @p62, [DisVid] = @p63, [DispatchDate] = @p64, [DispatchQuantity] = @p65, [FinalPrice] = @p66, [UnitPrice] = @p67, [VehicleNo] = @p68
      WHERE [DispId] = @p69;
      SELECT @@ROWCOUNT;
      
      UPDATE [TblDispatches] SET [BillID] = @p70, [ChallanNo] = @p71, [Destination] = @p72, [DisVid] = @p73, [DispatchDate] = @p74, [DispatchQuantity] = @p75, [FinalPrice] = @p76, [UnitPrice] = @p77, [VehicleNo] = @p78
      WHERE [DispId] = @p79;
      SELECT @@ROWCOUNT;
      
      UPDATE [TblDispatches] SET [BillID] = @p80, [ChallanNo] = @p81, [Destination] = @p82, [DisVid] = @p83, [DispatchDate] = @p84, [DispatchQuantity] = @p85, [FinalPrice] = @p86, [UnitPrice] = @p87, [VehicleNo] = @p88
      WHERE [DispId] = @p89;
      SELECT @@ROWCOUNT;
      
      UPDATE [TblDispatches] SET [BillID] = @p90, [ChallanNo] = @p91, [Destination] = @p92, [DisVid] = @p93, [DispatchDate] = @p94, [DispatchQuantity] = @p95, [FinalPrice] = @p96, [UnitPrice] = @p97, [VehicleNo] = @p98
      WHERE [DispId] = @p99;
      SELECT @@ROWCOUNT;
      
      UPDATE [TblDispatches] SET [BillID] = @p100, [ChallanNo] = @p101, [Destination] = @p102, [DisVid] = @p103, [DispatchDate] = @p104, [DispatchQuantity] = @p105, [FinalPrice] = @p106, [UnitPrice] = @p107, [VehicleNo] = @p108
      WHERE [DispId] = @p109;
      SELECT @@ROWCOUNT;
      
      UPDATE [TblDispatches] SET [BillID] = @p110, [ChallanNo] = @p111, [Destination] = @p112, [DisVid] = @p113, [DispatchDate] = @p114, [DispatchQuantity] = @p115, [FinalPrice] = @p116, [UnitPrice] = @p117, [VehicleNo] = @p118
      WHERE [DispId] = @p119;
      SELECT @@ROWCOUNT;
      
      UPDATE [TblDispatches] SET [BillID] = @p120, [ChallanNo] = @p121, [Destination] = @p122, [DisVid] = @p123, [DispatchDate] = @p124, [DispatchQuantity] = @p125, [FinalPrice] = @p126, [UnitPrice] = @p127, [VehicleNo] = @p128
      WHERE [DispId] = @p129;
      SELECT @@ROWCOUNT;
      
      UPDATE [TblDispatches] SET [BillID] = @p130, [ChallanNo] = @p131, [Destination] = @p132, [DisVid] = @p133, [DispatchDate] = @p134, [DispatchQuantity] = @p135, [FinalPrice] = @p136, [UnitPrice] = @p137, [VehicleNo] = @p138
      WHERE [DispId] = @p139;
      SELECT @@ROWCOUNT;
      
      UPDATE [TblDispatches] SET [BillID] = @p140, [ChallanNo] = @p141, [Destination] = @p142, [DisVid] = @p143, [DispatchDate] = @p144, [DispatchQuantity] = @p145, [FinalPrice] = @p146, [UnitPrice] = @p147, [VehicleNo] = @p148
      WHERE [DispId] = @p149;
      SELECT @@ROWCOUNT;
info: Microsoft.EntityFrameworkCore.Infrastructure[10403]
      Entity Framework Core 6.0.21 initialized 'TransportMgmtContext' using provider 'Microsoft.EntityFrameworkCore.SqlServer:6.0.21' with options: CommandTimeout=120 
info: Microsoft.EntityFrameworkCore.Database.Command[20101]
      Executed DbCommand (1ms) [Parameters=[], CommandType='Text', CommandTimeout='120']
      SELECT [t].[FID], [t].[Address], [t].[Code], [t].[CreatedBy], [t].[CreatedOn], [t].[FactoryName], [t].[Gstin], [t].[IsActive], [t].[ModifiedBy], [t].[ModifiedOn]
      FROM [TblFactories] AS [t]
info: Microsoft.EntityFrameworkCore.Database.Command[20101]
      Executed DbCommand (1ms) [Parameters=[], CommandType='Text', CommandTimeout='120']
      SELECT [t].[FID], [t].[Address], [t].[Code], [t].[CreatedBy], [t].[CreatedOn], [t].[FactoryName], [t].[Gstin], [t].[IsActive], [t].[ModifiedBy], [t].[ModifiedOn]
      FROM [TblFactories] AS [t]
info: Microsoft.EntityFrameworkCore.Database.Command[20101]
      Executed DbCommand (1ms) [Parameters=[], CommandType='Text', CommandTimeout='120']
      SELECT [t].[DispId], [t].[BillID], [t].[ChallanNo], [t].[Destination], [t].[DisVid], [t].[DispatchDate], [t].[DispatchQuantity], [t].[FinalPrice], [t].[UnitPrice], [t].[VehicleNo]
      FROM [TblDispatches] AS [t]
info: Microsoft.EntityFrameworkCore.Infrastructure[10403]
      Entity Framework Core 6.0.21 initialized 'TransportMgmtContext' using provider 'Microsoft.EntityFrameworkCore.SqlServer:6.0.21' with options: CommandTimeout=120 
info: Microsoft.EntityFrameworkCore.Database.Command[20101]
      Executed DbCommand (6ms) [Parameters=[@__dispatchId_0='?' (Size = 4000)], CommandType='Text', CommandTimeout='120']
      SELECT TOP(1) [t].[DispId], [t].[BillID], [t].[ChallanNo], [t].[Destination], [t].[DisVid], [t].[DispatchDate], [t].[DispatchQuantity], [t].[FinalPrice], [t].[UnitPrice], [t].[VehicleNo]
      FROM [TblDispatches] AS [t]
      WHERE [t].[ChallanNo] = @__dispatchId_0
info: Microsoft.EntityFrameworkCore.Database.Command[20101]
      Executed DbCommand (7ms) [Parameters=[@__dispatchId_0='?' (Size = 4000)], CommandType='Text', CommandTimeout='120']
      SELECT TOP(1) [t].[DispId], [t].[BillID], [t].[ChallanNo], [t].[Destination], [t].[DisVid], [t].[DispatchDate], [t].[DispatchQuantity], [t].[FinalPrice], [t].[UnitPrice], [t].[VehicleNo]
      FROM [TblDispatches] AS [t]
      WHERE [t].[ChallanNo] = @__dispatchId_0
info: Microsoft.EntityFrameworkCore.Database.Command[20101]
      Executed DbCommand (3ms) [Parameters=[@__billNumber_0='?' (Size = 4000)], CommandType='Text', CommandTimeout='120']
      SELECT TOP(1) [b].[BillID], [b].[ActualAmount], [b].[BillDate], [b].[BillNum], [b].[BillType], [b].[FID], [b].[Gst], [b].[GstDate], [b].[PId], [b].[PaymentReceived], [b].[PaymentTablePId], [b].[Tds]
      FROM [BillTables] AS [b]
      WHERE [b].[BillNum] = @__billNumber_0
info: Microsoft.EntityFrameworkCore.Database.Command[20101]
      Executed DbCommand (6ms) [Parameters=[@p0='?' (DbType = Double), @p1='?' (DbType = DateTime2), @p2='?' (Size = 4000), @p3='?' (Size = 4000), @p4='?' (DbType = Int32), @p5='?' (DbType = Double), @p6='?' (DbType = DateTime2), @p7='?' (DbType = Int32), @p8='?' (DbType = Double), @p9='?' (DbType = Int32), @p10='?' (DbType = Double)], CommandType='Text', CommandTimeout='120']
      SET NOCOUNT ON;
      INSERT INTO [BillTables] ([ActualAmount], [BillDate], [BillNum], [BillType], [FID], [Gst], [GstDate], [PId], [PaymentReceived], [PaymentTablePId], [Tds])
      VALUES (@p0, @p1, @p2, @p3, @p4, @p5, @p6, @p7, @p8, @p9, @p10);
      SELECT [BillID]
      FROM [BillTables]
      WHERE @@ROWCOUNT = 1 AND [BillID] = scope_identity();
info: Microsoft.EntityFrameworkCore.Database.Command[20101]
      Executed DbCommand (10ms) [Parameters=[@p2='?' (DbType = Int32), @p0='?' (DbType = Double), @p1='?' (DbType = Double)], CommandType='Text', CommandTimeout='120']
      SET NOCOUNT ON;
      UPDATE [TblDispatches] SET [FinalPrice] = @p0, [UnitPrice] = @p1
      WHERE [DispId] = @p2;
      SELECT @@ROWCOUNT;
info: Microsoft.EntityFrameworkCore.Database.Command[20101]
      Executed DbCommand (7ms) [Parameters=[@__dispatchId_0='?' (Size = 4000)], CommandType='Text', CommandTimeout='120']
      SELECT TOP(1) [t].[DispId], [t].[BillID], [t].[ChallanNo], [t].[Destination], [t].[DisVid], [t].[DispatchDate], [t].[DispatchQuantity], [t].[FinalPrice], [t].[UnitPrice], [t].[VehicleNo]
      FROM [TblDispatches] AS [t]
      WHERE [t].[ChallanNo] = @__dispatchId_0
info: Microsoft.EntityFrameworkCore.Database.Command[20101]
      Executed DbCommand (3ms) [Parameters=[@__dispatchId_0='?' (Size = 4000)], CommandType='Text', CommandTimeout='120']
      SELECT TOP(1) [t].[DispId], [t].[BillID], [t].[ChallanNo], [t].[Destination], [t].[DisVid], [t].[DispatchDate], [t].[DispatchQuantity], [t].[FinalPrice], [t].[UnitPrice], [t].[VehicleNo]
      FROM [TblDispatches] AS [t]
      WHERE [t].[ChallanNo] = @__dispatchId_0
info: Microsoft.EntityFrameworkCore.Database.Command[20101]
      Executed DbCommand (3ms) [Parameters=[@__dispatchId_0='?' (Size = 4000)], CommandType='Text', CommandTimeout='120']
      SELECT TOP(1) [t].[DispId], [t].[BillID], [t].[ChallanNo], [t].[Destination], [t].[DisVid], [t].[DispatchDate], [t].[DispatchQuantity], [t].[FinalPrice], [t].[UnitPrice], [t].[VehicleNo]
      FROM [TblDispatches] AS [t]
      WHERE [t].[ChallanNo] = @__dispatchId_0
info: Microsoft.EntityFrameworkCore.Database.Command[20101]
      Executed DbCommand (4ms) [Parameters=[@__dispatchId_0='?' (Size = 4000)], CommandType='Text', CommandTimeout='120']
      SELECT TOP(1) [t].[DispId], [t].[BillID], [t].[ChallanNo], [t].[Destination], [t].[DisVid], [t].[DispatchDate], [t].[DispatchQuantity], [t].[FinalPrice], [t].[UnitPrice], [t].[VehicleNo]
      FROM [TblDispatches] AS [t]
      WHERE [t].[ChallanNo] = @__dispatchId_0
info: Microsoft.EntityFrameworkCore.Database.Command[20101]
      Executed DbCommand (3ms) [Parameters=[@__dispatchId_0='?' (Size = 4000)], CommandType='Text', CommandTimeout='120']
      SELECT TOP(1) [t].[DispId], [t].[BillID], [t].[ChallanNo], [t].[Destination], [t].[DisVid], [t].[DispatchDate], [t].[DispatchQuantity], [t].[FinalPrice], [t].[UnitPrice], [t].[VehicleNo]
      FROM [TblDispatches] AS [t]
      WHERE [t].[ChallanNo] = @__dispatchId_0
info: Microsoft.EntityFrameworkCore.Database.Command[20101]
      Executed DbCommand (3ms) [Parameters=[@__dispatchId_0='?' (Size = 4000)], CommandType='Text', CommandTimeout='120']
      SELECT TOP(1) [t].[DispId], [t].[BillID], [t].[ChallanNo], [t].[Destination], [t].[DisVid], [t].[DispatchDate], [t].[DispatchQuantity], [t].[FinalPrice], [t].[UnitPrice], [t].[VehicleNo]
      FROM [TblDispatches] AS [t]
      WHERE [t].[ChallanNo] = @__dispatchId_0
info: Microsoft.EntityFrameworkCore.Database.Command[20101]
      Executed DbCommand (2ms) [Parameters=[@__dispatchId_0='?' (Size = 4000)], CommandType='Text', CommandTimeout='120']
      SELECT TOP(1) [t].[DispId], [t].[BillID], [t].[ChallanNo], [t].[Destination], [t].[DisVid], [t].[DispatchDate], [t].[DispatchQuantity], [t].[FinalPrice], [t].[UnitPrice], [t].[VehicleNo]
      FROM [TblDispatches] AS [t]
      WHERE [t].[ChallanNo] = @__dispatchId_0
info: Microsoft.EntityFrameworkCore.Database.Command[20101]
      Executed DbCommand (4ms) [Parameters=[@__dispatchId_0='?' (Size = 4000)], CommandType='Text', CommandTimeout='120']
      SELECT TOP(1) [t].[DispId], [t].[BillID], [t].[ChallanNo], [t].[Destination], [t].[DisVid], [t].[DispatchDate], [t].[DispatchQuantity], [t].[FinalPrice], [t].[UnitPrice], [t].[VehicleNo]
      FROM [TblDispatches] AS [t]
      WHERE [t].[ChallanNo] = @__dispatchId_0
info: Microsoft.EntityFrameworkCore.Database.Command[20101]
      Executed DbCommand (4ms) [Parameters=[@__dispatchId_0='?' (Size = 4000)], CommandType='Text', CommandTimeout='120']
      SELECT TOP(1) [t].[DispId], [t].[BillID], [t].[ChallanNo], [t].[Destination], [t].[DisVid], [t].[DispatchDate], [t].[DispatchQuantity], [t].[FinalPrice], [t].[UnitPrice], [t].[VehicleNo]
      FROM [TblDispatches] AS [t]
      WHERE [t].[ChallanNo] = @__dispatchId_0
info: Microsoft.EntityFrameworkCore.Database.Command[20101]
      Executed DbCommand (3ms) [Parameters=[@__dispatchId_0='?' (Size = 4000)], CommandType='Text', CommandTimeout='120']
      SELECT TOP(1) [t].[DispId], [t].[BillID], [t].[ChallanNo], [t].[Destination], [t].[DisVid], [t].[DispatchDate], [t].[DispatchQuantity], [t].[FinalPrice], [t].[UnitPrice], [t].[VehicleNo]
      FROM [TblDispatches] AS [t]
      WHERE [t].[ChallanNo] = @__dispatchId_0
info: Microsoft.EntityFrameworkCore.Database.Command[20101]
      Executed DbCommand (4ms) [Parameters=[@__dispatchId_0='?' (Size = 4000)], CommandType='Text', CommandTimeout='120']
      SELECT TOP(1) [t].[DispId], [t].[BillID], [t].[ChallanNo], [t].[Destination], [t].[DisVid], [t].[DispatchDate], [t].[DispatchQuantity], [t].[FinalPrice], [t].[UnitPrice], [t].[VehicleNo]
      FROM [TblDispatches] AS [t]
      WHERE [t].[ChallanNo] = @__dispatchId_0
info: Microsoft.EntityFrameworkCore.Database.Command[20101]
      Executed DbCommand (3ms) [Parameters=[@__dispatchId_0='?' (Size = 4000)], CommandType='Text', CommandTimeout='120']
      SELECT TOP(1) [t].[DispId], [t].[BillID], [t].[ChallanNo], [t].[Destination], [t].[DisVid], [t].[DispatchDate], [t].[DispatchQuantity], [t].[FinalPrice], [t].[UnitPrice], [t].[VehicleNo]
      FROM [TblDispatches] AS [t]
      WHERE [t].[ChallanNo] = @__dispatchId_0
info: Microsoft.EntityFrameworkCore.Database.Command[20101]
      Executed DbCommand (3ms) [Parameters=[@__dispatchId_0='?' (Size = 4000)], CommandType='Text', CommandTimeout='120']
      SELECT TOP(1) [t].[DispId], [t].[BillID], [t].[ChallanNo], [t].[Destination], [t].[DisVid], [t].[DispatchDate], [t].[DispatchQuantity], [t].[FinalPrice], [t].[UnitPrice], [t].[VehicleNo]
      FROM [TblDispatches] AS [t]
      WHERE [t].[ChallanNo] = @__dispatchId_0
info: Microsoft.EntityFrameworkCore.Database.Command[20101]
      Executed DbCommand (7ms) [Parameters=[@__dispatchId_0='?' (Size = 4000)], CommandType='Text', CommandTimeout='120']
      SELECT TOP(1) [t].[DispId], [t].[BillID], [t].[ChallanNo], [t].[Destination], [t].[DisVid], [t].[DispatchDate], [t].[DispatchQuantity], [t].[FinalPrice], [t].[UnitPrice], [t].[VehicleNo]
      FROM [TblDispatches] AS [t]
      WHERE [t].[ChallanNo] = @__dispatchId_0
info: Microsoft.EntityFrameworkCore.Database.Command[20101]
      Executed DbCommand (6ms) [Parameters=[@__dispatchId_0='?' (Size = 4000)], CommandType='Text', CommandTimeout='120']
      SELECT TOP(1) [t].[DispId], [t].[BillID], [t].[ChallanNo], [t].[Destination], [t].[DisVid], [t].[DispatchDate], [t].[DispatchQuantity], [t].[FinalPrice], [t].[UnitPrice], [t].[VehicleNo]
      FROM [TblDispatches] AS [t]
      WHERE [t].[ChallanNo] = @__dispatchId_0
info: Microsoft.EntityFrameworkCore.Database.Command[20101]
      Executed DbCommand (7ms) [Parameters=[@__dispatchId_0='?' (Size = 4000)], CommandType='Text', CommandTimeout='120']
      SELECT TOP(1) [t].[DispId], [t].[BillID], [t].[ChallanNo], [t].[Destination], [t].[DisVid], [t].[DispatchDate], [t].[DispatchQuantity], [t].[FinalPrice], [t].[UnitPrice], [t].[VehicleNo]
      FROM [TblDispatches] AS [t]
      WHERE [t].[ChallanNo] = @__dispatchId_0
info: Microsoft.EntityFrameworkCore.Database.Command[20101]
      Executed DbCommand (7ms) [Parameters=[@__dispatchId_0='?' (Size = 4000)], CommandType='Text', CommandTimeout='120']
      SELECT TOP(1) [t].[DispId], [t].[BillID], [t].[ChallanNo], [t].[Destination], [t].[DisVid], [t].[DispatchDate], [t].[DispatchQuantity], [t].[FinalPrice], [t].[UnitPrice], [t].[VehicleNo]
      FROM [TblDispatches] AS [t]
      WHERE [t].[ChallanNo] = @__dispatchId_0
info: Microsoft.EntityFrameworkCore.Database.Command[20101]
      Executed DbCommand (5ms) [Parameters=[@__dispatchId_0='?' (Size = 4000)], CommandType='Text', CommandTimeout='120']
      SELECT TOP(1) [t].[DispId], [t].[BillID], [t].[ChallanNo], [t].[Destination], [t].[DisVid], [t].[DispatchDate], [t].[DispatchQuantity], [t].[FinalPrice], [t].[UnitPrice], [t].[VehicleNo]
      FROM [TblDispatches] AS [t]
      WHERE [t].[ChallanNo] = @__dispatchId_0
info: Microsoft.EntityFrameworkCore.Database.Command[20101]
      Executed DbCommand (10ms) [Parameters=[@__dispatchId_0='?' (Size = 4000)], CommandType='Text', CommandTimeout='120']
      SELECT TOP(1) [t].[DispId], [t].[BillID], [t].[ChallanNo], [t].[Destination], [t].[DisVid], [t].[DispatchDate], [t].[DispatchQuantity], [t].[FinalPrice], [t].[UnitPrice], [t].[VehicleNo]
      FROM [TblDispatches] AS [t]
      WHERE [t].[ChallanNo] = @__dispatchId_0
info: Microsoft.EntityFrameworkCore.Database.Command[20101]
      Executed DbCommand (6ms) [Parameters=[@__dispatchId_0='?' (Size = 4000)], CommandType='Text', CommandTimeout='120']
      SELECT TOP(1) [t].[DispId], [t].[BillID], [t].[ChallanNo], [t].[Destination], [t].[DisVid], [t].[DispatchDate], [t].[DispatchQuantity], [t].[FinalPrice], [t].[UnitPrice], [t].[VehicleNo]
      FROM [TblDispatches] AS [t]
      WHERE [t].[ChallanNo] = @__dispatchId_0
info: Microsoft.EntityFrameworkCore.Database.Command[20101]
      Executed DbCommand (5ms) [Parameters=[@__dispatchId_0='?' (Size = 4000)], CommandType='Text', CommandTimeout='120']
      SELECT TOP(1) [t].[DispId], [t].[BillID], [t].[ChallanNo], [t].[Destination], [t].[DisVid], [t].[DispatchDate], [t].[DispatchQuantity], [t].[FinalPrice], [t].[UnitPrice], [t].[VehicleNo]
      FROM [TblDispatches] AS [t]
      WHERE [t].[ChallanNo] = @__dispatchId_0
info: Microsoft.EntityFrameworkCore.Database.Command[20101]
      Executed DbCommand (9ms) [Parameters=[@__dispatchId_0='?' (Size = 4000)], CommandType='Text', CommandTimeout='120']
      SELECT TOP(1) [t].[DispId], [t].[BillID], [t].[ChallanNo], [t].[Destination], [t].[DisVid], [t].[DispatchDate], [t].[DispatchQuantity], [t].[FinalPrice], [t].[UnitPrice], [t].[VehicleNo]
      FROM [TblDispatches] AS [t]
      WHERE [t].[ChallanNo] = @__dispatchId_0
info: Microsoft.EntityFrameworkCore.Database.Command[20101]
      Executed DbCommand (8ms) [Parameters=[@__dispatchId_0='?' (Size = 4000)], CommandType='Text', CommandTimeout='120']
      SELECT TOP(1) [t].[DispId], [t].[BillID], [t].[ChallanNo], [t].[Destination], [t].[DisVid], [t].[DispatchDate], [t].[DispatchQuantity], [t].[FinalPrice], [t].[UnitPrice], [t].[VehicleNo]
      FROM [TblDispatches] AS [t]
      WHERE [t].[ChallanNo] = @__dispatchId_0
info: Microsoft.EntityFrameworkCore.Database.Command[20101]
      Executed DbCommand (6ms) [Parameters=[@__dispatchId_0='?' (Size = 4000)], CommandType='Text', CommandTimeout='120']
      SELECT TOP(1) [t].[DispId], [t].[BillID], [t].[ChallanNo], [t].[Destination], [t].[DisVid], [t].[DispatchDate], [t].[DispatchQuantity], [t].[FinalPrice], [t].[UnitPrice], [t].[VehicleNo]
      FROM [TblDispatches] AS [t]
      WHERE [t].[ChallanNo] = @__dispatchId_0
info: Microsoft.EntityFrameworkCore.Database.Command[20101]
      Executed DbCommand (8ms) [Parameters=[@__dispatchId_0='?' (Size = 4000)], CommandType='Text', CommandTimeout='120']
      SELECT TOP(1) [t].[DispId], [t].[BillID], [t].[ChallanNo], [t].[Destination], [t].[DisVid], [t].[DispatchDate], [t].[DispatchQuantity], [t].[FinalPrice], [t].[UnitPrice], [t].[VehicleNo]
      FROM [TblDispatches] AS [t]
      WHERE [t].[ChallanNo] = @__dispatchId_0
info: Microsoft.EntityFrameworkCore.Database.Command[20101]
      Executed DbCommand (12ms) [Parameters=[@__dispatchId_0='?' (Size = 4000)], CommandType='Text', CommandTimeout='120']
      SELECT TOP(1) [t].[DispId], [t].[BillID], [t].[ChallanNo], [t].[Destination], [t].[DisVid], [t].[DispatchDate], [t].[DispatchQuantity], [t].[FinalPrice], [t].[UnitPrice], [t].[VehicleNo]
      FROM [TblDispatches] AS [t]
      WHERE [t].[ChallanNo] = @__dispatchId_0
info: Microsoft.EntityFrameworkCore.Database.Command[20101]
      Executed DbCommand (10ms) [Parameters=[@__dispatchId_0='?' (Size = 4000)], CommandType='Text', CommandTimeout='120']
      SELECT TOP(1) [t].[DispId], [t].[BillID], [t].[ChallanNo], [t].[Destination], [t].[DisVid], [t].[DispatchDate], [t].[DispatchQuantity], [t].[FinalPrice], [t].[UnitPrice], [t].[VehicleNo]
      FROM [TblDispatches] AS [t]
      WHERE [t].[ChallanNo] = @__dispatchId_0
info: Microsoft.EntityFrameworkCore.Database.Command[20101]
      Executed DbCommand (14ms) [Parameters=[@__dispatchId_0='?' (Size = 4000)], CommandType='Text', CommandTimeout='120']
      SELECT TOP(1) [t].[DispId], [t].[BillID], [t].[ChallanNo], [t].[Destination], [t].[DisVid], [t].[DispatchDate], [t].[DispatchQuantity], [t].[FinalPrice], [t].[UnitPrice], [t].[VehicleNo]
      FROM [TblDispatches] AS [t]
      WHERE [t].[ChallanNo] = @__dispatchId_0
info: Microsoft.EntityFrameworkCore.Database.Command[20101]
      Executed DbCommand (4ms) [Parameters=[@__dispatchId_0='?' (Size = 4000)], CommandType='Text', CommandTimeout='120']
      SELECT TOP(1) [t].[DispId], [t].[BillID], [t].[ChallanNo], [t].[Destination], [t].[DisVid], [t].[DispatchDate], [t].[DispatchQuantity], [t].[FinalPrice], [t].[UnitPrice], [t].[VehicleNo]
      FROM [TblDispatches] AS [t]
      WHERE [t].[ChallanNo] = @__dispatchId_0
info: Microsoft.EntityFrameworkCore.Database.Command[20101]
      Executed DbCommand (6ms) [Parameters=[@__dispatchId_0='?' (Size = 4000)], CommandType='Text', CommandTimeout='120']
      SELECT TOP(1) [t].[DispId], [t].[BillID], [t].[ChallanNo], [t].[Destination], [t].[DisVid], [t].[DispatchDate], [t].[DispatchQuantity], [t].[FinalPrice], [t].[UnitPrice], [t].[VehicleNo]
      FROM [TblDispatches] AS [t]
      WHERE [t].[ChallanNo] = @__dispatchId_0
info: Microsoft.EntityFrameworkCore.Database.Command[20101]
      Executed DbCommand (5ms) [Parameters=[@__dispatchId_0='?' (Size = 4000)], CommandType='Text', CommandTimeout='120']
      SELECT TOP(1) [t].[DispId], [t].[BillID], [t].[ChallanNo], [t].[Destination], [t].[DisVid], [t].[DispatchDate], [t].[DispatchQuantity], [t].[FinalPrice], [t].[UnitPrice], [t].[VehicleNo]
      FROM [TblDispatches] AS [t]
      WHERE [t].[ChallanNo] = @__dispatchId_0
info: Microsoft.EntityFrameworkCore.Database.Command[20101]
      Executed DbCommand (5ms) [Parameters=[@__dispatchId_0='?' (Size = 4000)], CommandType='Text', CommandTimeout='120']
      SELECT TOP(1) [t].[DispId], [t].[BillID], [t].[ChallanNo], [t].[Destination], [t].[DisVid], [t].[DispatchDate], [t].[DispatchQuantity], [t].[FinalPrice], [t].[UnitPrice], [t].[VehicleNo]
      FROM [TblDispatches] AS [t]
      WHERE [t].[ChallanNo] = @__dispatchId_0
info: Microsoft.EntityFrameworkCore.Database.Command[20101]
      Executed DbCommand (3ms) [Parameters=[@__dispatchId_0='?' (Size = 4000)], CommandType='Text', CommandTimeout='120']
      SELECT TOP(1) [t].[DispId], [t].[BillID], [t].[ChallanNo], [t].[Destination], [t].[DisVid], [t].[DispatchDate], [t].[DispatchQuantity], [t].[FinalPrice], [t].[UnitPrice], [t].[VehicleNo]
      FROM [TblDispatches] AS [t]
      WHERE [t].[ChallanNo] = @__dispatchId_0
info: Microsoft.EntityFrameworkCore.Database.Command[20101]
      Executed DbCommand (3ms) [Parameters=[@__dispatchId_0='?' (Size = 4000)], CommandType='Text', CommandTimeout='120']
      SELECT TOP(1) [t].[DispId], [t].[BillID], [t].[ChallanNo], [t].[Destination], [t].[DisVid], [t].[DispatchDate], [t].[DispatchQuantity], [t].[FinalPrice], [t].[UnitPrice], [t].[VehicleNo]
      FROM [TblDispatches] AS [t]
      WHERE [t].[ChallanNo] = @__dispatchId_0
info: Microsoft.EntityFrameworkCore.Database.Command[20101]
      Executed DbCommand (5ms) [Parameters=[@__dispatchId_0='?' (Size = 4000)], CommandType='Text', CommandTimeout='120']
      SELECT TOP(1) [t].[DispId], [t].[BillID], [t].[ChallanNo], [t].[Destination], [t].[DisVid], [t].[DispatchDate], [t].[DispatchQuantity], [t].[FinalPrice], [t].[UnitPrice], [t].[VehicleNo]
      FROM [TblDispatches] AS [t]
      WHERE [t].[ChallanNo] = @__dispatchId_0
info: Microsoft.EntityFrameworkCore.Database.Command[20101]
      Executed DbCommand (3ms) [Parameters=[@__dispatchId_0='?' (Size = 4000)], CommandType='Text', CommandTimeout='120']
      SELECT TOP(1) [t].[DispId], [t].[BillID], [t].[ChallanNo], [t].[Destination], [t].[DisVid], [t].[DispatchDate], [t].[DispatchQuantity], [t].[FinalPrice], [t].[UnitPrice], [t].[VehicleNo]
      FROM [TblDispatches] AS [t]
      WHERE [t].[ChallanNo] = @__dispatchId_0
info: Microsoft.EntityFrameworkCore.Database.Command[20101]
      Executed DbCommand (5ms) [Parameters=[@__dispatchId_0='?' (Size = 4000)], CommandType='Text', CommandTimeout='120']
      SELECT TOP(1) [t].[DispId], [t].[BillID], [t].[ChallanNo], [t].[Destination], [t].[DisVid], [t].[DispatchDate], [t].[DispatchQuantity], [t].[FinalPrice], [t].[UnitPrice], [t].[VehicleNo]
      FROM [TblDispatches] AS [t]
      WHERE [t].[ChallanNo] = @__dispatchId_0
info: Microsoft.EntityFrameworkCore.Database.Command[20101]
      Executed DbCommand (3ms) [Parameters=[@__dispatchId_0='?' (Size = 4000)], CommandType='Text', CommandTimeout='120']
      SELECT TOP(1) [t].[DispId], [t].[BillID], [t].[ChallanNo], [t].[Destination], [t].[DisVid], [t].[DispatchDate], [t].[DispatchQuantity], [t].[FinalPrice], [t].[UnitPrice], [t].[VehicleNo]
      FROM [TblDispatches] AS [t]
      WHERE [t].[ChallanNo] = @__dispatchId_0
info: Microsoft.EntityFrameworkCore.Database.Command[20101]
      Executed DbCommand (7ms) [Parameters=[@__dispatchId_0='?' (Size = 4000)], CommandType='Text', CommandTimeout='120']
      SELECT TOP(1) [t].[DispId], [t].[BillID], [t].[ChallanNo], [t].[Destination], [t].[DisVid], [t].[DispatchDate], [t].[DispatchQuantity], [t].[FinalPrice], [t].[UnitPrice], [t].[VehicleNo]
      FROM [TblDispatches] AS [t]
      WHERE [t].[ChallanNo] = @__dispatchId_0
info: Microsoft.EntityFrameworkCore.Database.Command[20101]
      Executed DbCommand (5ms) [Parameters=[@__dispatchId_0='?' (Size = 4000)], CommandType='Text', CommandTimeout='120']
      SELECT TOP(1) [t].[DispId], [t].[BillID], [t].[ChallanNo], [t].[Destination], [t].[DisVid], [t].[DispatchDate], [t].[DispatchQuantity], [t].[FinalPrice], [t].[UnitPrice], [t].[VehicleNo]
      FROM [TblDispatches] AS [t]
      WHERE [t].[ChallanNo] = @__dispatchId_0
info: Microsoft.EntityFrameworkCore.Database.Command[20101]
      Executed DbCommand (7ms) [Parameters=[@__dispatchId_0='?' (Size = 4000)], CommandType='Text', CommandTimeout='120']
      SELECT TOP(1) [t].[DispId], [t].[BillID], [t].[ChallanNo], [t].[Destination], [t].[DisVid], [t].[DispatchDate], [t].[DispatchQuantity], [t].[FinalPrice], [t].[UnitPrice], [t].[VehicleNo]
      FROM [TblDispatches] AS [t]
      WHERE [t].[ChallanNo] = @__dispatchId_0
info: Microsoft.EntityFrameworkCore.Database.Command[20101]
      Executed DbCommand (6ms) [Parameters=[@__dispatchId_0='?' (Size = 4000)], CommandType='Text', CommandTimeout='120']
      SELECT TOP(1) [t].[DispId], [t].[BillID], [t].[ChallanNo], [t].[Destination], [t].[DisVid], [t].[DispatchDate], [t].[DispatchQuantity], [t].[FinalPrice], [t].[UnitPrice], [t].[VehicleNo]
      FROM [TblDispatches] AS [t]
      WHERE [t].[ChallanNo] = @__dispatchId_0
info: Microsoft.EntityFrameworkCore.Database.Command[20101]
      Executed DbCommand (9ms) [Parameters=[@__dispatchId_0='?' (Size = 4000)], CommandType='Text', CommandTimeout='120']
      SELECT TOP(1) [t].[DispId], [t].[BillID], [t].[ChallanNo], [t].[Destination], [t].[DisVid], [t].[DispatchDate], [t].[DispatchQuantity], [t].[FinalPrice], [t].[UnitPrice], [t].[VehicleNo]
      FROM [TblDispatches] AS [t]
      WHERE [t].[ChallanNo] = @__dispatchId_0
info: Microsoft.EntityFrameworkCore.Database.Command[20101]
      Executed DbCommand (8ms) [Parameters=[@__dispatchId_0='?' (Size = 4000)], CommandType='Text', CommandTimeout='120']
      SELECT TOP(1) [t].[DispId], [t].[BillID], [t].[ChallanNo], [t].[Destination], [t].[DisVid], [t].[DispatchDate], [t].[DispatchQuantity], [t].[FinalPrice], [t].[UnitPrice], [t].[VehicleNo]
      FROM [TblDispatches] AS [t]
      WHERE [t].[ChallanNo] = @__dispatchId_0
info: Microsoft.EntityFrameworkCore.Database.Command[20101]
      Executed DbCommand (7ms) [Parameters=[@__dispatchId_0='?' (Size = 4000)], CommandType='Text', CommandTimeout='120']
      SELECT TOP(1) [t].[DispId], [t].[BillID], [t].[ChallanNo], [t].[Destination], [t].[DisVid], [t].[DispatchDate], [t].[DispatchQuantity], [t].[FinalPrice], [t].[UnitPrice], [t].[VehicleNo]
      FROM [TblDispatches] AS [t]
      WHERE [t].[ChallanNo] = @__dispatchId_0
info: Microsoft.EntityFrameworkCore.Database.Command[20101]
      Executed DbCommand (5ms) [Parameters=[@__dispatchId_0='?' (Size = 4000)], CommandType='Text', CommandTimeout='120']
      SELECT TOP(1) [t].[DispId], [t].[BillID], [t].[ChallanNo], [t].[Destination], [t].[DisVid], [t].[DispatchDate], [t].[DispatchQuantity], [t].[FinalPrice], [t].[UnitPrice], [t].[VehicleNo]
      FROM [TblDispatches] AS [t]
      WHERE [t].[ChallanNo] = @__dispatchId_0
info: Microsoft.EntityFrameworkCore.Database.Command[20101]
      Executed DbCommand (9ms) [Parameters=[@__dispatchId_0='?' (Size = 4000)], CommandType='Text', CommandTimeout='120']
      SELECT TOP(1) [t].[DispId], [t].[BillID], [t].[ChallanNo], [t].[Destination], [t].[DisVid], [t].[DispatchDate], [t].[DispatchQuantity], [t].[FinalPrice], [t].[UnitPrice], [t].[VehicleNo]
      FROM [TblDispatches] AS [t]
      WHERE [t].[ChallanNo] = @__dispatchId_0
info: Microsoft.EntityFrameworkCore.Database.Command[20101]
      Executed DbCommand (6ms) [Parameters=[@__dispatchId_0='?' (Size = 4000)], CommandType='Text', CommandTimeout='120']
      SELECT TOP(1) [t].[DispId], [t].[BillID], [t].[ChallanNo], [t].[Destination], [t].[DisVid], [t].[DispatchDate], [t].[DispatchQuantity], [t].[FinalPrice], [t].[UnitPrice], [t].[VehicleNo]
      FROM [TblDispatches] AS [t]
      WHERE [t].[ChallanNo] = @__dispatchId_0
info: Microsoft.EntityFrameworkCore.Database.Command[20101]
      Executed DbCommand (7ms) [Parameters=[@__dispatchId_0='?' (Size = 4000)], CommandType='Text', CommandTimeout='120']
      SELECT TOP(1) [t].[DispId], [t].[BillID], [t].[ChallanNo], [t].[Destination], [t].[DisVid], [t].[DispatchDate], [t].[DispatchQuantity], [t].[FinalPrice], [t].[UnitPrice], [t].[VehicleNo]
      FROM [TblDispatches] AS [t]
      WHERE [t].[ChallanNo] = @__dispatchId_0
info: Microsoft.EntityFrameworkCore.Database.Command[20101]
      Executed DbCommand (4ms) [Parameters=[@__dispatchId_0='?' (Size = 4000)], CommandType='Text', CommandTimeout='120']
      SELECT TOP(1) [t].[DispId], [t].[BillID], [t].[ChallanNo], [t].[Destination], [t].[DisVid], [t].[DispatchDate], [t].[DispatchQuantity], [t].[FinalPrice], [t].[UnitPrice], [t].[VehicleNo]
      FROM [TblDispatches] AS [t]
      WHERE [t].[ChallanNo] = @__dispatchId_0
info: Microsoft.EntityFrameworkCore.Database.Command[20101]
      Executed DbCommand (4ms) [Parameters=[@__dispatchId_0='?' (Size = 4000)], CommandType='Text', CommandTimeout='120']
      SELECT TOP(1) [t].[DispId], [t].[BillID], [t].[ChallanNo], [t].[Destination], [t].[DisVid], [t].[DispatchDate], [t].[DispatchQuantity], [t].[FinalPrice], [t].[UnitPrice], [t].[VehicleNo]
      FROM [TblDispatches] AS [t]
      WHERE [t].[ChallanNo] = @__dispatchId_0
info: Microsoft.EntityFrameworkCore.Database.Command[20101]
      Executed DbCommand (7ms) [Parameters=[@__dispatchId_0='?' (Size = 4000)], CommandType='Text', CommandTimeout='120']
      SELECT TOP(1) [t].[DispId], [t].[BillID], [t].[ChallanNo], [t].[Destination], [t].[DisVid], [t].[DispatchDate], [t].[DispatchQuantity], [t].[FinalPrice], [t].[UnitPrice], [t].[VehicleNo]
      FROM [TblDispatches] AS [t]
      WHERE [t].[ChallanNo] = @__dispatchId_0
info: Microsoft.EntityFrameworkCore.Database.Command[20101]
      Executed DbCommand (4ms) [Parameters=[@__dispatchId_0='?' (Size = 4000)], CommandType='Text', CommandTimeout='120']
      SELECT TOP(1) [t].[DispId], [t].[BillID], [t].[ChallanNo], [t].[Destination], [t].[DisVid], [t].[DispatchDate], [t].[DispatchQuantity], [t].[FinalPrice], [t].[UnitPrice], [t].[VehicleNo]
      FROM [TblDispatches] AS [t]
      WHERE [t].[ChallanNo] = @__dispatchId_0
info: Microsoft.EntityFrameworkCore.Database.Command[20101]
      Executed DbCommand (5ms) [Parameters=[@__dispatchId_0='?' (Size = 4000)], CommandType='Text', CommandTimeout='120']
      SELECT TOP(1) [t].[DispId], [t].[BillID], [t].[ChallanNo], [t].[Destination], [t].[DisVid], [t].[DispatchDate], [t].[DispatchQuantity], [t].[FinalPrice], [t].[UnitPrice], [t].[VehicleNo]
      FROM [TblDispatches] AS [t]
      WHERE [t].[ChallanNo] = @__dispatchId_0
info: Microsoft.EntityFrameworkCore.Database.Command[20101]
      Executed DbCommand (6ms) [Parameters=[@__dispatchId_0='?' (Size = 4000)], CommandType='Text', CommandTimeout='120']
      SELECT TOP(1) [t].[DispId], [t].[BillID], [t].[ChallanNo], [t].[Destination], [t].[DisVid], [t].[DispatchDate], [t].[DispatchQuantity], [t].[FinalPrice], [t].[UnitPrice], [t].[VehicleNo]
      FROM [TblDispatches] AS [t]
      WHERE [t].[ChallanNo] = @__dispatchId_0
info: Microsoft.EntityFrameworkCore.Database.Command[20101]
      Executed DbCommand (7ms) [Parameters=[@__dispatchId_0='?' (Size = 4000)], CommandType='Text', CommandTimeout='120']
      SELECT TOP(1) [t].[DispId], [t].[BillID], [t].[ChallanNo], [t].[Destination], [t].[DisVid], [t].[DispatchDate], [t].[DispatchQuantity], [t].[FinalPrice], [t].[UnitPrice], [t].[VehicleNo]
      FROM [TblDispatches] AS [t]
      WHERE [t].[ChallanNo] = @__dispatchId_0
info: Microsoft.EntityFrameworkCore.Database.Command[20101]
      Executed DbCommand (7ms) [Parameters=[@__dispatchId_0='?' (Size = 4000)], CommandType='Text', CommandTimeout='120']
      SELECT TOP(1) [t].[DispId], [t].[BillID], [t].[ChallanNo], [t].[Destination], [t].[DisVid], [t].[DispatchDate], [t].[DispatchQuantity], [t].[FinalPrice], [t].[UnitPrice], [t].[VehicleNo]
      FROM [TblDispatches] AS [t]
      WHERE [t].[ChallanNo] = @__dispatchId_0
info: Microsoft.EntityFrameworkCore.Database.Command[20101]
      Executed DbCommand (9ms) [Parameters=[@__dispatchId_0='?' (Size = 4000)], CommandType='Text', CommandTimeout='120']
      SELECT TOP(1) [t].[DispId], [t].[BillID], [t].[ChallanNo], [t].[Destination], [t].[DisVid], [t].[DispatchDate], [t].[DispatchQuantity], [t].[FinalPrice], [t].[UnitPrice], [t].[VehicleNo]
      FROM [TblDispatches] AS [t]
      WHERE [t].[ChallanNo] = @__dispatchId_0
info: Microsoft.EntityFrameworkCore.Database.Command[20101]
      Executed DbCommand (5ms) [Parameters=[@__dispatchId_0='?' (Size = 4000)], CommandType='Text', CommandTimeout='120']
      SELECT TOP(1) [t].[DispId], [t].[BillID], [t].[ChallanNo], [t].[Destination], [t].[DisVid], [t].[DispatchDate], [t].[DispatchQuantity], [t].[FinalPrice], [t].[UnitPrice], [t].[VehicleNo]
      FROM [TblDispatches] AS [t]
      WHERE [t].[ChallanNo] = @__dispatchId_0
info: Microsoft.EntityFrameworkCore.Database.Command[20101]
      Executed DbCommand (5ms) [Parameters=[@__dispatchId_0='?' (Size = 4000)], CommandType='Text', CommandTimeout='120']
      SELECT TOP(1) [t].[DispId], [t].[BillID], [t].[ChallanNo], [t].[Destination], [t].[DisVid], [t].[DispatchDate], [t].[DispatchQuantity], [t].[FinalPrice], [t].[UnitPrice], [t].[VehicleNo]
      FROM [TblDispatches] AS [t]
      WHERE [t].[ChallanNo] = @__dispatchId_0
info: Microsoft.EntityFrameworkCore.Database.Command[20101]
      Executed DbCommand (3ms) [Parameters=[@__dispatchId_0='?' (Size = 4000)], CommandType='Text', CommandTimeout='120']
      SELECT TOP(1) [t].[DispId], [t].[BillID], [t].[ChallanNo], [t].[Destination], [t].[DisVid], [t].[DispatchDate], [t].[DispatchQuantity], [t].[FinalPrice], [t].[UnitPrice], [t].[VehicleNo]
      FROM [TblDispatches] AS [t]
      WHERE [t].[ChallanNo] = @__dispatchId_0
info: Microsoft.EntityFrameworkCore.Database.Command[20101]
      Executed DbCommand (4ms) [Parameters=[@__dispatchId_0='?' (Size = 4000)], CommandType='Text', CommandTimeout='120']
      SELECT TOP(1) [t].[DispId], [t].[BillID], [t].[ChallanNo], [t].[Destination], [t].[DisVid], [t].[DispatchDate], [t].[DispatchQuantity], [t].[FinalPrice], [t].[UnitPrice], [t].[VehicleNo]
      FROM [TblDispatches] AS [t]
      WHERE [t].[ChallanNo] = @__dispatchId_0
info: Microsoft.EntityFrameworkCore.Database.Command[20101]
      Executed DbCommand (5ms) [Parameters=[@__dispatchId_0='?' (Size = 4000)], CommandType='Text', CommandTimeout='120']
      SELECT TOP(1) [t].[DispId], [t].[BillID], [t].[ChallanNo], [t].[Destination], [t].[DisVid], [t].[DispatchDate], [t].[DispatchQuantity], [t].[FinalPrice], [t].[UnitPrice], [t].[VehicleNo]
      FROM [TblDispatches] AS [t]
      WHERE [t].[ChallanNo] = @__dispatchId_0
info: Microsoft.EntityFrameworkCore.Database.Command[20101]
      Executed DbCommand (4ms) [Parameters=[@__dispatchId_0='?' (Size = 4000)], CommandType='Text', CommandTimeout='120']
      SELECT TOP(1) [t].[DispId], [t].[BillID], [t].[ChallanNo], [t].[Destination], [t].[DisVid], [t].[DispatchDate], [t].[DispatchQuantity], [t].[FinalPrice], [t].[UnitPrice], [t].[VehicleNo]
      FROM [TblDispatches] AS [t]
      WHERE [t].[ChallanNo] = @__dispatchId_0
info: Microsoft.EntityFrameworkCore.Database.Command[20101]
      Executed DbCommand (51ms) [Parameters=[@p9='?' (DbType = Int32), @p0='?' (DbType = Int32), @p1='?' (Size = 4000), @p2='?' (Size = 4000), @p3='?' (DbType = Int32), @p4='?' (DbType = DateTime2), @p5='?' (DbType = Double), @p6='?' (DbType = Double), @p7='?' (DbType = Double), @p8='?' (Size = 4000), @p19='?' (DbType = Int32), @p10='?' (DbType = Int32), @p11='?' (Size = 4000), @p12='?' (Size = 4000), @p13='?' (DbType = Int32), @p14='?' (DbType = DateTime2), @p15='?' (DbType = Double), @p16='?' (DbType = Double), @p17='?' (DbType = Double), @p18='?' (Size = 4000), @p29='?' (DbType = Int32), @p20='?' (DbType = Int32), @p21='?' (Size = 4000), @p22='?' (Size = 4000), @p23='?' (DbType = Int32), @p24='?' (DbType = DateTime2), @p25='?' (DbType = Double), @p26='?' (DbType = Double), @p27='?' (DbType = Double), @p28='?' (Size = 4000), @p39='?' (DbType = Int32), @p30='?' (DbType = Int32), @p31='?' (Size = 4000), @p32='?' (Size = 4000), @p33='?' (DbType = Int32), @p34='?' (DbType = DateTime2), @p35='?' (DbType = Double), @p36='?' (DbType = Double), @p37='?' (DbType = Double), @p38='?' (Size = 4000), @p49='?' (DbType = Int32), @p40='?' (DbType = Int32), @p41='?' (Size = 4000), @p42='?' (Size = 4000), @p43='?' (DbType = Int32), @p44='?' (DbType = DateTime2), @p45='?' (DbType = Double), @p46='?' (DbType = Double), @p47='?' (DbType = Double), @p48='?' (Size = 4000), @p59='?' (DbType = Int32), @p50='?' (DbType = Int32), @p51='?' (Size = 4000), @p52='?' (Size = 4000), @p53='?' (DbType = Int32), @p54='?' (DbType = DateTime2), @p55='?' (DbType = Double), @p56='?' (DbType = Double), @p57='?' (DbType = Double), @p58='?' (Size = 4000), @p69='?' (DbType = Int32), @p60='?' (DbType = Int32), @p61='?' (Size = 4000), @p62='?' (Size = 4000), @p63='?' (DbType = Int32), @p64='?' (DbType = DateTime2), @p65='?' (DbType = Double), @p66='?' (DbType = Double), @p67='?' (DbType = Double), @p68='?' (Size = 4000), @p79='?' (DbType = Int32), @p70='?' (DbType = Int32), @p71='?' (Size = 4000), @p72='?' (Size = 4000), @p73='?' (DbType = Int32), @p74='?' (DbType = DateTime2), @p75='?' (DbType = Double), @p76='?' (DbType = Double), @p77='?' (DbType = Double), @p78='?' (Size = 4000), @p89='?' (DbType = Int32), @p80='?' (DbType = Int32), @p81='?' (Size = 4000), @p82='?' (Size = 4000), @p83='?' (DbType = Int32), @p84='?' (DbType = DateTime2), @p85='?' (DbType = Double), @p86='?' (DbType = Double), @p87='?' (DbType = Double), @p88='?' (Size = 4000), @p99='?' (DbType = Int32), @p90='?' (DbType = Int32), @p91='?' (Size = 4000), @p92='?' (Size = 4000), @p93='?' (DbType = Int32), @p94='?' (DbType = DateTime2), @p95='?' (DbType = Double), @p96='?' (DbType = Double), @p97='?' (DbType = Double), @p98='?' (Size = 4000), @p109='?' (DbType = Int32), @p100='?' (DbType = Int32), @p101='?' (Size = 4000), @p102='?' (Size = 4000), @p103='?' (DbType = Int32), @p104='?' (DbType = DateTime2), @p105='?' (DbType = Double), @p106='?' (DbType = Double), @p107='?' (DbType = Double), @p108='?' (Size = 4000), @p119='?' (DbType = Int32), @p110='?' (DbType = Int32), @p111='?' (Size = 4000), @p112='?' (Size = 4000), @p113='?' (DbType = Int32), @p114='?' (DbType = DateTime2), @p115='?' (DbType = Double), @p116='?' (DbType = Double), @p117='?' (DbType = Double), @p118='?' (Size = 4000), @p129='?' (DbType = Int32), @p120='?' (DbType = Int32), @p121='?' (Size = 4000), @p122='?' (Size = 4000), @p123='?' (DbType = Int32), @p124='?' (DbType = DateTime2), @p125='?' (DbType = Double), @p126='?' (DbType = Double), @p127='?' (DbType = Double), @p128='?' (Size = 4000), @p139='?' (DbType = Int32), @p130='?' (DbType = Int32), @p131='?' (Size = 4000), @p132='?' (Size = 4000), @p133='?' (DbType = Int32), @p134='?' (DbType = DateTime2), @p135='?' (DbType = Double), @p136='?' (DbType = Double), @p137='?' (DbType = Double), @p138='?' (Size = 4000), @p149='?' (DbType = Int32), @p140='?' (DbType = Int32), @p141='?' (Size = 4000), @p142='?' (Size = 4000), @p143='?' (DbType = Int32), @p144='?' (DbType = DateTime2), @p145='?' (DbType = Double), @p146='?' (DbType = Double), @p147='?' (DbType = Double), @p148='?' (Size = 4000), @p159='?' (DbType = Int32), @p150='?' (DbType = Int32), @p151='?' (Size = 4000), @p152='?' (Size = 4000), @p153='?' (DbType = Int32), @p154='?' (DbType = DateTime2), @p155='?' (DbType = Double), @p156='?' (DbType = Double), @p157='?' (DbType = Double), @p158='?' (Size = 4000), @p169='?' (DbType = Int32), @p160='?' (DbType = Int32), @p161='?' (Size = 4000), @p162='?' (Size = 4000), @p163='?' (DbType = Int32), @p164='?' (DbType = DateTime2), @p165='?' (DbType = Double), @p166='?' (DbType = Double), @p167='?' (DbType = Double), @p168='?' (Size = 4000), @p179='?' (DbType = Int32), @p170='?' (DbType = Int32), @p171='?' (Size = 4000), @p172='?' (Size = 4000), @p173='?' (DbType = Int32), @p174='?' (DbType = DateTime2), @p175='?' (DbType = Double), @p176='?' (DbType = Double), @p177='?' (DbType = Double), @p178='?' (Size = 4000), @p189='?' (DbType = Int32), @p180='?' (DbType = Int32), @p181='?' (Size = 4000), @p182='?' (Size = 4000), @p183='?' (DbType = Int32), @p184='?' (DbType = DateTime2), @p185='?' (DbType = Double), @p186='?' (DbType = Double), @p187='?' (DbType = Double), @p188='?' (Size = 4000), @p199='?' (DbType = Int32), @p190='?' (DbType = Int32), @p191='?' (Size = 4000), @p192='?' (Size = 4000), @p193='?' (DbType = Int32), @p194='?' (DbType = DateTime2), @p195='?' (DbType = Double), @p196='?' (DbType = Double), @p197='?' (DbType = Double), @p198='?' (Size = 4000), @p209='?' (DbType = Int32), @p200='?' (DbType = Int32), @p201='?' (Size = 4000), @p202='?' (Size = 4000), @p203='?' (DbType = Int32), @p204='?' (DbType = DateTime2), @p205='?' (DbType = Double), @p206='?' (DbType = Double), @p207='?' (DbType = Double), @p208='?' (Size = 4000), @p219='?' (DbType = Int32), @p210='?' (DbType = Int32), @p211='?' (Size = 4000), @p212='?' (Size = 4000), @p213='?' (DbType = Int32), @p214='?' (DbType = DateTime2), @p215='?' (DbType = Double), @p216='?' (DbType = Double), @p217='?' (DbType = Double), @p218='?' (Size = 4000), @p229='?' (DbType = Int32), @p220='?' (DbType = Int32), @p221='?' (Size = 4000), @p222='?' (Size = 4000), @p223='?' (DbType = Int32), @p224='?' (DbType = DateTime2), @p225='?' (DbType = Double), @p226='?' (DbType = Double), @p227='?' (DbType = Double), @p228='?' (Size = 4000), @p239='?' (DbType = Int32), @p230='?' (DbType = Int32), @p231='?' (Size = 4000), @p232='?' (Size = 4000), @p233='?' (DbType = Int32), @p234='?' (DbType = DateTime2), @p235='?' (DbType = Double), @p236='?' (DbType = Double), @p237='?' (DbType = Double), @p238='?' (Size = 4000), @p249='?' (DbType = Int32), @p240='?' (DbType = Int32), @p241='?' (Size = 4000), @p242='?' (Size = 4000), @p243='?' (DbType = Int32), @p244='?' (DbType = DateTime2), @p245='?' (DbType = Double), @p246='?' (DbType = Double), @p247='?' (DbType = Double), @p248='?' (Size = 4000)], CommandType='Text', CommandTimeout='120']
      SET NOCOUNT ON;
      UPDATE [TblDispatches] SET [BillID] = @p0, [ChallanNo] = @p1, [Destination] = @p2, [DisVid] = @p3, [DispatchDate] = @p4, [DispatchQuantity] = @p5, [FinalPrice] = @p6, [UnitPrice] = @p7, [VehicleNo] = @p8
      WHERE [DispId] = @p9;
      SELECT @@ROWCOUNT;
      
      UPDATE [TblDispatches] SET [BillID] = @p10, [ChallanNo] = @p11, [Destination] = @p12, [DisVid] = @p13, [DispatchDate] = @p14, [DispatchQuantity] = @p15, [FinalPrice] = @p16, [UnitPrice] = @p17, [VehicleNo] = @p18
      WHERE [DispId] = @p19;
      SELECT @@ROWCOUNT;
      
      UPDATE [TblDispatches] SET [BillID] = @p20, [ChallanNo] = @p21, [Destination] = @p22, [DisVid] = @p23, [DispatchDate] = @p24, [DispatchQuantity] = @p25, [FinalPrice] = @p26, [UnitPrice] = @p27, [VehicleNo] = @p28
      WHERE [DispId] = @p29;
      SELECT @@ROWCOUNT;
      
      UPDATE [TblDispatches] SET [BillID] = @p30, [ChallanNo] = @p31, [Destination] = @p32, [DisVid] = @p33, [DispatchDate] = @p34, [DispatchQuantity] = @p35, [FinalPrice] = @p36, [UnitPrice] = @p37, [VehicleNo] = @p38
      WHERE [DispId] = @p39;
      SELECT @@ROWCOUNT;
      
      UPDATE [TblDispatches] SET [BillID] = @p40, [ChallanNo] = @p41, [Destination] = @p42, [DisVid] = @p43, [DispatchDate] = @p44, [DispatchQuantity] = @p45, [FinalPrice] = @p46, [UnitPrice] = @p47, [VehicleNo] = @p48
      WHERE [DispId] = @p49;
      SELECT @@ROWCOUNT;
      
      UPDATE [TblDispatches] SET [BillID] = @p50, [ChallanNo] = @p51, [Destination] = @p52, [DisVid] = @p53, [DispatchDate] = @p54, [DispatchQuantity] = @p55, [FinalPrice] = @p56, [UnitPrice] = @p57, [VehicleNo] = @p58
      WHERE [DispId] = @p59;
      SELECT @@ROWCOUNT;
      
      UPDATE [TblDispatches] SET [BillID] = @p60, [ChallanNo] = @p61, [Destination] = @p62, [DisVid] = @p63, [DispatchDate] = @p64, [DispatchQuantity] = @p65, [FinalPrice] = @p66, [UnitPrice] = @p67, [VehicleNo] = @p68
      WHERE [DispId] = @p69;
      SELECT @@ROWCOUNT;
      
      UPDATE [TblDispatches] SET [BillID] = @p70, [ChallanNo] = @p71, [Destination] = @p72, [DisVid] = @p73, [DispatchDate] = @p74, [DispatchQuantity] = @p75, [FinalPrice] = @p76, [UnitPrice] = @p77, [VehicleNo] = @p78
      WHERE [DispId] = @p79;
      SELECT @@ROWCOUNT;
      
      UPDATE [TblDispatches] SET [BillID] = @p80, [ChallanNo] = @p81, [Destination] = @p82, [DisVid] = @p83, [DispatchDate] = @p84, [DispatchQuantity] = @p85, [FinalPrice] = @p86, [UnitPrice] = @p87, [VehicleNo] = @p88
      WHERE [DispId] = @p89;
      SELECT @@ROWCOUNT;
      
      UPDATE [TblDispatches] SET [BillID] = @p90, [ChallanNo] = @p91, [Destination] = @p92, [DisVid] = @p93, [DispatchDate] = @p94, [DispatchQuantity] = @p95, [FinalPrice] = @p96, [UnitPrice] = @p97, [VehicleNo] = @p98
      WHERE [DispId] = @p99;
      SELECT @@ROWCOUNT;
      
      UPDATE [TblDispatches] SET [BillID] = @p100, [ChallanNo] = @p101, [Destination] = @p102, [DisVid] = @p103, [DispatchDate] = @p104, [DispatchQuantity] = @p105, [FinalPrice] = @p106, [UnitPrice] = @p107, [VehicleNo] = @p108
      WHERE [DispId] = @p109;
      SELECT @@ROWCOUNT;
      
      UPDATE [TblDispatches] SET [BillID] = @p110, [ChallanNo] = @p111, [Destination] = @p112, [DisVid] = @p113, [DispatchDate] = @p114, [DispatchQuantity] = @p115, [FinalPrice] = @p116, [UnitPrice] = @p117, [VehicleNo] = @p118
      WHERE [DispId] = @p119;
      SELECT @@ROWCOUNT;
      
      UPDATE [TblDispatches] SET [BillID] = @p120, [ChallanNo] = @p121, [Destination] = @p122, [DisVid] = @p123, [DispatchDate] = @p124, [DispatchQuantity] = @p125, [FinalPrice] = @p126, [UnitPrice] = @p127, [VehicleNo] = @p128
      WHERE [DispId] = @p129;
      SELECT @@ROWCOUNT;
      
      UPDATE [TblDispatches] SET [BillID] = @p130, [ChallanNo] = @p131, [Destination] = @p132, [DisVid] = @p133, [DispatchDate] = @p134, [DispatchQuantity] = @p135, [FinalPrice] = @p136, [UnitPrice] = @p137, [VehicleNo] = @p138
      WHERE [DispId] = @p139;
      SELECT @@ROWCOUNT;
      
      UPDATE [TblDispatches] SET [BillID] = @p140, [ChallanNo] = @p141, [Destination] = @p142, [DisVid] = @p143, [DispatchDate] = @p144, [DispatchQuantity] = @p145, [FinalPrice] = @p146, [UnitPrice] = @p147, [VehicleNo] = @p148
      WHERE [DispId] = @p149;
      SELECT @@ROWCOUNT;
      
      UPDATE [TblDispatches] SET [BillID] = @p150, [ChallanNo] = @p151, [Destination] = @p152, [DisVid] = @p153, [DispatchDate] = @p154, [DispatchQuantity] = @p155, [FinalPrice] = @p156, [UnitPrice] = @p157, [VehicleNo] = @p158
      WHERE [DispId] = @p159;
      SELECT @@ROWCOUNT;
      
      UPDATE [TblDispatches] SET [BillID] = @p160, [ChallanNo] = @p161, [Destination] = @p162, [DisVid] = @p163, [DispatchDate] = @p164, [DispatchQuantity] = @p165, [FinalPrice] = @p166, [UnitPrice] = @p167, [VehicleNo] = @p168
      WHERE [DispId] = @p169;
      SELECT @@ROWCOUNT;
      
      UPDATE [TblDispatches] SET [BillID] = @p170, [ChallanNo] = @p171, [Destination] = @p172, [DisVid] = @p173, [DispatchDate] = @p174, [DispatchQuantity] = @p175, [FinalPrice] = @p176, [UnitPrice] = @p177, [VehicleNo] = @p178
      WHERE [DispId] = @p179;
      SELECT @@ROWCOUNT;
      
      UPDATE [TblDispatches] SET [BillID] = @p180, [ChallanNo] = @p181, [Destination] = @p182, [DisVid] = @p183, [DispatchDate] = @p184, [DispatchQuantity] = @p185, [FinalPrice] = @p186, [UnitPrice] = @p187, [VehicleNo] = @p188
      WHERE [DispId] = @p189;
      SELECT @@ROWCOUNT;
      
      UPDATE [TblDispatches] SET [BillID] = @p190, [ChallanNo] = @p191, [Destination] = @p192, [DisVid] = @p193, [DispatchDate] = @p194, [DispatchQuantity] = @p195, [FinalPrice] = @p196, [UnitPrice] = @p197, [VehicleNo] = @p198
      WHERE [DispId] = @p199;
      SELECT @@ROWCOUNT;
      
      UPDATE [TblDispatches] SET [BillID] = @p200, [ChallanNo] = @p201, [Destination] = @p202, [DisVid] = @p203, [DispatchDate] = @p204, [DispatchQuantity] = @p205, [FinalPrice] = @p206, [UnitPrice] = @p207, [VehicleNo] = @p208
      WHERE [DispId] = @p209;
      SELECT @@ROWCOUNT;
      
      UPDATE [TblDispatches] SET [BillID] = @p210, [ChallanNo] = @p211, [Destination] = @p212, [DisVid] = @p213, [DispatchDate] = @p214, [DispatchQuantity] = @p215, [FinalPrice] = @p216, [UnitPrice] = @p217, [VehicleNo] = @p218
      WHERE [DispId] = @p219;
      SELECT @@ROWCOUNT;
      
      UPDATE [TblDispatches] SET [BillID] = @p220, [ChallanNo] = @p221, [Destination] = @p222, [DisVid] = @p223, [DispatchDate] = @p224, [DispatchQuantity] = @p225, [FinalPrice] = @p226, [UnitPrice] = @p227, [VehicleNo] = @p228
      WHERE [DispId] = @p229;
      SELECT @@ROWCOUNT;
      
      UPDATE [TblDispatches] SET [BillID] = @p230, [ChallanNo] = @p231, [Destination] = @p232, [DisVid] = @p233, [DispatchDate] = @p234, [DispatchQuantity] = @p235, [FinalPrice] = @p236, [UnitPrice] = @p237, [VehicleNo] = @p238
      WHERE [DispId] = @p239;
      SELECT @@ROWCOUNT;
      
      UPDATE [TblDispatches] SET [BillID] = @p240, [ChallanNo] = @p241, [Destination] = @p242, [DisVid] = @p243, [DispatchDate] = @p244, [DispatchQuantity] = @p245, [FinalPrice] = @p246, [UnitPrice] = @p247, [VehicleNo] = @p248
      WHERE [DispId] = @p249;
      SELECT @@ROWCOUNT;
info: Microsoft.EntityFrameworkCore.Infrastructure[10403]
      Entity Framework Core 6.0.21 initialized 'TransportMgmtContext' using provider 'Microsoft.EntityFrameworkCore.SqlServer:6.0.21' with options: CommandTimeout=120 
info: Microsoft.EntityFrameworkCore.Database.Command[20101]
      Executed DbCommand (3ms) [Parameters=[], CommandType='Text', CommandTimeout='120']
      SELECT [t].[FID], [t].[Address], [t].[Code], [t].[CreatedBy], [t].[CreatedOn], [t].[FactoryName], [t].[Gstin], [t].[IsActive], [t].[ModifiedBy], [t].[ModifiedOn]
      FROM [TblFactories] AS [t]
info: Microsoft.EntityFrameworkCore.Database.Command[20101]
      Executed DbCommand (1ms) [Parameters=[], CommandType='Text', CommandTimeout='120']
      SELECT [t].[FID], [t].[Address], [t].[Code], [t].[CreatedBy], [t].[CreatedOn], [t].[FactoryName], [t].[Gstin], [t].[IsActive], [t].[ModifiedBy], [t].[ModifiedOn]
      FROM [TblFactories] AS [t]
info: Microsoft.EntityFrameworkCore.Database.Command[20101]
      Executed DbCommand (1ms) [Parameters=[], CommandType='Text', CommandTimeout='120']
      SELECT [t].[DispId], [t].[BillID], [t].[ChallanNo], [t].[Destination], [t].[DisVid], [t].[DispatchDate], [t].[DispatchQuantity], [t].[FinalPrice], [t].[UnitPrice], [t].[VehicleNo]
      FROM [TblDispatches] AS [t]
info: Microsoft.EntityFrameworkCore.Infrastructure[10403]
      Entity Framework Core 6.0.21 initialized 'TransportMgmtContext' using provider 'Microsoft.EntityFrameworkCore.SqlServer:6.0.21' with options: CommandTimeout=120 
info: Microsoft.EntityFrameworkCore.Database.Command[20101]
      Executed DbCommand (3ms) [Parameters=[@__dispatchId_0='?' (Size = 4000)], CommandType='Text', CommandTimeout='120']
      SELECT TOP(1) [t].[DispId], [t].[BillID], [t].[ChallanNo], [t].[Destination], [t].[DisVid], [t].[DispatchDate], [t].[DispatchQuantity], [t].[FinalPrice], [t].[UnitPrice], [t].[VehicleNo]
      FROM [TblDispatches] AS [t]
      WHERE [t].[ChallanNo] = @__dispatchId_0
info: Microsoft.EntityFrameworkCore.Database.Command[20101]
      Executed DbCommand (3ms) [Parameters=[@__dispatchId_0='?' (Size = 4000)], CommandType='Text', CommandTimeout='120']
      SELECT TOP(1) [t].[DispId], [t].[BillID], [t].[ChallanNo], [t].[Destination], [t].[DisVid], [t].[DispatchDate], [t].[DispatchQuantity], [t].[FinalPrice], [t].[UnitPrice], [t].[VehicleNo]
      FROM [TblDispatches] AS [t]
      WHERE [t].[ChallanNo] = @__dispatchId_0
info: Microsoft.EntityFrameworkCore.Database.Command[20101]
      Executed DbCommand (2ms) [Parameters=[@__billNumber_0='?' (Size = 4000)], CommandType='Text', CommandTimeout='120']
      SELECT TOP(1) [b].[BillID], [b].[ActualAmount], [b].[BillDate], [b].[BillNum], [b].[BillType], [b].[FID], [b].[Gst], [b].[GstDate], [b].[PId], [b].[PaymentReceived], [b].[PaymentTablePId], [b].[Tds]
      FROM [BillTables] AS [b]
      WHERE [b].[BillNum] = @__billNumber_0
info: Microsoft.EntityFrameworkCore.Database.Command[20101]
      Executed DbCommand (4ms) [Parameters=[@p0='?' (DbType = Double), @p1='?' (DbType = DateTime2), @p2='?' (Size = 4000), @p3='?' (Size = 4000), @p4='?' (DbType = Int32), @p5='?' (DbType = Double), @p6='?' (DbType = DateTime2), @p7='?' (DbType = Int32), @p8='?' (DbType = Double), @p9='?' (DbType = Int32), @p10='?' (DbType = Double)], CommandType='Text', CommandTimeout='120']
      SET NOCOUNT ON;
      INSERT INTO [BillTables] ([ActualAmount], [BillDate], [BillNum], [BillType], [FID], [Gst], [GstDate], [PId], [PaymentReceived], [PaymentTablePId], [Tds])
      VALUES (@p0, @p1, @p2, @p3, @p4, @p5, @p6, @p7, @p8, @p9, @p10);
      SELECT [BillID]
      FROM [BillTables]
      WHERE @@ROWCOUNT = 1 AND [BillID] = scope_identity();
info: Microsoft.EntityFrameworkCore.Database.Command[20101]
      Executed DbCommand (3ms) [Parameters=[@p2='?' (DbType = Int32), @p0='?' (DbType = Double), @p1='?' (DbType = Double)], CommandType='Text', CommandTimeout='120']
      SET NOCOUNT ON;
      UPDATE [TblDispatches] SET [FinalPrice] = @p0, [UnitPrice] = @p1
      WHERE [DispId] = @p2;
      SELECT @@ROWCOUNT;
info: Microsoft.EntityFrameworkCore.Database.Command[20101]
      Executed DbCommand (5ms) [Parameters=[@__dispatchId_0='?' (Size = 4000)], CommandType='Text', CommandTimeout='120']
      SELECT TOP(1) [t].[DispId], [t].[BillID], [t].[ChallanNo], [t].[Destination], [t].[DisVid], [t].[DispatchDate], [t].[DispatchQuantity], [t].[FinalPrice], [t].[UnitPrice], [t].[VehicleNo]
      FROM [TblDispatches] AS [t]
      WHERE [t].[ChallanNo] = @__dispatchId_0
info: Microsoft.EntityFrameworkCore.Database.Command[20101]
      Executed DbCommand (3ms) [Parameters=[@__dispatchId_0='?' (Size = 4000)], CommandType='Text', CommandTimeout='120']
      SELECT TOP(1) [t].[DispId], [t].[BillID], [t].[ChallanNo], [t].[Destination], [t].[DisVid], [t].[DispatchDate], [t].[DispatchQuantity], [t].[FinalPrice], [t].[UnitPrice], [t].[VehicleNo]
      FROM [TblDispatches] AS [t]
      WHERE [t].[ChallanNo] = @__dispatchId_0
info: Microsoft.EntityFrameworkCore.Database.Command[20101]
      Executed DbCommand (2ms) [Parameters=[@__dispatchId_0='?' (Size = 4000)], CommandType='Text', CommandTimeout='120']
      SELECT TOP(1) [t].[DispId], [t].[BillID], [t].[ChallanNo], [t].[Destination], [t].[DisVid], [t].[DispatchDate], [t].[DispatchQuantity], [t].[FinalPrice], [t].[UnitPrice], [t].[VehicleNo]
      FROM [TblDispatches] AS [t]
      WHERE [t].[ChallanNo] = @__dispatchId_0
info: Microsoft.EntityFrameworkCore.Database.Command[20101]
      Executed DbCommand (3ms) [Parameters=[@__dispatchId_0='?' (Size = 4000)], CommandType='Text', CommandTimeout='120']
      SELECT TOP(1) [t].[DispId], [t].[BillID], [t].[ChallanNo], [t].[Destination], [t].[DisVid], [t].[DispatchDate], [t].[DispatchQuantity], [t].[FinalPrice], [t].[UnitPrice], [t].[VehicleNo]
      FROM [TblDispatches] AS [t]
      WHERE [t].[ChallanNo] = @__dispatchId_0
info: Microsoft.EntityFrameworkCore.Database.Command[20101]
      Executed DbCommand (3ms) [Parameters=[@__dispatchId_0='?' (Size = 4000)], CommandType='Text', CommandTimeout='120']
      SELECT TOP(1) [t].[DispId], [t].[BillID], [t].[ChallanNo], [t].[Destination], [t].[DisVid], [t].[DispatchDate], [t].[DispatchQuantity], [t].[FinalPrice], [t].[UnitPrice], [t].[VehicleNo]
      FROM [TblDispatches] AS [t]
      WHERE [t].[ChallanNo] = @__dispatchId_0
info: Microsoft.EntityFrameworkCore.Database.Command[20101]
      Executed DbCommand (4ms) [Parameters=[@__dispatchId_0='?' (Size = 4000)], CommandType='Text', CommandTimeout='120']
      SELECT TOP(1) [t].[DispId], [t].[BillID], [t].[ChallanNo], [t].[Destination], [t].[DisVid], [t].[DispatchDate], [t].[DispatchQuantity], [t].[FinalPrice], [t].[UnitPrice], [t].[VehicleNo]
      FROM [TblDispatches] AS [t]
      WHERE [t].[ChallanNo] = @__dispatchId_0
info: Microsoft.EntityFrameworkCore.Database.Command[20101]
      Executed DbCommand (3ms) [Parameters=[@__dispatchId_0='?' (Size = 4000)], CommandType='Text', CommandTimeout='120']
      SELECT TOP(1) [t].[DispId], [t].[BillID], [t].[ChallanNo], [t].[Destination], [t].[DisVid], [t].[DispatchDate], [t].[DispatchQuantity], [t].[FinalPrice], [t].[UnitPrice], [t].[VehicleNo]
      FROM [TblDispatches] AS [t]
      WHERE [t].[ChallanNo] = @__dispatchId_0
info: Microsoft.EntityFrameworkCore.Database.Command[20101]
      Executed DbCommand (2ms) [Parameters=[@__dispatchId_0='?' (Size = 4000)], CommandType='Text', CommandTimeout='120']
      SELECT TOP(1) [t].[DispId], [t].[BillID], [t].[ChallanNo], [t].[Destination], [t].[DisVid], [t].[DispatchDate], [t].[DispatchQuantity], [t].[FinalPrice], [t].[UnitPrice], [t].[VehicleNo]
      FROM [TblDispatches] AS [t]
      WHERE [t].[ChallanNo] = @__dispatchId_0
info: Microsoft.EntityFrameworkCore.Database.Command[20101]
      Executed DbCommand (4ms) [Parameters=[@__dispatchId_0='?' (Size = 4000)], CommandType='Text', CommandTimeout='120']
      SELECT TOP(1) [t].[DispId], [t].[BillID], [t].[ChallanNo], [t].[Destination], [t].[DisVid], [t].[DispatchDate], [t].[DispatchQuantity], [t].[FinalPrice], [t].[UnitPrice], [t].[VehicleNo]
      FROM [TblDispatches] AS [t]
      WHERE [t].[ChallanNo] = @__dispatchId_0
info: Microsoft.EntityFrameworkCore.Database.Command[20101]
      Executed DbCommand (3ms) [Parameters=[@__dispatchId_0='?' (Size = 4000)], CommandType='Text', CommandTimeout='120']
      SELECT TOP(1) [t].[DispId], [t].[BillID], [t].[ChallanNo], [t].[Destination], [t].[DisVid], [t].[DispatchDate], [t].[DispatchQuantity], [t].[FinalPrice], [t].[UnitPrice], [t].[VehicleNo]
      FROM [TblDispatches] AS [t]
      WHERE [t].[ChallanNo] = @__dispatchId_0
info: Microsoft.EntityFrameworkCore.Database.Command[20101]
      Executed DbCommand (3ms) [Parameters=[@__dispatchId_0='?' (Size = 4000)], CommandType='Text', CommandTimeout='120']
      SELECT TOP(1) [t].[DispId], [t].[BillID], [t].[ChallanNo], [t].[Destination], [t].[DisVid], [t].[DispatchDate], [t].[DispatchQuantity], [t].[FinalPrice], [t].[UnitPrice], [t].[VehicleNo]
      FROM [TblDispatches] AS [t]
      WHERE [t].[ChallanNo] = @__dispatchId_0
info: Microsoft.EntityFrameworkCore.Database.Command[20101]
      Executed DbCommand (3ms) [Parameters=[@__dispatchId_0='?' (Size = 4000)], CommandType='Text', CommandTimeout='120']
      SELECT TOP(1) [t].[DispId], [t].[BillID], [t].[ChallanNo], [t].[Destination], [t].[DisVid], [t].[DispatchDate], [t].[DispatchQuantity], [t].[FinalPrice], [t].[UnitPrice], [t].[VehicleNo]
      FROM [TblDispatches] AS [t]
      WHERE [t].[ChallanNo] = @__dispatchId_0
info: Microsoft.EntityFrameworkCore.Database.Command[20101]
      Executed DbCommand (3ms) [Parameters=[@__dispatchId_0='?' (Size = 4000)], CommandType='Text', CommandTimeout='120']
      SELECT TOP(1) [t].[DispId], [t].[BillID], [t].[ChallanNo], [t].[Destination], [t].[DisVid], [t].[DispatchDate], [t].[DispatchQuantity], [t].[FinalPrice], [t].[UnitPrice], [t].[VehicleNo]
      FROM [TblDispatches] AS [t]
      WHERE [t].[ChallanNo] = @__dispatchId_0
info: Microsoft.EntityFrameworkCore.Database.Command[20101]
      Executed DbCommand (4ms) [Parameters=[@__dispatchId_0='?' (Size = 4000)], CommandType='Text', CommandTimeout='120']
      SELECT TOP(1) [t].[DispId], [t].[BillID], [t].[ChallanNo], [t].[Destination], [t].[DisVid], [t].[DispatchDate], [t].[DispatchQuantity], [t].[FinalPrice], [t].[UnitPrice], [t].[VehicleNo]
      FROM [TblDispatches] AS [t]
      WHERE [t].[ChallanNo] = @__dispatchId_0
info: Microsoft.EntityFrameworkCore.Database.Command[20101]
      Executed DbCommand (3ms) [Parameters=[@__dispatchId_0='?' (Size = 4000)], CommandType='Text', CommandTimeout='120']
      SELECT TOP(1) [t].[DispId], [t].[BillID], [t].[ChallanNo], [t].[Destination], [t].[DisVid], [t].[DispatchDate], [t].[DispatchQuantity], [t].[FinalPrice], [t].[UnitPrice], [t].[VehicleNo]
      FROM [TblDispatches] AS [t]
      WHERE [t].[ChallanNo] = @__dispatchId_0
info: Microsoft.EntityFrameworkCore.Database.Command[20101]
      Executed DbCommand (3ms) [Parameters=[@__dispatchId_0='?' (Size = 4000)], CommandType='Text', CommandTimeout='120']
      SELECT TOP(1) [t].[DispId], [t].[BillID], [t].[ChallanNo], [t].[Destination], [t].[DisVid], [t].[DispatchDate], [t].[DispatchQuantity], [t].[FinalPrice], [t].[UnitPrice], [t].[VehicleNo]
      FROM [TblDispatches] AS [t]
      WHERE [t].[ChallanNo] = @__dispatchId_0
info: Microsoft.EntityFrameworkCore.Database.Command[20101]
      Executed DbCommand (4ms) [Parameters=[@__dispatchId_0='?' (Size = 4000)], CommandType='Text', CommandTimeout='120']
      SELECT TOP(1) [t].[DispId], [t].[BillID], [t].[ChallanNo], [t].[Destination], [t].[DisVid], [t].[DispatchDate], [t].[DispatchQuantity], [t].[FinalPrice], [t].[UnitPrice], [t].[VehicleNo]
      FROM [TblDispatches] AS [t]
      WHERE [t].[ChallanNo] = @__dispatchId_0
info: Microsoft.EntityFrameworkCore.Database.Command[20101]
      Executed DbCommand (3ms) [Parameters=[@__dispatchId_0='?' (Size = 4000)], CommandType='Text', CommandTimeout='120']
      SELECT TOP(1) [t].[DispId], [t].[BillID], [t].[ChallanNo], [t].[Destination], [t].[DisVid], [t].[DispatchDate], [t].[DispatchQuantity], [t].[FinalPrice], [t].[UnitPrice], [t].[VehicleNo]
      FROM [TblDispatches] AS [t]
      WHERE [t].[ChallanNo] = @__dispatchId_0
info: Microsoft.EntityFrameworkCore.Database.Command[20101]
      Executed DbCommand (7ms) [Parameters=[@__dispatchId_0='?' (Size = 4000)], CommandType='Text', CommandTimeout='120']
      SELECT TOP(1) [t].[DispId], [t].[BillID], [t].[ChallanNo], [t].[Destination], [t].[DisVid], [t].[DispatchDate], [t].[DispatchQuantity], [t].[FinalPrice], [t].[UnitPrice], [t].[VehicleNo]
      FROM [TblDispatches] AS [t]
      WHERE [t].[ChallanNo] = @__dispatchId_0
info: Microsoft.EntityFrameworkCore.Database.Command[20101]
      Executed DbCommand (5ms) [Parameters=[@__dispatchId_0='?' (Size = 4000)], CommandType='Text', CommandTimeout='120']
      SELECT TOP(1) [t].[DispId], [t].[BillID], [t].[ChallanNo], [t].[Destination], [t].[DisVid], [t].[DispatchDate], [t].[DispatchQuantity], [t].[FinalPrice], [t].[UnitPrice], [t].[VehicleNo]
      FROM [TblDispatches] AS [t]
      WHERE [t].[ChallanNo] = @__dispatchId_0
info: Microsoft.EntityFrameworkCore.Database.Command[20101]
      Executed DbCommand (6ms) [Parameters=[@__dispatchId_0='?' (Size = 4000)], CommandType='Text', CommandTimeout='120']
      SELECT TOP(1) [t].[DispId], [t].[BillID], [t].[ChallanNo], [t].[Destination], [t].[DisVid], [t].[DispatchDate], [t].[DispatchQuantity], [t].[FinalPrice], [t].[UnitPrice], [t].[VehicleNo]
      FROM [TblDispatches] AS [t]
      WHERE [t].[ChallanNo] = @__dispatchId_0
info: Microsoft.EntityFrameworkCore.Database.Command[20101]
      Executed DbCommand (3ms) [Parameters=[@__dispatchId_0='?' (Size = 4000)], CommandType='Text', CommandTimeout='120']
      SELECT TOP(1) [t].[DispId], [t].[BillID], [t].[ChallanNo], [t].[Destination], [t].[DisVid], [t].[DispatchDate], [t].[DispatchQuantity], [t].[FinalPrice], [t].[UnitPrice], [t].[VehicleNo]
      FROM [TblDispatches] AS [t]
      WHERE [t].[ChallanNo] = @__dispatchId_0
info: Microsoft.EntityFrameworkCore.Database.Command[20101]
      Executed DbCommand (5ms) [Parameters=[@__dispatchId_0='?' (Size = 4000)], CommandType='Text', CommandTimeout='120']
      SELECT TOP(1) [t].[DispId], [t].[BillID], [t].[ChallanNo], [t].[Destination], [t].[DisVid], [t].[DispatchDate], [t].[DispatchQuantity], [t].[FinalPrice], [t].[UnitPrice], [t].[VehicleNo]
      FROM [TblDispatches] AS [t]
      WHERE [t].[ChallanNo] = @__dispatchId_0
info: Microsoft.EntityFrameworkCore.Database.Command[20101]
      Executed DbCommand (3ms) [Parameters=[@__dispatchId_0='?' (Size = 4000)], CommandType='Text', CommandTimeout='120']
      SELECT TOP(1) [t].[DispId], [t].[BillID], [t].[ChallanNo], [t].[Destination], [t].[DisVid], [t].[DispatchDate], [t].[DispatchQuantity], [t].[FinalPrice], [t].[UnitPrice], [t].[VehicleNo]
      FROM [TblDispatches] AS [t]
      WHERE [t].[ChallanNo] = @__dispatchId_0
info: Microsoft.EntityFrameworkCore.Database.Command[20101]
      Executed DbCommand (3ms) [Parameters=[@__dispatchId_0='?' (Size = 4000)], CommandType='Text', CommandTimeout='120']
      SELECT TOP(1) [t].[DispId], [t].[BillID], [t].[ChallanNo], [t].[Destination], [t].[DisVid], [t].[DispatchDate], [t].[DispatchQuantity], [t].[FinalPrice], [t].[UnitPrice], [t].[VehicleNo]
      FROM [TblDispatches] AS [t]
      WHERE [t].[ChallanNo] = @__dispatchId_0
info: Microsoft.EntityFrameworkCore.Database.Command[20101]
      Executed DbCommand (3ms) [Parameters=[@__dispatchId_0='?' (Size = 4000)], CommandType='Text', CommandTimeout='120']
      SELECT TOP(1) [t].[DispId], [t].[BillID], [t].[ChallanNo], [t].[Destination], [t].[DisVid], [t].[DispatchDate], [t].[DispatchQuantity], [t].[FinalPrice], [t].[UnitPrice], [t].[VehicleNo]
      FROM [TblDispatches] AS [t]
      WHERE [t].[ChallanNo] = @__dispatchId_0
info: Microsoft.EntityFrameworkCore.Database.Command[20101]
      Executed DbCommand (4ms) [Parameters=[@__dispatchId_0='?' (Size = 4000)], CommandType='Text', CommandTimeout='120']
      SELECT TOP(1) [t].[DispId], [t].[BillID], [t].[ChallanNo], [t].[Destination], [t].[DisVid], [t].[DispatchDate], [t].[DispatchQuantity], [t].[FinalPrice], [t].[UnitPrice], [t].[VehicleNo]
      FROM [TblDispatches] AS [t]
      WHERE [t].[ChallanNo] = @__dispatchId_0
info: Microsoft.EntityFrameworkCore.Database.Command[20101]
      Executed DbCommand (3ms) [Parameters=[@__dispatchId_0='?' (Size = 4000)], CommandType='Text', CommandTimeout='120']
      SELECT TOP(1) [t].[DispId], [t].[BillID], [t].[ChallanNo], [t].[Destination], [t].[DisVid], [t].[DispatchDate], [t].[DispatchQuantity], [t].[FinalPrice], [t].[UnitPrice], [t].[VehicleNo]
      FROM [TblDispatches] AS [t]
      WHERE [t].[ChallanNo] = @__dispatchId_0
info: Microsoft.EntityFrameworkCore.Database.Command[20101]
      Executed DbCommand (7ms) [Parameters=[@__dispatchId_0='?' (Size = 4000)], CommandType='Text', CommandTimeout='120']
      SELECT TOP(1) [t].[DispId], [t].[BillID], [t].[ChallanNo], [t].[Destination], [t].[DisVid], [t].[DispatchDate], [t].[DispatchQuantity], [t].[FinalPrice], [t].[UnitPrice], [t].[VehicleNo]
      FROM [TblDispatches] AS [t]
      WHERE [t].[ChallanNo] = @__dispatchId_0
info: Microsoft.EntityFrameworkCore.Database.Command[20101]
      Executed DbCommand (6ms) [Parameters=[@__dispatchId_0='?' (Size = 4000)], CommandType='Text', CommandTimeout='120']
      SELECT TOP(1) [t].[DispId], [t].[BillID], [t].[ChallanNo], [t].[Destination], [t].[DisVid], [t].[DispatchDate], [t].[DispatchQuantity], [t].[FinalPrice], [t].[UnitPrice], [t].[VehicleNo]
      FROM [TblDispatches] AS [t]
      WHERE [t].[ChallanNo] = @__dispatchId_0
info: Microsoft.EntityFrameworkCore.Database.Command[20101]
      Executed DbCommand (5ms) [Parameters=[@__dispatchId_0='?' (Size = 4000)], CommandType='Text', CommandTimeout='120']
      SELECT TOP(1) [t].[DispId], [t].[BillID], [t].[ChallanNo], [t].[Destination], [t].[DisVid], [t].[DispatchDate], [t].[DispatchQuantity], [t].[FinalPrice], [t].[UnitPrice], [t].[VehicleNo]
      FROM [TblDispatches] AS [t]
      WHERE [t].[ChallanNo] = @__dispatchId_0
info: Microsoft.EntityFrameworkCore.Database.Command[20101]
      Executed DbCommand (6ms) [Parameters=[@__dispatchId_0='?' (Size = 4000)], CommandType='Text', CommandTimeout='120']
      SELECT TOP(1) [t].[DispId], [t].[BillID], [t].[ChallanNo], [t].[Destination], [t].[DisVid], [t].[DispatchDate], [t].[DispatchQuantity], [t].[FinalPrice], [t].[UnitPrice], [t].[VehicleNo]
      FROM [TblDispatches] AS [t]
      WHERE [t].[ChallanNo] = @__dispatchId_0
info: Microsoft.EntityFrameworkCore.Database.Command[20101]
      Executed DbCommand (4ms) [Parameters=[@__dispatchId_0='?' (Size = 4000)], CommandType='Text', CommandTimeout='120']
      SELECT TOP(1) [t].[DispId], [t].[BillID], [t].[ChallanNo], [t].[Destination], [t].[DisVid], [t].[DispatchDate], [t].[DispatchQuantity], [t].[FinalPrice], [t].[UnitPrice], [t].[VehicleNo]
      FROM [TblDispatches] AS [t]
      WHERE [t].[ChallanNo] = @__dispatchId_0
info: Microsoft.EntityFrameworkCore.Database.Command[20101]
      Executed DbCommand (6ms) [Parameters=[@__dispatchId_0='?' (Size = 4000)], CommandType='Text', CommandTimeout='120']
      SELECT TOP(1) [t].[DispId], [t].[BillID], [t].[ChallanNo], [t].[Destination], [t].[DisVid], [t].[DispatchDate], [t].[DispatchQuantity], [t].[FinalPrice], [t].[UnitPrice], [t].[VehicleNo]
      FROM [TblDispatches] AS [t]
      WHERE [t].[ChallanNo] = @__dispatchId_0
info: Microsoft.EntityFrameworkCore.Database.Command[20101]
      Executed DbCommand (7ms) [Parameters=[@__dispatchId_0='?' (Size = 4000)], CommandType='Text', CommandTimeout='120']
      SELECT TOP(1) [t].[DispId], [t].[BillID], [t].[ChallanNo], [t].[Destination], [t].[DisVid], [t].[DispatchDate], [t].[DispatchQuantity], [t].[FinalPrice], [t].[UnitPrice], [t].[VehicleNo]
      FROM [TblDispatches] AS [t]
      WHERE [t].[ChallanNo] = @__dispatchId_0
info: Microsoft.EntityFrameworkCore.Database.Command[20101]
      Executed DbCommand (7ms) [Parameters=[@__dispatchId_0='?' (Size = 4000)], CommandType='Text', CommandTimeout='120']
      SELECT TOP(1) [t].[DispId], [t].[BillID], [t].[ChallanNo], [t].[Destination], [t].[DisVid], [t].[DispatchDate], [t].[DispatchQuantity], [t].[FinalPrice], [t].[UnitPrice], [t].[VehicleNo]
      FROM [TblDispatches] AS [t]
      WHERE [t].[ChallanNo] = @__dispatchId_0
info: Microsoft.EntityFrameworkCore.Database.Command[20101]
      Executed DbCommand (5ms) [Parameters=[@__dispatchId_0='?' (Size = 4000)], CommandType='Text', CommandTimeout='120']
      SELECT TOP(1) [t].[DispId], [t].[BillID], [t].[ChallanNo], [t].[Destination], [t].[DisVid], [t].[DispatchDate], [t].[DispatchQuantity], [t].[FinalPrice], [t].[UnitPrice], [t].[VehicleNo]
      FROM [TblDispatches] AS [t]
      WHERE [t].[ChallanNo] = @__dispatchId_0
info: Microsoft.EntityFrameworkCore.Database.Command[20101]
      Executed DbCommand (5ms) [Parameters=[@__dispatchId_0='?' (Size = 4000)], CommandType='Text', CommandTimeout='120']
      SELECT TOP(1) [t].[DispId], [t].[BillID], [t].[ChallanNo], [t].[Destination], [t].[DisVid], [t].[DispatchDate], [t].[DispatchQuantity], [t].[FinalPrice], [t].[UnitPrice], [t].[VehicleNo]
      FROM [TblDispatches] AS [t]
      WHERE [t].[ChallanNo] = @__dispatchId_0
info: Microsoft.EntityFrameworkCore.Database.Command[20101]
      Executed DbCommand (4ms) [Parameters=[@__dispatchId_0='?' (Size = 4000)], CommandType='Text', CommandTimeout='120']
      SELECT TOP(1) [t].[DispId], [t].[BillID], [t].[ChallanNo], [t].[Destination], [t].[DisVid], [t].[DispatchDate], [t].[DispatchQuantity], [t].[FinalPrice], [t].[UnitPrice], [t].[VehicleNo]
      FROM [TblDispatches] AS [t]
      WHERE [t].[ChallanNo] = @__dispatchId_0
info: Microsoft.EntityFrameworkCore.Database.Command[20101]
      Executed DbCommand (44ms) [Parameters=[@p9='?' (DbType = Int32), @p0='?' (DbType = Int32), @p1='?' (Size = 4000), @p2='?' (Size = 4000), @p3='?' (DbType = Int32), @p4='?' (DbType = DateTime2), @p5='?' (DbType = Double), @p6='?' (DbType = Double), @p7='?' (DbType = Double), @p8='?' (Size = 4000), @p19='?' (DbType = Int32), @p10='?' (DbType = Int32), @p11='?' (Size = 4000), @p12='?' (Size = 4000), @p13='?' (DbType = Int32), @p14='?' (DbType = DateTime2), @p15='?' (DbType = Double), @p16='?' (DbType = Double), @p17='?' (DbType = Double), @p18='?' (Size = 4000), @p29='?' (DbType = Int32), @p20='?' (DbType = Int32), @p21='?' (Size = 4000), @p22='?' (Size = 4000), @p23='?' (DbType = Int32), @p24='?' (DbType = DateTime2), @p25='?' (DbType = Double), @p26='?' (DbType = Double), @p27='?' (DbType = Double), @p28='?' (Size = 4000), @p39='?' (DbType = Int32), @p30='?' (DbType = Int32), @p31='?' (Size = 4000), @p32='?' (Size = 4000), @p33='?' (DbType = Int32), @p34='?' (DbType = DateTime2), @p35='?' (DbType = Double), @p36='?' (DbType = Double), @p37='?' (DbType = Double), @p38='?' (Size = 4000), @p49='?' (DbType = Int32), @p40='?' (DbType = Int32), @p41='?' (Size = 4000), @p42='?' (Size = 4000), @p43='?' (DbType = Int32), @p44='?' (DbType = DateTime2), @p45='?' (DbType = Double), @p46='?' (DbType = Double), @p47='?' (DbType = Double), @p48='?' (Size = 4000), @p59='?' (DbType = Int32), @p50='?' (DbType = Int32), @p51='?' (Size = 4000), @p52='?' (Size = 4000), @p53='?' (DbType = Int32), @p54='?' (DbType = DateTime2), @p55='?' (DbType = Double), @p56='?' (DbType = Double), @p57='?' (DbType = Double), @p58='?' (Size = 4000), @p69='?' (DbType = Int32), @p60='?' (DbType = Int32), @p61='?' (Size = 4000), @p62='?' (Size = 4000), @p63='?' (DbType = Int32), @p64='?' (DbType = DateTime2), @p65='?' (DbType = Double), @p66='?' (DbType = Double), @p67='?' (DbType = Double), @p68='?' (Size = 4000), @p79='?' (DbType = Int32), @p70='?' (DbType = Int32), @p71='?' (Size = 4000), @p72='?' (Size = 4000), @p73='?' (DbType = Int32), @p74='?' (DbType = DateTime2), @p75='?' (DbType = Double), @p76='?' (DbType = Double), @p77='?' (DbType = Double), @p78='?' (Size = 4000), @p89='?' (DbType = Int32), @p80='?' (DbType = Int32), @p81='?' (Size = 4000), @p82='?' (Size = 4000), @p83='?' (DbType = Int32), @p84='?' (DbType = DateTime2), @p85='?' (DbType = Double), @p86='?' (DbType = Double), @p87='?' (DbType = Double), @p88='?' (Size = 4000), @p99='?' (DbType = Int32), @p90='?' (DbType = Int32), @p91='?' (Size = 4000), @p92='?' (Size = 4000), @p93='?' (DbType = Int32), @p94='?' (DbType = DateTime2), @p95='?' (DbType = Double), @p96='?' (DbType = Double), @p97='?' (DbType = Double), @p98='?' (Size = 4000), @p109='?' (DbType = Int32), @p100='?' (DbType = Int32), @p101='?' (Size = 4000), @p102='?' (Size = 4000), @p103='?' (DbType = Int32), @p104='?' (DbType = DateTime2), @p105='?' (DbType = Double), @p106='?' (DbType = Double), @p107='?' (DbType = Double), @p108='?' (Size = 4000), @p119='?' (DbType = Int32), @p110='?' (DbType = Int32), @p111='?' (Size = 4000), @p112='?' (Size = 4000), @p113='?' (DbType = Int32), @p114='?' (DbType = DateTime2), @p115='?' (DbType = Double), @p116='?' (DbType = Double), @p117='?' (DbType = Double), @p118='?' (Size = 4000), @p129='?' (DbType = Int32), @p120='?' (DbType = Int32), @p121='?' (Size = 4000), @p122='?' (Size = 4000), @p123='?' (DbType = Int32), @p124='?' (DbType = DateTime2), @p125='?' (DbType = Double), @p126='?' (DbType = Double), @p127='?' (DbType = Double), @p128='?' (Size = 4000), @p139='?' (DbType = Int32), @p130='?' (DbType = Int32), @p131='?' (Size = 4000), @p132='?' (Size = 4000), @p133='?' (DbType = Int32), @p134='?' (DbType = DateTime2), @p135='?' (DbType = Double), @p136='?' (DbType = Double), @p137='?' (DbType = Double), @p138='?' (Size = 4000), @p149='?' (DbType = Int32), @p140='?' (DbType = Int32), @p141='?' (Size = 4000), @p142='?' (Size = 4000), @p143='?' (DbType = Int32), @p144='?' (DbType = DateTime2), @p145='?' (DbType = Double), @p146='?' (DbType = Double), @p147='?' (DbType = Double), @p148='?' (Size = 4000), @p159='?' (DbType = Int32), @p150='?' (DbType = Int32), @p151='?' (Size = 4000), @p152='?' (Size = 4000), @p153='?' (DbType = Int32), @p154='?' (DbType = DateTime2), @p155='?' (DbType = Double), @p156='?' (DbType = Double), @p157='?' (DbType = Double), @p158='?' (Size = 4000), @p169='?' (DbType = Int32), @p160='?' (DbType = Int32), @p161='?' (Size = 4000), @p162='?' (Size = 4000), @p163='?' (DbType = Int32), @p164='?' (DbType = DateTime2), @p165='?' (DbType = Double), @p166='?' (DbType = Double), @p167='?' (DbType = Double), @p168='?' (Size = 4000)], CommandType='Text', CommandTimeout='120']
      SET NOCOUNT ON;
      UPDATE [TblDispatches] SET [BillID] = @p0, [ChallanNo] = @p1, [Destination] = @p2, [DisVid] = @p3, [DispatchDate] = @p4, [DispatchQuantity] = @p5, [FinalPrice] = @p6, [UnitPrice] = @p7, [VehicleNo] = @p8
      WHERE [DispId] = @p9;
      SELECT @@ROWCOUNT;
      
      UPDATE [TblDispatches] SET [BillID] = @p10, [ChallanNo] = @p11, [Destination] = @p12, [DisVid] = @p13, [DispatchDate] = @p14, [DispatchQuantity] = @p15, [FinalPrice] = @p16, [UnitPrice] = @p17, [VehicleNo] = @p18
      WHERE [DispId] = @p19;
      SELECT @@ROWCOUNT;
      
      UPDATE [TblDispatches] SET [BillID] = @p20, [ChallanNo] = @p21, [Destination] = @p22, [DisVid] = @p23, [DispatchDate] = @p24, [DispatchQuantity] = @p25, [FinalPrice] = @p26, [UnitPrice] = @p27, [VehicleNo] = @p28
      WHERE [DispId] = @p29;
      SELECT @@ROWCOUNT;
      
      UPDATE [TblDispatches] SET [BillID] = @p30, [ChallanNo] = @p31, [Destination] = @p32, [DisVid] = @p33, [DispatchDate] = @p34, [DispatchQuantity] = @p35, [FinalPrice] = @p36, [UnitPrice] = @p37, [VehicleNo] = @p38
      WHERE [DispId] = @p39;
      SELECT @@ROWCOUNT;
      
      UPDATE [TblDispatches] SET [BillID] = @p40, [ChallanNo] = @p41, [Destination] = @p42, [DisVid] = @p43, [DispatchDate] = @p44, [DispatchQuantity] = @p45, [FinalPrice] = @p46, [UnitPrice] = @p47, [VehicleNo] = @p48
      WHERE [DispId] = @p49;
      SELECT @@ROWCOUNT;
      
      UPDATE [TblDispatches] SET [BillID] = @p50, [ChallanNo] = @p51, [Destination] = @p52, [DisVid] = @p53, [DispatchDate] = @p54, [DispatchQuantity] = @p55, [FinalPrice] = @p56, [UnitPrice] = @p57, [VehicleNo] = @p58
      WHERE [DispId] = @p59;
      SELECT @@ROWCOUNT;
      
      UPDATE [TblDispatches] SET [BillID] = @p60, [ChallanNo] = @p61, [Destination] = @p62, [DisVid] = @p63, [DispatchDate] = @p64, [DispatchQuantity] = @p65, [FinalPrice] = @p66, [UnitPrice] = @p67, [VehicleNo] = @p68
      WHERE [DispId] = @p69;
      SELECT @@ROWCOUNT;
      
      UPDATE [TblDispatches] SET [BillID] = @p70, [ChallanNo] = @p71, [Destination] = @p72, [DisVid] = @p73, [DispatchDate] = @p74, [DispatchQuantity] = @p75, [FinalPrice] = @p76, [UnitPrice] = @p77, [VehicleNo] = @p78
      WHERE [DispId] = @p79;
      SELECT @@ROWCOUNT;
      
      UPDATE [TblDispatches] SET [BillID] = @p80, [ChallanNo] = @p81, [Destination] = @p82, [DisVid] = @p83, [DispatchDate] = @p84, [DispatchQuantity] = @p85, [FinalPrice] = @p86, [UnitPrice] = @p87, [VehicleNo] = @p88
      WHERE [DispId] = @p89;
      SELECT @@ROWCOUNT;
      
      UPDATE [TblDispatches] SET [BillID] = @p90, [ChallanNo] = @p91, [Destination] = @p92, [DisVid] = @p93, [DispatchDate] = @p94, [DispatchQuantity] = @p95, [FinalPrice] = @p96, [UnitPrice] = @p97, [VehicleNo] = @p98
      WHERE [DispId] = @p99;
      SELECT @@ROWCOUNT;
      
      UPDATE [TblDispatches] SET [BillID] = @p100, [ChallanNo] = @p101, [Destination] = @p102, [DisVid] = @p103, [DispatchDate] = @p104, [DispatchQuantity] = @p105, [FinalPrice] = @p106, [UnitPrice] = @p107, [VehicleNo] = @p108
      WHERE [DispId] = @p109;
      SELECT @@ROWCOUNT;
      
      UPDATE [TblDispatches] SET [BillID] = @p110, [ChallanNo] = @p111, [Destination] = @p112, [DisVid] = @p113, [DispatchDate] = @p114, [DispatchQuantity] = @p115, [FinalPrice] = @p116, [UnitPrice] = @p117, [VehicleNo] = @p118
      WHERE [DispId] = @p119;
      SELECT @@ROWCOUNT;
      
      UPDATE [TblDispatches] SET [BillID] = @p120, [ChallanNo] = @p121, [Destination] = @p122, [DisVid] = @p123, [DispatchDate] = @p124, [DispatchQuantity] = @p125, [FinalPrice] = @p126, [UnitPrice] = @p127, [VehicleNo] = @p128
      WHERE [DispId] = @p129;
      SELECT @@ROWCOUNT;
      
      UPDATE [TblDispatches] SET [BillID] = @p130, [ChallanNo] = @p131, [Destination] = @p132, [DisVid] = @p133, [DispatchDate] = @p134, [DispatchQuantity] = @p135, [FinalPrice] = @p136, [UnitPrice] = @p137, [VehicleNo] = @p138
      WHERE [DispId] = @p139;
      SELECT @@ROWCOUNT;
      
      UPDATE [TblDispatches] SET [BillID] = @p140, [ChallanNo] = @p141, [Destination] = @p142, [DisVid] = @p143, [DispatchDate] = @p144, [DispatchQuantity] = @p145, [FinalPrice] = @p146, [UnitPrice] = @p147, [VehicleNo] = @p148
      WHERE [DispId] = @p149;
      SELECT @@ROWCOUNT;
      
      UPDATE [TblDispatches] SET [BillID] = @p150, [ChallanNo] = @p151, [Destination] = @p152, [DisVid] = @p153, [DispatchDate] = @p154, [DispatchQuantity] = @p155, [FinalPrice] = @p156, [UnitPrice] = @p157, [VehicleNo] = @p158
      WHERE [DispId] = @p159;
      SELECT @@ROWCOUNT;
      
      UPDATE [TblDispatches] SET [BillID] = @p160, [ChallanNo] = @p161, [Destination] = @p162, [DisVid] = @p163, [DispatchDate] = @p164, [DispatchQuantity] = @p165, [FinalPrice] = @p166, [UnitPrice] = @p167, [VehicleNo] = @p168
      WHERE [DispId] = @p169;
      SELECT @@ROWCOUNT;
info: Microsoft.EntityFrameworkCore.Infrastructure[10403]
      Entity Framework Core 6.0.21 initialized 'TransportMgmtContext' using provider 'Microsoft.EntityFrameworkCore.SqlServer:6.0.21' with options: CommandTimeout=120 
info: Microsoft.EntityFrameworkCore.Database.Command[20101]
      Executed DbCommand (2ms) [Parameters=[], CommandType='Text', CommandTimeout='120']
      SELECT [t].[FID], [t].[Address], [t].[Code], [t].[CreatedBy], [t].[CreatedOn], [t].[FactoryName], [t].[Gstin], [t].[IsActive], [t].[ModifiedBy], [t].[ModifiedOn]
      FROM [TblFactories] AS [t]
info: Microsoft.EntityFrameworkCore.Database.Command[20101]
      Executed DbCommand (0ms) [Parameters=[], CommandType='Text', CommandTimeout='120']
      SELECT [t].[FID], [t].[Address], [t].[Code], [t].[CreatedBy], [t].[CreatedOn], [t].[FactoryName], [t].[Gstin], [t].[IsActive], [t].[ModifiedBy], [t].[ModifiedOn]
      FROM [TblFactories] AS [t]
info: Microsoft.EntityFrameworkCore.Database.Command[20101]
      Executed DbCommand (1ms) [Parameters=[], CommandType='Text', CommandTimeout='120']
      SELECT [t].[DispId], [t].[BillID], [t].[ChallanNo], [t].[Destination], [t].[DisVid], [t].[DispatchDate], [t].[DispatchQuantity], [t].[FinalPrice], [t].[UnitPrice], [t].[VehicleNo]
      FROM [TblDispatches] AS [t]
info: Microsoft.EntityFrameworkCore.Infrastructure[10403]
      Entity Framework Core 6.0.21 initialized 'TransportMgmtContext' using provider 'Microsoft.EntityFrameworkCore.SqlServer:6.0.21' with options: CommandTimeout=120 
info: Microsoft.EntityFrameworkCore.Database.Command[20101]
      Executed DbCommand (3ms) [Parameters=[@__dispatchId_0='?' (Size = 4000)], CommandType='Text', CommandTimeout='120']
      SELECT TOP(1) [t].[DispId], [t].[BillID], [t].[ChallanNo], [t].[Destination], [t].[DisVid], [t].[DispatchDate], [t].[DispatchQuantity], [t].[FinalPrice], [t].[UnitPrice], [t].[VehicleNo]
      FROM [TblDispatches] AS [t]
      WHERE [t].[ChallanNo] = @__dispatchId_0
info: Microsoft.EntityFrameworkCore.Database.Command[20101]
      Executed DbCommand (4ms) [Parameters=[@__dispatchId_0='?' (Size = 4000)], CommandType='Text', CommandTimeout='120']
      SELECT TOP(1) [t].[DispId], [t].[BillID], [t].[ChallanNo], [t].[Destination], [t].[DisVid], [t].[DispatchDate], [t].[DispatchQuantity], [t].[FinalPrice], [t].[UnitPrice], [t].[VehicleNo]
      FROM [TblDispatches] AS [t]
      WHERE [t].[ChallanNo] = @__dispatchId_0
info: Microsoft.EntityFrameworkCore.Database.Command[20101]
      Executed DbCommand (1ms) [Parameters=[@__billNumber_0='?' (Size = 4000)], CommandType='Text', CommandTimeout='120']
      SELECT TOP(1) [b].[BillID], [b].[ActualAmount], [b].[BillDate], [b].[BillNum], [b].[BillType], [b].[FID], [b].[Gst], [b].[GstDate], [b].[PId], [b].[PaymentReceived], [b].[PaymentTablePId], [b].[Tds]
      FROM [BillTables] AS [b]
      WHERE [b].[BillNum] = @__billNumber_0
info: Microsoft.EntityFrameworkCore.Database.Command[20101]
      Executed DbCommand (4ms) [Parameters=[@p0='?' (DbType = Double), @p1='?' (DbType = DateTime2), @p2='?' (Size = 4000), @p3='?' (Size = 4000), @p4='?' (DbType = Int32), @p5='?' (DbType = Double), @p6='?' (DbType = DateTime2), @p7='?' (DbType = Int32), @p8='?' (DbType = Double), @p9='?' (DbType = Int32), @p10='?' (DbType = Double)], CommandType='Text', CommandTimeout='120']
      SET NOCOUNT ON;
      INSERT INTO [BillTables] ([ActualAmount], [BillDate], [BillNum], [BillType], [FID], [Gst], [GstDate], [PId], [PaymentReceived], [PaymentTablePId], [Tds])
      VALUES (@p0, @p1, @p2, @p3, @p4, @p5, @p6, @p7, @p8, @p9, @p10);
      SELECT [BillID]
      FROM [BillTables]
      WHERE @@ROWCOUNT = 1 AND [BillID] = scope_identity();
info: Microsoft.EntityFrameworkCore.Database.Command[20101]
      Executed DbCommand (3ms) [Parameters=[@p2='?' (DbType = Int32), @p0='?' (DbType = Double), @p1='?' (DbType = Double)], CommandType='Text', CommandTimeout='120']
      SET NOCOUNT ON;
      UPDATE [TblDispatches] SET [FinalPrice] = @p0, [UnitPrice] = @p1
      WHERE [DispId] = @p2;
      SELECT @@ROWCOUNT;
info: Microsoft.EntityFrameworkCore.Database.Command[20101]
      Executed DbCommand (4ms) [Parameters=[@__dispatchId_0='?' (Size = 4000)], CommandType='Text', CommandTimeout='120']
      SELECT TOP(1) [t].[DispId], [t].[BillID], [t].[ChallanNo], [t].[Destination], [t].[DisVid], [t].[DispatchDate], [t].[DispatchQuantity], [t].[FinalPrice], [t].[UnitPrice], [t].[VehicleNo]
      FROM [TblDispatches] AS [t]
      WHERE [t].[ChallanNo] = @__dispatchId_0
info: Microsoft.EntityFrameworkCore.Database.Command[20101]
      Executed DbCommand (4ms) [Parameters=[@__dispatchId_0='?' (Size = 4000)], CommandType='Text', CommandTimeout='120']
      SELECT TOP(1) [t].[DispId], [t].[BillID], [t].[ChallanNo], [t].[Destination], [t].[DisVid], [t].[DispatchDate], [t].[DispatchQuantity], [t].[FinalPrice], [t].[UnitPrice], [t].[VehicleNo]
      FROM [TblDispatches] AS [t]
      WHERE [t].[ChallanNo] = @__dispatchId_0
info: Microsoft.EntityFrameworkCore.Database.Command[20101]
      Executed DbCommand (3ms) [Parameters=[@__dispatchId_0='?' (Size = 4000)], CommandType='Text', CommandTimeout='120']
      SELECT TOP(1) [t].[DispId], [t].[BillID], [t].[ChallanNo], [t].[Destination], [t].[DisVid], [t].[DispatchDate], [t].[DispatchQuantity], [t].[FinalPrice], [t].[UnitPrice], [t].[VehicleNo]
      FROM [TblDispatches] AS [t]
      WHERE [t].[ChallanNo] = @__dispatchId_0
info: Microsoft.EntityFrameworkCore.Database.Command[20101]
      Executed DbCommand (5ms) [Parameters=[@__dispatchId_0='?' (Size = 4000)], CommandType='Text', CommandTimeout='120']
      SELECT TOP(1) [t].[DispId], [t].[BillID], [t].[ChallanNo], [t].[Destination], [t].[DisVid], [t].[DispatchDate], [t].[DispatchQuantity], [t].[FinalPrice], [t].[UnitPrice], [t].[VehicleNo]
      FROM [TblDispatches] AS [t]
      WHERE [t].[ChallanNo] = @__dispatchId_0
info: Microsoft.EntityFrameworkCore.Database.Command[20101]
      Executed DbCommand (3ms) [Parameters=[@__dispatchId_0='?' (Size = 4000)], CommandType='Text', CommandTimeout='120']
      SELECT TOP(1) [t].[DispId], [t].[BillID], [t].[ChallanNo], [t].[Destination], [t].[DisVid], [t].[DispatchDate], [t].[DispatchQuantity], [t].[FinalPrice], [t].[UnitPrice], [t].[VehicleNo]
      FROM [TblDispatches] AS [t]
      WHERE [t].[ChallanNo] = @__dispatchId_0
info: Microsoft.EntityFrameworkCore.Database.Command[20101]
      Executed DbCommand (3ms) [Parameters=[@__dispatchId_0='?' (Size = 4000)], CommandType='Text', CommandTimeout='120']
      SELECT TOP(1) [t].[DispId], [t].[BillID], [t].[ChallanNo], [t].[Destination], [t].[DisVid], [t].[DispatchDate], [t].[DispatchQuantity], [t].[FinalPrice], [t].[UnitPrice], [t].[VehicleNo]
      FROM [TblDispatches] AS [t]
      WHERE [t].[ChallanNo] = @__dispatchId_0
info: Microsoft.EntityFrameworkCore.Database.Command[20101]
      Executed DbCommand (3ms) [Parameters=[@__dispatchId_0='?' (Size = 4000)], CommandType='Text', CommandTimeout='120']
      SELECT TOP(1) [t].[DispId], [t].[BillID], [t].[ChallanNo], [t].[Destination], [t].[DisVid], [t].[DispatchDate], [t].[DispatchQuantity], [t].[FinalPrice], [t].[UnitPrice], [t].[VehicleNo]
      FROM [TblDispatches] AS [t]
      WHERE [t].[ChallanNo] = @__dispatchId_0
info: Microsoft.EntityFrameworkCore.Database.Command[20101]
      Executed DbCommand (4ms) [Parameters=[@__dispatchId_0='?' (Size = 4000)], CommandType='Text', CommandTimeout='120']
      SELECT TOP(1) [t].[DispId], [t].[BillID], [t].[ChallanNo], [t].[Destination], [t].[DisVid], [t].[DispatchDate], [t].[DispatchQuantity], [t].[FinalPrice], [t].[UnitPrice], [t].[VehicleNo]
      FROM [TblDispatches] AS [t]
      WHERE [t].[ChallanNo] = @__dispatchId_0
info: Microsoft.EntityFrameworkCore.Database.Command[20101]
      Executed DbCommand (4ms) [Parameters=[@__dispatchId_0='?' (Size = 4000)], CommandType='Text', CommandTimeout='120']
      SELECT TOP(1) [t].[DispId], [t].[BillID], [t].[ChallanNo], [t].[Destination], [t].[DisVid], [t].[DispatchDate], [t].[DispatchQuantity], [t].[FinalPrice], [t].[UnitPrice], [t].[VehicleNo]
      FROM [TblDispatches] AS [t]
      WHERE [t].[ChallanNo] = @__dispatchId_0
info: Microsoft.EntityFrameworkCore.Database.Command[20101]
      Executed DbCommand (3ms) [Parameters=[@__dispatchId_0='?' (Size = 4000)], CommandType='Text', CommandTimeout='120']
      SELECT TOP(1) [t].[DispId], [t].[BillID], [t].[ChallanNo], [t].[Destination], [t].[DisVid], [t].[DispatchDate], [t].[DispatchQuantity], [t].[FinalPrice], [t].[UnitPrice], [t].[VehicleNo]
      FROM [TblDispatches] AS [t]
      WHERE [t].[ChallanNo] = @__dispatchId_0
info: Microsoft.EntityFrameworkCore.Database.Command[20101]
      Executed DbCommand (4ms) [Parameters=[@__dispatchId_0='?' (Size = 4000)], CommandType='Text', CommandTimeout='120']
      SELECT TOP(1) [t].[DispId], [t].[BillID], [t].[ChallanNo], [t].[Destination], [t].[DisVid], [t].[DispatchDate], [t].[DispatchQuantity], [t].[FinalPrice], [t].[UnitPrice], [t].[VehicleNo]
      FROM [TblDispatches] AS [t]
      WHERE [t].[ChallanNo] = @__dispatchId_0
info: Microsoft.EntityFrameworkCore.Database.Command[20101]
      Executed DbCommand (3ms) [Parameters=[@__dispatchId_0='?' (Size = 4000)], CommandType='Text', CommandTimeout='120']
      SELECT TOP(1) [t].[DispId], [t].[BillID], [t].[ChallanNo], [t].[Destination], [t].[DisVid], [t].[DispatchDate], [t].[DispatchQuantity], [t].[FinalPrice], [t].[UnitPrice], [t].[VehicleNo]
      FROM [TblDispatches] AS [t]
      WHERE [t].[ChallanNo] = @__dispatchId_0
info: Microsoft.EntityFrameworkCore.Database.Command[20101]
      Executed DbCommand (3ms) [Parameters=[@__dispatchId_0='?' (Size = 4000)], CommandType='Text', CommandTimeout='120']
      SELECT TOP(1) [t].[DispId], [t].[BillID], [t].[ChallanNo], [t].[Destination], [t].[DisVid], [t].[DispatchDate], [t].[DispatchQuantity], [t].[FinalPrice], [t].[UnitPrice], [t].[VehicleNo]
      FROM [TblDispatches] AS [t]
      WHERE [t].[ChallanNo] = @__dispatchId_0
info: Microsoft.EntityFrameworkCore.Database.Command[20101]
      Executed DbCommand (5ms) [Parameters=[@__dispatchId_0='?' (Size = 4000)], CommandType='Text', CommandTimeout='120']
      SELECT TOP(1) [t].[DispId], [t].[BillID], [t].[ChallanNo], [t].[Destination], [t].[DisVid], [t].[DispatchDate], [t].[DispatchQuantity], [t].[FinalPrice], [t].[UnitPrice], [t].[VehicleNo]
      FROM [TblDispatches] AS [t]
      WHERE [t].[ChallanNo] = @__dispatchId_0
info: Microsoft.EntityFrameworkCore.Database.Command[20101]
      Executed DbCommand (5ms) [Parameters=[@__dispatchId_0='?' (Size = 4000)], CommandType='Text', CommandTimeout='120']
      SELECT TOP(1) [t].[DispId], [t].[BillID], [t].[ChallanNo], [t].[Destination], [t].[DisVid], [t].[DispatchDate], [t].[DispatchQuantity], [t].[FinalPrice], [t].[UnitPrice], [t].[VehicleNo]
      FROM [TblDispatches] AS [t]
      WHERE [t].[ChallanNo] = @__dispatchId_0
info: Microsoft.EntityFrameworkCore.Database.Command[20101]
      Executed DbCommand (5ms) [Parameters=[@__dispatchId_0='?' (Size = 4000)], CommandType='Text', CommandTimeout='120']
      SELECT TOP(1) [t].[DispId], [t].[BillID], [t].[ChallanNo], [t].[Destination], [t].[DisVid], [t].[DispatchDate], [t].[DispatchQuantity], [t].[FinalPrice], [t].[UnitPrice], [t].[VehicleNo]
      FROM [TblDispatches] AS [t]
      WHERE [t].[ChallanNo] = @__dispatchId_0
info: Microsoft.EntityFrameworkCore.Database.Command[20101]
      Executed DbCommand (5ms) [Parameters=[@__dispatchId_0='?' (Size = 4000)], CommandType='Text', CommandTimeout='120']
      SELECT TOP(1) [t].[DispId], [t].[BillID], [t].[ChallanNo], [t].[Destination], [t].[DisVid], [t].[DispatchDate], [t].[DispatchQuantity], [t].[FinalPrice], [t].[UnitPrice], [t].[VehicleNo]
      FROM [TblDispatches] AS [t]
      WHERE [t].[ChallanNo] = @__dispatchId_0
info: Microsoft.EntityFrameworkCore.Database.Command[20101]
      Executed DbCommand (5ms) [Parameters=[@__dispatchId_0='?' (Size = 4000)], CommandType='Text', CommandTimeout='120']
      SELECT TOP(1) [t].[DispId], [t].[BillID], [t].[ChallanNo], [t].[Destination], [t].[DisVid], [t].[DispatchDate], [t].[DispatchQuantity], [t].[FinalPrice], [t].[UnitPrice], [t].[VehicleNo]
      FROM [TblDispatches] AS [t]
      WHERE [t].[ChallanNo] = @__dispatchId_0
info: Microsoft.EntityFrameworkCore.Database.Command[20101]
      Executed DbCommand (6ms) [Parameters=[@__dispatchId_0='?' (Size = 4000)], CommandType='Text', CommandTimeout='120']
      SELECT TOP(1) [t].[DispId], [t].[BillID], [t].[ChallanNo], [t].[Destination], [t].[DisVid], [t].[DispatchDate], [t].[DispatchQuantity], [t].[FinalPrice], [t].[UnitPrice], [t].[VehicleNo]
      FROM [TblDispatches] AS [t]
      WHERE [t].[ChallanNo] = @__dispatchId_0
info: Microsoft.EntityFrameworkCore.Database.Command[20101]
      Executed DbCommand (4ms) [Parameters=[@__dispatchId_0='?' (Size = 4000)], CommandType='Text', CommandTimeout='120']
      SELECT TOP(1) [t].[DispId], [t].[BillID], [t].[ChallanNo], [t].[Destination], [t].[DisVid], [t].[DispatchDate], [t].[DispatchQuantity], [t].[FinalPrice], [t].[UnitPrice], [t].[VehicleNo]
      FROM [TblDispatches] AS [t]
      WHERE [t].[ChallanNo] = @__dispatchId_0
info: Microsoft.EntityFrameworkCore.Database.Command[20101]
      Executed DbCommand (3ms) [Parameters=[@__dispatchId_0='?' (Size = 4000)], CommandType='Text', CommandTimeout='120']
      SELECT TOP(1) [t].[DispId], [t].[BillID], [t].[ChallanNo], [t].[Destination], [t].[DisVid], [t].[DispatchDate], [t].[DispatchQuantity], [t].[FinalPrice], [t].[UnitPrice], [t].[VehicleNo]
      FROM [TblDispatches] AS [t]
      WHERE [t].[ChallanNo] = @__dispatchId_0
info: Microsoft.EntityFrameworkCore.Database.Command[20101]
      Executed DbCommand (5ms) [Parameters=[@__dispatchId_0='?' (Size = 4000)], CommandType='Text', CommandTimeout='120']
      SELECT TOP(1) [t].[DispId], [t].[BillID], [t].[ChallanNo], [t].[Destination], [t].[DisVid], [t].[DispatchDate], [t].[DispatchQuantity], [t].[FinalPrice], [t].[UnitPrice], [t].[VehicleNo]
      FROM [TblDispatches] AS [t]
      WHERE [t].[ChallanNo] = @__dispatchId_0
info: Microsoft.EntityFrameworkCore.Database.Command[20101]
      Executed DbCommand (3ms) [Parameters=[@__dispatchId_0='?' (Size = 4000)], CommandType='Text', CommandTimeout='120']
      SELECT TOP(1) [t].[DispId], [t].[BillID], [t].[ChallanNo], [t].[Destination], [t].[DisVid], [t].[DispatchDate], [t].[DispatchQuantity], [t].[FinalPrice], [t].[UnitPrice], [t].[VehicleNo]
      FROM [TblDispatches] AS [t]
      WHERE [t].[ChallanNo] = @__dispatchId_0
info: Microsoft.EntityFrameworkCore.Database.Command[20101]
      Executed DbCommand (8ms) [Parameters=[@__dispatchId_0='?' (Size = 4000)], CommandType='Text', CommandTimeout='120']
      SELECT TOP(1) [t].[DispId], [t].[BillID], [t].[ChallanNo], [t].[Destination], [t].[DisVid], [t].[DispatchDate], [t].[DispatchQuantity], [t].[FinalPrice], [t].[UnitPrice], [t].[VehicleNo]
      FROM [TblDispatches] AS [t]
      WHERE [t].[ChallanNo] = @__dispatchId_0
info: Microsoft.EntityFrameworkCore.Database.Command[20101]
      Executed DbCommand (5ms) [Parameters=[@__dispatchId_0='?' (Size = 4000)], CommandType='Text', CommandTimeout='120']
      SELECT TOP(1) [t].[DispId], [t].[BillID], [t].[ChallanNo], [t].[Destination], [t].[DisVid], [t].[DispatchDate], [t].[DispatchQuantity], [t].[FinalPrice], [t].[UnitPrice], [t].[VehicleNo]
      FROM [TblDispatches] AS [t]
      WHERE [t].[ChallanNo] = @__dispatchId_0
info: Microsoft.EntityFrameworkCore.Database.Command[20101]
      Executed DbCommand (4ms) [Parameters=[@__dispatchId_0='?' (Size = 4000)], CommandType='Text', CommandTimeout='120']
      SELECT TOP(1) [t].[DispId], [t].[BillID], [t].[ChallanNo], [t].[Destination], [t].[DisVid], [t].[DispatchDate], [t].[DispatchQuantity], [t].[FinalPrice], [t].[UnitPrice], [t].[VehicleNo]
      FROM [TblDispatches] AS [t]
      WHERE [t].[ChallanNo] = @__dispatchId_0
info: Microsoft.EntityFrameworkCore.Database.Command[20101]
      Executed DbCommand (4ms) [Parameters=[@__dispatchId_0='?' (Size = 4000)], CommandType='Text', CommandTimeout='120']
      SELECT TOP(1) [t].[DispId], [t].[BillID], [t].[ChallanNo], [t].[Destination], [t].[DisVid], [t].[DispatchDate], [t].[DispatchQuantity], [t].[FinalPrice], [t].[UnitPrice], [t].[VehicleNo]
      FROM [TblDispatches] AS [t]
      WHERE [t].[ChallanNo] = @__dispatchId_0
info: Microsoft.EntityFrameworkCore.Database.Command[20101]
      Executed DbCommand (7ms) [Parameters=[@__dispatchId_0='?' (Size = 4000)], CommandType='Text', CommandTimeout='120']
      SELECT TOP(1) [t].[DispId], [t].[BillID], [t].[ChallanNo], [t].[Destination], [t].[DisVid], [t].[DispatchDate], [t].[DispatchQuantity], [t].[FinalPrice], [t].[UnitPrice], [t].[VehicleNo]
      FROM [TblDispatches] AS [t]
      WHERE [t].[ChallanNo] = @__dispatchId_0
info: Microsoft.EntityFrameworkCore.Database.Command[20101]
      Executed DbCommand (4ms) [Parameters=[@__dispatchId_0='?' (Size = 4000)], CommandType='Text', CommandTimeout='120']
      SELECT TOP(1) [t].[DispId], [t].[BillID], [t].[ChallanNo], [t].[Destination], [t].[DisVid], [t].[DispatchDate], [t].[DispatchQuantity], [t].[FinalPrice], [t].[UnitPrice], [t].[VehicleNo]
      FROM [TblDispatches] AS [t]
      WHERE [t].[ChallanNo] = @__dispatchId_0
info: Microsoft.EntityFrameworkCore.Database.Command[20101]
      Executed DbCommand (5ms) [Parameters=[@__dispatchId_0='?' (Size = 4000)], CommandType='Text', CommandTimeout='120']
      SELECT TOP(1) [t].[DispId], [t].[BillID], [t].[ChallanNo], [t].[Destination], [t].[DisVid], [t].[DispatchDate], [t].[DispatchQuantity], [t].[FinalPrice], [t].[UnitPrice], [t].[VehicleNo]
      FROM [TblDispatches] AS [t]
      WHERE [t].[ChallanNo] = @__dispatchId_0
info: Microsoft.EntityFrameworkCore.Database.Command[20101]
      Executed DbCommand (4ms) [Parameters=[@__dispatchId_0='?' (Size = 4000)], CommandType='Text', CommandTimeout='120']
      SELECT TOP(1) [t].[DispId], [t].[BillID], [t].[ChallanNo], [t].[Destination], [t].[DisVid], [t].[DispatchDate], [t].[DispatchQuantity], [t].[FinalPrice], [t].[UnitPrice], [t].[VehicleNo]
      FROM [TblDispatches] AS [t]
      WHERE [t].[ChallanNo] = @__dispatchId_0
info: Microsoft.EntityFrameworkCore.Database.Command[20101]
      Executed DbCommand (6ms) [Parameters=[@__dispatchId_0='?' (Size = 4000)], CommandType='Text', CommandTimeout='120']
      SELECT TOP(1) [t].[DispId], [t].[BillID], [t].[ChallanNo], [t].[Destination], [t].[DisVid], [t].[DispatchDate], [t].[DispatchQuantity], [t].[FinalPrice], [t].[UnitPrice], [t].[VehicleNo]
      FROM [TblDispatches] AS [t]
      WHERE [t].[ChallanNo] = @__dispatchId_0
info: Microsoft.EntityFrameworkCore.Database.Command[20101]
      Executed DbCommand (4ms) [Parameters=[@__dispatchId_0='?' (Size = 4000)], CommandType='Text', CommandTimeout='120']
      SELECT TOP(1) [t].[DispId], [t].[BillID], [t].[ChallanNo], [t].[Destination], [t].[DisVid], [t].[DispatchDate], [t].[DispatchQuantity], [t].[FinalPrice], [t].[UnitPrice], [t].[VehicleNo]
      FROM [TblDispatches] AS [t]
      WHERE [t].[ChallanNo] = @__dispatchId_0
info: Microsoft.EntityFrameworkCore.Database.Command[20101]
      Executed DbCommand (5ms) [Parameters=[@__dispatchId_0='?' (Size = 4000)], CommandType='Text', CommandTimeout='120']
      SELECT TOP(1) [t].[DispId], [t].[BillID], [t].[ChallanNo], [t].[Destination], [t].[DisVid], [t].[DispatchDate], [t].[DispatchQuantity], [t].[FinalPrice], [t].[UnitPrice], [t].[VehicleNo]
      FROM [TblDispatches] AS [t]
      WHERE [t].[ChallanNo] = @__dispatchId_0
info: Microsoft.EntityFrameworkCore.Database.Command[20101]
      Executed DbCommand (22ms) [Parameters=[@p9='?' (DbType = Int32), @p0='?' (DbType = Int32), @p1='?' (Size = 4000), @p2='?' (Size = 4000), @p3='?' (DbType = Int32), @p4='?' (DbType = DateTime2), @p5='?' (DbType = Double), @p6='?' (DbType = Double), @p7='?' (DbType = Double), @p8='?' (Size = 4000), @p19='?' (DbType = Int32), @p10='?' (DbType = Int32), @p11='?' (Size = 4000), @p12='?' (Size = 4000), @p13='?' (DbType = Int32), @p14='?' (DbType = DateTime2), @p15='?' (DbType = Double), @p16='?' (DbType = Double), @p17='?' (DbType = Double), @p18='?' (Size = 4000), @p29='?' (DbType = Int32), @p20='?' (DbType = Int32), @p21='?' (Size = 4000), @p22='?' (Size = 4000), @p23='?' (DbType = Int32), @p24='?' (DbType = DateTime2), @p25='?' (DbType = Double), @p26='?' (DbType = Double), @p27='?' (DbType = Double), @p28='?' (Size = 4000), @p39='?' (DbType = Int32), @p30='?' (DbType = Int32), @p31='?' (Size = 4000), @p32='?' (Size = 4000), @p33='?' (DbType = Int32), @p34='?' (DbType = DateTime2), @p35='?' (DbType = Double), @p36='?' (DbType = Double), @p37='?' (DbType = Double), @p38='?' (Size = 4000), @p49='?' (DbType = Int32), @p40='?' (DbType = Int32), @p41='?' (Size = 4000), @p42='?' (Size = 4000), @p43='?' (DbType = Int32), @p44='?' (DbType = DateTime2), @p45='?' (DbType = Double), @p46='?' (DbType = Double), @p47='?' (DbType = Double), @p48='?' (Size = 4000), @p59='?' (DbType = Int32), @p50='?' (DbType = Int32), @p51='?' (Size = 4000), @p52='?' (Size = 4000), @p53='?' (DbType = Int32), @p54='?' (DbType = DateTime2), @p55='?' (DbType = Double), @p56='?' (DbType = Double), @p57='?' (DbType = Double), @p58='?' (Size = 4000), @p69='?' (DbType = Int32), @p60='?' (DbType = Int32), @p61='?' (Size = 4000), @p62='?' (Size = 4000), @p63='?' (DbType = Int32), @p64='?' (DbType = DateTime2), @p65='?' (DbType = Double), @p66='?' (DbType = Double), @p67='?' (DbType = Double), @p68='?' (Size = 4000), @p79='?' (DbType = Int32), @p70='?' (DbType = Int32), @p71='?' (Size = 4000), @p72='?' (Size = 4000), @p73='?' (DbType = Int32), @p74='?' (DbType = DateTime2), @p75='?' (DbType = Double), @p76='?' (DbType = Double), @p77='?' (DbType = Double), @p78='?' (Size = 4000), @p89='?' (DbType = Int32), @p80='?' (DbType = Int32), @p81='?' (Size = 4000), @p82='?' (Size = 4000), @p83='?' (DbType = Int32), @p84='?' (DbType = DateTime2), @p85='?' (DbType = Double), @p86='?' (DbType = Double), @p87='?' (DbType = Double), @p88='?' (Size = 4000), @p99='?' (DbType = Int32), @p90='?' (DbType = Int32), @p91='?' (Size = 4000), @p92='?' (Size = 4000), @p93='?' (DbType = Int32), @p94='?' (DbType = DateTime2), @p95='?' (DbType = Double), @p96='?' (DbType = Double), @p97='?' (DbType = Double), @p98='?' (Size = 4000)], CommandType='Text', CommandTimeout='120']
      SET NOCOUNT ON;
      UPDATE [TblDispatches] SET [BillID] = @p0, [ChallanNo] = @p1, [Destination] = @p2, [DisVid] = @p3, [DispatchDate] = @p4, [DispatchQuantity] = @p5, [FinalPrice] = @p6, [UnitPrice] = @p7, [VehicleNo] = @p8
      WHERE [DispId] = @p9;
      SELECT @@ROWCOUNT;
      
      UPDATE [TblDispatches] SET [BillID] = @p10, [ChallanNo] = @p11, [Destination] = @p12, [DisVid] = @p13, [DispatchDate] = @p14, [DispatchQuantity] = @p15, [FinalPrice] = @p16, [UnitPrice] = @p17, [VehicleNo] = @p18
      WHERE [DispId] = @p19;
      SELECT @@ROWCOUNT;
      
      UPDATE [TblDispatches] SET [BillID] = @p20, [ChallanNo] = @p21, [Destination] = @p22, [DisVid] = @p23, [DispatchDate] = @p24, [DispatchQuantity] = @p25, [FinalPrice] = @p26, [UnitPrice] = @p27, [VehicleNo] = @p28
      WHERE [DispId] = @p29;
      SELECT @@ROWCOUNT;
      
      UPDATE [TblDispatches] SET [BillID] = @p30, [ChallanNo] = @p31, [Destination] = @p32, [DisVid] = @p33, [DispatchDate] = @p34, [DispatchQuantity] = @p35, [FinalPrice] = @p36, [UnitPrice] = @p37, [VehicleNo] = @p38
      WHERE [DispId] = @p39;
      SELECT @@ROWCOUNT;
      
      UPDATE [TblDispatches] SET [BillID] = @p40, [ChallanNo] = @p41, [Destination] = @p42, [DisVid] = @p43, [DispatchDate] = @p44, [DispatchQuantity] = @p45, [FinalPrice] = @p46, [UnitPrice] = @p47, [VehicleNo] = @p48
      WHERE [DispId] = @p49;
      SELECT @@ROWCOUNT;
      
      UPDATE [TblDispatches] SET [BillID] = @p50, [ChallanNo] = @p51, [Destination] = @p52, [DisVid] = @p53, [DispatchDate] = @p54, [DispatchQuantity] = @p55, [FinalPrice] = @p56, [UnitPrice] = @p57, [VehicleNo] = @p58
      WHERE [DispId] = @p59;
      SELECT @@ROWCOUNT;
      
      UPDATE [TblDispatches] SET [BillID] = @p60, [ChallanNo] = @p61, [Destination] = @p62, [DisVid] = @p63, [DispatchDate] = @p64, [DispatchQuantity] = @p65, [FinalPrice] = @p66, [UnitPrice] = @p67, [VehicleNo] = @p68
      WHERE [DispId] = @p69;
      SELECT @@ROWCOUNT;
      
      UPDATE [TblDispatches] SET [BillID] = @p70, [ChallanNo] = @p71, [Destination] = @p72, [DisVid] = @p73, [DispatchDate] = @p74, [DispatchQuantity] = @p75, [FinalPrice] = @p76, [UnitPrice] = @p77, [VehicleNo] = @p78
      WHERE [DispId] = @p79;
      SELECT @@ROWCOUNT;
      
      UPDATE [TblDispatches] SET [BillID] = @p80, [ChallanNo] = @p81, [Destination] = @p82, [DisVid] = @p83, [DispatchDate] = @p84, [DispatchQuantity] = @p85, [FinalPrice] = @p86, [UnitPrice] = @p87, [VehicleNo] = @p88
      WHERE [DispId] = @p89;
      SELECT @@ROWCOUNT;
      
      UPDATE [TblDispatches] SET [BillID] = @p90, [ChallanNo] = @p91, [Destination] = @p92, [DisVid] = @p93, [DispatchDate] = @p94, [DispatchQuantity] = @p95, [FinalPrice] = @p96, [UnitPrice] = @p97, [VehicleNo] = @p98
      WHERE [DispId] = @p99;
      SELECT @@ROWCOUNT;
info: Microsoft.EntityFrameworkCore.Infrastructure[10403]
      Entity Framework Core 6.0.21 initialized 'TransportMgmtContext' using provider 'Microsoft.EntityFrameworkCore.SqlServer:6.0.21' with options: CommandTimeout=120 
info: Microsoft.EntityFrameworkCore.Database.Command[20101]
      Executed DbCommand (1ms) [Parameters=[], CommandType='Text', CommandTimeout='120']
      SELECT [t].[FID], [t].[Address], [t].[Code], [t].[CreatedBy], [t].[CreatedOn], [t].[FactoryName], [t].[Gstin], [t].[IsActive], [t].[ModifiedBy], [t].[ModifiedOn]
      FROM [TblFactories] AS [t]
info: Microsoft.EntityFrameworkCore.Database.Command[20101]
      Executed DbCommand (2ms) [Parameters=[], CommandType='Text', CommandTimeout='120']
      SELECT [t].[FID], [t].[Address], [t].[Code], [t].[CreatedBy], [t].[CreatedOn], [t].[FactoryName], [t].[Gstin], [t].[IsActive], [t].[ModifiedBy], [t].[ModifiedOn]
      FROM [TblFactories] AS [t]
info: Microsoft.EntityFrameworkCore.Database.Command[20101]
      Executed DbCommand (2ms) [Parameters=[], CommandType='Text', CommandTimeout='120']
      SELECT [t].[DispId], [t].[BillID], [t].[ChallanNo], [t].[Destination], [t].[DisVid], [t].[DispatchDate], [t].[DispatchQuantity], [t].[FinalPrice], [t].[UnitPrice], [t].[VehicleNo]
      FROM [TblDispatches] AS [t]
info: Microsoft.EntityFrameworkCore.Infrastructure[10403]
      Entity Framework Core 6.0.21 initialized 'TransportMgmtContext' using provider 'Microsoft.EntityFrameworkCore.SqlServer:6.0.21' with options: CommandTimeout=120 
info: Microsoft.EntityFrameworkCore.Database.Command[20101]
      Executed DbCommand (4ms) [Parameters=[@__dispatchId_0='?' (Size = 4000)], CommandType='Text', CommandTimeout='120']
      SELECT TOP(1) [t].[DispId], [t].[BillID], [t].[ChallanNo], [t].[Destination], [t].[DisVid], [t].[DispatchDate], [t].[DispatchQuantity], [t].[FinalPrice], [t].[UnitPrice], [t].[VehicleNo]
      FROM [TblDispatches] AS [t]
      WHERE [t].[ChallanNo] = @__dispatchId_0
info: Microsoft.EntityFrameworkCore.Database.Command[20101]
      Executed DbCommand (5ms) [Parameters=[@__dispatchId_0='?' (Size = 4000)], CommandType='Text', CommandTimeout='120']
      SELECT TOP(1) [t].[DispId], [t].[BillID], [t].[ChallanNo], [t].[Destination], [t].[DisVid], [t].[DispatchDate], [t].[DispatchQuantity], [t].[FinalPrice], [t].[UnitPrice], [t].[VehicleNo]
      FROM [TblDispatches] AS [t]
      WHERE [t].[ChallanNo] = @__dispatchId_0
info: Microsoft.EntityFrameworkCore.Database.Command[20101]
      Executed DbCommand (2ms) [Parameters=[@__billNumber_0='?' (Size = 4000)], CommandType='Text', CommandTimeout='120']
      SELECT TOP(1) [b].[BillID], [b].[ActualAmount], [b].[BillDate], [b].[BillNum], [b].[BillType], [b].[FID], [b].[Gst], [b].[GstDate], [b].[PId], [b].[PaymentReceived], [b].[PaymentTablePId], [b].[Tds]
      FROM [BillTables] AS [b]
      WHERE [b].[BillNum] = @__billNumber_0
info: Microsoft.EntityFrameworkCore.Database.Command[20101]
      Executed DbCommand (6ms) [Parameters=[@p0='?' (DbType = Double), @p1='?' (DbType = DateTime2), @p2='?' (Size = 4000), @p3='?' (Size = 4000), @p4='?' (DbType = Int32), @p5='?' (DbType = Double), @p6='?' (DbType = DateTime2), @p7='?' (DbType = Int32), @p8='?' (DbType = Double), @p9='?' (DbType = Int32), @p10='?' (DbType = Double)], CommandType='Text', CommandTimeout='120']
      SET NOCOUNT ON;
      INSERT INTO [BillTables] ([ActualAmount], [BillDate], [BillNum], [BillType], [FID], [Gst], [GstDate], [PId], [PaymentReceived], [PaymentTablePId], [Tds])
      VALUES (@p0, @p1, @p2, @p3, @p4, @p5, @p6, @p7, @p8, @p9, @p10);
      SELECT [BillID]
      FROM [BillTables]
      WHERE @@ROWCOUNT = 1 AND [BillID] = scope_identity();
info: Microsoft.EntityFrameworkCore.Database.Command[20101]
      Executed DbCommand (3ms) [Parameters=[@p2='?' (DbType = Int32), @p0='?' (DbType = Double), @p1='?' (DbType = Double)], CommandType='Text', CommandTimeout='120']
      SET NOCOUNT ON;
      UPDATE [TblDispatches] SET [FinalPrice] = @p0, [UnitPrice] = @p1
      WHERE [DispId] = @p2;
      SELECT @@ROWCOUNT;
info: Microsoft.EntityFrameworkCore.Database.Command[20101]
      Executed DbCommand (3ms) [Parameters=[@__dispatchId_0='?' (Size = 4000)], CommandType='Text', CommandTimeout='120']
      SELECT TOP(1) [t].[DispId], [t].[BillID], [t].[ChallanNo], [t].[Destination], [t].[DisVid], [t].[DispatchDate], [t].[DispatchQuantity], [t].[FinalPrice], [t].[UnitPrice], [t].[VehicleNo]
      FROM [TblDispatches] AS [t]
      WHERE [t].[ChallanNo] = @__dispatchId_0
info: Microsoft.EntityFrameworkCore.Database.Command[20101]
      Executed DbCommand (3ms) [Parameters=[@__dispatchId_0='?' (Size = 4000)], CommandType='Text', CommandTimeout='120']
      SELECT TOP(1) [t].[DispId], [t].[BillID], [t].[ChallanNo], [t].[Destination], [t].[DisVid], [t].[DispatchDate], [t].[DispatchQuantity], [t].[FinalPrice], [t].[UnitPrice], [t].[VehicleNo]
      FROM [TblDispatches] AS [t]
      WHERE [t].[ChallanNo] = @__dispatchId_0
info: Microsoft.EntityFrameworkCore.Database.Command[20101]
      Executed DbCommand (7ms) [Parameters=[@__dispatchId_0='?' (Size = 4000)], CommandType='Text', CommandTimeout='120']
      SELECT TOP(1) [t].[DispId], [t].[BillID], [t].[ChallanNo], [t].[Destination], [t].[DisVid], [t].[DispatchDate], [t].[DispatchQuantity], [t].[FinalPrice], [t].[UnitPrice], [t].[VehicleNo]
      FROM [TblDispatches] AS [t]
      WHERE [t].[ChallanNo] = @__dispatchId_0
info: Microsoft.EntityFrameworkCore.Database.Command[20101]
      Executed DbCommand (6ms) [Parameters=[@__dispatchId_0='?' (Size = 4000)], CommandType='Text', CommandTimeout='120']
      SELECT TOP(1) [t].[DispId], [t].[BillID], [t].[ChallanNo], [t].[Destination], [t].[DisVid], [t].[DispatchDate], [t].[DispatchQuantity], [t].[FinalPrice], [t].[UnitPrice], [t].[VehicleNo]
      FROM [TblDispatches] AS [t]
      WHERE [t].[ChallanNo] = @__dispatchId_0
info: Microsoft.EntityFrameworkCore.Database.Command[20101]
      Executed DbCommand (4ms) [Parameters=[@__dispatchId_0='?' (Size = 4000)], CommandType='Text', CommandTimeout='120']
      SELECT TOP(1) [t].[DispId], [t].[BillID], [t].[ChallanNo], [t].[Destination], [t].[DisVid], [t].[DispatchDate], [t].[DispatchQuantity], [t].[FinalPrice], [t].[UnitPrice], [t].[VehicleNo]
      FROM [TblDispatches] AS [t]
      WHERE [t].[ChallanNo] = @__dispatchId_0
info: Microsoft.EntityFrameworkCore.Database.Command[20101]
      Executed DbCommand (3ms) [Parameters=[@__dispatchId_0='?' (Size = 4000)], CommandType='Text', CommandTimeout='120']
      SELECT TOP(1) [t].[DispId], [t].[BillID], [t].[ChallanNo], [t].[Destination], [t].[DisVid], [t].[DispatchDate], [t].[DispatchQuantity], [t].[FinalPrice], [t].[UnitPrice], [t].[VehicleNo]
      FROM [TblDispatches] AS [t]
      WHERE [t].[ChallanNo] = @__dispatchId_0
info: Microsoft.EntityFrameworkCore.Database.Command[20101]
      Executed DbCommand (3ms) [Parameters=[@__dispatchId_0='?' (Size = 4000)], CommandType='Text', CommandTimeout='120']
      SELECT TOP(1) [t].[DispId], [t].[BillID], [t].[ChallanNo], [t].[Destination], [t].[DisVid], [t].[DispatchDate], [t].[DispatchQuantity], [t].[FinalPrice], [t].[UnitPrice], [t].[VehicleNo]
      FROM [TblDispatches] AS [t]
      WHERE [t].[ChallanNo] = @__dispatchId_0
info: Microsoft.EntityFrameworkCore.Database.Command[20101]
      Executed DbCommand (3ms) [Parameters=[@__dispatchId_0='?' (Size = 4000)], CommandType='Text', CommandTimeout='120']
      SELECT TOP(1) [t].[DispId], [t].[BillID], [t].[ChallanNo], [t].[Destination], [t].[DisVid], [t].[DispatchDate], [t].[DispatchQuantity], [t].[FinalPrice], [t].[UnitPrice], [t].[VehicleNo]
      FROM [TblDispatches] AS [t]
      WHERE [t].[ChallanNo] = @__dispatchId_0
info: Microsoft.EntityFrameworkCore.Database.Command[20101]
      Executed DbCommand (4ms) [Parameters=[@__dispatchId_0='?' (Size = 4000)], CommandType='Text', CommandTimeout='120']
      SELECT TOP(1) [t].[DispId], [t].[BillID], [t].[ChallanNo], [t].[Destination], [t].[DisVid], [t].[DispatchDate], [t].[DispatchQuantity], [t].[FinalPrice], [t].[UnitPrice], [t].[VehicleNo]
      FROM [TblDispatches] AS [t]
      WHERE [t].[ChallanNo] = @__dispatchId_0
info: Microsoft.EntityFrameworkCore.Database.Command[20101]
      Executed DbCommand (4ms) [Parameters=[@__dispatchId_0='?' (Size = 4000)], CommandType='Text', CommandTimeout='120']
      SELECT TOP(1) [t].[DispId], [t].[BillID], [t].[ChallanNo], [t].[Destination], [t].[DisVid], [t].[DispatchDate], [t].[DispatchQuantity], [t].[FinalPrice], [t].[UnitPrice], [t].[VehicleNo]
      FROM [TblDispatches] AS [t]
      WHERE [t].[ChallanNo] = @__dispatchId_0
info: Microsoft.EntityFrameworkCore.Database.Command[20101]
      Executed DbCommand (3ms) [Parameters=[@__dispatchId_0='?' (Size = 4000)], CommandType='Text', CommandTimeout='120']
      SELECT TOP(1) [t].[DispId], [t].[BillID], [t].[ChallanNo], [t].[Destination], [t].[DisVid], [t].[DispatchDate], [t].[DispatchQuantity], [t].[FinalPrice], [t].[UnitPrice], [t].[VehicleNo]
      FROM [TblDispatches] AS [t]
      WHERE [t].[ChallanNo] = @__dispatchId_0
info: Microsoft.EntityFrameworkCore.Database.Command[20101]
      Executed DbCommand (3ms) [Parameters=[@__dispatchId_0='?' (Size = 4000)], CommandType='Text', CommandTimeout='120']
      SELECT TOP(1) [t].[DispId], [t].[BillID], [t].[ChallanNo], [t].[Destination], [t].[DisVid], [t].[DispatchDate], [t].[DispatchQuantity], [t].[FinalPrice], [t].[UnitPrice], [t].[VehicleNo]
      FROM [TblDispatches] AS [t]
      WHERE [t].[ChallanNo] = @__dispatchId_0
info: Microsoft.EntityFrameworkCore.Database.Command[20101]
      Executed DbCommand (3ms) [Parameters=[@__dispatchId_0='?' (Size = 4000)], CommandType='Text', CommandTimeout='120']
      SELECT TOP(1) [t].[DispId], [t].[BillID], [t].[ChallanNo], [t].[Destination], [t].[DisVid], [t].[DispatchDate], [t].[DispatchQuantity], [t].[FinalPrice], [t].[UnitPrice], [t].[VehicleNo]
      FROM [TblDispatches] AS [t]
      WHERE [t].[ChallanNo] = @__dispatchId_0
info: Microsoft.EntityFrameworkCore.Database.Command[20101]
      Executed DbCommand (4ms) [Parameters=[@__dispatchId_0='?' (Size = 4000)], CommandType='Text', CommandTimeout='120']
      SELECT TOP(1) [t].[DispId], [t].[BillID], [t].[ChallanNo], [t].[Destination], [t].[DisVid], [t].[DispatchDate], [t].[DispatchQuantity], [t].[FinalPrice], [t].[UnitPrice], [t].[VehicleNo]
      FROM [TblDispatches] AS [t]
      WHERE [t].[ChallanNo] = @__dispatchId_0
info: Microsoft.EntityFrameworkCore.Database.Command[20101]
      Executed DbCommand (3ms) [Parameters=[@__dispatchId_0='?' (Size = 4000)], CommandType='Text', CommandTimeout='120']
      SELECT TOP(1) [t].[DispId], [t].[BillID], [t].[ChallanNo], [t].[Destination], [t].[DisVid], [t].[DispatchDate], [t].[DispatchQuantity], [t].[FinalPrice], [t].[UnitPrice], [t].[VehicleNo]
      FROM [TblDispatches] AS [t]
      WHERE [t].[ChallanNo] = @__dispatchId_0
info: Microsoft.EntityFrameworkCore.Database.Command[20101]
      Executed DbCommand (3ms) [Parameters=[@__dispatchId_0='?' (Size = 4000)], CommandType='Text', CommandTimeout='120']
      SELECT TOP(1) [t].[DispId], [t].[BillID], [t].[ChallanNo], [t].[Destination], [t].[DisVid], [t].[DispatchDate], [t].[DispatchQuantity], [t].[FinalPrice], [t].[UnitPrice], [t].[VehicleNo]
      FROM [TblDispatches] AS [t]
      WHERE [t].[ChallanNo] = @__dispatchId_0
info: Microsoft.EntityFrameworkCore.Database.Command[20101]
      Executed DbCommand (4ms) [Parameters=[@__dispatchId_0='?' (Size = 4000)], CommandType='Text', CommandTimeout='120']
      SELECT TOP(1) [t].[DispId], [t].[BillID], [t].[ChallanNo], [t].[Destination], [t].[DisVid], [t].[DispatchDate], [t].[DispatchQuantity], [t].[FinalPrice], [t].[UnitPrice], [t].[VehicleNo]
      FROM [TblDispatches] AS [t]
      WHERE [t].[ChallanNo] = @__dispatchId_0
info: Microsoft.EntityFrameworkCore.Database.Command[20101]
      Executed DbCommand (8ms) [Parameters=[@p9='?' (DbType = Int32), @p0='?' (DbType = Int32), @p1='?' (Size = 4000), @p2='?' (Size = 4000), @p3='?' (DbType = Int32), @p4='?' (DbType = DateTime2), @p5='?' (DbType = Double), @p6='?' (DbType = Double), @p7='?' (DbType = Double), @p8='?' (Size = 4000), @p19='?' (DbType = Int32), @p10='?' (DbType = Int32), @p11='?' (Size = 4000), @p12='?' (Size = 4000), @p13='?' (DbType = Int32), @p14='?' (DbType = DateTime2), @p15='?' (DbType = Double), @p16='?' (DbType = Double), @p17='?' (DbType = Double), @p18='?' (Size = 4000), @p29='?' (DbType = Int32), @p20='?' (DbType = Int32), @p21='?' (Size = 4000), @p22='?' (Size = 4000), @p23='?' (DbType = Int32), @p24='?' (DbType = DateTime2), @p25='?' (DbType = Double), @p26='?' (DbType = Double), @p27='?' (DbType = Double), @p28='?' (Size = 4000), @p39='?' (DbType = Int32), @p30='?' (DbType = Int32), @p31='?' (Size = 4000), @p32='?' (Size = 4000), @p33='?' (DbType = Int32), @p34='?' (DbType = DateTime2), @p35='?' (DbType = Double), @p36='?' (DbType = Double), @p37='?' (DbType = Double), @p38='?' (Size = 4000)], CommandType='Text', CommandTimeout='120']
      SET NOCOUNT ON;
      UPDATE [TblDispatches] SET [BillID] = @p0, [ChallanNo] = @p1, [Destination] = @p2, [DisVid] = @p3, [DispatchDate] = @p4, [DispatchQuantity] = @p5, [FinalPrice] = @p6, [UnitPrice] = @p7, [VehicleNo] = @p8
      WHERE [DispId] = @p9;
      SELECT @@ROWCOUNT;
      
      UPDATE [TblDispatches] SET [BillID] = @p10, [ChallanNo] = @p11, [Destination] = @p12, [DisVid] = @p13, [DispatchDate] = @p14, [DispatchQuantity] = @p15, [FinalPrice] = @p16, [UnitPrice] = @p17, [VehicleNo] = @p18
      WHERE [DispId] = @p19;
      SELECT @@ROWCOUNT;
      
      UPDATE [TblDispatches] SET [BillID] = @p20, [ChallanNo] = @p21, [Destination] = @p22, [DisVid] = @p23, [DispatchDate] = @p24, [DispatchQuantity] = @p25, [FinalPrice] = @p26, [UnitPrice] = @p27, [VehicleNo] = @p28
      WHERE [DispId] = @p29;
      SELECT @@ROWCOUNT;
      
      UPDATE [TblDispatches] SET [BillID] = @p30, [ChallanNo] = @p31, [Destination] = @p32, [DisVid] = @p33, [DispatchDate] = @p34, [DispatchQuantity] = @p35, [FinalPrice] = @p36, [UnitPrice] = @p37, [VehicleNo] = @p38
      WHERE [DispId] = @p39;
      SELECT @@ROWCOUNT;
info: Microsoft.EntityFrameworkCore.Infrastructure[10403]
      Entity Framework Core 6.0.21 initialized 'TransportMgmtContext' using provider 'Microsoft.EntityFrameworkCore.SqlServer:6.0.21' with options: CommandTimeout=120 
info: Microsoft.EntityFrameworkCore.Database.Command[20101]
      Executed DbCommand (3ms) [Parameters=[], CommandType='Text', CommandTimeout='120']
      SELECT [t].[FID], [t].[Address], [t].[Code], [t].[CreatedBy], [t].[CreatedOn], [t].[FactoryName], [t].[Gstin], [t].[IsActive], [t].[ModifiedBy], [t].[ModifiedOn]
      FROM [TblFactories] AS [t]
info: Microsoft.EntityFrameworkCore.Database.Command[20101]
      Executed DbCommand (0ms) [Parameters=[], CommandType='Text', CommandTimeout='120']
      SELECT [t].[FID], [t].[Address], [t].[Code], [t].[CreatedBy], [t].[CreatedOn], [t].[FactoryName], [t].[Gstin], [t].[IsActive], [t].[ModifiedBy], [t].[ModifiedOn]
      FROM [TblFactories] AS [t]
info: Microsoft.EntityFrameworkCore.Database.Command[20101]
      Executed DbCommand (5ms) [Parameters=[], CommandType='Text', CommandTimeout='120']
      SELECT [t].[DispId], [t].[BillID], [t].[ChallanNo], [t].[Destination], [t].[DisVid], [t].[DispatchDate], [t].[DispatchQuantity], [t].[FinalPrice], [t].[UnitPrice], [t].[VehicleNo]
      FROM [TblDispatches] AS [t]
info: Microsoft.EntityFrameworkCore.Infrastructure[10403]
      Entity Framework Core 6.0.21 initialized 'TransportMgmtContext' using provider 'Microsoft.EntityFrameworkCore.SqlServer:6.0.21' with options: CommandTimeout=120 
info: Microsoft.EntityFrameworkCore.Database.Command[20101]
      Executed DbCommand (5ms) [Parameters=[@__dispatchId_0='?' (Size = 4000)], CommandType='Text', CommandTimeout='120']
      SELECT TOP(1) [t].[DispId], [t].[BillID], [t].[ChallanNo], [t].[Destination], [t].[DisVid], [t].[DispatchDate], [t].[DispatchQuantity], [t].[FinalPrice], [t].[UnitPrice], [t].[VehicleNo]
      FROM [TblDispatches] AS [t]
      WHERE [t].[ChallanNo] = @__dispatchId_0
info: Microsoft.EntityFrameworkCore.Database.Command[20101]
      Executed DbCommand (5ms) [Parameters=[@__dispatchId_0='?' (Size = 4000)], CommandType='Text', CommandTimeout='120']
      SELECT TOP(1) [t].[DispId], [t].[BillID], [t].[ChallanNo], [t].[Destination], [t].[DisVid], [t].[DispatchDate], [t].[DispatchQuantity], [t].[FinalPrice], [t].[UnitPrice], [t].[VehicleNo]
      FROM [TblDispatches] AS [t]
      WHERE [t].[ChallanNo] = @__dispatchId_0
info: Microsoft.EntityFrameworkCore.Database.Command[20101]
      Executed DbCommand (4ms) [Parameters=[@__dispatchId_0='?' (Size = 4000)], CommandType='Text', CommandTimeout='120']
      SELECT TOP(1) [t].[DispId], [t].[BillID], [t].[ChallanNo], [t].[Destination], [t].[DisVid], [t].[DispatchDate], [t].[DispatchQuantity], [t].[FinalPrice], [t].[UnitPrice], [t].[VehicleNo]
      FROM [TblDispatches] AS [t]
      WHERE [t].[ChallanNo] = @__dispatchId_0
info: Microsoft.EntityFrameworkCore.Database.Command[20101]
      Executed DbCommand (4ms) [Parameters=[@__dispatchId_0='?' (Size = 4000)], CommandType='Text', CommandTimeout='120']
      SELECT TOP(1) [t].[DispId], [t].[BillID], [t].[ChallanNo], [t].[Destination], [t].[DisVid], [t].[DispatchDate], [t].[DispatchQuantity], [t].[FinalPrice], [t].[UnitPrice], [t].[VehicleNo]
      FROM [TblDispatches] AS [t]
      WHERE [t].[ChallanNo] = @__dispatchId_0
info: Microsoft.EntityFrameworkCore.Database.Command[20101]
      Executed DbCommand (3ms) [Parameters=[@__dispatchId_0='?' (Size = 4000)], CommandType='Text', CommandTimeout='120']
      SELECT TOP(1) [t].[DispId], [t].[BillID], [t].[ChallanNo], [t].[Destination], [t].[DisVid], [t].[DispatchDate], [t].[DispatchQuantity], [t].[FinalPrice], [t].[UnitPrice], [t].[VehicleNo]
      FROM [TblDispatches] AS [t]
      WHERE [t].[ChallanNo] = @__dispatchId_0
info: Microsoft.EntityFrameworkCore.Database.Command[20101]
      Executed DbCommand (3ms) [Parameters=[@__dispatchId_0='?' (Size = 4000)], CommandType='Text', CommandTimeout='120']
      SELECT TOP(1) [t].[DispId], [t].[BillID], [t].[ChallanNo], [t].[Destination], [t].[DisVid], [t].[DispatchDate], [t].[DispatchQuantity], [t].[FinalPrice], [t].[UnitPrice], [t].[VehicleNo]
      FROM [TblDispatches] AS [t]
      WHERE [t].[ChallanNo] = @__dispatchId_0
info: Microsoft.EntityFrameworkCore.Database.Command[20101]
      Executed DbCommand (5ms) [Parameters=[@__dispatchId_0='?' (Size = 4000)], CommandType='Text', CommandTimeout='120']
      SELECT TOP(1) [t].[DispId], [t].[BillID], [t].[ChallanNo], [t].[Destination], [t].[DisVid], [t].[DispatchDate], [t].[DispatchQuantity], [t].[FinalPrice], [t].[UnitPrice], [t].[VehicleNo]
      FROM [TblDispatches] AS [t]
      WHERE [t].[ChallanNo] = @__dispatchId_0
info: Microsoft.EntityFrameworkCore.Database.Command[20101]
      Executed DbCommand (3ms) [Parameters=[@__dispatchId_0='?' (Size = 4000)], CommandType='Text', CommandTimeout='120']
      SELECT TOP(1) [t].[DispId], [t].[BillID], [t].[ChallanNo], [t].[Destination], [t].[DisVid], [t].[DispatchDate], [t].[DispatchQuantity], [t].[FinalPrice], [t].[UnitPrice], [t].[VehicleNo]
      FROM [TblDispatches] AS [t]
      WHERE [t].[ChallanNo] = @__dispatchId_0
info: Microsoft.EntityFrameworkCore.Database.Command[20101]
      Executed DbCommand (3ms) [Parameters=[@__dispatchId_0='?' (Size = 4000)], CommandType='Text', CommandTimeout='120']
      SELECT TOP(1) [t].[DispId], [t].[BillID], [t].[ChallanNo], [t].[Destination], [t].[DisVid], [t].[DispatchDate], [t].[DispatchQuantity], [t].[FinalPrice], [t].[UnitPrice], [t].[VehicleNo]
      FROM [TblDispatches] AS [t]
      WHERE [t].[ChallanNo] = @__dispatchId_0
info: Microsoft.EntityFrameworkCore.Database.Command[20101]
      Executed DbCommand (3ms) [Parameters=[@__dispatchId_0='?' (Size = 4000)], CommandType='Text', CommandTimeout='120']
      SELECT TOP(1) [t].[DispId], [t].[BillID], [t].[ChallanNo], [t].[Destination], [t].[DisVid], [t].[DispatchDate], [t].[DispatchQuantity], [t].[FinalPrice], [t].[UnitPrice], [t].[VehicleNo]
      FROM [TblDispatches] AS [t]
      WHERE [t].[ChallanNo] = @__dispatchId_0
info: Microsoft.EntityFrameworkCore.Database.Command[20101]
      Executed DbCommand (4ms) [Parameters=[@__dispatchId_0='?' (Size = 4000)], CommandType='Text', CommandTimeout='120']
      SELECT TOP(1) [t].[DispId], [t].[BillID], [t].[ChallanNo], [t].[Destination], [t].[DisVid], [t].[DispatchDate], [t].[DispatchQuantity], [t].[FinalPrice], [t].[UnitPrice], [t].[VehicleNo]
      FROM [TblDispatches] AS [t]
      WHERE [t].[ChallanNo] = @__dispatchId_0
info: Microsoft.EntityFrameworkCore.Database.Command[20101]
      Executed DbCommand (4ms) [Parameters=[@__dispatchId_0='?' (Size = 4000)], CommandType='Text', CommandTimeout='120']
      SELECT TOP(1) [t].[DispId], [t].[BillID], [t].[ChallanNo], [t].[Destination], [t].[DisVid], [t].[DispatchDate], [t].[DispatchQuantity], [t].[FinalPrice], [t].[UnitPrice], [t].[VehicleNo]
      FROM [TblDispatches] AS [t]
      WHERE [t].[ChallanNo] = @__dispatchId_0
info: Microsoft.EntityFrameworkCore.Database.Command[20101]
      Executed DbCommand (5ms) [Parameters=[@__dispatchId_0='?' (Size = 4000)], CommandType='Text', CommandTimeout='120']
      SELECT TOP(1) [t].[DispId], [t].[BillID], [t].[ChallanNo], [t].[Destination], [t].[DisVid], [t].[DispatchDate], [t].[DispatchQuantity], [t].[FinalPrice], [t].[UnitPrice], [t].[VehicleNo]
      FROM [TblDispatches] AS [t]
      WHERE [t].[ChallanNo] = @__dispatchId_0
info: Microsoft.EntityFrameworkCore.Database.Command[20101]
      Executed DbCommand (3ms) [Parameters=[@__dispatchId_0='?' (Size = 4000)], CommandType='Text', CommandTimeout='120']
      SELECT TOP(1) [t].[DispId], [t].[BillID], [t].[ChallanNo], [t].[Destination], [t].[DisVid], [t].[DispatchDate], [t].[DispatchQuantity], [t].[FinalPrice], [t].[UnitPrice], [t].[VehicleNo]
      FROM [TblDispatches] AS [t]
      WHERE [t].[ChallanNo] = @__dispatchId_0
info: Microsoft.EntityFrameworkCore.Database.Command[20101]
      Executed DbCommand (3ms) [Parameters=[@__dispatchId_0='?' (Size = 4000)], CommandType='Text', CommandTimeout='120']
      SELECT TOP(1) [t].[DispId], [t].[BillID], [t].[ChallanNo], [t].[Destination], [t].[DisVid], [t].[DispatchDate], [t].[DispatchQuantity], [t].[FinalPrice], [t].[UnitPrice], [t].[VehicleNo]
      FROM [TblDispatches] AS [t]
      WHERE [t].[ChallanNo] = @__dispatchId_0
info: Microsoft.EntityFrameworkCore.Database.Command[20101]
      Executed DbCommand (4ms) [Parameters=[@__dispatchId_0='?' (Size = 4000)], CommandType='Text', CommandTimeout='120']
      SELECT TOP(1) [t].[DispId], [t].[BillID], [t].[ChallanNo], [t].[Destination], [t].[DisVid], [t].[DispatchDate], [t].[DispatchQuantity], [t].[FinalPrice], [t].[UnitPrice], [t].[VehicleNo]
      FROM [TblDispatches] AS [t]
      WHERE [t].[ChallanNo] = @__dispatchId_0
info: Microsoft.EntityFrameworkCore.Database.Command[20101]
      Executed DbCommand (2ms) [Parameters=[@__dispatchId_0='?' (Size = 4000)], CommandType='Text', CommandTimeout='120']
      SELECT TOP(1) [t].[DispId], [t].[BillID], [t].[ChallanNo], [t].[Destination], [t].[DisVid], [t].[DispatchDate], [t].[DispatchQuantity], [t].[FinalPrice], [t].[UnitPrice], [t].[VehicleNo]
      FROM [TblDispatches] AS [t]
      WHERE [t].[ChallanNo] = @__dispatchId_0
info: Microsoft.EntityFrameworkCore.Database.Command[20101]
      Executed DbCommand (4ms) [Parameters=[@__dispatchId_0='?' (Size = 4000)], CommandType='Text', CommandTimeout='120']
      SELECT TOP(1) [t].[DispId], [t].[BillID], [t].[ChallanNo], [t].[Destination], [t].[DisVid], [t].[DispatchDate], [t].[DispatchQuantity], [t].[FinalPrice], [t].[UnitPrice], [t].[VehicleNo]
      FROM [TblDispatches] AS [t]
      WHERE [t].[ChallanNo] = @__dispatchId_0
info: Microsoft.EntityFrameworkCore.Database.Command[20101]
      Executed DbCommand (3ms) [Parameters=[@__dispatchId_0='?' (Size = 4000)], CommandType='Text', CommandTimeout='120']
      SELECT TOP(1) [t].[DispId], [t].[BillID], [t].[ChallanNo], [t].[Destination], [t].[DisVid], [t].[DispatchDate], [t].[DispatchQuantity], [t].[FinalPrice], [t].[UnitPrice], [t].[VehicleNo]
      FROM [TblDispatches] AS [t]
      WHERE [t].[ChallanNo] = @__dispatchId_0
info: Microsoft.EntityFrameworkCore.Database.Command[20101]
      Executed DbCommand (3ms) [Parameters=[@__dispatchId_0='?' (Size = 4000)], CommandType='Text', CommandTimeout='120']
      SELECT TOP(1) [t].[DispId], [t].[BillID], [t].[ChallanNo], [t].[Destination], [t].[DisVid], [t].[DispatchDate], [t].[DispatchQuantity], [t].[FinalPrice], [t].[UnitPrice], [t].[VehicleNo]
      FROM [TblDispatches] AS [t]
      WHERE [t].[ChallanNo] = @__dispatchId_0
info: Microsoft.EntityFrameworkCore.Database.Command[20101]
      Executed DbCommand (4ms) [Parameters=[@__dispatchId_0='?' (Size = 4000)], CommandType='Text', CommandTimeout='120']
      SELECT TOP(1) [t].[DispId], [t].[BillID], [t].[ChallanNo], [t].[Destination], [t].[DisVid], [t].[DispatchDate], [t].[DispatchQuantity], [t].[FinalPrice], [t].[UnitPrice], [t].[VehicleNo]
      FROM [TblDispatches] AS [t]
      WHERE [t].[ChallanNo] = @__dispatchId_0
info: Microsoft.EntityFrameworkCore.Database.Command[20101]
      Executed DbCommand (4ms) [Parameters=[@__dispatchId_0='?' (Size = 4000)], CommandType='Text', CommandTimeout='120']
      SELECT TOP(1) [t].[DispId], [t].[BillID], [t].[ChallanNo], [t].[Destination], [t].[DisVid], [t].[DispatchDate], [t].[DispatchQuantity], [t].[FinalPrice], [t].[UnitPrice], [t].[VehicleNo]
      FROM [TblDispatches] AS [t]
      WHERE [t].[ChallanNo] = @__dispatchId_0
info: Microsoft.EntityFrameworkCore.Database.Command[20101]
      Executed DbCommand (3ms) [Parameters=[@__dispatchId_0='?' (Size = 4000)], CommandType='Text', CommandTimeout='120']
      SELECT TOP(1) [t].[DispId], [t].[BillID], [t].[ChallanNo], [t].[Destination], [t].[DisVid], [t].[DispatchDate], [t].[DispatchQuantity], [t].[FinalPrice], [t].[UnitPrice], [t].[VehicleNo]
      FROM [TblDispatches] AS [t]
      WHERE [t].[ChallanNo] = @__dispatchId_0
info: Microsoft.EntityFrameworkCore.Database.Command[20101]
      Executed DbCommand (3ms) [Parameters=[@__dispatchId_0='?' (Size = 4000)], CommandType='Text', CommandTimeout='120']
      SELECT TOP(1) [t].[DispId], [t].[BillID], [t].[ChallanNo], [t].[Destination], [t].[DisVid], [t].[DispatchDate], [t].[DispatchQuantity], [t].[FinalPrice], [t].[UnitPrice], [t].[VehicleNo]
      FROM [TblDispatches] AS [t]
      WHERE [t].[ChallanNo] = @__dispatchId_0
info: Microsoft.EntityFrameworkCore.Database.Command[20101]
      Executed DbCommand (3ms) [Parameters=[@__dispatchId_0='?' (Size = 4000)], CommandType='Text', CommandTimeout='120']
      SELECT TOP(1) [t].[DispId], [t].[BillID], [t].[ChallanNo], [t].[Destination], [t].[DisVid], [t].[DispatchDate], [t].[DispatchQuantity], [t].[FinalPrice], [t].[UnitPrice], [t].[VehicleNo]
      FROM [TblDispatches] AS [t]
      WHERE [t].[ChallanNo] = @__dispatchId_0
info: Microsoft.EntityFrameworkCore.Database.Command[20101]
      Executed DbCommand (6ms) [Parameters=[@__dispatchId_0='?' (Size = 4000)], CommandType='Text', CommandTimeout='120']
      SELECT TOP(1) [t].[DispId], [t].[BillID], [t].[ChallanNo], [t].[Destination], [t].[DisVid], [t].[DispatchDate], [t].[DispatchQuantity], [t].[FinalPrice], [t].[UnitPrice], [t].[VehicleNo]
      FROM [TblDispatches] AS [t]
      WHERE [t].[ChallanNo] = @__dispatchId_0
info: Microsoft.EntityFrameworkCore.Database.Command[20101]
      Executed DbCommand (5ms) [Parameters=[@__dispatchId_0='?' (Size = 4000)], CommandType='Text', CommandTimeout='120']
      SELECT TOP(1) [t].[DispId], [t].[BillID], [t].[ChallanNo], [t].[Destination], [t].[DisVid], [t].[DispatchDate], [t].[DispatchQuantity], [t].[FinalPrice], [t].[UnitPrice], [t].[VehicleNo]
      FROM [TblDispatches] AS [t]
      WHERE [t].[ChallanNo] = @__dispatchId_0
info: Microsoft.EntityFrameworkCore.Database.Command[20101]
      Executed DbCommand (6ms) [Parameters=[@__dispatchId_0='?' (Size = 4000)], CommandType='Text', CommandTimeout='120']
      SELECT TOP(1) [t].[DispId], [t].[BillID], [t].[ChallanNo], [t].[Destination], [t].[DisVid], [t].[DispatchDate], [t].[DispatchQuantity], [t].[FinalPrice], [t].[UnitPrice], [t].[VehicleNo]
      FROM [TblDispatches] AS [t]
      WHERE [t].[ChallanNo] = @__dispatchId_0
info: Microsoft.EntityFrameworkCore.Database.Command[20101]
      Executed DbCommand (3ms) [Parameters=[@__dispatchId_0='?' (Size = 4000)], CommandType='Text', CommandTimeout='120']
      SELECT TOP(1) [t].[DispId], [t].[BillID], [t].[ChallanNo], [t].[Destination], [t].[DisVid], [t].[DispatchDate], [t].[DispatchQuantity], [t].[FinalPrice], [t].[UnitPrice], [t].[VehicleNo]
      FROM [TblDispatches] AS [t]
      WHERE [t].[ChallanNo] = @__dispatchId_0
info: Microsoft.EntityFrameworkCore.Infrastructure[10403]
      Entity Framework Core 6.0.21 initialized 'TransportMgmtContext' using provider 'Microsoft.EntityFrameworkCore.SqlServer:6.0.21' with options: CommandTimeout=120 
info: Microsoft.EntityFrameworkCore.Database.Command[20101]
      Executed DbCommand (3ms) [Parameters=[], CommandType='Text', CommandTimeout='120']
      SELECT [t].[FID], [t].[Address], [t].[Code], [t].[CreatedBy], [t].[CreatedOn], [t].[FactoryName], [t].[Gstin], [t].[IsActive], [t].[ModifiedBy], [t].[ModifiedOn]
      FROM [TblFactories] AS [t]
info: Microsoft.EntityFrameworkCore.Database.Command[20101]
      Executed DbCommand (1ms) [Parameters=[], CommandType='Text', CommandTimeout='120']
      SELECT [t].[FID], [t].[Address], [t].[Code], [t].[CreatedBy], [t].[CreatedOn], [t].[FactoryName], [t].[Gstin], [t].[IsActive], [t].[ModifiedBy], [t].[ModifiedOn]
      FROM [TblFactories] AS [t]
info: Microsoft.EntityFrameworkCore.Database.Command[20101]
      Executed DbCommand (1ms) [Parameters=[], CommandType='Text', CommandTimeout='120']
      SELECT [t].[DispId], [t].[BillID], [t].[ChallanNo], [t].[Destination], [t].[DisVid], [t].[DispatchDate], [t].[DispatchQuantity], [t].[FinalPrice], [t].[UnitPrice], [t].[VehicleNo]
      FROM [TblDispatches] AS [t]
info: Microsoft.EntityFrameworkCore.Infrastructure[10403]
      Entity Framework Core 6.0.21 initialized 'TransportMgmtContext' using provider 'Microsoft.EntityFrameworkCore.SqlServer:6.0.21' with options: CommandTimeout=120 
info: Microsoft.EntityFrameworkCore.Database.Command[20101]
      Executed DbCommand (5ms) [Parameters=[@__dispatchId_0='?' (Size = 4000)], CommandType='Text', CommandTimeout='120']
      SELECT TOP(1) [t].[DispId], [t].[BillID], [t].[ChallanNo], [t].[Destination], [t].[DisVid], [t].[DispatchDate], [t].[DispatchQuantity], [t].[FinalPrice], [t].[UnitPrice], [t].[VehicleNo]
      FROM [TblDispatches] AS [t]
      WHERE [t].[ChallanNo] = @__dispatchId_0
info: Microsoft.EntityFrameworkCore.Database.Command[20101]
      Executed DbCommand (4ms) [Parameters=[@__dispatchId_0='?' (Size = 4000)], CommandType='Text', CommandTimeout='120']
      SELECT TOP(1) [t].[DispId], [t].[BillID], [t].[ChallanNo], [t].[Destination], [t].[DisVid], [t].[DispatchDate], [t].[DispatchQuantity], [t].[FinalPrice], [t].[UnitPrice], [t].[VehicleNo]
      FROM [TblDispatches] AS [t]
      WHERE [t].[ChallanNo] = @__dispatchId_0
info: Microsoft.EntityFrameworkCore.Database.Command[20101]
      Executed DbCommand (2ms) [Parameters=[@__billNumber_0='?' (Size = 4000)], CommandType='Text', CommandTimeout='120']
      SELECT TOP(1) [b].[BillID], [b].[ActualAmount], [b].[BillDate], [b].[BillNum], [b].[BillType], [b].[FID], [b].[Gst], [b].[GstDate], [b].[PId], [b].[PaymentReceived], [b].[PaymentTablePId], [b].[Tds]
      FROM [BillTables] AS [b]
      WHERE [b].[BillNum] = @__billNumber_0
info: Microsoft.EntityFrameworkCore.Database.Command[20101]
      Executed DbCommand (5ms) [Parameters=[@p0='?' (DbType = Double), @p1='?' (DbType = DateTime2), @p2='?' (Size = 4000), @p3='?' (Size = 4000), @p4='?' (DbType = Int32), @p5='?' (DbType = Double), @p6='?' (DbType = DateTime2), @p7='?' (DbType = Int32), @p8='?' (DbType = Double), @p9='?' (DbType = Int32), @p10='?' (DbType = Double)], CommandType='Text', CommandTimeout='120']
      SET NOCOUNT ON;
      INSERT INTO [BillTables] ([ActualAmount], [BillDate], [BillNum], [BillType], [FID], [Gst], [GstDate], [PId], [PaymentReceived], [PaymentTablePId], [Tds])
      VALUES (@p0, @p1, @p2, @p3, @p4, @p5, @p6, @p7, @p8, @p9, @p10);
      SELECT [BillID]
      FROM [BillTables]
      WHERE @@ROWCOUNT = 1 AND [BillID] = scope_identity();
info: Microsoft.EntityFrameworkCore.Database.Command[20101]
      Executed DbCommand (3ms) [Parameters=[@p2='?' (DbType = Int32), @p0='?' (DbType = Double), @p1='?' (DbType = Double)], CommandType='Text', CommandTimeout='120']
      SET NOCOUNT ON;
      UPDATE [TblDispatches] SET [FinalPrice] = @p0, [UnitPrice] = @p1
      WHERE [DispId] = @p2;
      SELECT @@ROWCOUNT;
info: Microsoft.EntityFrameworkCore.Database.Command[20101]
      Executed DbCommand (2ms) [Parameters=[@__dispatchId_0='?' (Size = 4000)], CommandType='Text', CommandTimeout='120']
      SELECT TOP(1) [t].[DispId], [t].[BillID], [t].[ChallanNo], [t].[Destination], [t].[DisVid], [t].[DispatchDate], [t].[DispatchQuantity], [t].[FinalPrice], [t].[UnitPrice], [t].[VehicleNo]
      FROM [TblDispatches] AS [t]
      WHERE [t].[ChallanNo] = @__dispatchId_0
info: Microsoft.EntityFrameworkCore.Database.Command[20101]
      Executed DbCommand (5ms) [Parameters=[@__dispatchId_0='?' (Size = 4000)], CommandType='Text', CommandTimeout='120']
      SELECT TOP(1) [t].[DispId], [t].[BillID], [t].[ChallanNo], [t].[Destination], [t].[DisVid], [t].[DispatchDate], [t].[DispatchQuantity], [t].[FinalPrice], [t].[UnitPrice], [t].[VehicleNo]
      FROM [TblDispatches] AS [t]
      WHERE [t].[ChallanNo] = @__dispatchId_0
info: Microsoft.EntityFrameworkCore.Database.Command[20101]
      Executed DbCommand (9ms) [Parameters=[@__dispatchId_0='?' (Size = 4000)], CommandType='Text', CommandTimeout='120']
      SELECT TOP(1) [t].[DispId], [t].[BillID], [t].[ChallanNo], [t].[Destination], [t].[DisVid], [t].[DispatchDate], [t].[DispatchQuantity], [t].[FinalPrice], [t].[UnitPrice], [t].[VehicleNo]
      FROM [TblDispatches] AS [t]
      WHERE [t].[ChallanNo] = @__dispatchId_0
info: Microsoft.EntityFrameworkCore.Database.Command[20101]
      Executed DbCommand (6ms) [Parameters=[@__dispatchId_0='?' (Size = 4000)], CommandType='Text', CommandTimeout='120']
      SELECT TOP(1) [t].[DispId], [t].[BillID], [t].[ChallanNo], [t].[Destination], [t].[DisVid], [t].[DispatchDate], [t].[DispatchQuantity], [t].[FinalPrice], [t].[UnitPrice], [t].[VehicleNo]
      FROM [TblDispatches] AS [t]
      WHERE [t].[ChallanNo] = @__dispatchId_0
info: Microsoft.EntityFrameworkCore.Database.Command[20101]
      Executed DbCommand (4ms) [Parameters=[@__dispatchId_0='?' (Size = 4000)], CommandType='Text', CommandTimeout='120']
      SELECT TOP(1) [t].[DispId], [t].[BillID], [t].[ChallanNo], [t].[Destination], [t].[DisVid], [t].[DispatchDate], [t].[DispatchQuantity], [t].[FinalPrice], [t].[UnitPrice], [t].[VehicleNo]
      FROM [TblDispatches] AS [t]
      WHERE [t].[ChallanNo] = @__dispatchId_0
info: Microsoft.EntityFrameworkCore.Database.Command[20101]
      Executed DbCommand (3ms) [Parameters=[@__dispatchId_0='?' (Size = 4000)], CommandType='Text', CommandTimeout='120']
      SELECT TOP(1) [t].[DispId], [t].[BillID], [t].[ChallanNo], [t].[Destination], [t].[DisVid], [t].[DispatchDate], [t].[DispatchQuantity], [t].[FinalPrice], [t].[UnitPrice], [t].[VehicleNo]
      FROM [TblDispatches] AS [t]
      WHERE [t].[ChallanNo] = @__dispatchId_0
info: Microsoft.EntityFrameworkCore.Database.Command[20101]
      Executed DbCommand (5ms) [Parameters=[@__dispatchId_0='?' (Size = 4000)], CommandType='Text', CommandTimeout='120']
      SELECT TOP(1) [t].[DispId], [t].[BillID], [t].[ChallanNo], [t].[Destination], [t].[DisVid], [t].[DispatchDate], [t].[DispatchQuantity], [t].[FinalPrice], [t].[UnitPrice], [t].[VehicleNo]
      FROM [TblDispatches] AS [t]
      WHERE [t].[ChallanNo] = @__dispatchId_0
info: Microsoft.EntityFrameworkCore.Database.Command[20101]
      Executed DbCommand (3ms) [Parameters=[@__dispatchId_0='?' (Size = 4000)], CommandType='Text', CommandTimeout='120']
      SELECT TOP(1) [t].[DispId], [t].[BillID], [t].[ChallanNo], [t].[Destination], [t].[DisVid], [t].[DispatchDate], [t].[DispatchQuantity], [t].[FinalPrice], [t].[UnitPrice], [t].[VehicleNo]
      FROM [TblDispatches] AS [t]
      WHERE [t].[ChallanNo] = @__dispatchId_0
info: Microsoft.EntityFrameworkCore.Database.Command[20101]
      Executed DbCommand (3ms) [Parameters=[@__dispatchId_0='?' (Size = 4000)], CommandType='Text', CommandTimeout='120']
      SELECT TOP(1) [t].[DispId], [t].[BillID], [t].[ChallanNo], [t].[Destination], [t].[DisVid], [t].[DispatchDate], [t].[DispatchQuantity], [t].[FinalPrice], [t].[UnitPrice], [t].[VehicleNo]
      FROM [TblDispatches] AS [t]
      WHERE [t].[ChallanNo] = @__dispatchId_0
info: Microsoft.EntityFrameworkCore.Database.Command[20101]
      Executed DbCommand (4ms) [Parameters=[@__dispatchId_0='?' (Size = 4000)], CommandType='Text', CommandTimeout='120']
      SELECT TOP(1) [t].[DispId], [t].[BillID], [t].[ChallanNo], [t].[Destination], [t].[DisVid], [t].[DispatchDate], [t].[DispatchQuantity], [t].[FinalPrice], [t].[UnitPrice], [t].[VehicleNo]
      FROM [TblDispatches] AS [t]
      WHERE [t].[ChallanNo] = @__dispatchId_0
info: Microsoft.EntityFrameworkCore.Database.Command[20101]
      Executed DbCommand (3ms) [Parameters=[@__dispatchId_0='?' (Size = 4000)], CommandType='Text', CommandTimeout='120']
      SELECT TOP(1) [t].[DispId], [t].[BillID], [t].[ChallanNo], [t].[Destination], [t].[DisVid], [t].[DispatchDate], [t].[DispatchQuantity], [t].[FinalPrice], [t].[UnitPrice], [t].[VehicleNo]
      FROM [TblDispatches] AS [t]
      WHERE [t].[ChallanNo] = @__dispatchId_0
info: Microsoft.EntityFrameworkCore.Database.Command[20101]
      Executed DbCommand (4ms) [Parameters=[@__dispatchId_0='?' (Size = 4000)], CommandType='Text', CommandTimeout='120']
      SELECT TOP(1) [t].[DispId], [t].[BillID], [t].[ChallanNo], [t].[Destination], [t].[DisVid], [t].[DispatchDate], [t].[DispatchQuantity], [t].[FinalPrice], [t].[UnitPrice], [t].[VehicleNo]
      FROM [TblDispatches] AS [t]
      WHERE [t].[ChallanNo] = @__dispatchId_0
info: Microsoft.EntityFrameworkCore.Database.Command[20101]
      Executed DbCommand (3ms) [Parameters=[@__dispatchId_0='?' (Size = 4000)], CommandType='Text', CommandTimeout='120']
      SELECT TOP(1) [t].[DispId], [t].[BillID], [t].[ChallanNo], [t].[Destination], [t].[DisVid], [t].[DispatchDate], [t].[DispatchQuantity], [t].[FinalPrice], [t].[UnitPrice], [t].[VehicleNo]
      FROM [TblDispatches] AS [t]
      WHERE [t].[ChallanNo] = @__dispatchId_0
info: Microsoft.EntityFrameworkCore.Database.Command[20101]
      Executed DbCommand (3ms) [Parameters=[@__dispatchId_0='?' (Size = 4000)], CommandType='Text', CommandTimeout='120']
      SELECT TOP(1) [t].[DispId], [t].[BillID], [t].[ChallanNo], [t].[Destination], [t].[DisVid], [t].[DispatchDate], [t].[DispatchQuantity], [t].[FinalPrice], [t].[UnitPrice], [t].[VehicleNo]
      FROM [TblDispatches] AS [t]
      WHERE [t].[ChallanNo] = @__dispatchId_0
info: Microsoft.EntityFrameworkCore.Database.Command[20101]
      Executed DbCommand (3ms) [Parameters=[@__dispatchId_0='?' (Size = 4000)], CommandType='Text', CommandTimeout='120']
      SELECT TOP(1) [t].[DispId], [t].[BillID], [t].[ChallanNo], [t].[Destination], [t].[DisVid], [t].[DispatchDate], [t].[DispatchQuantity], [t].[FinalPrice], [t].[UnitPrice], [t].[VehicleNo]
      FROM [TblDispatches] AS [t]
      WHERE [t].[ChallanNo] = @__dispatchId_0
info: Microsoft.EntityFrameworkCore.Database.Command[20101]
      Executed DbCommand (3ms) [Parameters=[@__dispatchId_0='?' (Size = 4000)], CommandType='Text', CommandTimeout='120']
      SELECT TOP(1) [t].[DispId], [t].[BillID], [t].[ChallanNo], [t].[Destination], [t].[DisVid], [t].[DispatchDate], [t].[DispatchQuantity], [t].[FinalPrice], [t].[UnitPrice], [t].[VehicleNo]
      FROM [TblDispatches] AS [t]
      WHERE [t].[ChallanNo] = @__dispatchId_0
info: Microsoft.EntityFrameworkCore.Database.Command[20101]
      Executed DbCommand (4ms) [Parameters=[@__dispatchId_0='?' (Size = 4000)], CommandType='Text', CommandTimeout='120']
      SELECT TOP(1) [t].[DispId], [t].[BillID], [t].[ChallanNo], [t].[Destination], [t].[DisVid], [t].[DispatchDate], [t].[DispatchQuantity], [t].[FinalPrice], [t].[UnitPrice], [t].[VehicleNo]
      FROM [TblDispatches] AS [t]
      WHERE [t].[ChallanNo] = @__dispatchId_0
info: Microsoft.EntityFrameworkCore.Database.Command[20101]
      Executed DbCommand (4ms) [Parameters=[@__dispatchId_0='?' (Size = 4000)], CommandType='Text', CommandTimeout='120']
      SELECT TOP(1) [t].[DispId], [t].[BillID], [t].[ChallanNo], [t].[Destination], [t].[DisVid], [t].[DispatchDate], [t].[DispatchQuantity], [t].[FinalPrice], [t].[UnitPrice], [t].[VehicleNo]
      FROM [TblDispatches] AS [t]
      WHERE [t].[ChallanNo] = @__dispatchId_0
info: Microsoft.EntityFrameworkCore.Database.Command[20101]
      Executed DbCommand (3ms) [Parameters=[@__dispatchId_0='?' (Size = 4000)], CommandType='Text', CommandTimeout='120']
      SELECT TOP(1) [t].[DispId], [t].[BillID], [t].[ChallanNo], [t].[Destination], [t].[DisVid], [t].[DispatchDate], [t].[DispatchQuantity], [t].[FinalPrice], [t].[UnitPrice], [t].[VehicleNo]
      FROM [TblDispatches] AS [t]
      WHERE [t].[ChallanNo] = @__dispatchId_0
info: Microsoft.EntityFrameworkCore.Database.Command[20101]
      Executed DbCommand (4ms) [Parameters=[@__dispatchId_0='?' (Size = 4000)], CommandType='Text', CommandTimeout='120']
      SELECT TOP(1) [t].[DispId], [t].[BillID], [t].[ChallanNo], [t].[Destination], [t].[DisVid], [t].[DispatchDate], [t].[DispatchQuantity], [t].[FinalPrice], [t].[UnitPrice], [t].[VehicleNo]
      FROM [TblDispatches] AS [t]
      WHERE [t].[ChallanNo] = @__dispatchId_0
info: Microsoft.EntityFrameworkCore.Database.Command[20101]
      Executed DbCommand (3ms) [Parameters=[@__dispatchId_0='?' (Size = 4000)], CommandType='Text', CommandTimeout='120']
      SELECT TOP(1) [t].[DispId], [t].[BillID], [t].[ChallanNo], [t].[Destination], [t].[DisVid], [t].[DispatchDate], [t].[DispatchQuantity], [t].[FinalPrice], [t].[UnitPrice], [t].[VehicleNo]
      FROM [TblDispatches] AS [t]
      WHERE [t].[ChallanNo] = @__dispatchId_0
info: Microsoft.EntityFrameworkCore.Database.Command[20101]
      Executed DbCommand (3ms) [Parameters=[@__dispatchId_0='?' (Size = 4000)], CommandType='Text', CommandTimeout='120']
      SELECT TOP(1) [t].[DispId], [t].[BillID], [t].[ChallanNo], [t].[Destination], [t].[DisVid], [t].[DispatchDate], [t].[DispatchQuantity], [t].[FinalPrice], [t].[UnitPrice], [t].[VehicleNo]
      FROM [TblDispatches] AS [t]
      WHERE [t].[ChallanNo] = @__dispatchId_0
info: Microsoft.EntityFrameworkCore.Database.Command[20101]
      Executed DbCommand (3ms) [Parameters=[@__dispatchId_0='?' (Size = 4000)], CommandType='Text', CommandTimeout='120']
      SELECT TOP(1) [t].[DispId], [t].[BillID], [t].[ChallanNo], [t].[Destination], [t].[DisVid], [t].[DispatchDate], [t].[DispatchQuantity], [t].[FinalPrice], [t].[UnitPrice], [t].[VehicleNo]
      FROM [TblDispatches] AS [t]
      WHERE [t].[ChallanNo] = @__dispatchId_0
info: Microsoft.EntityFrameworkCore.Database.Command[20101]
      Executed DbCommand (4ms) [Parameters=[@__dispatchId_0='?' (Size = 4000)], CommandType='Text', CommandTimeout='120']
      SELECT TOP(1) [t].[DispId], [t].[BillID], [t].[ChallanNo], [t].[Destination], [t].[DisVid], [t].[DispatchDate], [t].[DispatchQuantity], [t].[FinalPrice], [t].[UnitPrice], [t].[VehicleNo]
      FROM [TblDispatches] AS [t]
      WHERE [t].[ChallanNo] = @__dispatchId_0
info: Microsoft.EntityFrameworkCore.Database.Command[20101]
      Executed DbCommand (3ms) [Parameters=[@__dispatchId_0='?' (Size = 4000)], CommandType='Text', CommandTimeout='120']
      SELECT TOP(1) [t].[DispId], [t].[BillID], [t].[ChallanNo], [t].[Destination], [t].[DisVid], [t].[DispatchDate], [t].[DispatchQuantity], [t].[FinalPrice], [t].[UnitPrice], [t].[VehicleNo]
      FROM [TblDispatches] AS [t]
      WHERE [t].[ChallanNo] = @__dispatchId_0
info: Microsoft.EntityFrameworkCore.Database.Command[20101]
      Executed DbCommand (3ms) [Parameters=[@__dispatchId_0='?' (Size = 4000)], CommandType='Text', CommandTimeout='120']
      SELECT TOP(1) [t].[DispId], [t].[BillID], [t].[ChallanNo], [t].[Destination], [t].[DisVid], [t].[DispatchDate], [t].[DispatchQuantity], [t].[FinalPrice], [t].[UnitPrice], [t].[VehicleNo]
      FROM [TblDispatches] AS [t]
      WHERE [t].[ChallanNo] = @__dispatchId_0
info: Microsoft.EntityFrameworkCore.Database.Command[20101]
      Executed DbCommand (4ms) [Parameters=[@__dispatchId_0='?' (Size = 4000)], CommandType='Text', CommandTimeout='120']
      SELECT TOP(1) [t].[DispId], [t].[BillID], [t].[ChallanNo], [t].[Destination], [t].[DisVid], [t].[DispatchDate], [t].[DispatchQuantity], [t].[FinalPrice], [t].[UnitPrice], [t].[VehicleNo]
      FROM [TblDispatches] AS [t]
      WHERE [t].[ChallanNo] = @__dispatchId_0
info: Microsoft.EntityFrameworkCore.Database.Command[20101]
      Executed DbCommand (17ms) [Parameters=[@p9='?' (DbType = Int32), @p0='?' (DbType = Int32), @p1='?' (Size = 4000), @p2='?' (Size = 4000), @p3='?' (DbType = Int32), @p4='?' (DbType = DateTime2), @p5='?' (DbType = Double), @p6='?' (DbType = Double), @p7='?' (DbType = Double), @p8='?' (Size = 4000), @p19='?' (DbType = Int32), @p10='?' (DbType = Int32), @p11='?' (Size = 4000), @p12='?' (Size = 4000), @p13='?' (DbType = Int32), @p14='?' (DbType = DateTime2), @p15='?' (DbType = Double), @p16='?' (DbType = Double), @p17='?' (DbType = Double), @p18='?' (Size = 4000), @p29='?' (DbType = Int32), @p20='?' (DbType = Int32), @p21='?' (Size = 4000), @p22='?' (Size = 4000), @p23='?' (DbType = Int32), @p24='?' (DbType = DateTime2), @p25='?' (DbType = Double), @p26='?' (DbType = Double), @p27='?' (DbType = Double), @p28='?' (Size = 4000), @p39='?' (DbType = Int32), @p30='?' (DbType = Int32), @p31='?' (Size = 4000), @p32='?' (Size = 4000), @p33='?' (DbType = Int32), @p34='?' (DbType = DateTime2), @p35='?' (DbType = Double), @p36='?' (DbType = Double), @p37='?' (DbType = Double), @p38='?' (Size = 4000), @p49='?' (DbType = Int32), @p40='?' (DbType = Int32), @p41='?' (Size = 4000), @p42='?' (Size = 4000), @p43='?' (DbType = Int32), @p44='?' (DbType = DateTime2), @p45='?' (DbType = Double), @p46='?' (DbType = Double), @p47='?' (DbType = Double), @p48='?' (Size = 4000), @p59='?' (DbType = Int32), @p50='?' (DbType = Int32), @p51='?' (Size = 4000), @p52='?' (Size = 4000), @p53='?' (DbType = Int32), @p54='?' (DbType = DateTime2), @p55='?' (DbType = Double), @p56='?' (DbType = Double), @p57='?' (DbType = Double), @p58='?' (Size = 4000), @p69='?' (DbType = Int32), @p60='?' (DbType = Int32), @p61='?' (Size = 4000), @p62='?' (Size = 4000), @p63='?' (DbType = Int32), @p64='?' (DbType = DateTime2), @p65='?' (DbType = Double), @p66='?' (DbType = Double), @p67='?' (DbType = Double), @p68='?' (Size = 4000), @p79='?' (DbType = Int32), @p70='?' (DbType = Int32), @p71='?' (Size = 4000), @p72='?' (Size = 4000), @p73='?' (DbType = Int32), @p74='?' (DbType = DateTime2), @p75='?' (DbType = Double), @p76='?' (DbType = Double), @p77='?' (DbType = Double), @p78='?' (Size = 4000), @p89='?' (DbType = Int32), @p80='?' (DbType = Int32), @p81='?' (Size = 4000), @p82='?' (Size = 4000), @p83='?' (DbType = Int32), @p84='?' (DbType = DateTime2), @p85='?' (DbType = Double), @p86='?' (DbType = Double), @p87='?' (DbType = Double), @p88='?' (Size = 4000)], CommandType='Text', CommandTimeout='120']
      SET NOCOUNT ON;
      UPDATE [TblDispatches] SET [BillID] = @p0, [ChallanNo] = @p1, [Destination] = @p2, [DisVid] = @p3, [DispatchDate] = @p4, [DispatchQuantity] = @p5, [FinalPrice] = @p6, [UnitPrice] = @p7, [VehicleNo] = @p8
      WHERE [DispId] = @p9;
      SELECT @@ROWCOUNT;
      
      UPDATE [TblDispatches] SET [BillID] = @p10, [ChallanNo] = @p11, [Destination] = @p12, [DisVid] = @p13, [DispatchDate] = @p14, [DispatchQuantity] = @p15, [FinalPrice] = @p16, [UnitPrice] = @p17, [VehicleNo] = @p18
      WHERE [DispId] = @p19;
      SELECT @@ROWCOUNT;
      
      UPDATE [TblDispatches] SET [BillID] = @p20, [ChallanNo] = @p21, [Destination] = @p22, [DisVid] = @p23, [DispatchDate] = @p24, [DispatchQuantity] = @p25, [FinalPrice] = @p26, [UnitPrice] = @p27, [VehicleNo] = @p28
      WHERE [DispId] = @p29;
      SELECT @@ROWCOUNT;
      
      UPDATE [TblDispatches] SET [BillID] = @p30, [ChallanNo] = @p31, [Destination] = @p32, [DisVid] = @p33, [DispatchDate] = @p34, [DispatchQuantity] = @p35, [FinalPrice] = @p36, [UnitPrice] = @p37, [VehicleNo] = @p38
      WHERE [DispId] = @p39;
      SELECT @@ROWCOUNT;
      
      UPDATE [TblDispatches] SET [BillID] = @p40, [ChallanNo] = @p41, [Destination] = @p42, [DisVid] = @p43, [DispatchDate] = @p44, [DispatchQuantity] = @p45, [FinalPrice] = @p46, [UnitPrice] = @p47, [VehicleNo] = @p48
      WHERE [DispId] = @p49;
      SELECT @@ROWCOUNT;
      
      UPDATE [TblDispatches] SET [BillID] = @p50, [ChallanNo] = @p51, [Destination] = @p52, [DisVid] = @p53, [DispatchDate] = @p54, [DispatchQuantity] = @p55, [FinalPrice] = @p56, [UnitPrice] = @p57, [VehicleNo] = @p58
      WHERE [DispId] = @p59;
      SELECT @@ROWCOUNT;
      
      UPDATE [TblDispatches] SET [BillID] = @p60, [ChallanNo] = @p61, [Destination] = @p62, [DisVid] = @p63, [DispatchDate] = @p64, [DispatchQuantity] = @p65, [FinalPrice] = @p66, [UnitPrice] = @p67, [VehicleNo] = @p68
      WHERE [DispId] = @p69;
      SELECT @@ROWCOUNT;
      
      UPDATE [TblDispatches] SET [BillID] = @p70, [ChallanNo] = @p71, [Destination] = @p72, [DisVid] = @p73, [DispatchDate] = @p74, [DispatchQuantity] = @p75, [FinalPrice] = @p76, [UnitPrice] = @p77, [VehicleNo] = @p78
      WHERE [DispId] = @p79;
      SELECT @@ROWCOUNT;
      
      UPDATE [TblDispatches] SET [BillID] = @p80, [ChallanNo] = @p81, [Destination] = @p82, [DisVid] = @p83, [DispatchDate] = @p84, [DispatchQuantity] = @p85, [FinalPrice] = @p86, [UnitPrice] = @p87, [VehicleNo] = @p88
      WHERE [DispId] = @p89;
      SELECT @@ROWCOUNT;
info: Microsoft.EntityFrameworkCore.Infrastructure[10403]
      Entity Framework Core 6.0.21 initialized 'TransportMgmtContext' using provider 'Microsoft.EntityFrameworkCore.SqlServer:6.0.21' with options: CommandTimeout=120 
info: Microsoft.EntityFrameworkCore.Database.Command[20101]
      Executed DbCommand (3ms) [Parameters=[], CommandType='Text', CommandTimeout='120']
      SELECT [t].[FID], [t].[Address], [t].[Code], [t].[CreatedBy], [t].[CreatedOn], [t].[FactoryName], [t].[Gstin], [t].[IsActive], [t].[ModifiedBy], [t].[ModifiedOn]
      FROM [TblFactories] AS [t]
info: Microsoft.EntityFrameworkCore.Database.Command[20101]
      Executed DbCommand (1ms) [Parameters=[], CommandType='Text', CommandTimeout='120']
      SELECT [t].[FID], [t].[Address], [t].[Code], [t].[CreatedBy], [t].[CreatedOn], [t].[FactoryName], [t].[Gstin], [t].[IsActive], [t].[ModifiedBy], [t].[ModifiedOn]
      FROM [TblFactories] AS [t]
info: Microsoft.EntityFrameworkCore.Database.Command[20101]
      Executed DbCommand (2ms) [Parameters=[], CommandType='Text', CommandTimeout='120']
      SELECT [t].[DispId], [t].[BillID], [t].[ChallanNo], [t].[Destination], [t].[DisVid], [t].[DispatchDate], [t].[DispatchQuantity], [t].[FinalPrice], [t].[UnitPrice], [t].[VehicleNo]
      FROM [TblDispatches] AS [t]
info: Microsoft.EntityFrameworkCore.Infrastructure[10403]
      Entity Framework Core 6.0.21 initialized 'TransportMgmtContext' using provider 'Microsoft.EntityFrameworkCore.SqlServer:6.0.21' with options: CommandTimeout=120 
info: Microsoft.EntityFrameworkCore.Database.Command[20101]
      Executed DbCommand (2ms) [Parameters=[], CommandType='Text', CommandTimeout='120']
      SELECT [t].[FID] AS [id], [t].[FactoryName] AS [name]
      FROM [TblFactories] AS [t]
info: Microsoft.EntityFrameworkCore.Infrastructure[10403]
      Entity Framework Core 6.0.21 initialized 'TransportMgmtContext' using provider 'Microsoft.EntityFrameworkCore.SqlServer:6.0.21' with options: CommandTimeout=120 
info: Microsoft.EntityFrameworkCore.Database.Command[20101]
      Executed DbCommand (21ms) [Parameters=[p0='?' (DbType = DateTime2), p1='?' (DbType = DateTime2), p2='?' (DbType = Int32)], CommandType='Text', CommandTimeout='120']
      EXEC [dbo].[SpExpoBilldetail] @FromDate = @p0, @ToDate = @p1, @FactoryId = @p2
info: Microsoft.EntityFrameworkCore.Infrastructure[10403]
      Entity Framework Core 6.0.21 initialized 'TransportMgmtContext' using provider 'Microsoft.EntityFrameworkCore.SqlServer:6.0.21' with options: CommandTimeout=120 
info: Microsoft.EntityFrameworkCore.Database.Command[20101]
      Executed DbCommand (14ms) [Parameters=[], CommandType='Text', CommandTimeout='120']
      SELECT [t].[FID] AS [id], [t].[FactoryName] AS [name]
      FROM [TblFactories] AS [t]
info: Microsoft.EntityFrameworkCore.Infrastructure[10403]
      Entity Framework Core 6.0.21 initialized 'TransportMgmtContext' using provider 'Microsoft.EntityFrameworkCore.SqlServer:6.0.21' with options: CommandTimeout=120 
info: Microsoft.EntityFrameworkCore.Database.Command[20101]
      Executed DbCommand (38ms) [Parameters=[p0='?' (DbType = DateTime2), p1='?' (DbType = DateTime2), p2='?' (DbType = Int32)], CommandType='Text', CommandTimeout='120']
      EXEC [dbo].[SpExpoBilldetail] @FromDate = @p0, @ToDate = @p1, @FactoryId = @p2
info: Microsoft.EntityFrameworkCore.Infrastructure[10403]
      Entity Framework Core 6.0.21 initialized 'TransportMgmtContext' using provider 'Microsoft.EntityFrameworkCore.SqlServer:6.0.21' with options: CommandTimeout=120 
info: Microsoft.EntityFrameworkCore.Database.Command[20101]
      Executed DbCommand (467ms) [Parameters=[], CommandType='Text', CommandTimeout='120']
      EXECUTE [dbo].[Sp_QtyByMonth]
info: Microsoft.EntityFrameworkCore.Infrastructure[10403]
      Entity Framework Core 6.0.21 initialized 'TransportMgmtContext' using provider 'Microsoft.EntityFrameworkCore.SqlServer:6.0.21' with options: CommandTimeout=120 
info: Microsoft.EntityFrameworkCore.Database.Command[20101]
      Executed DbCommand (2ms) [Parameters=[], CommandType='Text', CommandTimeout='120']
      SELECT [t].[FID], [t].[Address], [t].[Code], [t].[CreatedBy], [t].[CreatedOn], [t].[FactoryName], [t].[Gstin], [t].[IsActive], [t].[ModifiedBy], [t].[ModifiedOn]
      FROM [TblFactories] AS [t]
info: Microsoft.EntityFrameworkCore.Database.Command[20101]
      Executed DbCommand (3,037ms) [Parameters=[p0='?' (DbType = DateTime2), p1='?' (DbType = DateTime2), p2='?'], CommandType='Text', CommandTimeout='120']
      EXECUTE [dbo].[SpCheckBill] @StartDate = @p0, @EndDate = @p1, @FactoryId = @p2
info: Microsoft.EntityFrameworkCore.Infrastructure[10403]
      Entity Framework Core 6.0.21 initialized 'TransportMgmtContext' using provider 'Microsoft.EntityFrameworkCore.SqlServer:6.0.21' with options: CommandTimeout=120 
info: Microsoft.EntityFrameworkCore.Database.Command[20101]
      Executed DbCommand (1ms) [Parameters=[], CommandType='Text', CommandTimeout='120']
      SELECT [t].[FID], [t].[Address], [t].[Code], [t].[CreatedBy], [t].[CreatedOn], [t].[FactoryName], [t].[Gstin], [t].[IsActive], [t].[ModifiedBy], [t].[ModifiedOn]
      FROM [TblFactories] AS [t]
info: Microsoft.EntityFrameworkCore.Database.Command[20101]
      Executed DbCommand (22ms) [Parameters=[p0='?' (DbType = DateTime2), p1='?' (DbType = DateTime2), p2='?' (DbType = Int32)], CommandType='Text', CommandTimeout='120']
      EXECUTE [dbo].[SpCheckBill] @StartDate = @p0, @EndDate = @p1, @FactoryId = @p2
info: Microsoft.EntityFrameworkCore.Infrastructure[10403]
      Entity Framework Core 6.0.21 initialized 'TransportMgmtContext' using provider 'Microsoft.EntityFrameworkCore.SqlServer:6.0.21' with options: CommandTimeout=120 
info: Microsoft.EntityFrameworkCore.Database.Command[20101]
      Executed DbCommand (7ms) [Parameters=[], CommandType='Text', CommandTimeout='120']
      SELECT [t].[FID], [t].[Address], [t].[Code], [t].[CreatedBy], [t].[CreatedOn], [t].[FactoryName], [t].[Gstin], [t].[IsActive], [t].[ModifiedBy], [t].[ModifiedOn]
      FROM [TblFactories] AS [t]
info: Microsoft.EntityFrameworkCore.Database.Command[20101]
      Executed DbCommand (1ms) [Parameters=[], CommandType='Text', CommandTimeout='120']
      SELECT [t].[FID], [t].[Address], [t].[Code], [t].[CreatedBy], [t].[CreatedOn], [t].[FactoryName], [t].[Gstin], [t].[IsActive], [t].[ModifiedBy], [t].[ModifiedOn]
      FROM [TblFactories] AS [t]
info: Microsoft.EntityFrameworkCore.Database.Command[20101]
      Executed DbCommand (8ms) [Parameters=[], CommandType='Text', CommandTimeout='120']
      SELECT [t].[DispId], [t].[BillID], [t].[ChallanNo], [t].[Destination], [t].[DisVid], [t].[DispatchDate], [t].[DispatchQuantity], [t].[FinalPrice], [t].[UnitPrice], [t].[VehicleNo]
      FROM [TblDispatches] AS [t]
info: Microsoft.EntityFrameworkCore.Infrastructure[10403]
      Entity Framework Core 6.0.21 initialized 'TransportMgmtContext' using provider 'Microsoft.EntityFrameworkCore.SqlServer:6.0.21' with options: CommandTimeout=120 
info: Microsoft.EntityFrameworkCore.Database.Command[20101]
      Executed DbCommand (9ms) [Parameters=[], CommandType='Text', CommandTimeout='120']
      SELECT [t].[FID], [t].[Address], [t].[Code], [t].[CreatedBy], [t].[CreatedOn], [t].[FactoryName], [t].[Gstin], [t].[IsActive], [t].[ModifiedBy], [t].[ModifiedOn]
      FROM [TblFactories] AS [t]
info: Microsoft.EntityFrameworkCore.Database.Command[20101]
      Executed DbCommand (1ms) [Parameters=[], CommandType='Text', CommandTimeout='120']
      SELECT [t].[FID], [t].[Address], [t].[Code], [t].[CreatedBy], [t].[CreatedOn], [t].[FactoryName], [t].[Gstin], [t].[IsActive], [t].[ModifiedBy], [t].[ModifiedOn]
      FROM [TblFactories] AS [t]
info: Microsoft.EntityFrameworkCore.Database.Command[20101]
      Executed DbCommand (8ms) [Parameters=[], CommandType='Text', CommandTimeout='120']
      SELECT [t].[DispId], [t].[BillID], [t].[ChallanNo], [t].[Destination], [t].[DisVid], [t].[DispatchDate], [t].[DispatchQuantity], [t].[FinalPrice], [t].[UnitPrice], [t].[VehicleNo]
      FROM [TblDispatches] AS [t]
info: Microsoft.EntityFrameworkCore.Infrastructure[10403]
      Entity Framework Core 6.0.21 initialized 'TransportMgmtContext' using provider 'Microsoft.EntityFrameworkCore.SqlServer:6.0.21' with options: CommandTimeout=120 
info: Microsoft.EntityFrameworkCore.Database.Command[20101]
      Executed DbCommand (13ms) [Parameters=[@__cell1_0='?' (Size = 4000)], CommandType='Text', CommandTimeout='120']
      SELECT TOP(1) [t].[DispId], [t].[BillID], [t].[ChallanNo], [t].[Destination], [t].[DisVid], [t].[DispatchDate], [t].[DispatchQuantity], [t].[FinalPrice], [t].[UnitPrice], [t].[VehicleNo]
      FROM [TblDispatches] AS [t]
      WHERE [t].[ChallanNo] = @__cell1_0
info: Microsoft.EntityFrameworkCore.Database.Command[20101]
      Executed DbCommand (8ms) [Parameters=[@__cell1_0='?' (Size = 4000)], CommandType='Text', CommandTimeout='120']
      SELECT TOP(1) [t].[DispId], [t].[BillID], [t].[ChallanNo], [t].[Destination], [t].[DisVid], [t].[DispatchDate], [t].[DispatchQuantity], [t].[FinalPrice], [t].[UnitPrice], [t].[VehicleNo]
      FROM [TblDispatches] AS [t]
      WHERE [t].[ChallanNo] = @__cell1_0
info: Microsoft.EntityFrameworkCore.Database.Command[20101]
      Executed DbCommand (8ms) [Parameters=[@__cell1_0='?' (Size = 4000)], CommandType='Text', CommandTimeout='120']
      SELECT TOP(1) [t].[DispId], [t].[BillID], [t].[ChallanNo], [t].[Destination], [t].[DisVid], [t].[DispatchDate], [t].[DispatchQuantity], [t].[FinalPrice], [t].[UnitPrice], [t].[VehicleNo]
      FROM [TblDispatches] AS [t]
      WHERE [t].[ChallanNo] = @__cell1_0
info: Microsoft.EntityFrameworkCore.Database.Command[20101]
      Executed DbCommand (7ms) [Parameters=[@__cell1_0='?' (Size = 4000)], CommandType='Text', CommandTimeout='120']
      SELECT TOP(1) [t].[DispId], [t].[BillID], [t].[ChallanNo], [t].[Destination], [t].[DisVid], [t].[DispatchDate], [t].[DispatchQuantity], [t].[FinalPrice], [t].[UnitPrice], [t].[VehicleNo]
      FROM [TblDispatches] AS [t]
      WHERE [t].[ChallanNo] = @__cell1_0
info: Microsoft.EntityFrameworkCore.Database.Command[20101]
      Executed DbCommand (10ms) [Parameters=[@__cell1_0='?' (Size = 4000)], CommandType='Text', CommandTimeout='120']
      SELECT TOP(1) [t].[DispId], [t].[BillID], [t].[ChallanNo], [t].[Destination], [t].[DisVid], [t].[DispatchDate], [t].[DispatchQuantity], [t].[FinalPrice], [t].[UnitPrice], [t].[VehicleNo]
      FROM [TblDispatches] AS [t]
      WHERE [t].[ChallanNo] = @__cell1_0
info: Microsoft.EntityFrameworkCore.Database.Command[20101]
      Executed DbCommand (9ms) [Parameters=[@__cell1_0='?' (Size = 4000)], CommandType='Text', CommandTimeout='120']
      SELECT TOP(1) [t].[DispId], [t].[BillID], [t].[ChallanNo], [t].[Destination], [t].[DisVid], [t].[DispatchDate], [t].[DispatchQuantity], [t].[FinalPrice], [t].[UnitPrice], [t].[VehicleNo]
      FROM [TblDispatches] AS [t]
      WHERE [t].[ChallanNo] = @__cell1_0
info: Microsoft.EntityFrameworkCore.Database.Command[20101]
      Executed DbCommand (31ms) [Parameters=[@p0='?' (DbType = Int32), @p1='?' (Size = 4000), @p2='?' (Size = 4000), @p3='?' (DbType = Int32), @p4='?' (DbType = DateTime2), @p5='?' (DbType = Double), @p6='?' (DbType = Double), @p7='?' (DbType = Double), @p8='?' (Size = 4000), @p9='?' (DbType = Int32), @p10='?' (Size = 4000), @p11='?' (Size = 4000), @p12='?' (DbType = Int32), @p13='?' (DbType = DateTime2), @p14='?' (DbType = Double), @p15='?' (DbType = Double), @p16='?' (DbType = Double), @p17='?' (Size = 4000), @p18='?' (DbType = Int32), @p19='?' (Size = 4000), @p20='?' (Size = 4000), @p21='?' (DbType = Int32), @p22='?' (DbType = DateTime2), @p23='?' (DbType = Double), @p24='?' (DbType = Double), @p25='?' (DbType = Double), @p26='?' (Size = 4000), @p27='?' (DbType = Int32), @p28='?' (Size = 4000), @p29='?' (Size = 4000), @p30='?' (DbType = Int32), @p31='?' (DbType = DateTime2), @p32='?' (DbType = Double), @p33='?' (DbType = Double), @p34='?' (DbType = Double), @p35='?' (Size = 4000), @p36='?' (DbType = Int32), @p37='?' (Size = 4000), @p38='?' (Size = 4000), @p39='?' (DbType = Int32), @p40='?' (DbType = DateTime2), @p41='?' (DbType = Double), @p42='?' (DbType = Double), @p43='?' (DbType = Double), @p44='?' (Size = 4000), @p45='?' (DbType = Int32), @p46='?' (Size = 4000), @p47='?' (Size = 4000), @p48='?' (DbType = Int32), @p49='?' (DbType = DateTime2), @p50='?' (DbType = Double), @p51='?' (DbType = Double), @p52='?' (DbType = Double), @p53='?' (Size = 4000)], CommandType='Text', CommandTimeout='120']
      SET NOCOUNT ON;
      DECLARE @inserted0 TABLE ([DispId] int, [_Position] [int]);
      MERGE [TblDispatches] USING (
      VALUES (@p0, @p1, @p2, @p3, @p4, @p5, @p6, @p7, @p8, 0),
      (@p9, @p10, @p11, @p12, @p13, @p14, @p15, @p16, @p17, 1),
      (@p18, @p19, @p20, @p21, @p22, @p23, @p24, @p25, @p26, 2),
      (@p27, @p28, @p29, @p30, @p31, @p32, @p33, @p34, @p35, 3),
      (@p36, @p37, @p38, @p39, @p40, @p41, @p42, @p43, @p44, 4),
      (@p45, @p46, @p47, @p48, @p49, @p50, @p51, @p52, @p53, 5)) AS i ([BillID], [ChallanNo], [Destination], [DisVid], [DispatchDate], [DispatchQuantity], [FinalPrice], [UnitPrice], [VehicleNo], _Position) ON 1=0
      WHEN NOT MATCHED THEN
      INSERT ([BillID], [ChallanNo], [Destination], [DisVid], [DispatchDate], [DispatchQuantity], [FinalPrice], [UnitPrice], [VehicleNo])
      VALUES (i.[BillID], i.[ChallanNo], i.[Destination], i.[DisVid], i.[DispatchDate], i.[DispatchQuantity], i.[FinalPrice], i.[UnitPrice], i.[VehicleNo])
      OUTPUT INSERTED.[DispId], i._Position
      INTO @inserted0;
      
      SELECT [i].[DispId] FROM @inserted0 i
      ORDER BY [i].[_Position];
info: Microsoft.EntityFrameworkCore.Database.Command[20101]
      Executed DbCommand (3ms) [Parameters=[], CommandType='Text', CommandTimeout='120']
      SELECT [t].[FID], [t].[Address], [t].[Code], [t].[CreatedBy], [t].[CreatedOn], [t].[FactoryName], [t].[Gstin], [t].[IsActive], [t].[ModifiedBy], [t].[ModifiedOn]
      FROM [TblFactories] AS [t]
info: Microsoft.EntityFrameworkCore.Database.Command[20101]
      Executed DbCommand (1ms) [Parameters=[], CommandType='Text', CommandTimeout='120']
      SELECT [t].[DispId], [t].[BillID], [t].[ChallanNo], [t].[Destination], [t].[DisVid], [t].[DispatchDate], [t].[DispatchQuantity], [t].[FinalPrice], [t].[UnitPrice], [t].[VehicleNo]
      FROM [TblDispatches] AS [t]
info: Microsoft.EntityFrameworkCore.Infrastructure[10403]
      Entity Framework Core 6.0.21 initialized 'TransportMgmtContext' using provider 'Microsoft.EntityFrameworkCore.SqlServer:6.0.21' with options: CommandTimeout=120 
info: Microsoft.EntityFrameworkCore.Database.Command[20101]
      Executed DbCommand (8ms) [Parameters=[], CommandType='Text', CommandTimeout='120']
      SELECT [t].[FID], [t].[Address], [t].[Code], [t].[CreatedBy], [t].[CreatedOn], [t].[FactoryName], [t].[Gstin], [t].[IsActive], [t].[ModifiedBy], [t].[ModifiedOn]
      FROM [TblFactories] AS [t]
info: Microsoft.EntityFrameworkCore.Database.Command[20101]
      Executed DbCommand (3ms) [Parameters=[], CommandType='Text', CommandTimeout='120']
      SELECT [t].[FID], [t].[Address], [t].[Code], [t].[CreatedBy], [t].[CreatedOn], [t].[FactoryName], [t].[Gstin], [t].[IsActive], [t].[ModifiedBy], [t].[ModifiedOn]
      FROM [TblFactories] AS [t]
info: Microsoft.EntityFrameworkCore.Database.Command[20101]
      Executed DbCommand (9ms) [Parameters=[], CommandType='Text', CommandTimeout='120']
      SELECT [b].[BillID], [b].[ActualAmount], [b].[BillDate], [b].[BillNum], [b].[BillType], [b].[FID], [b].[Gst], [b].[GstDate], [b].[PId], [b].[PaymentReceived], [b].[PaymentTablePId], [b].[Tds]
      FROM [BillTables] AS [b]
info: Microsoft.EntityFrameworkCore.Infrastructure[10403]
      Entity Framework Core 6.0.21 initialized 'TransportMgmtContext' using provider 'Microsoft.EntityFrameworkCore.SqlServer:6.0.21' with options: CommandTimeout=120 
info: Microsoft.EntityFrameworkCore.Database.Command[20101]
      Executed DbCommand (4ms) [Parameters=[@__billNumber_0='?' (Size = 4000)], CommandType='Text', CommandTimeout='120']
      SELECT TOP(1) [b].[BillID], [b].[ActualAmount], [b].[BillDate], [b].[BillNum], [b].[BillType], [b].[FID], [b].[Gst], [b].[GstDate], [b].[PId], [b].[PaymentReceived], [b].[PaymentTablePId], [b].[Tds]
      FROM [BillTables] AS [b]
      WHERE [b].[BillNum] = @__billNumber_0
info: Microsoft.EntityFrameworkCore.Database.Command[20101]
      Executed DbCommand (1ms) [Parameters=[@__billNumber_0='?' (Size = 4000)], CommandType='Text', CommandTimeout='120']
      SELECT TOP(1) [b].[BillID], [b].[ActualAmount], [b].[BillDate], [b].[BillNum], [b].[BillType], [b].[FID], [b].[Gst], [b].[GstDate], [b].[PId], [b].[PaymentReceived], [b].[PaymentTablePId], [b].[Tds]
      FROM [BillTables] AS [b]
      WHERE [b].[BillNum] = @__billNumber_0
info: Microsoft.EntityFrameworkCore.Infrastructure[10403]
      Entity Framework Core 6.0.21 initialized 'TransportMgmtContext' using provider 'Microsoft.EntityFrameworkCore.SqlServer:6.0.21' with options: CommandTimeout=120 
info: Microsoft.EntityFrameworkCore.Database.Command[20101]
      Executed DbCommand (1ms) [Parameters=[], CommandType='Text', CommandTimeout='120']
      SELECT [t].[FID], [t].[Address], [t].[Code], [t].[CreatedBy], [t].[CreatedOn], [t].[FactoryName], [t].[Gstin], [t].[IsActive], [t].[ModifiedBy], [t].[ModifiedOn]
      FROM [TblFactories] AS [t]
info: Microsoft.EntityFrameworkCore.Database.Command[20101]
      Executed DbCommand (2ms) [Parameters=[], CommandType='Text', CommandTimeout='120']
      SELECT [t].[FID], [t].[Address], [t].[Code], [t].[CreatedBy], [t].[CreatedOn], [t].[FactoryName], [t].[Gstin], [t].[IsActive], [t].[ModifiedBy], [t].[ModifiedOn]
      FROM [TblFactories] AS [t]
info: Microsoft.EntityFrameworkCore.Database.Command[20101]
      Executed DbCommand (1ms) [Parameters=[], CommandType='Text', CommandTimeout='120']
      SELECT [b].[BillID], [b].[ActualAmount], [b].[BillDate], [b].[BillNum], [b].[BillType], [b].[FID], [b].[Gst], [b].[GstDate], [b].[PId], [b].[PaymentReceived], [b].[PaymentTablePId], [b].[Tds]
      FROM [BillTables] AS [b]
info: Microsoft.EntityFrameworkCore.Infrastructure[10403]
      Entity Framework Core 6.0.21 initialized 'TransportMgmtContext' using provider 'Microsoft.EntityFrameworkCore.SqlServer:6.0.21' with options: CommandTimeout=120 
info: Microsoft.EntityFrameworkCore.Database.Command[20101]
      Executed DbCommand (6ms) [Parameters=[], CommandType='Text', CommandTimeout='120']
      SELECT [t].[FID], [t].[Address], [t].[Code], [t].[CreatedBy], [t].[CreatedOn], [t].[FactoryName], [t].[Gstin], [t].[IsActive], [t].[ModifiedBy], [t].[ModifiedOn]
      FROM [TblFactories] AS [t]
info: Microsoft.EntityFrameworkCore.Database.Command[20101]
      Executed DbCommand (0ms) [Parameters=[], CommandType='Text', CommandTimeout='120']
      SELECT [t].[FID], [t].[Address], [t].[Code], [t].[CreatedBy], [t].[CreatedOn], [t].[FactoryName], [t].[Gstin], [t].[IsActive], [t].[ModifiedBy], [t].[ModifiedOn]
      FROM [TblFactories] AS [t]
info: Microsoft.EntityFrameworkCore.Database.Command[20101]
      Executed DbCommand (5ms) [Parameters=[], CommandType='Text', CommandTimeout='120']
      SELECT [t].[DispId], [t].[BillID], [t].[ChallanNo], [t].[Destination], [t].[DisVid], [t].[DispatchDate], [t].[DispatchQuantity], [t].[FinalPrice], [t].[UnitPrice], [t].[VehicleNo]
      FROM [TblDispatches] AS [t]
info: Microsoft.EntityFrameworkCore.Infrastructure[10403]
      Entity Framework Core 6.0.21 initialized 'TransportMgmtContext' using provider 'Microsoft.EntityFrameworkCore.SqlServer:6.0.21' with options: CommandTimeout=120 
info: Microsoft.EntityFrameworkCore.Database.Command[20101]
      Executed DbCommand (7ms) [Parameters=[@__cell1_0='?' (Size = 4000)], CommandType='Text', CommandTimeout='120']
      SELECT TOP(1) [t].[DispId], [t].[BillID], [t].[ChallanNo], [t].[Destination], [t].[DisVid], [t].[DispatchDate], [t].[DispatchQuantity], [t].[FinalPrice], [t].[UnitPrice], [t].[VehicleNo]
      FROM [TblDispatches] AS [t]
      WHERE [t].[ChallanNo] = @__cell1_0
info: Microsoft.EntityFrameworkCore.Database.Command[20101]
      Executed DbCommand (5ms) [Parameters=[@__cell1_0='?' (Size = 4000)], CommandType='Text', CommandTimeout='120']
      SELECT TOP(1) [t].[DispId], [t].[BillID], [t].[ChallanNo], [t].[Destination], [t].[DisVid], [t].[DispatchDate], [t].[DispatchQuantity], [t].[FinalPrice], [t].[UnitPrice], [t].[VehicleNo]
      FROM [TblDispatches] AS [t]
      WHERE [t].[ChallanNo] = @__cell1_0
info: Microsoft.EntityFrameworkCore.Database.Command[20101]
      Executed DbCommand (4ms) [Parameters=[@__cell1_0='?' (Size = 4000)], CommandType='Text', CommandTimeout='120']
      SELECT TOP(1) [t].[DispId], [t].[BillID], [t].[ChallanNo], [t].[Destination], [t].[DisVid], [t].[DispatchDate], [t].[DispatchQuantity], [t].[FinalPrice], [t].[UnitPrice], [t].[VehicleNo]
      FROM [TblDispatches] AS [t]
      WHERE [t].[ChallanNo] = @__cell1_0
info: Microsoft.EntityFrameworkCore.Database.Command[20101]
      Executed DbCommand (3ms) [Parameters=[@__cell1_0='?' (Size = 4000)], CommandType='Text', CommandTimeout='120']
      SELECT TOP(1) [t].[DispId], [t].[BillID], [t].[ChallanNo], [t].[Destination], [t].[DisVid], [t].[DispatchDate], [t].[DispatchQuantity], [t].[FinalPrice], [t].[UnitPrice], [t].[VehicleNo]
      FROM [TblDispatches] AS [t]
      WHERE [t].[ChallanNo] = @__cell1_0
info: Microsoft.EntityFrameworkCore.Database.Command[20101]
      Executed DbCommand (4ms) [Parameters=[@__cell1_0='?' (Size = 4000)], CommandType='Text', CommandTimeout='120']
      SELECT TOP(1) [t].[DispId], [t].[BillID], [t].[ChallanNo], [t].[Destination], [t].[DisVid], [t].[DispatchDate], [t].[DispatchQuantity], [t].[FinalPrice], [t].[UnitPrice], [t].[VehicleNo]
      FROM [TblDispatches] AS [t]
      WHERE [t].[ChallanNo] = @__cell1_0
info: Microsoft.EntityFrameworkCore.Database.Command[20101]
      Executed DbCommand (4ms) [Parameters=[@__cell1_0='?' (Size = 4000)], CommandType='Text', CommandTimeout='120']
      SELECT TOP(1) [t].[DispId], [t].[BillID], [t].[ChallanNo], [t].[Destination], [t].[DisVid], [t].[DispatchDate], [t].[DispatchQuantity], [t].[FinalPrice], [t].[UnitPrice], [t].[VehicleNo]
      FROM [TblDispatches] AS [t]
      WHERE [t].[ChallanNo] = @__cell1_0
info: Microsoft.EntityFrameworkCore.Database.Command[20101]
      Executed DbCommand (6ms) [Parameters=[@__cell1_0='?' (Size = 4000)], CommandType='Text', CommandTimeout='120']
      SELECT TOP(1) [t].[DispId], [t].[BillID], [t].[ChallanNo], [t].[Destination], [t].[DisVid], [t].[DispatchDate], [t].[DispatchQuantity], [t].[FinalPrice], [t].[UnitPrice], [t].[VehicleNo]
      FROM [TblDispatches] AS [t]
      WHERE [t].[ChallanNo] = @__cell1_0
info: Microsoft.EntityFrameworkCore.Database.Command[20101]
      Executed DbCommand (4ms) [Parameters=[@__cell1_0='?' (Size = 4000)], CommandType='Text', CommandTimeout='120']
      SELECT TOP(1) [t].[DispId], [t].[BillID], [t].[ChallanNo], [t].[Destination], [t].[DisVid], [t].[DispatchDate], [t].[DispatchQuantity], [t].[FinalPrice], [t].[UnitPrice], [t].[VehicleNo]
      FROM [TblDispatches] AS [t]
      WHERE [t].[ChallanNo] = @__cell1_0
info: Microsoft.EntityFrameworkCore.Database.Command[20101]
      Executed DbCommand (5ms) [Parameters=[@__cell1_0='?' (Size = 4000)], CommandType='Text', CommandTimeout='120']
      SELECT TOP(1) [t].[DispId], [t].[BillID], [t].[ChallanNo], [t].[Destination], [t].[DisVid], [t].[DispatchDate], [t].[DispatchQuantity], [t].[FinalPrice], [t].[UnitPrice], [t].[VehicleNo]
      FROM [TblDispatches] AS [t]
      WHERE [t].[ChallanNo] = @__cell1_0
info: Microsoft.EntityFrameworkCore.Database.Command[20101]
      Executed DbCommand (3ms) [Parameters=[@__cell1_0='?' (Size = 4000)], CommandType='Text', CommandTimeout='120']
      SELECT TOP(1) [t].[DispId], [t].[BillID], [t].[ChallanNo], [t].[Destination], [t].[DisVid], [t].[DispatchDate], [t].[DispatchQuantity], [t].[FinalPrice], [t].[UnitPrice], [t].[VehicleNo]
      FROM [TblDispatches] AS [t]
      WHERE [t].[ChallanNo] = @__cell1_0
info: Microsoft.EntityFrameworkCore.Database.Command[20101]
      Executed DbCommand (3ms) [Parameters=[@__cell1_0='?' (Size = 4000)], CommandType='Text', CommandTimeout='120']
      SELECT TOP(1) [t].[DispId], [t].[BillID], [t].[ChallanNo], [t].[Destination], [t].[DisVid], [t].[DispatchDate], [t].[DispatchQuantity], [t].[FinalPrice], [t].[UnitPrice], [t].[VehicleNo]
      FROM [TblDispatches] AS [t]
      WHERE [t].[ChallanNo] = @__cell1_0
info: Microsoft.EntityFrameworkCore.Database.Command[20101]
      Executed DbCommand (4ms) [Parameters=[@__cell1_0='?' (Size = 4000)], CommandType='Text', CommandTimeout='120']
      SELECT TOP(1) [t].[DispId], [t].[BillID], [t].[ChallanNo], [t].[Destination], [t].[DisVid], [t].[DispatchDate], [t].[DispatchQuantity], [t].[FinalPrice], [t].[UnitPrice], [t].[VehicleNo]
      FROM [TblDispatches] AS [t]
      WHERE [t].[ChallanNo] = @__cell1_0
info: Microsoft.EntityFrameworkCore.Database.Command[20101]
      Executed DbCommand (3ms) [Parameters=[@__cell1_0='?' (Size = 4000)], CommandType='Text', CommandTimeout='120']
      SELECT TOP(1) [t].[DispId], [t].[BillID], [t].[ChallanNo], [t].[Destination], [t].[DisVid], [t].[DispatchDate], [t].[DispatchQuantity], [t].[FinalPrice], [t].[UnitPrice], [t].[VehicleNo]
      FROM [TblDispatches] AS [t]
      WHERE [t].[ChallanNo] = @__cell1_0
info: Microsoft.EntityFrameworkCore.Database.Command[20101]
      Executed DbCommand (5ms) [Parameters=[@__cell1_0='?' (Size = 4000)], CommandType='Text', CommandTimeout='120']
      SELECT TOP(1) [t].[DispId], [t].[BillID], [t].[ChallanNo], [t].[Destination], [t].[DisVid], [t].[DispatchDate], [t].[DispatchQuantity], [t].[FinalPrice], [t].[UnitPrice], [t].[VehicleNo]
      FROM [TblDispatches] AS [t]
      WHERE [t].[ChallanNo] = @__cell1_0
info: Microsoft.EntityFrameworkCore.Database.Command[20101]
      Executed DbCommand (5ms) [Parameters=[@__cell1_0='?' (Size = 4000)], CommandType='Text', CommandTimeout='120']
      SELECT TOP(1) [t].[DispId], [t].[BillID], [t].[ChallanNo], [t].[Destination], [t].[DisVid], [t].[DispatchDate], [t].[DispatchQuantity], [t].[FinalPrice], [t].[UnitPrice], [t].[VehicleNo]
      FROM [TblDispatches] AS [t]
      WHERE [t].[ChallanNo] = @__cell1_0
info: Microsoft.EntityFrameworkCore.Database.Command[20101]
      Executed DbCommand (7ms) [Parameters=[@__cell1_0='?' (Size = 4000)], CommandType='Text', CommandTimeout='120']
      SELECT TOP(1) [t].[DispId], [t].[BillID], [t].[ChallanNo], [t].[Destination], [t].[DisVid], [t].[DispatchDate], [t].[DispatchQuantity], [t].[FinalPrice], [t].[UnitPrice], [t].[VehicleNo]
      FROM [TblDispatches] AS [t]
      WHERE [t].[ChallanNo] = @__cell1_0
info: Microsoft.EntityFrameworkCore.Database.Command[20101]
      Executed DbCommand (5ms) [Parameters=[@__cell1_0='?' (Size = 4000)], CommandType='Text', CommandTimeout='120']
      SELECT TOP(1) [t].[DispId], [t].[BillID], [t].[ChallanNo], [t].[Destination], [t].[DisVid], [t].[DispatchDate], [t].[DispatchQuantity], [t].[FinalPrice], [t].[UnitPrice], [t].[VehicleNo]
      FROM [TblDispatches] AS [t]
      WHERE [t].[ChallanNo] = @__cell1_0
info: Microsoft.EntityFrameworkCore.Database.Command[20101]
      Executed DbCommand (5ms) [Parameters=[@__cell1_0='?' (Size = 4000)], CommandType='Text', CommandTimeout='120']
      SELECT TOP(1) [t].[DispId], [t].[BillID], [t].[ChallanNo], [t].[Destination], [t].[DisVid], [t].[DispatchDate], [t].[DispatchQuantity], [t].[FinalPrice], [t].[UnitPrice], [t].[VehicleNo]
      FROM [TblDispatches] AS [t]
      WHERE [t].[ChallanNo] = @__cell1_0
info: Microsoft.EntityFrameworkCore.Database.Command[20101]
      Executed DbCommand (18ms) [Parameters=[@p0='?' (DbType = Int32), @p1='?' (Size = 4000), @p2='?' (Size = 4000), @p3='?' (DbType = Int32), @p4='?' (DbType = DateTime2), @p5='?' (DbType = Double), @p6='?' (DbType = Double), @p7='?' (DbType = Double), @p8='?' (Size = 4000), @p9='?' (DbType = Int32), @p10='?' (Size = 4000), @p11='?' (Size = 4000), @p12='?' (DbType = Int32), @p13='?' (DbType = DateTime2), @p14='?' (DbType = Double), @p15='?' (DbType = Double), @p16='?' (DbType = Double), @p17='?' (Size = 4000), @p18='?' (DbType = Int32), @p19='?' (Size = 4000), @p20='?' (Size = 4000), @p21='?' (DbType = Int32), @p22='?' (DbType = DateTime2), @p23='?' (DbType = Double), @p24='?' (DbType = Double), @p25='?' (DbType = Double), @p26='?' (Size = 4000), @p27='?' (DbType = Int32), @p28='?' (Size = 4000), @p29='?' (Size = 4000), @p30='?' (DbType = Int32), @p31='?' (DbType = DateTime2), @p32='?' (DbType = Double), @p33='?' (DbType = Double), @p34='?' (DbType = Double), @p35='?' (Size = 4000), @p36='?' (DbType = Int32), @p37='?' (Size = 4000), @p38='?' (Size = 4000), @p39='?' (DbType = Int32), @p40='?' (DbType = DateTime2), @p41='?' (DbType = Double), @p42='?' (DbType = Double), @p43='?' (DbType = Double), @p44='?' (Size = 4000), @p45='?' (DbType = Int32), @p46='?' (Size = 4000), @p47='?' (Size = 4000), @p48='?' (DbType = Int32), @p49='?' (DbType = DateTime2), @p50='?' (DbType = Double), @p51='?' (DbType = Double), @p52='?' (DbType = Double), @p53='?' (Size = 4000), @p54='?' (DbType = Int32), @p55='?' (Size = 4000), @p56='?' (Size = 4000), @p57='?' (DbType = Int32), @p58='?' (DbType = DateTime2), @p59='?' (DbType = Double), @p60='?' (DbType = Double), @p61='?' (DbType = Double), @p62='?' (Size = 4000), @p63='?' (DbType = Int32), @p64='?' (Size = 4000), @p65='?' (Size = 4000), @p66='?' (DbType = Int32), @p67='?' (DbType = DateTime2), @p68='?' (DbType = Double), @p69='?' (DbType = Double), @p70='?' (DbType = Double), @p71='?' (Size = 4000), @p72='?' (DbType = Int32), @p73='?' (Size = 4000), @p74='?' (Size = 4000), @p75='?' (DbType = Int32), @p76='?' (DbType = DateTime2), @p77='?' (DbType = Double), @p78='?' (DbType = Double), @p79='?' (DbType = Double), @p80='?' (Size = 4000), @p81='?' (DbType = Int32), @p82='?' (Size = 4000), @p83='?' (Size = 4000), @p84='?' (DbType = Int32), @p85='?' (DbType = DateTime2), @p86='?' (DbType = Double), @p87='?' (DbType = Double), @p88='?' (DbType = Double), @p89='?' (Size = 4000), @p90='?' (DbType = Int32), @p91='?' (Size = 4000), @p92='?' (Size = 4000), @p93='?' (DbType = Int32), @p94='?' (DbType = DateTime2), @p95='?' (DbType = Double), @p96='?' (DbType = Double), @p97='?' (DbType = Double), @p98='?' (Size = 4000), @p99='?' (DbType = Int32), @p100='?' (Size = 4000), @p101='?' (Size = 4000), @p102='?' (DbType = Int32), @p103='?' (DbType = DateTime2), @p104='?' (DbType = Double), @p105='?' (DbType = Double), @p106='?' (DbType = Double), @p107='?' (Size = 4000), @p108='?' (DbType = Int32), @p109='?' (Size = 4000), @p110='?' (Size = 4000), @p111='?' (DbType = Int32), @p112='?' (DbType = DateTime2), @p113='?' (DbType = Double), @p114='?' (DbType = Double), @p115='?' (DbType = Double), @p116='?' (Size = 4000), @p117='?' (DbType = Int32), @p118='?' (Size = 4000), @p119='?' (Size = 4000), @p120='?' (DbType = Int32), @p121='?' (DbType = DateTime2), @p122='?' (DbType = Double), @p123='?' (DbType = Double), @p124='?' (DbType = Double), @p125='?' (Size = 4000), @p126='?' (DbType = Int32), @p127='?' (Size = 4000), @p128='?' (Size = 4000), @p129='?' (DbType = Int32), @p130='?' (DbType = DateTime2), @p131='?' (DbType = Double), @p132='?' (DbType = Double), @p133='?' (DbType = Double), @p134='?' (Size = 4000), @p135='?' (DbType = Int32), @p136='?' (Size = 4000), @p137='?' (Size = 4000), @p138='?' (DbType = Int32), @p139='?' (DbType = DateTime2), @p140='?' (DbType = Double), @p141='?' (DbType = Double), @p142='?' (DbType = Double), @p143='?' (Size = 4000), @p144='?' (DbType = Int32), @p145='?' (Size = 4000), @p146='?' (Size = 4000), @p147='?' (DbType = Int32), @p148='?' (DbType = DateTime2), @p149='?' (DbType = Double), @p150='?' (DbType = Double), @p151='?' (DbType = Double), @p152='?' (Size = 4000), @p153='?' (DbType = Int32), @p154='?' (Size = 4000), @p155='?' (Size = 4000), @p156='?' (DbType = Int32), @p157='?' (DbType = DateTime2), @p158='?' (DbType = Double), @p159='?' (DbType = Double), @p160='?' (DbType = Double), @p161='?' (Size = 4000)], CommandType='Text', CommandTimeout='120']
      SET NOCOUNT ON;
      DECLARE @inserted0 TABLE ([DispId] int, [_Position] [int]);
      MERGE [TblDispatches] USING (
      VALUES (@p0, @p1, @p2, @p3, @p4, @p5, @p6, @p7, @p8, 0),
      (@p9, @p10, @p11, @p12, @p13, @p14, @p15, @p16, @p17, 1),
      (@p18, @p19, @p20, @p21, @p22, @p23, @p24, @p25, @p26, 2),
      (@p27, @p28, @p29, @p30, @p31, @p32, @p33, @p34, @p35, 3),
      (@p36, @p37, @p38, @p39, @p40, @p41, @p42, @p43, @p44, 4),
      (@p45, @p46, @p47, @p48, @p49, @p50, @p51, @p52, @p53, 5),
      (@p54, @p55, @p56, @p57, @p58, @p59, @p60, @p61, @p62, 6),
      (@p63, @p64, @p65, @p66, @p67, @p68, @p69, @p70, @p71, 7),
      (@p72, @p73, @p74, @p75, @p76, @p77, @p78, @p79, @p80, 8),
      (@p81, @p82, @p83, @p84, @p85, @p86, @p87, @p88, @p89, 9),
      (@p90, @p91, @p92, @p93, @p94, @p95, @p96, @p97, @p98, 10),
      (@p99, @p100, @p101, @p102, @p103, @p104, @p105, @p106, @p107, 11),
      (@p108, @p109, @p110, @p111, @p112, @p113, @p114, @p115, @p116, 12),
      (@p117, @p118, @p119, @p120, @p121, @p122, @p123, @p124, @p125, 13),
      (@p126, @p127, @p128, @p129, @p130, @p131, @p132, @p133, @p134, 14),
      (@p135, @p136, @p137, @p138, @p139, @p140, @p141, @p142, @p143, 15),
      (@p144, @p145, @p146, @p147, @p148, @p149, @p150, @p151, @p152, 16),
      (@p153, @p154, @p155, @p156, @p157, @p158, @p159, @p160, @p161, 17)) AS i ([BillID], [ChallanNo], [Destination], [DisVid], [DispatchDate], [DispatchQuantity], [FinalPrice], [UnitPrice], [VehicleNo], _Position) ON 1=0
      WHEN NOT MATCHED THEN
      INSERT ([BillID], [ChallanNo], [Destination], [DisVid], [DispatchDate], [DispatchQuantity], [FinalPrice], [UnitPrice], [VehicleNo])
      VALUES (i.[BillID], i.[ChallanNo], i.[Destination], i.[DisVid], i.[DispatchDate], i.[DispatchQuantity], i.[FinalPrice], i.[UnitPrice], i.[VehicleNo])
      OUTPUT INSERTED.[DispId], i._Position
      INTO @inserted0;
      
      SELECT [i].[DispId] FROM @inserted0 i
      ORDER BY [i].[_Position];
info: Microsoft.EntityFrameworkCore.Database.Command[20101]
      Executed DbCommand (3ms) [Parameters=[], CommandType='Text', CommandTimeout='120']
      SELECT [t].[FID], [t].[Address], [t].[Code], [t].[CreatedBy], [t].[CreatedOn], [t].[FactoryName], [t].[Gstin], [t].[IsActive], [t].[ModifiedBy], [t].[ModifiedOn]
      FROM [TblFactories] AS [t]
info: Microsoft.EntityFrameworkCore.Database.Command[20101]
      Executed DbCommand (1ms) [Parameters=[], CommandType='Text', CommandTimeout='120']
      SELECT [t].[DispId], [t].[BillID], [t].[ChallanNo], [t].[Destination], [t].[DisVid], [t].[DispatchDate], [t].[DispatchQuantity], [t].[FinalPrice], [t].[UnitPrice], [t].[VehicleNo]
      FROM [TblDispatches] AS [t]
info: Microsoft.EntityFrameworkCore.Infrastructure[10403]
      Entity Framework Core 6.0.21 initialized 'TransportMgmtContext' using provider 'Microsoft.EntityFrameworkCore.SqlServer:6.0.21' with options: CommandTimeout=120 
info: Microsoft.EntityFrameworkCore.Database.Command[20101]
      Executed DbCommand (14ms) [Parameters=[@__cell1_0='?' (Size = 4000)], CommandType='Text', CommandTimeout='120']
      SELECT TOP(1) [t].[DispId], [t].[BillID], [t].[ChallanNo], [t].[Destination], [t].[DisVid], [t].[DispatchDate], [t].[DispatchQuantity], [t].[FinalPrice], [t].[UnitPrice], [t].[VehicleNo]
      FROM [TblDispatches] AS [t]
      WHERE [t].[ChallanNo] = @__cell1_0
info: Microsoft.EntityFrameworkCore.Database.Command[20101]
      Executed DbCommand (2ms) [Parameters=[], CommandType='Text', CommandTimeout='120']
      SELECT [t].[FID], [t].[Address], [t].[Code], [t].[CreatedBy], [t].[CreatedOn], [t].[FactoryName], [t].[Gstin], [t].[IsActive], [t].[ModifiedBy], [t].[ModifiedOn]
      FROM [TblFactories] AS [t]
info: Microsoft.EntityFrameworkCore.Database.Command[20101]
      Executed DbCommand (2ms) [Parameters=[], CommandType='Text', CommandTimeout='120']
      SELECT [t].[DispId], [t].[BillID], [t].[ChallanNo], [t].[Destination], [t].[DisVid], [t].[DispatchDate], [t].[DispatchQuantity], [t].[FinalPrice], [t].[UnitPrice], [t].[VehicleNo]
      FROM [TblDispatches] AS [t]
info: Microsoft.EntityFrameworkCore.Infrastructure[10403]
      Entity Framework Core 6.0.21 initialized 'TransportMgmtContext' using provider 'Microsoft.EntityFrameworkCore.SqlServer:6.0.21' with options: CommandTimeout=120 
info: Microsoft.EntityFrameworkCore.Database.Command[20101]
      Executed DbCommand (16ms) [Parameters=[@__cell1_0='?' (Size = 4000)], CommandType='Text', CommandTimeout='120']
      SELECT TOP(1) [t].[DispId], [t].[BillID], [t].[ChallanNo], [t].[Destination], [t].[DisVid], [t].[DispatchDate], [t].[DispatchQuantity], [t].[FinalPrice], [t].[UnitPrice], [t].[VehicleNo]
      FROM [TblDispatches] AS [t]
      WHERE [t].[ChallanNo] = @__cell1_0
info: Microsoft.EntityFrameworkCore.Database.Command[20101]
      Executed DbCommand (4ms) [Parameters=[@__cell1_0='?' (Size = 4000)], CommandType='Text', CommandTimeout='120']
      SELECT TOP(1) [t].[DispId], [t].[BillID], [t].[ChallanNo], [t].[Destination], [t].[DisVid], [t].[DispatchDate], [t].[DispatchQuantity], [t].[FinalPrice], [t].[UnitPrice], [t].[VehicleNo]
      FROM [TblDispatches] AS [t]
      WHERE [t].[ChallanNo] = @__cell1_0
info: Microsoft.EntityFrameworkCore.Database.Command[20101]
      Executed DbCommand (3ms) [Parameters=[@__cell1_0='?' (Size = 4000)], CommandType='Text', CommandTimeout='120']
      SELECT TOP(1) [t].[DispId], [t].[BillID], [t].[ChallanNo], [t].[Destination], [t].[DisVid], [t].[DispatchDate], [t].[DispatchQuantity], [t].[FinalPrice], [t].[UnitPrice], [t].[VehicleNo]
      FROM [TblDispatches] AS [t]
      WHERE [t].[ChallanNo] = @__cell1_0
info: Microsoft.EntityFrameworkCore.Database.Command[20101]
      Executed DbCommand (5ms) [Parameters=[@__cell1_0='?' (Size = 4000)], CommandType='Text', CommandTimeout='120']
      SELECT TOP(1) [t].[DispId], [t].[BillID], [t].[ChallanNo], [t].[Destination], [t].[DisVid], [t].[DispatchDate], [t].[DispatchQuantity], [t].[FinalPrice], [t].[UnitPrice], [t].[VehicleNo]
      FROM [TblDispatches] AS [t]
      WHERE [t].[ChallanNo] = @__cell1_0
info: Microsoft.EntityFrameworkCore.Database.Command[20101]
      Executed DbCommand (3ms) [Parameters=[@__cell1_0='?' (Size = 4000)], CommandType='Text', CommandTimeout='120']
      SELECT TOP(1) [t].[DispId], [t].[BillID], [t].[ChallanNo], [t].[Destination], [t].[DisVid], [t].[DispatchDate], [t].[DispatchQuantity], [t].[FinalPrice], [t].[UnitPrice], [t].[VehicleNo]
      FROM [TblDispatches] AS [t]
      WHERE [t].[ChallanNo] = @__cell1_0
info: Microsoft.EntityFrameworkCore.Database.Command[20101]
      Executed DbCommand (3ms) [Parameters=[@__cell1_0='?' (Size = 4000)], CommandType='Text', CommandTimeout='120']
      SELECT TOP(1) [t].[DispId], [t].[BillID], [t].[ChallanNo], [t].[Destination], [t].[DisVid], [t].[DispatchDate], [t].[DispatchQuantity], [t].[FinalPrice], [t].[UnitPrice], [t].[VehicleNo]
      FROM [TblDispatches] AS [t]
      WHERE [t].[ChallanNo] = @__cell1_0
info: Microsoft.EntityFrameworkCore.Database.Command[20101]
      Executed DbCommand (4ms) [Parameters=[@__cell1_0='?' (Size = 4000)], CommandType='Text', CommandTimeout='120']
      SELECT TOP(1) [t].[DispId], [t].[BillID], [t].[ChallanNo], [t].[Destination], [t].[DisVid], [t].[DispatchDate], [t].[DispatchQuantity], [t].[FinalPrice], [t].[UnitPrice], [t].[VehicleNo]
      FROM [TblDispatches] AS [t]
      WHERE [t].[ChallanNo] = @__cell1_0
info: Microsoft.EntityFrameworkCore.Database.Command[20101]
      Executed DbCommand (5ms) [Parameters=[@__cell1_0='?' (Size = 4000)], CommandType='Text', CommandTimeout='120']
      SELECT TOP(1) [t].[DispId], [t].[BillID], [t].[ChallanNo], [t].[Destination], [t].[DisVid], [t].[DispatchDate], [t].[DispatchQuantity], [t].[FinalPrice], [t].[UnitPrice], [t].[VehicleNo]
      FROM [TblDispatches] AS [t]
      WHERE [t].[ChallanNo] = @__cell1_0
info: Microsoft.EntityFrameworkCore.Database.Command[20101]
      Executed DbCommand (4ms) [Parameters=[@__cell1_0='?' (Size = 4000)], CommandType='Text', CommandTimeout='120']
      SELECT TOP(1) [t].[DispId], [t].[BillID], [t].[ChallanNo], [t].[Destination], [t].[DisVid], [t].[DispatchDate], [t].[DispatchQuantity], [t].[FinalPrice], [t].[UnitPrice], [t].[VehicleNo]
      FROM [TblDispatches] AS [t]
      WHERE [t].[ChallanNo] = @__cell1_0
info: Microsoft.EntityFrameworkCore.Database.Command[20101]
      Executed DbCommand (3ms) [Parameters=[@__cell1_0='?' (Size = 4000)], CommandType='Text', CommandTimeout='120']
      SELECT TOP(1) [t].[DispId], [t].[BillID], [t].[ChallanNo], [t].[Destination], [t].[DisVid], [t].[DispatchDate], [t].[DispatchQuantity], [t].[FinalPrice], [t].[UnitPrice], [t].[VehicleNo]
      FROM [TblDispatches] AS [t]
      WHERE [t].[ChallanNo] = @__cell1_0
info: Microsoft.EntityFrameworkCore.Database.Command[20101]
      Executed DbCommand (4ms) [Parameters=[@__cell1_0='?' (Size = 4000)], CommandType='Text', CommandTimeout='120']
      SELECT TOP(1) [t].[DispId], [t].[BillID], [t].[ChallanNo], [t].[Destination], [t].[DisVid], [t].[DispatchDate], [t].[DispatchQuantity], [t].[FinalPrice], [t].[UnitPrice], [t].[VehicleNo]
      FROM [TblDispatches] AS [t]
      WHERE [t].[ChallanNo] = @__cell1_0
info: Microsoft.EntityFrameworkCore.Database.Command[20101]
      Executed DbCommand (4ms) [Parameters=[@__cell1_0='?' (Size = 4000)], CommandType='Text', CommandTimeout='120']
      SELECT TOP(1) [t].[DispId], [t].[BillID], [t].[ChallanNo], [t].[Destination], [t].[DisVid], [t].[DispatchDate], [t].[DispatchQuantity], [t].[FinalPrice], [t].[UnitPrice], [t].[VehicleNo]
      FROM [TblDispatches] AS [t]
      WHERE [t].[ChallanNo] = @__cell1_0
info: Microsoft.EntityFrameworkCore.Database.Command[20101]
      Executed DbCommand (6ms) [Parameters=[@__cell1_0='?' (Size = 4000)], CommandType='Text', CommandTimeout='120']
      SELECT TOP(1) [t].[DispId], [t].[BillID], [t].[ChallanNo], [t].[Destination], [t].[DisVid], [t].[DispatchDate], [t].[DispatchQuantity], [t].[FinalPrice], [t].[UnitPrice], [t].[VehicleNo]
      FROM [TblDispatches] AS [t]
      WHERE [t].[ChallanNo] = @__cell1_0
info: Microsoft.EntityFrameworkCore.Database.Command[20101]
      Executed DbCommand (3ms) [Parameters=[@__cell1_0='?' (Size = 4000)], CommandType='Text', CommandTimeout='120']
      SELECT TOP(1) [t].[DispId], [t].[BillID], [t].[ChallanNo], [t].[Destination], [t].[DisVid], [t].[DispatchDate], [t].[DispatchQuantity], [t].[FinalPrice], [t].[UnitPrice], [t].[VehicleNo]
      FROM [TblDispatches] AS [t]
      WHERE [t].[ChallanNo] = @__cell1_0
info: Microsoft.EntityFrameworkCore.Database.Command[20101]
      Executed DbCommand (3ms) [Parameters=[@__cell1_0='?' (Size = 4000)], CommandType='Text', CommandTimeout='120']
      SELECT TOP(1) [t].[DispId], [t].[BillID], [t].[ChallanNo], [t].[Destination], [t].[DisVid], [t].[DispatchDate], [t].[DispatchQuantity], [t].[FinalPrice], [t].[UnitPrice], [t].[VehicleNo]
      FROM [TblDispatches] AS [t]
      WHERE [t].[ChallanNo] = @__cell1_0
info: Microsoft.EntityFrameworkCore.Database.Command[20101]
      Executed DbCommand (3ms) [Parameters=[@__cell1_0='?' (Size = 4000)], CommandType='Text', CommandTimeout='120']
      SELECT TOP(1) [t].[DispId], [t].[BillID], [t].[ChallanNo], [t].[Destination], [t].[DisVid], [t].[DispatchDate], [t].[DispatchQuantity], [t].[FinalPrice], [t].[UnitPrice], [t].[VehicleNo]
      FROM [TblDispatches] AS [t]
      WHERE [t].[ChallanNo] = @__cell1_0
info: Microsoft.EntityFrameworkCore.Database.Command[20101]
      Executed DbCommand (5ms) [Parameters=[@__cell1_0='?' (Size = 4000)], CommandType='Text', CommandTimeout='120']
      SELECT TOP(1) [t].[DispId], [t].[BillID], [t].[ChallanNo], [t].[Destination], [t].[DisVid], [t].[DispatchDate], [t].[DispatchQuantity], [t].[FinalPrice], [t].[UnitPrice], [t].[VehicleNo]
      FROM [TblDispatches] AS [t]
      WHERE [t].[ChallanNo] = @__cell1_0
info: Microsoft.EntityFrameworkCore.Database.Command[20101]
      Executed DbCommand (4ms) [Parameters=[@__cell1_0='?' (Size = 4000)], CommandType='Text', CommandTimeout='120']
      SELECT TOP(1) [t].[DispId], [t].[BillID], [t].[ChallanNo], [t].[Destination], [t].[DisVid], [t].[DispatchDate], [t].[DispatchQuantity], [t].[FinalPrice], [t].[UnitPrice], [t].[VehicleNo]
      FROM [TblDispatches] AS [t]
      WHERE [t].[ChallanNo] = @__cell1_0
info: Microsoft.EntityFrameworkCore.Database.Command[20101]
      Executed DbCommand (4ms) [Parameters=[@__cell1_0='?' (Size = 4000)], CommandType='Text', CommandTimeout='120']
      SELECT TOP(1) [t].[DispId], [t].[BillID], [t].[ChallanNo], [t].[Destination], [t].[DisVid], [t].[DispatchDate], [t].[DispatchQuantity], [t].[FinalPrice], [t].[UnitPrice], [t].[VehicleNo]
      FROM [TblDispatches] AS [t]
      WHERE [t].[ChallanNo] = @__cell1_0
info: Microsoft.EntityFrameworkCore.Database.Command[20101]
      Executed DbCommand (5ms) [Parameters=[@__cell1_0='?' (Size = 4000)], CommandType='Text', CommandTimeout='120']
      SELECT TOP(1) [t].[DispId], [t].[BillID], [t].[ChallanNo], [t].[Destination], [t].[DisVid], [t].[DispatchDate], [t].[DispatchQuantity], [t].[FinalPrice], [t].[UnitPrice], [t].[VehicleNo]
      FROM [TblDispatches] AS [t]
      WHERE [t].[ChallanNo] = @__cell1_0
info: Microsoft.EntityFrameworkCore.Database.Command[20101]
      Executed DbCommand (4ms) [Parameters=[@__cell1_0='?' (Size = 4000)], CommandType='Text', CommandTimeout='120']
      SELECT TOP(1) [t].[DispId], [t].[BillID], [t].[ChallanNo], [t].[Destination], [t].[DisVid], [t].[DispatchDate], [t].[DispatchQuantity], [t].[FinalPrice], [t].[UnitPrice], [t].[VehicleNo]
      FROM [TblDispatches] AS [t]
      WHERE [t].[ChallanNo] = @__cell1_0
info: Microsoft.EntityFrameworkCore.Database.Command[20101]
      Executed DbCommand (20ms) [Parameters=[@p0='?' (DbType = Int32), @p1='?' (Size = 4000), @p2='?' (Size = 4000), @p3='?' (DbType = Int32), @p4='?' (DbType = DateTime2), @p5='?' (DbType = Double), @p6='?' (DbType = Double), @p7='?' (DbType = Double), @p8='?' (Size = 4000), @p9='?' (DbType = Int32), @p10='?' (Size = 4000), @p11='?' (Size = 4000), @p12='?' (DbType = Int32), @p13='?' (DbType = DateTime2), @p14='?' (DbType = Double), @p15='?' (DbType = Double), @p16='?' (DbType = Double), @p17='?' (Size = 4000), @p18='?' (DbType = Int32), @p19='?' (Size = 4000), @p20='?' (Size = 4000), @p21='?' (DbType = Int32), @p22='?' (DbType = DateTime2), @p23='?' (DbType = Double), @p24='?' (DbType = Double), @p25='?' (DbType = Double), @p26='?' (Size = 4000), @p27='?' (DbType = Int32), @p28='?' (Size = 4000), @p29='?' (Size = 4000), @p30='?' (DbType = Int32), @p31='?' (DbType = DateTime2), @p32='?' (DbType = Double), @p33='?' (DbType = Double), @p34='?' (DbType = Double), @p35='?' (Size = 4000), @p36='?' (DbType = Int32), @p37='?' (Size = 4000), @p38='?' (Size = 4000), @p39='?' (DbType = Int32), @p40='?' (DbType = DateTime2), @p41='?' (DbType = Double), @p42='?' (DbType = Double), @p43='?' (DbType = Double), @p44='?' (Size = 4000), @p45='?' (DbType = Int32), @p46='?' (Size = 4000), @p47='?' (Size = 4000), @p48='?' (DbType = Int32), @p49='?' (DbType = DateTime2), @p50='?' (DbType = Double), @p51='?' (DbType = Double), @p52='?' (DbType = Double), @p53='?' (Size = 4000), @p54='?' (DbType = Int32), @p55='?' (Size = 4000), @p56='?' (Size = 4000), @p57='?' (DbType = Int32), @p58='?' (DbType = DateTime2), @p59='?' (DbType = Double), @p60='?' (DbType = Double), @p61='?' (DbType = Double), @p62='?' (Size = 4000), @p63='?' (DbType = Int32), @p64='?' (Size = 4000), @p65='?' (Size = 4000), @p66='?' (DbType = Int32), @p67='?' (DbType = DateTime2), @p68='?' (DbType = Double), @p69='?' (DbType = Double), @p70='?' (DbType = Double), @p71='?' (Size = 4000), @p72='?' (DbType = Int32), @p73='?' (Size = 4000), @p74='?' (Size = 4000), @p75='?' (DbType = Int32), @p76='?' (DbType = DateTime2), @p77='?' (DbType = Double), @p78='?' (DbType = Double), @p79='?' (DbType = Double), @p80='?' (Size = 4000), @p81='?' (DbType = Int32), @p82='?' (Size = 4000), @p83='?' (Size = 4000), @p84='?' (DbType = Int32), @p85='?' (DbType = DateTime2), @p86='?' (DbType = Double), @p87='?' (DbType = Double), @p88='?' (DbType = Double), @p89='?' (Size = 4000), @p90='?' (DbType = Int32), @p91='?' (Size = 4000), @p92='?' (Size = 4000), @p93='?' (DbType = Int32), @p94='?' (DbType = DateTime2), @p95='?' (DbType = Double), @p96='?' (DbType = Double), @p97='?' (DbType = Double), @p98='?' (Size = 4000), @p99='?' (DbType = Int32), @p100='?' (Size = 4000), @p101='?' (Size = 4000), @p102='?' (DbType = Int32), @p103='?' (DbType = DateTime2), @p104='?' (DbType = Double), @p105='?' (DbType = Double), @p106='?' (DbType = Double), @p107='?' (Size = 4000), @p108='?' (DbType = Int32), @p109='?' (Size = 4000), @p110='?' (Size = 4000), @p111='?' (DbType = Int32), @p112='?' (DbType = DateTime2), @p113='?' (DbType = Double), @p114='?' (DbType = Double), @p115='?' (DbType = Double), @p116='?' (Size = 4000), @p117='?' (DbType = Int32), @p118='?' (Size = 4000), @p119='?' (Size = 4000), @p120='?' (DbType = Int32), @p121='?' (DbType = DateTime2), @p122='?' (DbType = Double), @p123='?' (DbType = Double), @p124='?' (DbType = Double), @p125='?' (Size = 4000), @p126='?' (DbType = Int32), @p127='?' (Size = 4000), @p128='?' (Size = 4000), @p129='?' (DbType = Int32), @p130='?' (DbType = DateTime2), @p131='?' (DbType = Double), @p132='?' (DbType = Double), @p133='?' (DbType = Double), @p134='?' (Size = 4000), @p135='?' (DbType = Int32), @p136='?' (Size = 4000), @p137='?' (Size = 4000), @p138='?' (DbType = Int32), @p139='?' (DbType = DateTime2), @p140='?' (DbType = Double), @p141='?' (DbType = Double), @p142='?' (DbType = Double), @p143='?' (Size = 4000), @p144='?' (DbType = Int32), @p145='?' (Size = 4000), @p146='?' (Size = 4000), @p147='?' (DbType = Int32), @p148='?' (DbType = DateTime2), @p149='?' (DbType = Double), @p150='?' (DbType = Double), @p151='?' (DbType = Double), @p152='?' (Size = 4000), @p153='?' (DbType = Int32), @p154='?' (Size = 4000), @p155='?' (Size = 4000), @p156='?' (DbType = Int32), @p157='?' (DbType = DateTime2), @p158='?' (DbType = Double), @p159='?' (DbType = Double), @p160='?' (DbType = Double), @p161='?' (Size = 4000), @p162='?' (DbType = Int32), @p163='?' (Size = 4000), @p164='?' (Size = 4000), @p165='?' (DbType = Int32), @p166='?' (DbType = DateTime2), @p167='?' (DbType = Double), @p168='?' (DbType = Double), @p169='?' (DbType = Double), @p170='?' (Size = 4000), @p171='?' (DbType = Int32), @p172='?' (Size = 4000), @p173='?' (Size = 4000), @p174='?' (DbType = Int32), @p175='?' (DbType = DateTime2), @p176='?' (DbType = Double), @p177='?' (DbType = Double), @p178='?' (DbType = Double), @p179='?' (Size = 4000), @p180='?' (DbType = Int32), @p181='?' (Size = 4000), @p182='?' (Size = 4000), @p183='?' (DbType = Int32), @p184='?' (DbType = DateTime2), @p185='?' (DbType = Double), @p186='?' (DbType = Double), @p187='?' (DbType = Double), @p188='?' (Size = 4000)], CommandType='Text', CommandTimeout='120']
      SET NOCOUNT ON;
      DECLARE @inserted0 TABLE ([DispId] int, [_Position] [int]);
      MERGE [TblDispatches] USING (
      VALUES (@p0, @p1, @p2, @p3, @p4, @p5, @p6, @p7, @p8, 0),
      (@p9, @p10, @p11, @p12, @p13, @p14, @p15, @p16, @p17, 1),
      (@p18, @p19, @p20, @p21, @p22, @p23, @p24, @p25, @p26, 2),
      (@p27, @p28, @p29, @p30, @p31, @p32, @p33, @p34, @p35, 3),
      (@p36, @p37, @p38, @p39, @p40, @p41, @p42, @p43, @p44, 4),
      (@p45, @p46, @p47, @p48, @p49, @p50, @p51, @p52, @p53, 5),
      (@p54, @p55, @p56, @p57, @p58, @p59, @p60, @p61, @p62, 6),
      (@p63, @p64, @p65, @p66, @p67, @p68, @p69, @p70, @p71, 7),
      (@p72, @p73, @p74, @p75, @p76, @p77, @p78, @p79, @p80, 8),
      (@p81, @p82, @p83, @p84, @p85, @p86, @p87, @p88, @p89, 9),
      (@p90, @p91, @p92, @p93, @p94, @p95, @p96, @p97, @p98, 10),
      (@p99, @p100, @p101, @p102, @p103, @p104, @p105, @p106, @p107, 11),
      (@p108, @p109, @p110, @p111, @p112, @p113, @p114, @p115, @p116, 12),
      (@p117, @p118, @p119, @p120, @p121, @p122, @p123, @p124, @p125, 13),
      (@p126, @p127, @p128, @p129, @p130, @p131, @p132, @p133, @p134, 14),
      (@p135, @p136, @p137, @p138, @p139, @p140, @p141, @p142, @p143, 15),
      (@p144, @p145, @p146, @p147, @p148, @p149, @p150, @p151, @p152, 16),
      (@p153, @p154, @p155, @p156, @p157, @p158, @p159, @p160, @p161, 17),
      (@p162, @p163, @p164, @p165, @p166, @p167, @p168, @p169, @p170, 18),
      (@p171, @p172, @p173, @p174, @p175, @p176, @p177, @p178, @p179, 19),
      (@p180, @p181, @p182, @p183, @p184, @p185, @p186, @p187, @p188, 20)) AS i ([BillID], [ChallanNo], [Destination], [DisVid], [DispatchDate], [DispatchQuantity], [FinalPrice], [UnitPrice], [VehicleNo], _Position) ON 1=0
      WHEN NOT MATCHED THEN
      INSERT ([BillID], [ChallanNo], [Destination], [DisVid], [DispatchDate], [DispatchQuantity], [FinalPrice], [UnitPrice], [VehicleNo])
      VALUES (i.[BillID], i.[ChallanNo], i.[Destination], i.[DisVid], i.[DispatchDate], i.[DispatchQuantity], i.[FinalPrice], i.[UnitPrice], i.[VehicleNo])
      OUTPUT INSERTED.[DispId], i._Position
      INTO @inserted0;
      
      SELECT [i].[DispId] FROM @inserted0 i
      ORDER BY [i].[_Position];
info: Microsoft.EntityFrameworkCore.Database.Command[20101]
      Executed DbCommand (4ms) [Parameters=[], CommandType='Text', CommandTimeout='120']
      SELECT [t].[FID], [t].[Address], [t].[Code], [t].[CreatedBy], [t].[CreatedOn], [t].[FactoryName], [t].[Gstin], [t].[IsActive], [t].[ModifiedBy], [t].[ModifiedOn]
      FROM [TblFactories] AS [t]
info: Microsoft.EntityFrameworkCore.Database.Command[20101]
      Executed DbCommand (2ms) [Parameters=[], CommandType='Text', CommandTimeout='120']
      SELECT [t].[DispId], [t].[BillID], [t].[ChallanNo], [t].[Destination], [t].[DisVid], [t].[DispatchDate], [t].[DispatchQuantity], [t].[FinalPrice], [t].[UnitPrice], [t].[VehicleNo]
      FROM [TblDispatches] AS [t]
info: Microsoft.EntityFrameworkCore.Infrastructure[10403]
      Entity Framework Core 6.0.21 initialized 'TransportMgmtContext' using provider 'Microsoft.EntityFrameworkCore.SqlServer:6.0.21' with options: CommandTimeout=120 
info: Microsoft.EntityFrameworkCore.Database.Command[20101]
      Executed DbCommand (2ms) [Parameters=[], CommandType='Text', CommandTimeout='120']
      SELECT [t].[FID], [t].[Address], [t].[Code], [t].[CreatedBy], [t].[CreatedOn], [t].[FactoryName], [t].[Gstin], [t].[IsActive], [t].[ModifiedBy], [t].[ModifiedOn]
      FROM [TblFactories] AS [t]
info: Microsoft.EntityFrameworkCore.Database.Command[20101]
      Executed DbCommand (0ms) [Parameters=[], CommandType='Text', CommandTimeout='120']
      SELECT [t].[FID], [t].[Address], [t].[Code], [t].[CreatedBy], [t].[CreatedOn], [t].[FactoryName], [t].[Gstin], [t].[IsActive], [t].[ModifiedBy], [t].[ModifiedOn]
      FROM [TblFactories] AS [t]
info: Microsoft.EntityFrameworkCore.Database.Command[20101]
      Executed DbCommand (5ms) [Parameters=[], CommandType='Text', CommandTimeout='120']
      SELECT [b].[BillID], [b].[ActualAmount], [b].[BillDate], [b].[BillNum], [b].[BillType], [b].[FID], [b].[Gst], [b].[GstDate], [b].[PId], [b].[PaymentReceived], [b].[PaymentTablePId], [b].[Tds]
      FROM [BillTables] AS [b]
info: Microsoft.EntityFrameworkCore.Infrastructure[10403]
      Entity Framework Core 6.0.21 initialized 'TransportMgmtContext' using provider 'Microsoft.EntityFrameworkCore.SqlServer:6.0.21' with options: CommandTimeout=120 
info: Microsoft.EntityFrameworkCore.Database.Command[20101]
      Executed DbCommand (4ms) [Parameters=[@__billNumber_0='?' (Size = 4000)], CommandType='Text', CommandTimeout='120']
      SELECT TOP(1) [b].[BillID], [b].[ActualAmount], [b].[BillDate], [b].[BillNum], [b].[BillType], [b].[FID], [b].[Gst], [b].[GstDate], [b].[PId], [b].[PaymentReceived], [b].[PaymentTablePId], [b].[Tds]
      FROM [BillTables] AS [b]
      WHERE [b].[BillNum] = @__billNumber_0
info: Microsoft.EntityFrameworkCore.Database.Command[20101]
      Executed DbCommand (2ms) [Parameters=[@__billNumber_0='?' (Size = 4000)], CommandType='Text', CommandTimeout='120']
      SELECT TOP(1) [b].[BillID], [b].[ActualAmount], [b].[BillDate], [b].[BillNum], [b].[BillType], [b].[FID], [b].[Gst], [b].[GstDate], [b].[PId], [b].[PaymentReceived], [b].[PaymentTablePId], [b].[Tds]
      FROM [BillTables] AS [b]
      WHERE [b].[BillNum] = @__billNumber_0
info: Microsoft.EntityFrameworkCore.Database.Command[20101]
      Executed DbCommand (6ms) [Parameters=[@__paymentNumber_0='?' (Size = 4000)], CommandType='Text', CommandTimeout='120']
      SELECT TOP(1) [p].[PId], [p].[DocNumber], [p].[FID], [p].[PayRecDate], [p].[Shortage]
      FROM [PaymentTables] AS [p]
      WHERE [p].[DocNumber] = @__paymentNumber_0
info: Microsoft.EntityFrameworkCore.Database.Command[20101]
      Executed DbCommand (9ms) [Parameters=[@p4='?' (DbType = Int32), @p0='?' (DbType = Double), @p1='?' (DbType = Double), @p2='?' (DbType = Double), @p3='?' (DbType = Double)], CommandType='Text', CommandTimeout='120']
      SET NOCOUNT ON;
      UPDATE [BillTables] SET [ActualAmount] = @p0, [Gst] = @p1, [PaymentReceived] = @p2, [Tds] = @p3
      WHERE [BillID] = @p4;
      SELECT @@ROWCOUNT;
info: Microsoft.EntityFrameworkCore.Database.Command[20101]
      Executed DbCommand (5ms) [Parameters=[@p0='?' (Size = 4000), @p1='?' (DbType = Int32), @p2='?' (DbType = DateTime2), @p3='?' (DbType = Double)], CommandType='Text', CommandTimeout='120']
      SET NOCOUNT ON;
      INSERT INTO [PaymentTables] ([DocNumber], [FID], [PayRecDate], [Shortage])
      VALUES (@p0, @p1, @p2, @p3);
      SELECT [PId]
      FROM [PaymentTables]
      WHERE @@ROWCOUNT = 1 AND [PId] = scope_identity();
info: Microsoft.EntityFrameworkCore.Database.Command[20101]
      Executed DbCommand (1ms) [Parameters=[@__billNumber_0='?' (Size = 4000)], CommandType='Text', CommandTimeout='120']
      SELECT TOP(1) [b].[BillID], [b].[ActualAmount], [b].[BillDate], [b].[BillNum], [b].[BillType], [b].[FID], [b].[Gst], [b].[GstDate], [b].[PId], [b].[PaymentReceived], [b].[PaymentTablePId], [b].[Tds]
      FROM [BillTables] AS [b]
      WHERE [b].[BillNum] = @__billNumber_0
info: Microsoft.EntityFrameworkCore.Database.Command[20101]
      Executed DbCommand (2ms) [Parameters=[@__billNumber_0='?' (Size = 4000)], CommandType='Text', CommandTimeout='120']
      SELECT TOP(1) [b].[BillID], [b].[ActualAmount], [b].[BillDate], [b].[BillNum], [b].[BillType], [b].[FID], [b].[Gst], [b].[GstDate], [b].[PId], [b].[PaymentReceived], [b].[PaymentTablePId], [b].[Tds]
      FROM [BillTables] AS [b]
      WHERE [b].[BillNum] = @__billNumber_0
info: Microsoft.EntityFrameworkCore.Database.Command[20101]
      Executed DbCommand (4ms) [Parameters=[@__billNumber_0='?' (Size = 4000)], CommandType='Text', CommandTimeout='120']
      SELECT TOP(1) [b].[BillID], [b].[ActualAmount], [b].[BillDate], [b].[BillNum], [b].[BillType], [b].[FID], [b].[Gst], [b].[GstDate], [b].[PId], [b].[PaymentReceived], [b].[PaymentTablePId], [b].[Tds]
      FROM [BillTables] AS [b]
      WHERE [b].[BillNum] = @__billNumber_0
info: Microsoft.EntityFrameworkCore.Database.Command[20101]
      Executed DbCommand (1ms) [Parameters=[@__billNumber_0='?' (Size = 4000)], CommandType='Text', CommandTimeout='120']
      SELECT TOP(1) [b].[BillID], [b].[ActualAmount], [b].[BillDate], [b].[BillNum], [b].[BillType], [b].[FID], [b].[Gst], [b].[GstDate], [b].[PId], [b].[PaymentReceived], [b].[PaymentTablePId], [b].[Tds]
      FROM [BillTables] AS [b]
      WHERE [b].[BillNum] = @__billNumber_0
info: Microsoft.EntityFrameworkCore.Database.Command[20101]
      Executed DbCommand (1ms) [Parameters=[@__billNumber_0='?' (Size = 4000)], CommandType='Text', CommandTimeout='120']
      SELECT TOP(1) [b].[BillID], [b].[ActualAmount], [b].[BillDate], [b].[BillNum], [b].[BillType], [b].[FID], [b].[Gst], [b].[GstDate], [b].[PId], [b].[PaymentReceived], [b].[PaymentTablePId], [b].[Tds]
      FROM [BillTables] AS [b]
      WHERE [b].[BillNum] = @__billNumber_0
info: Microsoft.EntityFrameworkCore.Database.Command[20101]
      Executed DbCommand (2ms) [Parameters=[@__billNumber_0='?' (Size = 4000)], CommandType='Text', CommandTimeout='120']
      SELECT TOP(1) [b].[BillID], [b].[ActualAmount], [b].[BillDate], [b].[BillNum], [b].[BillType], [b].[FID], [b].[Gst], [b].[GstDate], [b].[PId], [b].[PaymentReceived], [b].[PaymentTablePId], [b].[Tds]
      FROM [BillTables] AS [b]
      WHERE [b].[BillNum] = @__billNumber_0
info: Microsoft.EntityFrameworkCore.Database.Command[20101]
      Executed DbCommand (19ms) [Parameters=[@p11='?' (DbType = Int32), @p0='?' (DbType = Double), @p1='?' (DbType = DateTime2), @p2='?' (Size = 4000), @p3='?' (Size = 4000), @p4='?' (DbType = Int32), @p5='?' (DbType = Double), @p6='?' (DbType = DateTime2), @p7='?' (DbType = Int32), @p8='?' (DbType = Double), @p9='?' (DbType = Int32), @p10='?' (DbType = Double), @p23='?' (DbType = Int32), @p12='?' (DbType = Double), @p13='?' (DbType = DateTime2), @p14='?' (Size = 4000), @p15='?' (Size = 4000), @p16='?' (DbType = Int32), @p17='?' (DbType = Double), @p18='?' (DbType = DateTime2), @p19='?' (DbType = Int32), @p20='?' (DbType = Double), @p21='?' (DbType = Int32), @p22='?' (DbType = Double), @p35='?' (DbType = Int32), @p24='?' (DbType = Double), @p25='?' (DbType = DateTime2), @p26='?' (Size = 4000), @p27='?' (Size = 4000), @p28='?' (DbType = Int32), @p29='?' (DbType = Double), @p30='?' (DbType = DateTime2), @p31='?' (DbType = Int32), @p32='?' (DbType = Double), @p33='?' (DbType = Int32), @p34='?' (DbType = Double), @p47='?' (DbType = Int32), @p36='?' (DbType = Double), @p37='?' (DbType = DateTime2), @p38='?' (Size = 4000), @p39='?' (Size = 4000), @p40='?' (DbType = Int32), @p41='?' (DbType = Double), @p42='?' (DbType = DateTime2), @p43='?' (DbType = Int32), @p44='?' (DbType = Double), @p45='?' (DbType = Int32), @p46='?' (DbType = Double), @p59='?' (DbType = Int32), @p48='?' (DbType = Double), @p49='?' (DbType = DateTime2), @p50='?' (Size = 4000), @p51='?' (Size = 4000), @p52='?' (DbType = Int32), @p53='?' (DbType = Double), @p54='?' (DbType = DateTime2), @p55='?' (DbType = Int32), @p56='?' (DbType = Double), @p57='?' (DbType = Int32), @p58='?' (DbType = Double), @p71='?' (DbType = Int32), @p60='?' (DbType = Double), @p61='?' (DbType = DateTime2), @p62='?' (Size = 4000), @p63='?' (Size = 4000), @p64='?' (DbType = Int32), @p65='?' (DbType = Double), @p66='?' (DbType = DateTime2), @p67='?' (DbType = Int32), @p68='?' (DbType = Double), @p69='?' (DbType = Int32), @p70='?' (DbType = Double), @p83='?' (DbType = Int32), @p72='?' (DbType = Double), @p73='?' (DbType = DateTime2), @p74='?' (Size = 4000), @p75='?' (Size = 4000), @p76='?' (DbType = Int32), @p77='?' (DbType = Double), @p78='?' (DbType = DateTime2), @p79='?' (DbType = Int32), @p80='?' (DbType = Double), @p81='?' (DbType = Int32), @p82='?' (DbType = Double)], CommandType='Text', CommandTimeout='120']
      SET NOCOUNT ON;
      UPDATE [BillTables] SET [ActualAmount] = @p0, [BillDate] = @p1, [BillNum] = @p2, [BillType] = @p3, [FID] = @p4, [Gst] = @p5, [GstDate] = @p6, [PId] = @p7, [PaymentReceived] = @p8, [PaymentTablePId] = @p9, [Tds] = @p10
      WHERE [BillID] = @p11;
      SELECT @@ROWCOUNT;
      
      UPDATE [BillTables] SET [ActualAmount] = @p12, [BillDate] = @p13, [BillNum] = @p14, [BillType] = @p15, [FID] = @p16, [Gst] = @p17, [GstDate] = @p18, [PId] = @p19, [PaymentReceived] = @p20, [PaymentTablePId] = @p21, [Tds] = @p22
      WHERE [BillID] = @p23;
      SELECT @@ROWCOUNT;
      
      UPDATE [BillTables] SET [ActualAmount] = @p24, [BillDate] = @p25, [BillNum] = @p26, [BillType] = @p27, [FID] = @p28, [Gst] = @p29, [GstDate] = @p30, [PId] = @p31, [PaymentReceived] = @p32, [PaymentTablePId] = @p33, [Tds] = @p34
      WHERE [BillID] = @p35;
      SELECT @@ROWCOUNT;
      
      UPDATE [BillTables] SET [ActualAmount] = @p36, [BillDate] = @p37, [BillNum] = @p38, [BillType] = @p39, [FID] = @p40, [Gst] = @p41, [GstDate] = @p42, [PId] = @p43, [PaymentReceived] = @p44, [PaymentTablePId] = @p45, [Tds] = @p46
      WHERE [BillID] = @p47;
      SELECT @@ROWCOUNT;
      
      UPDATE [BillTables] SET [ActualAmount] = @p48, [BillDate] = @p49, [BillNum] = @p50, [BillType] = @p51, [FID] = @p52, [Gst] = @p53, [GstDate] = @p54, [PId] = @p55, [PaymentReceived] = @p56, [PaymentTablePId] = @p57, [Tds] = @p58
      WHERE [BillID] = @p59;
      SELECT @@ROWCOUNT;
      
      UPDATE [BillTables] SET [ActualAmount] = @p60, [BillDate] = @p61, [BillNum] = @p62, [BillType] = @p63, [FID] = @p64, [Gst] = @p65, [GstDate] = @p66, [PId] = @p67, [PaymentReceived] = @p68, [PaymentTablePId] = @p69, [Tds] = @p70
      WHERE [BillID] = @p71;
      SELECT @@ROWCOUNT;
      
      UPDATE [BillTables] SET [ActualAmount] = @p72, [BillDate] = @p73, [BillNum] = @p74, [BillType] = @p75, [FID] = @p76, [Gst] = @p77, [GstDate] = @p78, [PId] = @p79, [PaymentReceived] = @p80, [PaymentTablePId] = @p81, [Tds] = @p82
      WHERE [BillID] = @p83;
      SELECT @@ROWCOUNT;
info: Microsoft.EntityFrameworkCore.Infrastructure[10403]
      Entity Framework Core 6.0.21 initialized 'TransportMgmtContext' using provider 'Microsoft.EntityFrameworkCore.SqlServer:6.0.21' with options: CommandTimeout=120 
info: Microsoft.EntityFrameworkCore.Database.Command[20101]
      Executed DbCommand (2ms) [Parameters=[], CommandType='Text', CommandTimeout='120']
      SELECT [t].[FID], [t].[Address], [t].[Code], [t].[CreatedBy], [t].[CreatedOn], [t].[FactoryName], [t].[Gstin], [t].[IsActive], [t].[ModifiedBy], [t].[ModifiedOn]
      FROM [TblFactories] AS [t]
info: Microsoft.EntityFrameworkCore.Database.Command[20101]
      Executed DbCommand (1ms) [Parameters=[], CommandType='Text', CommandTimeout='120']
      SELECT [t].[FID], [t].[Address], [t].[Code], [t].[CreatedBy], [t].[CreatedOn], [t].[FactoryName], [t].[Gstin], [t].[IsActive], [t].[ModifiedBy], [t].[ModifiedOn]
      FROM [TblFactories] AS [t]
info: Microsoft.EntityFrameworkCore.Database.Command[20101]
      Executed DbCommand (1ms) [Parameters=[], CommandType='Text', CommandTimeout='120']
      SELECT [b].[BillID], [b].[ActualAmount], [b].[BillDate], [b].[BillNum], [b].[BillType], [b].[FID], [b].[Gst], [b].[GstDate], [b].[PId], [b].[PaymentReceived], [b].[PaymentTablePId], [b].[Tds]
      FROM [BillTables] AS [b]
info: Microsoft.EntityFrameworkCore.Infrastructure[10403]
      Entity Framework Core 6.0.21 initialized 'TransportMgmtContext' using provider 'Microsoft.EntityFrameworkCore.SqlServer:6.0.21' with options: CommandTimeout=120 
info: Microsoft.EntityFrameworkCore.Database.Command[20101]
      Executed DbCommand (18ms) [Parameters=[], CommandType='Text', CommandTimeout='120']
      SELECT [t].[FID] AS [id], [t].[FactoryName] AS [name]
      FROM [TblFactories] AS [t]
info: Microsoft.EntityFrameworkCore.Infrastructure[10403]
      Entity Framework Core 6.0.21 initialized 'TransportMgmtContext' using provider 'Microsoft.EntityFrameworkCore.SqlServer:6.0.21' with options: CommandTimeout=120 
info: Microsoft.EntityFrameworkCore.Database.Command[20101]
      Executed DbCommand (76ms) [Parameters=[p0='?' (DbType = DateTime2), p1='?' (DbType = DateTime2), p2='?' (DbType = Int32)], CommandType='Text', CommandTimeout='120']
      EXEC [dbo].[SpExpoBilldetail] @FromDate = @p0, @ToDate = @p1, @FactoryId = @p2
info: Microsoft.EntityFrameworkCore.Infrastructure[10403]
      Entity Framework Core 6.0.21 initialized 'TransportMgmtContext' using provider 'Microsoft.EntityFrameworkCore.SqlServer:6.0.21' with options: CommandTimeout=120 
info: Microsoft.EntityFrameworkCore.Database.Command[20101]
      Executed DbCommand (3ms) [Parameters=[], CommandType='Text', CommandTimeout='120']
      SELECT [t].[FID] AS [id], [t].[FactoryName] AS [name]
      FROM [TblFactories] AS [t]
info: Microsoft.EntityFrameworkCore.Infrastructure[10403]
      Entity Framework Core 6.0.21 initialized 'TransportMgmtContext' using provider 'Microsoft.EntityFrameworkCore.SqlServer:6.0.21' with options: CommandTimeout=120 
info: Microsoft.EntityFrameworkCore.Database.Command[20101]
      Executed DbCommand (32ms) [Parameters=[p0='?' (DbType = DateTime2), p1='?' (DbType = DateTime2), p2='?' (DbType = Int32)], CommandType='Text', CommandTimeout='120']
      EXEC [dbo].[SpExpoBilldetail] @FromDate = @p0, @ToDate = @p1, @FactoryId = @p2
info: Microsoft.EntityFrameworkCore.Infrastructure[10403]
      Entity Framework Core 6.0.21 initialized 'TransportMgmtContext' using provider 'Microsoft.EntityFrameworkCore.SqlServer:6.0.21' with options: CommandTimeout=120 
info: Microsoft.EntityFrameworkCore.Database.Command[20101]
      Executed DbCommand (8ms) [Parameters=[], CommandType='Text', CommandTimeout='120']
      SELECT [t].[FID], [t].[Address], [t].[Code], [t].[CreatedBy], [t].[CreatedOn], [t].[FactoryName], [t].[Gstin], [t].[IsActive], [t].[ModifiedBy], [t].[ModifiedOn]
      FROM [TblFactories] AS [t]
info: Microsoft.EntityFrameworkCore.Database.Command[20101]
      Executed DbCommand (1ms) [Parameters=[], CommandType='Text', CommandTimeout='120']
      SELECT [t].[FID], [t].[Address], [t].[Code], [t].[CreatedBy], [t].[CreatedOn], [t].[FactoryName], [t].[Gstin], [t].[IsActive], [t].[ModifiedBy], [t].[ModifiedOn]
      FROM [TblFactories] AS [t]
info: Microsoft.EntityFrameworkCore.Database.Command[20101]
      Executed DbCommand (9ms) [Parameters=[], CommandType='Text', CommandTimeout='120']
      SELECT [t].[DispId], [t].[BillID], [t].[ChallanNo], [t].[Destination], [t].[DisVid], [t].[DispatchDate], [t].[DispatchQuantity], [t].[FinalPrice], [t].[UnitPrice], [t].[VehicleNo]
      FROM [TblDispatches] AS [t]
info: Microsoft.EntityFrameworkCore.Infrastructure[10403]
      Entity Framework Core 6.0.21 initialized 'TransportMgmtContext' using provider 'Microsoft.EntityFrameworkCore.SqlServer:6.0.21' with options: CommandTimeout=120 
info: Microsoft.EntityFrameworkCore.Database.Command[20101]
      Executed DbCommand (8ms) [Parameters=[], CommandType='Text', CommandTimeout='120']
      SELECT [t].[FID], [t].[Address], [t].[Code], [t].[CreatedBy], [t].[CreatedOn], [t].[FactoryName], [t].[Gstin], [t].[IsActive], [t].[ModifiedBy], [t].[ModifiedOn]
      FROM [TblFactories] AS [t]
info: Microsoft.EntityFrameworkCore.Database.Command[20101]
      Executed DbCommand (1ms) [Parameters=[], CommandType='Text', CommandTimeout='120']
      SELECT [t].[FID], [t].[Address], [t].[Code], [t].[CreatedBy], [t].[CreatedOn], [t].[FactoryName], [t].[Gstin], [t].[IsActive], [t].[ModifiedBy], [t].[ModifiedOn]
      FROM [TblFactories] AS [t]
info: Microsoft.EntityFrameworkCore.Database.Command[20101]
      Executed DbCommand (8ms) [Parameters=[], CommandType='Text', CommandTimeout='120']
      SELECT [t].[DispId], [t].[BillID], [t].[ChallanNo], [t].[Destination], [t].[DisVid], [t].[DispatchDate], [t].[DispatchQuantity], [t].[FinalPrice], [t].[UnitPrice], [t].[VehicleNo]
      FROM [TblDispatches] AS [t]
info: Microsoft.EntityFrameworkCore.Infrastructure[10403]
      Entity Framework Core 6.0.21 initialized 'TransportMgmtContext' using provider 'Microsoft.EntityFrameworkCore.SqlServer:6.0.21' with options: CommandTimeout=120 
info: Microsoft.EntityFrameworkCore.Database.Command[20101]
      Executed DbCommand (10ms) [Parameters=[@__dispatchId_0='?' (Size = 4000)], CommandType='Text', CommandTimeout='120']
      SELECT TOP(1) [t].[DispId], [t].[BillID], [t].[ChallanNo], [t].[Destination], [t].[DisVid], [t].[DispatchDate], [t].[DispatchQuantity], [t].[FinalPrice], [t].[UnitPrice], [t].[VehicleNo]
      FROM [TblDispatches] AS [t]
      WHERE [t].[ChallanNo] = @__dispatchId_0
info: Microsoft.EntityFrameworkCore.Database.Command[20101]
      Executed DbCommand (6ms) [Parameters=[@__dispatchId_0='?' (Size = 4000)], CommandType='Text', CommandTimeout='120']
      SELECT TOP(1) [t].[DispId], [t].[BillID], [t].[ChallanNo], [t].[Destination], [t].[DisVid], [t].[DispatchDate], [t].[DispatchQuantity], [t].[FinalPrice], [t].[UnitPrice], [t].[VehicleNo]
      FROM [TblDispatches] AS [t]
      WHERE [t].[ChallanNo] = @__dispatchId_0
info: Microsoft.EntityFrameworkCore.Database.Command[20101]
      Executed DbCommand (11ms) [Parameters=[@__billNumber_0='?' (Size = 4000)], CommandType='Text', CommandTimeout='120']
      SELECT TOP(1) [b].[BillID], [b].[ActualAmount], [b].[BillDate], [b].[BillNum], [b].[BillType], [b].[FID], [b].[Gst], [b].[GstDate], [b].[PId], [b].[PaymentReceived], [b].[PaymentTablePId], [b].[Tds]
      FROM [BillTables] AS [b]
      WHERE [b].[BillNum] = @__billNumber_0
info: Microsoft.EntityFrameworkCore.Database.Command[20101]
      Executed DbCommand (11ms) [Parameters=[@p0='?' (DbType = Double), @p1='?' (DbType = DateTime2), @p2='?' (Size = 4000), @p3='?' (Size = 4000), @p4='?' (DbType = Int32), @p5='?' (DbType = Double), @p6='?' (DbType = DateTime2), @p7='?' (DbType = Int32), @p8='?' (DbType = Double), @p9='?' (DbType = Int32), @p10='?' (DbType = Double)], CommandType='Text', CommandTimeout='120']
      SET NOCOUNT ON;
      INSERT INTO [BillTables] ([ActualAmount], [BillDate], [BillNum], [BillType], [FID], [Gst], [GstDate], [PId], [PaymentReceived], [PaymentTablePId], [Tds])
      VALUES (@p0, @p1, @p2, @p3, @p4, @p5, @p6, @p7, @p8, @p9, @p10);
      SELECT [BillID]
      FROM [BillTables]
      WHERE @@ROWCOUNT = 1 AND [BillID] = scope_identity();
info: Microsoft.EntityFrameworkCore.Database.Command[20101]
      Executed DbCommand (8ms) [Parameters=[@p2='?' (DbType = Int32), @p0='?' (DbType = Double), @p1='?' (DbType = Double)], CommandType='Text', CommandTimeout='120']
      SET NOCOUNT ON;
      UPDATE [TblDispatches] SET [FinalPrice] = @p0, [UnitPrice] = @p1
      WHERE [DispId] = @p2;
      SELECT @@ROWCOUNT;
info: Microsoft.EntityFrameworkCore.Database.Command[20101]
      Executed DbCommand (5ms) [Parameters=[@__dispatchId_0='?' (Size = 4000)], CommandType='Text', CommandTimeout='120']
      SELECT TOP(1) [t].[DispId], [t].[BillID], [t].[ChallanNo], [t].[Destination], [t].[DisVid], [t].[DispatchDate], [t].[DispatchQuantity], [t].[FinalPrice], [t].[UnitPrice], [t].[VehicleNo]
      FROM [TblDispatches] AS [t]
      WHERE [t].[ChallanNo] = @__dispatchId_0
info: Microsoft.EntityFrameworkCore.Database.Command[20101]
      Executed DbCommand (9ms) [Parameters=[@__dispatchId_0='?' (Size = 4000)], CommandType='Text', CommandTimeout='120']
      SELECT TOP(1) [t].[DispId], [t].[BillID], [t].[ChallanNo], [t].[Destination], [t].[DisVid], [t].[DispatchDate], [t].[DispatchQuantity], [t].[FinalPrice], [t].[UnitPrice], [t].[VehicleNo]
      FROM [TblDispatches] AS [t]
      WHERE [t].[ChallanNo] = @__dispatchId_0
info: Microsoft.EntityFrameworkCore.Database.Command[20101]
      Executed DbCommand (8ms) [Parameters=[@__dispatchId_0='?' (Size = 4000)], CommandType='Text', CommandTimeout='120']
      SELECT TOP(1) [t].[DispId], [t].[BillID], [t].[ChallanNo], [t].[Destination], [t].[DisVid], [t].[DispatchDate], [t].[DispatchQuantity], [t].[FinalPrice], [t].[UnitPrice], [t].[VehicleNo]
      FROM [TblDispatches] AS [t]
      WHERE [t].[ChallanNo] = @__dispatchId_0
info: Microsoft.EntityFrameworkCore.Database.Command[20101]
      Executed DbCommand (9ms) [Parameters=[@__dispatchId_0='?' (Size = 4000)], CommandType='Text', CommandTimeout='120']
      SELECT TOP(1) [t].[DispId], [t].[BillID], [t].[ChallanNo], [t].[Destination], [t].[DisVid], [t].[DispatchDate], [t].[DispatchQuantity], [t].[FinalPrice], [t].[UnitPrice], [t].[VehicleNo]
      FROM [TblDispatches] AS [t]
      WHERE [t].[ChallanNo] = @__dispatchId_0
info: Microsoft.EntityFrameworkCore.Database.Command[20101]
      Executed DbCommand (7ms) [Parameters=[@__dispatchId_0='?' (Size = 4000)], CommandType='Text', CommandTimeout='120']
      SELECT TOP(1) [t].[DispId], [t].[BillID], [t].[ChallanNo], [t].[Destination], [t].[DisVid], [t].[DispatchDate], [t].[DispatchQuantity], [t].[FinalPrice], [t].[UnitPrice], [t].[VehicleNo]
      FROM [TblDispatches] AS [t]
      WHERE [t].[ChallanNo] = @__dispatchId_0
info: Microsoft.EntityFrameworkCore.Database.Command[20101]
      Executed DbCommand (7ms) [Parameters=[@__dispatchId_0='?' (Size = 4000)], CommandType='Text', CommandTimeout='120']
      SELECT TOP(1) [t].[DispId], [t].[BillID], [t].[ChallanNo], [t].[Destination], [t].[DisVid], [t].[DispatchDate], [t].[DispatchQuantity], [t].[FinalPrice], [t].[UnitPrice], [t].[VehicleNo]
      FROM [TblDispatches] AS [t]
      WHERE [t].[ChallanNo] = @__dispatchId_0
info: Microsoft.EntityFrameworkCore.Database.Command[20101]
      Executed DbCommand (6ms) [Parameters=[@__dispatchId_0='?' (Size = 4000)], CommandType='Text', CommandTimeout='120']
      SELECT TOP(1) [t].[DispId], [t].[BillID], [t].[ChallanNo], [t].[Destination], [t].[DisVid], [t].[DispatchDate], [t].[DispatchQuantity], [t].[FinalPrice], [t].[UnitPrice], [t].[VehicleNo]
      FROM [TblDispatches] AS [t]
      WHERE [t].[ChallanNo] = @__dispatchId_0
info: Microsoft.EntityFrameworkCore.Database.Command[20101]
      Executed DbCommand (8ms) [Parameters=[@__dispatchId_0='?' (Size = 4000)], CommandType='Text', CommandTimeout='120']
      SELECT TOP(1) [t].[DispId], [t].[BillID], [t].[ChallanNo], [t].[Destination], [t].[DisVid], [t].[DispatchDate], [t].[DispatchQuantity], [t].[FinalPrice], [t].[UnitPrice], [t].[VehicleNo]
      FROM [TblDispatches] AS [t]
      WHERE [t].[ChallanNo] = @__dispatchId_0
info: Microsoft.EntityFrameworkCore.Database.Command[20101]
      Executed DbCommand (9ms) [Parameters=[@__dispatchId_0='?' (Size = 4000)], CommandType='Text', CommandTimeout='120']
      SELECT TOP(1) [t].[DispId], [t].[BillID], [t].[ChallanNo], [t].[Destination], [t].[DisVid], [t].[DispatchDate], [t].[DispatchQuantity], [t].[FinalPrice], [t].[UnitPrice], [t].[VehicleNo]
      FROM [TblDispatches] AS [t]
      WHERE [t].[ChallanNo] = @__dispatchId_0
info: Microsoft.EntityFrameworkCore.Database.Command[20101]
      Executed DbCommand (12ms) [Parameters=[@__dispatchId_0='?' (Size = 4000)], CommandType='Text', CommandTimeout='120']
      SELECT TOP(1) [t].[DispId], [t].[BillID], [t].[ChallanNo], [t].[Destination], [t].[DisVid], [t].[DispatchDate], [t].[DispatchQuantity], [t].[FinalPrice], [t].[UnitPrice], [t].[VehicleNo]
      FROM [TblDispatches] AS [t]
      WHERE [t].[ChallanNo] = @__dispatchId_0
info: Microsoft.EntityFrameworkCore.Database.Command[20101]
      Executed DbCommand (14ms) [Parameters=[@__dispatchId_0='?' (Size = 4000)], CommandType='Text', CommandTimeout='120']
      SELECT TOP(1) [t].[DispId], [t].[BillID], [t].[ChallanNo], [t].[Destination], [t].[DisVid], [t].[DispatchDate], [t].[DispatchQuantity], [t].[FinalPrice], [t].[UnitPrice], [t].[VehicleNo]
      FROM [TblDispatches] AS [t]
      WHERE [t].[ChallanNo] = @__dispatchId_0
info: Microsoft.EntityFrameworkCore.Database.Command[20101]
      Executed DbCommand (11ms) [Parameters=[@__dispatchId_0='?' (Size = 4000)], CommandType='Text', CommandTimeout='120']
      SELECT TOP(1) [t].[DispId], [t].[BillID], [t].[ChallanNo], [t].[Destination], [t].[DisVid], [t].[DispatchDate], [t].[DispatchQuantity], [t].[FinalPrice], [t].[UnitPrice], [t].[VehicleNo]
      FROM [TblDispatches] AS [t]
      WHERE [t].[ChallanNo] = @__dispatchId_0
info: Microsoft.EntityFrameworkCore.Database.Command[20101]
      Executed DbCommand (10ms) [Parameters=[@__dispatchId_0='?' (Size = 4000)], CommandType='Text', CommandTimeout='120']
      SELECT TOP(1) [t].[DispId], [t].[BillID], [t].[ChallanNo], [t].[Destination], [t].[DisVid], [t].[DispatchDate], [t].[DispatchQuantity], [t].[FinalPrice], [t].[UnitPrice], [t].[VehicleNo]
      FROM [TblDispatches] AS [t]
      WHERE [t].[ChallanNo] = @__dispatchId_0
info: Microsoft.EntityFrameworkCore.Database.Command[20101]
      Executed DbCommand (15ms) [Parameters=[@__dispatchId_0='?' (Size = 4000)], CommandType='Text', CommandTimeout='120']
      SELECT TOP(1) [t].[DispId], [t].[BillID], [t].[ChallanNo], [t].[Destination], [t].[DisVid], [t].[DispatchDate], [t].[DispatchQuantity], [t].[FinalPrice], [t].[UnitPrice], [t].[VehicleNo]
      FROM [TblDispatches] AS [t]
      WHERE [t].[ChallanNo] = @__dispatchId_0
info: Microsoft.EntityFrameworkCore.Database.Command[20101]
      Executed DbCommand (8ms) [Parameters=[@__dispatchId_0='?' (Size = 4000)], CommandType='Text', CommandTimeout='120']
      SELECT TOP(1) [t].[DispId], [t].[BillID], [t].[ChallanNo], [t].[Destination], [t].[DisVid], [t].[DispatchDate], [t].[DispatchQuantity], [t].[FinalPrice], [t].[UnitPrice], [t].[VehicleNo]
      FROM [TblDispatches] AS [t]
      WHERE [t].[ChallanNo] = @__dispatchId_0
info: Microsoft.EntityFrameworkCore.Database.Command[20101]
      Executed DbCommand (14ms) [Parameters=[@__dispatchId_0='?' (Size = 4000)], CommandType='Text', CommandTimeout='120']
      SELECT TOP(1) [t].[DispId], [t].[BillID], [t].[ChallanNo], [t].[Destination], [t].[DisVid], [t].[DispatchDate], [t].[DispatchQuantity], [t].[FinalPrice], [t].[UnitPrice], [t].[VehicleNo]
      FROM [TblDispatches] AS [t]
      WHERE [t].[ChallanNo] = @__dispatchId_0
info: Microsoft.EntityFrameworkCore.Database.Command[20101]
      Executed DbCommand (7ms) [Parameters=[@__dispatchId_0='?' (Size = 4000)], CommandType='Text', CommandTimeout='120']
      SELECT TOP(1) [t].[DispId], [t].[BillID], [t].[ChallanNo], [t].[Destination], [t].[DisVid], [t].[DispatchDate], [t].[DispatchQuantity], [t].[FinalPrice], [t].[UnitPrice], [t].[VehicleNo]
      FROM [TblDispatches] AS [t]
      WHERE [t].[ChallanNo] = @__dispatchId_0
info: Microsoft.EntityFrameworkCore.Database.Command[20101]
      Executed DbCommand (8ms) [Parameters=[@__dispatchId_0='?' (Size = 4000)], CommandType='Text', CommandTimeout='120']
      SELECT TOP(1) [t].[DispId], [t].[BillID], [t].[ChallanNo], [t].[Destination], [t].[DisVid], [t].[DispatchDate], [t].[DispatchQuantity], [t].[FinalPrice], [t].[UnitPrice], [t].[VehicleNo]
      FROM [TblDispatches] AS [t]
      WHERE [t].[ChallanNo] = @__dispatchId_0
info: Microsoft.EntityFrameworkCore.Database.Command[20101]
      Executed DbCommand (9ms) [Parameters=[@__dispatchId_0='?' (Size = 4000)], CommandType='Text', CommandTimeout='120']
      SELECT TOP(1) [t].[DispId], [t].[BillID], [t].[ChallanNo], [t].[Destination], [t].[DisVid], [t].[DispatchDate], [t].[DispatchQuantity], [t].[FinalPrice], [t].[UnitPrice], [t].[VehicleNo]
      FROM [TblDispatches] AS [t]
      WHERE [t].[ChallanNo] = @__dispatchId_0
info: Microsoft.EntityFrameworkCore.Database.Command[20101]
      Executed DbCommand (7ms) [Parameters=[@__dispatchId_0='?' (Size = 4000)], CommandType='Text', CommandTimeout='120']
      SELECT TOP(1) [t].[DispId], [t].[BillID], [t].[ChallanNo], [t].[Destination], [t].[DisVid], [t].[DispatchDate], [t].[DispatchQuantity], [t].[FinalPrice], [t].[UnitPrice], [t].[VehicleNo]
      FROM [TblDispatches] AS [t]
      WHERE [t].[ChallanNo] = @__dispatchId_0
info: Microsoft.EntityFrameworkCore.Database.Command[20101]
      Executed DbCommand (11ms) [Parameters=[@__dispatchId_0='?' (Size = 4000)], CommandType='Text', CommandTimeout='120']
      SELECT TOP(1) [t].[DispId], [t].[BillID], [t].[ChallanNo], [t].[Destination], [t].[DisVid], [t].[DispatchDate], [t].[DispatchQuantity], [t].[FinalPrice], [t].[UnitPrice], [t].[VehicleNo]
      FROM [TblDispatches] AS [t]
      WHERE [t].[ChallanNo] = @__dispatchId_0
info: Microsoft.EntityFrameworkCore.Database.Command[20101]
      Executed DbCommand (8ms) [Parameters=[@__dispatchId_0='?' (Size = 4000)], CommandType='Text', CommandTimeout='120']
      SELECT TOP(1) [t].[DispId], [t].[BillID], [t].[ChallanNo], [t].[Destination], [t].[DisVid], [t].[DispatchDate], [t].[DispatchQuantity], [t].[FinalPrice], [t].[UnitPrice], [t].[VehicleNo]
      FROM [TblDispatches] AS [t]
      WHERE [t].[ChallanNo] = @__dispatchId_0
info: Microsoft.EntityFrameworkCore.Database.Command[20101]
      Executed DbCommand (14ms) [Parameters=[@__dispatchId_0='?' (Size = 4000)], CommandType='Text', CommandTimeout='120']
      SELECT TOP(1) [t].[DispId], [t].[BillID], [t].[ChallanNo], [t].[Destination], [t].[DisVid], [t].[DispatchDate], [t].[DispatchQuantity], [t].[FinalPrice], [t].[UnitPrice], [t].[VehicleNo]
      FROM [TblDispatches] AS [t]
      WHERE [t].[ChallanNo] = @__dispatchId_0
info: Microsoft.EntityFrameworkCore.Database.Command[20101]
      Executed DbCommand (15ms) [Parameters=[@__dispatchId_0='?' (Size = 4000)], CommandType='Text', CommandTimeout='120']
      SELECT TOP(1) [t].[DispId], [t].[BillID], [t].[ChallanNo], [t].[Destination], [t].[DisVid], [t].[DispatchDate], [t].[DispatchQuantity], [t].[FinalPrice], [t].[UnitPrice], [t].[VehicleNo]
      FROM [TblDispatches] AS [t]
      WHERE [t].[ChallanNo] = @__dispatchId_0
info: Microsoft.EntityFrameworkCore.Database.Command[20101]
      Executed DbCommand (9ms) [Parameters=[@__dispatchId_0='?' (Size = 4000)], CommandType='Text', CommandTimeout='120']
      SELECT TOP(1) [t].[DispId], [t].[BillID], [t].[ChallanNo], [t].[Destination], [t].[DisVid], [t].[DispatchDate], [t].[DispatchQuantity], [t].[FinalPrice], [t].[UnitPrice], [t].[VehicleNo]
      FROM [TblDispatches] AS [t]
      WHERE [t].[ChallanNo] = @__dispatchId_0
info: Microsoft.EntityFrameworkCore.Database.Command[20101]
      Executed DbCommand (11ms) [Parameters=[@__dispatchId_0='?' (Size = 4000)], CommandType='Text', CommandTimeout='120']
      SELECT TOP(1) [t].[DispId], [t].[BillID], [t].[ChallanNo], [t].[Destination], [t].[DisVid], [t].[DispatchDate], [t].[DispatchQuantity], [t].[FinalPrice], [t].[UnitPrice], [t].[VehicleNo]
      FROM [TblDispatches] AS [t]
      WHERE [t].[ChallanNo] = @__dispatchId_0
info: Microsoft.EntityFrameworkCore.Database.Command[20101]
      Executed DbCommand (13ms) [Parameters=[@__dispatchId_0='?' (Size = 4000)], CommandType='Text', CommandTimeout='120']
      SELECT TOP(1) [t].[DispId], [t].[BillID], [t].[ChallanNo], [t].[Destination], [t].[DisVid], [t].[DispatchDate], [t].[DispatchQuantity], [t].[FinalPrice], [t].[UnitPrice], [t].[VehicleNo]
      FROM [TblDispatches] AS [t]
      WHERE [t].[ChallanNo] = @__dispatchId_0
info: Microsoft.EntityFrameworkCore.Database.Command[20101]
      Executed DbCommand (12ms) [Parameters=[@__dispatchId_0='?' (Size = 4000)], CommandType='Text', CommandTimeout='120']
      SELECT TOP(1) [t].[DispId], [t].[BillID], [t].[ChallanNo], [t].[Destination], [t].[DisVid], [t].[DispatchDate], [t].[DispatchQuantity], [t].[FinalPrice], [t].[UnitPrice], [t].[VehicleNo]
      FROM [TblDispatches] AS [t]
      WHERE [t].[ChallanNo] = @__dispatchId_0
info: Microsoft.EntityFrameworkCore.Database.Command[20101]
      Executed DbCommand (15ms) [Parameters=[@__dispatchId_0='?' (Size = 4000)], CommandType='Text', CommandTimeout='120']
      SELECT TOP(1) [t].[DispId], [t].[BillID], [t].[ChallanNo], [t].[Destination], [t].[DisVid], [t].[DispatchDate], [t].[DispatchQuantity], [t].[FinalPrice], [t].[UnitPrice], [t].[VehicleNo]
      FROM [TblDispatches] AS [t]
      WHERE [t].[ChallanNo] = @__dispatchId_0
info: Microsoft.EntityFrameworkCore.Database.Command[20101]
      Executed DbCommand (11ms) [Parameters=[@__dispatchId_0='?' (Size = 4000)], CommandType='Text', CommandTimeout='120']
      SELECT TOP(1) [t].[DispId], [t].[BillID], [t].[ChallanNo], [t].[Destination], [t].[DisVid], [t].[DispatchDate], [t].[DispatchQuantity], [t].[FinalPrice], [t].[UnitPrice], [t].[VehicleNo]
      FROM [TblDispatches] AS [t]
      WHERE [t].[ChallanNo] = @__dispatchId_0
info: Microsoft.EntityFrameworkCore.Database.Command[20101]
      Executed DbCommand (11ms) [Parameters=[@__dispatchId_0='?' (Size = 4000)], CommandType='Text', CommandTimeout='120']
      SELECT TOP(1) [t].[DispId], [t].[BillID], [t].[ChallanNo], [t].[Destination], [t].[DisVid], [t].[DispatchDate], [t].[DispatchQuantity], [t].[FinalPrice], [t].[UnitPrice], [t].[VehicleNo]
      FROM [TblDispatches] AS [t]
      WHERE [t].[ChallanNo] = @__dispatchId_0
info: Microsoft.EntityFrameworkCore.Database.Command[20101]
      Executed DbCommand (12ms) [Parameters=[@__dispatchId_0='?' (Size = 4000)], CommandType='Text', CommandTimeout='120']
      SELECT TOP(1) [t].[DispId], [t].[BillID], [t].[ChallanNo], [t].[Destination], [t].[DisVid], [t].[DispatchDate], [t].[DispatchQuantity], [t].[FinalPrice], [t].[UnitPrice], [t].[VehicleNo]
      FROM [TblDispatches] AS [t]
      WHERE [t].[ChallanNo] = @__dispatchId_0
info: Microsoft.EntityFrameworkCore.Database.Command[20101]
      Executed DbCommand (12ms) [Parameters=[@__dispatchId_0='?' (Size = 4000)], CommandType='Text', CommandTimeout='120']
      SELECT TOP(1) [t].[DispId], [t].[BillID], [t].[ChallanNo], [t].[Destination], [t].[DisVid], [t].[DispatchDate], [t].[DispatchQuantity], [t].[FinalPrice], [t].[UnitPrice], [t].[VehicleNo]
      FROM [TblDispatches] AS [t]
      WHERE [t].[ChallanNo] = @__dispatchId_0
info: Microsoft.EntityFrameworkCore.Database.Command[20101]
      Executed DbCommand (12ms) [Parameters=[@__dispatchId_0='?' (Size = 4000)], CommandType='Text', CommandTimeout='120']
      SELECT TOP(1) [t].[DispId], [t].[BillID], [t].[ChallanNo], [t].[Destination], [t].[DisVid], [t].[DispatchDate], [t].[DispatchQuantity], [t].[FinalPrice], [t].[UnitPrice], [t].[VehicleNo]
      FROM [TblDispatches] AS [t]
      WHERE [t].[ChallanNo] = @__dispatchId_0
info: Microsoft.EntityFrameworkCore.Database.Command[20101]
      Executed DbCommand (7ms) [Parameters=[@__dispatchId_0='?' (Size = 4000)], CommandType='Text', CommandTimeout='120']
      SELECT TOP(1) [t].[DispId], [t].[BillID], [t].[ChallanNo], [t].[Destination], [t].[DisVid], [t].[DispatchDate], [t].[DispatchQuantity], [t].[FinalPrice], [t].[UnitPrice], [t].[VehicleNo]
      FROM [TblDispatches] AS [t]
      WHERE [t].[ChallanNo] = @__dispatchId_0
info: Microsoft.EntityFrameworkCore.Database.Command[20101]
      Executed DbCommand (11ms) [Parameters=[@__dispatchId_0='?' (Size = 4000)], CommandType='Text', CommandTimeout='120']
      SELECT TOP(1) [t].[DispId], [t].[BillID], [t].[ChallanNo], [t].[Destination], [t].[DisVid], [t].[DispatchDate], [t].[DispatchQuantity], [t].[FinalPrice], [t].[UnitPrice], [t].[VehicleNo]
      FROM [TblDispatches] AS [t]
      WHERE [t].[ChallanNo] = @__dispatchId_0
info: Microsoft.EntityFrameworkCore.Database.Command[20101]
      Executed DbCommand (8ms) [Parameters=[@__dispatchId_0='?' (Size = 4000)], CommandType='Text', CommandTimeout='120']
      SELECT TOP(1) [t].[DispId], [t].[BillID], [t].[ChallanNo], [t].[Destination], [t].[DisVid], [t].[DispatchDate], [t].[DispatchQuantity], [t].[FinalPrice], [t].[UnitPrice], [t].[VehicleNo]
      FROM [TblDispatches] AS [t]
      WHERE [t].[ChallanNo] = @__dispatchId_0
info: Microsoft.EntityFrameworkCore.Database.Command[20101]
      Executed DbCommand (7ms) [Parameters=[@__dispatchId_0='?' (Size = 4000)], CommandType='Text', CommandTimeout='120']
      SELECT TOP(1) [t].[DispId], [t].[BillID], [t].[ChallanNo], [t].[Destination], [t].[DisVid], [t].[DispatchDate], [t].[DispatchQuantity], [t].[FinalPrice], [t].[UnitPrice], [t].[VehicleNo]
      FROM [TblDispatches] AS [t]
      WHERE [t].[ChallanNo] = @__dispatchId_0
info: Microsoft.EntityFrameworkCore.Database.Command[20101]
      Executed DbCommand (6ms) [Parameters=[@__dispatchId_0='?' (Size = 4000)], CommandType='Text', CommandTimeout='120']
      SELECT TOP(1) [t].[DispId], [t].[BillID], [t].[ChallanNo], [t].[Destination], [t].[DisVid], [t].[DispatchDate], [t].[DispatchQuantity], [t].[FinalPrice], [t].[UnitPrice], [t].[VehicleNo]
      FROM [TblDispatches] AS [t]
      WHERE [t].[ChallanNo] = @__dispatchId_0
info: Microsoft.EntityFrameworkCore.Database.Command[20101]
      Executed DbCommand (6ms) [Parameters=[@__dispatchId_0='?' (Size = 4000)], CommandType='Text', CommandTimeout='120']
      SELECT TOP(1) [t].[DispId], [t].[BillID], [t].[ChallanNo], [t].[Destination], [t].[DisVid], [t].[DispatchDate], [t].[DispatchQuantity], [t].[FinalPrice], [t].[UnitPrice], [t].[VehicleNo]
      FROM [TblDispatches] AS [t]
      WHERE [t].[ChallanNo] = @__dispatchId_0
info: Microsoft.EntityFrameworkCore.Database.Command[20101]
      Executed DbCommand (10ms) [Parameters=[@__dispatchId_0='?' (Size = 4000)], CommandType='Text', CommandTimeout='120']
      SELECT TOP(1) [t].[DispId], [t].[BillID], [t].[ChallanNo], [t].[Destination], [t].[DisVid], [t].[DispatchDate], [t].[DispatchQuantity], [t].[FinalPrice], [t].[UnitPrice], [t].[VehicleNo]
      FROM [TblDispatches] AS [t]
      WHERE [t].[ChallanNo] = @__dispatchId_0
info: Microsoft.EntityFrameworkCore.Database.Command[20101]
      Executed DbCommand (11ms) [Parameters=[@__dispatchId_0='?' (Size = 4000)], CommandType='Text', CommandTimeout='120']
      SELECT TOP(1) [t].[DispId], [t].[BillID], [t].[ChallanNo], [t].[Destination], [t].[DisVid], [t].[DispatchDate], [t].[DispatchQuantity], [t].[FinalPrice], [t].[UnitPrice], [t].[VehicleNo]
      FROM [TblDispatches] AS [t]
      WHERE [t].[ChallanNo] = @__dispatchId_0
info: Microsoft.EntityFrameworkCore.Database.Command[20101]
      Executed DbCommand (7ms) [Parameters=[@__dispatchId_0='?' (Size = 4000)], CommandType='Text', CommandTimeout='120']
      SELECT TOP(1) [t].[DispId], [t].[BillID], [t].[ChallanNo], [t].[Destination], [t].[DisVid], [t].[DispatchDate], [t].[DispatchQuantity], [t].[FinalPrice], [t].[UnitPrice], [t].[VehicleNo]
      FROM [TblDispatches] AS [t]
      WHERE [t].[ChallanNo] = @__dispatchId_0
info: Microsoft.EntityFrameworkCore.Database.Command[20101]
      Executed DbCommand (9ms) [Parameters=[@__dispatchId_0='?' (Size = 4000)], CommandType='Text', CommandTimeout='120']
      SELECT TOP(1) [t].[DispId], [t].[BillID], [t].[ChallanNo], [t].[Destination], [t].[DisVid], [t].[DispatchDate], [t].[DispatchQuantity], [t].[FinalPrice], [t].[UnitPrice], [t].[VehicleNo]
      FROM [TblDispatches] AS [t]
      WHERE [t].[ChallanNo] = @__dispatchId_0
info: Microsoft.EntityFrameworkCore.Database.Command[20101]
      Executed DbCommand (11ms) [Parameters=[@__dispatchId_0='?' (Size = 4000)], CommandType='Text', CommandTimeout='120']
      SELECT TOP(1) [t].[DispId], [t].[BillID], [t].[ChallanNo], [t].[Destination], [t].[DisVid], [t].[DispatchDate], [t].[DispatchQuantity], [t].[FinalPrice], [t].[UnitPrice], [t].[VehicleNo]
      FROM [TblDispatches] AS [t]
      WHERE [t].[ChallanNo] = @__dispatchId_0
info: Microsoft.EntityFrameworkCore.Database.Command[20101]
      Executed DbCommand (7ms) [Parameters=[@__dispatchId_0='?' (Size = 4000)], CommandType='Text', CommandTimeout='120']
      SELECT TOP(1) [t].[DispId], [t].[BillID], [t].[ChallanNo], [t].[Destination], [t].[DisVid], [t].[DispatchDate], [t].[DispatchQuantity], [t].[FinalPrice], [t].[UnitPrice], [t].[VehicleNo]
      FROM [TblDispatches] AS [t]
      WHERE [t].[ChallanNo] = @__dispatchId_0
info: Microsoft.EntityFrameworkCore.Database.Command[20101]
      Executed DbCommand (11ms) [Parameters=[@__dispatchId_0='?' (Size = 4000)], CommandType='Text', CommandTimeout='120']
      SELECT TOP(1) [t].[DispId], [t].[BillID], [t].[ChallanNo], [t].[Destination], [t].[DisVid], [t].[DispatchDate], [t].[DispatchQuantity], [t].[FinalPrice], [t].[UnitPrice], [t].[VehicleNo]
      FROM [TblDispatches] AS [t]
      WHERE [t].[ChallanNo] = @__dispatchId_0
info: Microsoft.EntityFrameworkCore.Database.Command[20101]
      Executed DbCommand (10ms) [Parameters=[@__dispatchId_0='?' (Size = 4000)], CommandType='Text', CommandTimeout='120']
      SELECT TOP(1) [t].[DispId], [t].[BillID], [t].[ChallanNo], [t].[Destination], [t].[DisVid], [t].[DispatchDate], [t].[DispatchQuantity], [t].[FinalPrice], [t].[UnitPrice], [t].[VehicleNo]
      FROM [TblDispatches] AS [t]
      WHERE [t].[ChallanNo] = @__dispatchId_0
info: Microsoft.EntityFrameworkCore.Database.Command[20101]
      Executed DbCommand (9ms) [Parameters=[@__dispatchId_0='?' (Size = 4000)], CommandType='Text', CommandTimeout='120']
      SELECT TOP(1) [t].[DispId], [t].[BillID], [t].[ChallanNo], [t].[Destination], [t].[DisVid], [t].[DispatchDate], [t].[DispatchQuantity], [t].[FinalPrice], [t].[UnitPrice], [t].[VehicleNo]
      FROM [TblDispatches] AS [t]
      WHERE [t].[ChallanNo] = @__dispatchId_0
info: Microsoft.EntityFrameworkCore.Database.Command[20101]
      Executed DbCommand (7ms) [Parameters=[@__dispatchId_0='?' (Size = 4000)], CommandType='Text', CommandTimeout='120']
      SELECT TOP(1) [t].[DispId], [t].[BillID], [t].[ChallanNo], [t].[Destination], [t].[DisVid], [t].[DispatchDate], [t].[DispatchQuantity], [t].[FinalPrice], [t].[UnitPrice], [t].[VehicleNo]
      FROM [TblDispatches] AS [t]
      WHERE [t].[ChallanNo] = @__dispatchId_0
info: Microsoft.EntityFrameworkCore.Database.Command[20101]
      Executed DbCommand (8ms) [Parameters=[@__dispatchId_0='?' (Size = 4000)], CommandType='Text', CommandTimeout='120']
      SELECT TOP(1) [t].[DispId], [t].[BillID], [t].[ChallanNo], [t].[Destination], [t].[DisVid], [t].[DispatchDate], [t].[DispatchQuantity], [t].[FinalPrice], [t].[UnitPrice], [t].[VehicleNo]
      FROM [TblDispatches] AS [t]
      WHERE [t].[ChallanNo] = @__dispatchId_0
info: Microsoft.EntityFrameworkCore.Database.Command[20101]
      Executed DbCommand (8ms) [Parameters=[@__dispatchId_0='?' (Size = 4000)], CommandType='Text', CommandTimeout='120']
      SELECT TOP(1) [t].[DispId], [t].[BillID], [t].[ChallanNo], [t].[Destination], [t].[DisVid], [t].[DispatchDate], [t].[DispatchQuantity], [t].[FinalPrice], [t].[UnitPrice], [t].[VehicleNo]
      FROM [TblDispatches] AS [t]
      WHERE [t].[ChallanNo] = @__dispatchId_0
info: Microsoft.EntityFrameworkCore.Database.Command[20101]
      Executed DbCommand (8ms) [Parameters=[@__dispatchId_0='?' (Size = 4000)], CommandType='Text', CommandTimeout='120']
      SELECT TOP(1) [t].[DispId], [t].[BillID], [t].[ChallanNo], [t].[Destination], [t].[DisVid], [t].[DispatchDate], [t].[DispatchQuantity], [t].[FinalPrice], [t].[UnitPrice], [t].[VehicleNo]
      FROM [TblDispatches] AS [t]
      WHERE [t].[ChallanNo] = @__dispatchId_0
info: Microsoft.EntityFrameworkCore.Database.Command[20101]
      Executed DbCommand (7ms) [Parameters=[@__dispatchId_0='?' (Size = 4000)], CommandType='Text', CommandTimeout='120']
      SELECT TOP(1) [t].[DispId], [t].[BillID], [t].[ChallanNo], [t].[Destination], [t].[DisVid], [t].[DispatchDate], [t].[DispatchQuantity], [t].[FinalPrice], [t].[UnitPrice], [t].[VehicleNo]
      FROM [TblDispatches] AS [t]
      WHERE [t].[ChallanNo] = @__dispatchId_0
info: Microsoft.EntityFrameworkCore.Database.Command[20101]
      Executed DbCommand (7ms) [Parameters=[@__dispatchId_0='?' (Size = 4000)], CommandType='Text', CommandTimeout='120']
      SELECT TOP(1) [t].[DispId], [t].[BillID], [t].[ChallanNo], [t].[Destination], [t].[DisVid], [t].[DispatchDate], [t].[DispatchQuantity], [t].[FinalPrice], [t].[UnitPrice], [t].[VehicleNo]
      FROM [TblDispatches] AS [t]
      WHERE [t].[ChallanNo] = @__dispatchId_0
info: Microsoft.EntityFrameworkCore.Database.Command[20101]
      Executed DbCommand (5ms) [Parameters=[@__dispatchId_0='?' (Size = 4000)], CommandType='Text', CommandTimeout='120']
      SELECT TOP(1) [t].[DispId], [t].[BillID], [t].[ChallanNo], [t].[Destination], [t].[DisVid], [t].[DispatchDate], [t].[DispatchQuantity], [t].[FinalPrice], [t].[UnitPrice], [t].[VehicleNo]
      FROM [TblDispatches] AS [t]
      WHERE [t].[ChallanNo] = @__dispatchId_0
info: Microsoft.EntityFrameworkCore.Database.Command[20101]
      Executed DbCommand (7ms) [Parameters=[@__dispatchId_0='?' (Size = 4000)], CommandType='Text', CommandTimeout='120']
      SELECT TOP(1) [t].[DispId], [t].[BillID], [t].[ChallanNo], [t].[Destination], [t].[DisVid], [t].[DispatchDate], [t].[DispatchQuantity], [t].[FinalPrice], [t].[UnitPrice], [t].[VehicleNo]
      FROM [TblDispatches] AS [t]
      WHERE [t].[ChallanNo] = @__dispatchId_0
info: Microsoft.EntityFrameworkCore.Database.Command[20101]
      Executed DbCommand (6ms) [Parameters=[@__dispatchId_0='?' (Size = 4000)], CommandType='Text', CommandTimeout='120']
      SELECT TOP(1) [t].[DispId], [t].[BillID], [t].[ChallanNo], [t].[Destination], [t].[DisVid], [t].[DispatchDate], [t].[DispatchQuantity], [t].[FinalPrice], [t].[UnitPrice], [t].[VehicleNo]
      FROM [TblDispatches] AS [t]
      WHERE [t].[ChallanNo] = @__dispatchId_0
info: Microsoft.EntityFrameworkCore.Database.Command[20101]
      Executed DbCommand (19ms) [Parameters=[@__dispatchId_0='?' (Size = 4000)], CommandType='Text', CommandTimeout='120']
      SELECT TOP(1) [t].[DispId], [t].[BillID], [t].[ChallanNo], [t].[Destination], [t].[DisVid], [t].[DispatchDate], [t].[DispatchQuantity], [t].[FinalPrice], [t].[UnitPrice], [t].[VehicleNo]
      FROM [TblDispatches] AS [t]
      WHERE [t].[ChallanNo] = @__dispatchId_0
info: Microsoft.EntityFrameworkCore.Database.Command[20101]
      Executed DbCommand (11ms) [Parameters=[@__dispatchId_0='?' (Size = 4000)], CommandType='Text', CommandTimeout='120']
      SELECT TOP(1) [t].[DispId], [t].[BillID], [t].[ChallanNo], [t].[Destination], [t].[DisVid], [t].[DispatchDate], [t].[DispatchQuantity], [t].[FinalPrice], [t].[UnitPrice], [t].[VehicleNo]
      FROM [TblDispatches] AS [t]
      WHERE [t].[ChallanNo] = @__dispatchId_0
info: Microsoft.EntityFrameworkCore.Database.Command[20101]
      Executed DbCommand (11ms) [Parameters=[@__dispatchId_0='?' (Size = 4000)], CommandType='Text', CommandTimeout='120']
      SELECT TOP(1) [t].[DispId], [t].[BillID], [t].[ChallanNo], [t].[Destination], [t].[DisVid], [t].[DispatchDate], [t].[DispatchQuantity], [t].[FinalPrice], [t].[UnitPrice], [t].[VehicleNo]
      FROM [TblDispatches] AS [t]
      WHERE [t].[ChallanNo] = @__dispatchId_0
info: Microsoft.EntityFrameworkCore.Database.Command[20101]
      Executed DbCommand (11ms) [Parameters=[@__dispatchId_0='?' (Size = 4000)], CommandType='Text', CommandTimeout='120']
      SELECT TOP(1) [t].[DispId], [t].[BillID], [t].[ChallanNo], [t].[Destination], [t].[DisVid], [t].[DispatchDate], [t].[DispatchQuantity], [t].[FinalPrice], [t].[UnitPrice], [t].[VehicleNo]
      FROM [TblDispatches] AS [t]
      WHERE [t].[ChallanNo] = @__dispatchId_0
info: Microsoft.EntityFrameworkCore.Database.Command[20101]
      Executed DbCommand (342ms) [Parameters=[@p9='?' (DbType = Int32), @p0='?' (DbType = Int32), @p1='?' (Size = 4000), @p2='?' (Size = 4000), @p3='?' (DbType = Int32), @p4='?' (DbType = DateTime2), @p5='?' (DbType = Double), @p6='?' (DbType = Double), @p7='?' (DbType = Double), @p8='?' (Size = 4000), @p19='?' (DbType = Int32), @p10='?' (DbType = Int32), @p11='?' (Size = 4000), @p12='?' (Size = 4000), @p13='?' (DbType = Int32), @p14='?' (DbType = DateTime2), @p15='?' (DbType = Double), @p16='?' (DbType = Double), @p17='?' (DbType = Double), @p18='?' (Size = 4000), @p29='?' (DbType = Int32), @p20='?' (DbType = Int32), @p21='?' (Size = 4000), @p22='?' (Size = 4000), @p23='?' (DbType = Int32), @p24='?' (DbType = DateTime2), @p25='?' (DbType = Double), @p26='?' (DbType = Double), @p27='?' (DbType = Double), @p28='?' (Size = 4000), @p39='?' (DbType = Int32), @p30='?' (DbType = Int32), @p31='?' (Size = 4000), @p32='?' (Size = 4000), @p33='?' (DbType = Int32), @p34='?' (DbType = DateTime2), @p35='?' (DbType = Double), @p36='?' (DbType = Double), @p37='?' (DbType = Double), @p38='?' (Size = 4000), @p49='?' (DbType = Int32), @p40='?' (DbType = Int32), @p41='?' (Size = 4000), @p42='?' (Size = 4000), @p43='?' (DbType = Int32), @p44='?' (DbType = DateTime2), @p45='?' (DbType = Double), @p46='?' (DbType = Double), @p47='?' (DbType = Double), @p48='?' (Size = 4000), @p59='?' (DbType = Int32), @p50='?' (DbType = Int32), @p51='?' (Size = 4000), @p52='?' (Size = 4000), @p53='?' (DbType = Int32), @p54='?' (DbType = DateTime2), @p55='?' (DbType = Double), @p56='?' (DbType = Double), @p57='?' (DbType = Double), @p58='?' (Size = 4000), @p69='?' (DbType = Int32), @p60='?' (DbType = Int32), @p61='?' (Size = 4000), @p62='?' (Size = 4000), @p63='?' (DbType = Int32), @p64='?' (DbType = DateTime2), @p65='?' (DbType = Double), @p66='?' (DbType = Double), @p67='?' (DbType = Double), @p68='?' (Size = 4000), @p79='?' (DbType = Int32), @p70='?' (DbType = Int32), @p71='?' (Size = 4000), @p72='?' (Size = 4000), @p73='?' (DbType = Int32), @p74='?' (DbType = DateTime2), @p75='?' (DbType = Double), @p76='?' (DbType = Double), @p77='?' (DbType = Double), @p78='?' (Size = 4000), @p89='?' (DbType = Int32), @p80='?' (DbType = Int32), @p81='?' (Size = 4000), @p82='?' (Size = 4000), @p83='?' (DbType = Int32), @p84='?' (DbType = DateTime2), @p85='?' (DbType = Double), @p86='?' (DbType = Double), @p87='?' (DbType = Double), @p88='?' (Size = 4000), @p99='?' (DbType = Int32), @p90='?' (DbType = Int32), @p91='?' (Size = 4000), @p92='?' (Size = 4000), @p93='?' (DbType = Int32), @p94='?' (DbType = DateTime2), @p95='?' (DbType = Double), @p96='?' (DbType = Double), @p97='?' (DbType = Double), @p98='?' (Size = 4000), @p109='?' (DbType = Int32), @p100='?' (DbType = Int32), @p101='?' (Size = 4000), @p102='?' (Size = 4000), @p103='?' (DbType = Int32), @p104='?' (DbType = DateTime2), @p105='?' (DbType = Double), @p106='?' (DbType = Double), @p107='?' (DbType = Double), @p108='?' (Size = 4000), @p119='?' (DbType = Int32), @p110='?' (DbType = Int32), @p111='?' (Size = 4000), @p112='?' (Size = 4000), @p113='?' (DbType = Int32), @p114='?' (DbType = DateTime2), @p115='?' (DbType = Double), @p116='?' (DbType = Double), @p117='?' (DbType = Double), @p118='?' (Size = 4000), @p129='?' (DbType = Int32), @p120='?' (DbType = Int32), @p121='?' (Size = 4000), @p122='?' (Size = 4000), @p123='?' (DbType = Int32), @p124='?' (DbType = DateTime2), @p125='?' (DbType = Double), @p126='?' (DbType = Double), @p127='?' (DbType = Double), @p128='?' (Size = 4000), @p139='?' (DbType = Int32), @p130='?' (DbType = Int32), @p131='?' (Size = 4000), @p132='?' (Size = 4000), @p133='?' (DbType = Int32), @p134='?' (DbType = DateTime2), @p135='?' (DbType = Double), @p136='?' (DbType = Double), @p137='?' (DbType = Double), @p138='?' (Size = 4000), @p149='?' (DbType = Int32), @p140='?' (DbType = Int32), @p141='?' (Size = 4000), @p142='?' (Size = 4000), @p143='?' (DbType = Int32), @p144='?' (DbType = DateTime2), @p145='?' (DbType = Double), @p146='?' (DbType = Double), @p147='?' (DbType = Double), @p148='?' (Size = 4000), @p159='?' (DbType = Int32), @p150='?' (DbType = Int32), @p151='?' (Size = 4000), @p152='?' (Size = 4000), @p153='?' (DbType = Int32), @p154='?' (DbType = DateTime2), @p155='?' (DbType = Double), @p156='?' (DbType = Double), @p157='?' (DbType = Double), @p158='?' (Size = 4000), @p169='?' (DbType = Int32), @p160='?' (DbType = Int32), @p161='?' (Size = 4000), @p162='?' (Size = 4000), @p163='?' (DbType = Int32), @p164='?' (DbType = DateTime2), @p165='?' (DbType = Double), @p166='?' (DbType = Double), @p167='?' (DbType = Double), @p168='?' (Size = 4000), @p179='?' (DbType = Int32), @p170='?' (DbType = Int32), @p171='?' (Size = 4000), @p172='?' (Size = 4000), @p173='?' (DbType = Int32), @p174='?' (DbType = DateTime2), @p175='?' (DbType = Double), @p176='?' (DbType = Double), @p177='?' (DbType = Double), @p178='?' (Size = 4000), @p189='?' (DbType = Int32), @p180='?' (DbType = Int32), @p181='?' (Size = 4000), @p182='?' (Size = 4000), @p183='?' (DbType = Int32), @p184='?' (DbType = DateTime2), @p185='?' (DbType = Double), @p186='?' (DbType = Double), @p187='?' (DbType = Double), @p188='?' (Size = 4000), @p199='?' (DbType = Int32), @p190='?' (DbType = Int32), @p191='?' (Size = 4000), @p192='?' (Size = 4000), @p193='?' (DbType = Int32), @p194='?' (DbType = DateTime2), @p195='?' (DbType = Double), @p196='?' (DbType = Double), @p197='?' (DbType = Double), @p198='?' (Size = 4000), @p209='?' (DbType = Int32), @p200='?' (DbType = Int32), @p201='?' (Size = 4000), @p202='?' (Size = 4000), @p203='?' (DbType = Int32), @p204='?' (DbType = DateTime2), @p205='?' (DbType = Double), @p206='?' (DbType = Double), @p207='?' (DbType = Double), @p208='?' (Size = 4000), @p219='?' (DbType = Int32), @p210='?' (DbType = Int32), @p211='?' (Size = 4000), @p212='?' (Size = 4000), @p213='?' (DbType = Int32), @p214='?' (DbType = DateTime2), @p215='?' (DbType = Double), @p216='?' (DbType = Double), @p217='?' (DbType = Double), @p218='?' (Size = 4000), @p229='?' (DbType = Int32), @p220='?' (DbType = Int32), @p221='?' (Size = 4000), @p222='?' (Size = 4000), @p223='?' (DbType = Int32), @p224='?' (DbType = DateTime2), @p225='?' (DbType = Double), @p226='?' (DbType = Double), @p227='?' (DbType = Double), @p228='?' (Size = 4000), @p239='?' (DbType = Int32), @p230='?' (DbType = Int32), @p231='?' (Size = 4000), @p232='?' (Size = 4000), @p233='?' (DbType = Int32), @p234='?' (DbType = DateTime2), @p235='?' (DbType = Double), @p236='?' (DbType = Double), @p237='?' (DbType = Double), @p238='?' (Size = 4000), @p249='?' (DbType = Int32), @p240='?' (DbType = Int32), @p241='?' (Size = 4000), @p242='?' (Size = 4000), @p243='?' (DbType = Int32), @p244='?' (DbType = DateTime2), @p245='?' (DbType = Double), @p246='?' (DbType = Double), @p247='?' (DbType = Double), @p248='?' (Size = 4000)], CommandType='Text', CommandTimeout='120']
      SET NOCOUNT ON;
      UPDATE [TblDispatches] SET [BillID] = @p0, [ChallanNo] = @p1, [Destination] = @p2, [DisVid] = @p3, [DispatchDate] = @p4, [DispatchQuantity] = @p5, [FinalPrice] = @p6, [UnitPrice] = @p7, [VehicleNo] = @p8
      WHERE [DispId] = @p9;
      SELECT @@ROWCOUNT;
      
      UPDATE [TblDispatches] SET [BillID] = @p10, [ChallanNo] = @p11, [Destination] = @p12, [DisVid] = @p13, [DispatchDate] = @p14, [DispatchQuantity] = @p15, [FinalPrice] = @p16, [UnitPrice] = @p17, [VehicleNo] = @p18
      WHERE [DispId] = @p19;
      SELECT @@ROWCOUNT;
      
      UPDATE [TblDispatches] SET [BillID] = @p20, [ChallanNo] = @p21, [Destination] = @p22, [DisVid] = @p23, [DispatchDate] = @p24, [DispatchQuantity] = @p25, [FinalPrice] = @p26, [UnitPrice] = @p27, [VehicleNo] = @p28
      WHERE [DispId] = @p29;
      SELECT @@ROWCOUNT;
      
      UPDATE [TblDispatches] SET [BillID] = @p30, [ChallanNo] = @p31, [Destination] = @p32, [DisVid] = @p33, [DispatchDate] = @p34, [DispatchQuantity] = @p35, [FinalPrice] = @p36, [UnitPrice] = @p37, [VehicleNo] = @p38
      WHERE [DispId] = @p39;
      SELECT @@ROWCOUNT;
      
      UPDATE [TblDispatches] SET [BillID] = @p40, [ChallanNo] = @p41, [Destination] = @p42, [DisVid] = @p43, [DispatchDate] = @p44, [DispatchQuantity] = @p45, [FinalPrice] = @p46, [UnitPrice] = @p47, [VehicleNo] = @p48
      WHERE [DispId] = @p49;
      SELECT @@ROWCOUNT;
      
      UPDATE [TblDispatches] SET [BillID] = @p50, [ChallanNo] = @p51, [Destination] = @p52, [DisVid] = @p53, [DispatchDate] = @p54, [DispatchQuantity] = @p55, [FinalPrice] = @p56, [UnitPrice] = @p57, [VehicleNo] = @p58
      WHERE [DispId] = @p59;
      SELECT @@ROWCOUNT;
      
      UPDATE [TblDispatches] SET [BillID] = @p60, [ChallanNo] = @p61, [Destination] = @p62, [DisVid] = @p63, [DispatchDate] = @p64, [DispatchQuantity] = @p65, [FinalPrice] = @p66, [UnitPrice] = @p67, [VehicleNo] = @p68
      WHERE [DispId] = @p69;
      SELECT @@ROWCOUNT;
      
      UPDATE [TblDispatches] SET [BillID] = @p70, [ChallanNo] = @p71, [Destination] = @p72, [DisVid] = @p73, [DispatchDate] = @p74, [DispatchQuantity] = @p75, [FinalPrice] = @p76, [UnitPrice] = @p77, [VehicleNo] = @p78
      WHERE [DispId] = @p79;
      SELECT @@ROWCOUNT;
      
      UPDATE [TblDispatches] SET [BillID] = @p80, [ChallanNo] = @p81, [Destination] = @p82, [DisVid] = @p83, [DispatchDate] = @p84, [DispatchQuantity] = @p85, [FinalPrice] = @p86, [UnitPrice] = @p87, [VehicleNo] = @p88
      WHERE [DispId] = @p89;
      SELECT @@ROWCOUNT;
      
      UPDATE [TblDispatches] SET [BillID] = @p90, [ChallanNo] = @p91, [Destination] = @p92, [DisVid] = @p93, [DispatchDate] = @p94, [DispatchQuantity] = @p95, [FinalPrice] = @p96, [UnitPrice] = @p97, [VehicleNo] = @p98
      WHERE [DispId] = @p99;
      SELECT @@ROWCOUNT;
      
      UPDATE [TblDispatches] SET [BillID] = @p100, [ChallanNo] = @p101, [Destination] = @p102, [DisVid] = @p103, [DispatchDate] = @p104, [DispatchQuantity] = @p105, [FinalPrice] = @p106, [UnitPrice] = @p107, [VehicleNo] = @p108
      WHERE [DispId] = @p109;
      SELECT @@ROWCOUNT;
      
      UPDATE [TblDispatches] SET [BillID] = @p110, [ChallanNo] = @p111, [Destination] = @p112, [DisVid] = @p113, [DispatchDate] = @p114, [DispatchQuantity] = @p115, [FinalPrice] = @p116, [UnitPrice] = @p117, [VehicleNo] = @p118
      WHERE [DispId] = @p119;
      SELECT @@ROWCOUNT;
      
      UPDATE [TblDispatches] SET [BillID] = @p120, [ChallanNo] = @p121, [Destination] = @p122, [DisVid] = @p123, [DispatchDate] = @p124, [DispatchQuantity] = @p125, [FinalPrice] = @p126, [UnitPrice] = @p127, [VehicleNo] = @p128
      WHERE [DispId] = @p129;
      SELECT @@ROWCOUNT;
      
      UPDATE [TblDispatches] SET [BillID] = @p130, [ChallanNo] = @p131, [Destination] = @p132, [DisVid] = @p133, [DispatchDate] = @p134, [DispatchQuantity] = @p135, [FinalPrice] = @p136, [UnitPrice] = @p137, [VehicleNo] = @p138
      WHERE [DispId] = @p139;
      SELECT @@ROWCOUNT;
      
      UPDATE [TblDispatches] SET [BillID] = @p140, [ChallanNo] = @p141, [Destination] = @p142, [DisVid] = @p143, [DispatchDate] = @p144, [DispatchQuantity] = @p145, [FinalPrice] = @p146, [UnitPrice] = @p147, [VehicleNo] = @p148
      WHERE [DispId] = @p149;
      SELECT @@ROWCOUNT;
      
      UPDATE [TblDispatches] SET [BillID] = @p150, [ChallanNo] = @p151, [Destination] = @p152, [DisVid] = @p153, [DispatchDate] = @p154, [DispatchQuantity] = @p155, [FinalPrice] = @p156, [UnitPrice] = @p157, [VehicleNo] = @p158
      WHERE [DispId] = @p159;
      SELECT @@ROWCOUNT;
      
      UPDATE [TblDispatches] SET [BillID] = @p160, [ChallanNo] = @p161, [Destination] = @p162, [DisVid] = @p163, [DispatchDate] = @p164, [DispatchQuantity] = @p165, [FinalPrice] = @p166, [UnitPrice] = @p167, [VehicleNo] = @p168
      WHERE [DispId] = @p169;
      SELECT @@ROWCOUNT;
      
      UPDATE [TblDispatches] SET [BillID] = @p170, [ChallanNo] = @p171, [Destination] = @p172, [DisVid] = @p173, [DispatchDate] = @p174, [DispatchQuantity] = @p175, [FinalPrice] = @p176, [UnitPrice] = @p177, [VehicleNo] = @p178
      WHERE [DispId] = @p179;
      SELECT @@ROWCOUNT;
      
      UPDATE [TblDispatches] SET [BillID] = @p180, [ChallanNo] = @p181, [Destination] = @p182, [DisVid] = @p183, [DispatchDate] = @p184, [DispatchQuantity] = @p185, [FinalPrice] = @p186, [UnitPrice] = @p187, [VehicleNo] = @p188
      WHERE [DispId] = @p189;
      SELECT @@ROWCOUNT;
      
      UPDATE [TblDispatches] SET [BillID] = @p190, [ChallanNo] = @p191, [Destination] = @p192, [DisVid] = @p193, [DispatchDate] = @p194, [DispatchQuantity] = @p195, [FinalPrice] = @p196, [UnitPrice] = @p197, [VehicleNo] = @p198
      WHERE [DispId] = @p199;
      SELECT @@ROWCOUNT;
      
      UPDATE [TblDispatches] SET [BillID] = @p200, [ChallanNo] = @p201, [Destination] = @p202, [DisVid] = @p203, [DispatchDate] = @p204, [DispatchQuantity] = @p205, [FinalPrice] = @p206, [UnitPrice] = @p207, [VehicleNo] = @p208
      WHERE [DispId] = @p209;
      SELECT @@ROWCOUNT;
      
      UPDATE [TblDispatches] SET [BillID] = @p210, [ChallanNo] = @p211, [Destination] = @p212, [DisVid] = @p213, [DispatchDate] = @p214, [DispatchQuantity] = @p215, [FinalPrice] = @p216, [UnitPrice] = @p217, [VehicleNo] = @p218
      WHERE [DispId] = @p219;
      SELECT @@ROWCOUNT;
      
      UPDATE [TblDispatches] SET [BillID] = @p220, [ChallanNo] = @p221, [Destination] = @p222, [DisVid] = @p223, [DispatchDate] = @p224, [DispatchQuantity] = @p225, [FinalPrice] = @p226, [UnitPrice] = @p227, [VehicleNo] = @p228
      WHERE [DispId] = @p229;
      SELECT @@ROWCOUNT;
      
      UPDATE [TblDispatches] SET [BillID] = @p230, [ChallanNo] = @p231, [Destination] = @p232, [DisVid] = @p233, [DispatchDate] = @p234, [DispatchQuantity] = @p235, [FinalPrice] = @p236, [UnitPrice] = @p237, [VehicleNo] = @p238
      WHERE [DispId] = @p239;
      SELECT @@ROWCOUNT;
      
      UPDATE [TblDispatches] SET [BillID] = @p240, [ChallanNo] = @p241, [Destination] = @p242, [DisVid] = @p243, [DispatchDate] = @p244, [DispatchQuantity] = @p245, [FinalPrice] = @p246, [UnitPrice] = @p247, [VehicleNo] = @p248
      WHERE [DispId] = @p249;
      SELECT @@ROWCOUNT;
info: Microsoft.EntityFrameworkCore.Infrastructure[10403]
      Entity Framework Core 6.0.21 initialized 'TransportMgmtContext' using provider 'Microsoft.EntityFrameworkCore.SqlServer:6.0.21' with options: CommandTimeout=120 
info: Microsoft.EntityFrameworkCore.Database.Command[20101]
      Executed DbCommand (1ms) [Parameters=[], CommandType='Text', CommandTimeout='120']
      SELECT [t].[FID], [t].[Address], [t].[Code], [t].[CreatedBy], [t].[CreatedOn], [t].[FactoryName], [t].[Gstin], [t].[IsActive], [t].[ModifiedBy], [t].[ModifiedOn]
      FROM [TblFactories] AS [t]
info: Microsoft.EntityFrameworkCore.Database.Command[20101]
      Executed DbCommand (0ms) [Parameters=[], CommandType='Text', CommandTimeout='120']
      SELECT [t].[FID], [t].[Address], [t].[Code], [t].[CreatedBy], [t].[CreatedOn], [t].[FactoryName], [t].[Gstin], [t].[IsActive], [t].[ModifiedBy], [t].[ModifiedOn]
      FROM [TblFactories] AS [t]
info: Microsoft.EntityFrameworkCore.Database.Command[20101]
      Executed DbCommand (4ms) [Parameters=[], CommandType='Text', CommandTimeout='120']
      SELECT [t].[DispId], [t].[BillID], [t].[ChallanNo], [t].[Destination], [t].[DisVid], [t].[DispatchDate], [t].[DispatchQuantity], [t].[FinalPrice], [t].[UnitPrice], [t].[VehicleNo]
      FROM [TblDispatches] AS [t]
info: Microsoft.EntityFrameworkCore.Infrastructure[10403]
      Entity Framework Core 6.0.21 initialized 'TransportMgmtContext' using provider 'Microsoft.EntityFrameworkCore.SqlServer:6.0.21' with options: CommandTimeout=120 
info: Microsoft.EntityFrameworkCore.Database.Command[20101]
      Executed DbCommand (10ms) [Parameters=[], CommandType='Text', CommandTimeout='120']
      SELECT [t].[FID] AS [id], [t].[FactoryName] AS [name]
      FROM [TblFactories] AS [t]
info: Microsoft.EntityFrameworkCore.Infrastructure[10403]
      Entity Framework Core 6.0.21 initialized 'TransportMgmtContext' using provider 'Microsoft.EntityFrameworkCore.SqlServer:6.0.21' with options: CommandTimeout=120 
info: Microsoft.EntityFrameworkCore.Database.Command[20101]
      Executed DbCommand (41ms) [Parameters=[p0='?' (DbType = DateTime2), p1='?' (DbType = DateTime2), p2='?' (DbType = Int32)], CommandType='Text', CommandTimeout='120']
      EXEC [dbo].[SpExpoBilldetail] @FromDate = @p0, @ToDate = @p1, @FactoryId = @p2
info: Microsoft.EntityFrameworkCore.Infrastructure[10403]
      Entity Framework Core 6.0.21 initialized 'TransportMgmtContext' using provider 'Microsoft.EntityFrameworkCore.SqlServer:6.0.21' with options: CommandTimeout=120 
info: Microsoft.EntityFrameworkCore.Database.Command[20101]
      Executed DbCommand (8ms) [Parameters=[], CommandType='Text', CommandTimeout='120']
      SELECT [t].[FID], [t].[Address], [t].[Code], [t].[CreatedBy], [t].[CreatedOn], [t].[FactoryName], [t].[Gstin], [t].[IsActive], [t].[ModifiedBy], [t].[ModifiedOn]
      FROM [TblFactories] AS [t]
info: Microsoft.EntityFrameworkCore.Database.Command[20101]
      Executed DbCommand (2ms) [Parameters=[], CommandType='Text', CommandTimeout='120']
      SELECT [t].[FID], [t].[Address], [t].[Code], [t].[CreatedBy], [t].[CreatedOn], [t].[FactoryName], [t].[Gstin], [t].[IsActive], [t].[ModifiedBy], [t].[ModifiedOn]
      FROM [TblFactories] AS [t]
info: Microsoft.EntityFrameworkCore.Database.Command[20101]
      Executed DbCommand (8ms) [Parameters=[], CommandType='Text', CommandTimeout='120']
      SELECT [t].[DispId], [t].[BillID], [t].[ChallanNo], [t].[Destination], [t].[DisVid], [t].[DispatchDate], [t].[DispatchQuantity], [t].[FinalPrice], [t].[UnitPrice], [t].[VehicleNo]
      FROM [TblDispatches] AS [t]
info: Microsoft.EntityFrameworkCore.Infrastructure[10403]
      Entity Framework Core 6.0.21 initialized 'TransportMgmtContext' using provider 'Microsoft.EntityFrameworkCore.SqlServer:6.0.21' with options: CommandTimeout=120 
info: Microsoft.EntityFrameworkCore.Database.Command[20101]
      Executed DbCommand (11ms) [Parameters=[@__dispatchId_0='?' (Size = 4000)], CommandType='Text', CommandTimeout='120']
      SELECT TOP(1) [t].[DispId], [t].[BillID], [t].[ChallanNo], [t].[Destination], [t].[DisVid], [t].[DispatchDate], [t].[DispatchQuantity], [t].[FinalPrice], [t].[UnitPrice], [t].[VehicleNo]
      FROM [TblDispatches] AS [t]
      WHERE [t].[ChallanNo] = @__dispatchId_0
info: Microsoft.EntityFrameworkCore.Database.Command[20101]
      Executed DbCommand (8ms) [Parameters=[@__dispatchId_0='?' (Size = 4000)], CommandType='Text', CommandTimeout='120']
      SELECT TOP(1) [t].[DispId], [t].[BillID], [t].[ChallanNo], [t].[Destination], [t].[DisVid], [t].[DispatchDate], [t].[DispatchQuantity], [t].[FinalPrice], [t].[UnitPrice], [t].[VehicleNo]
      FROM [TblDispatches] AS [t]
      WHERE [t].[ChallanNo] = @__dispatchId_0
info: Microsoft.EntityFrameworkCore.Database.Command[20101]
      Executed DbCommand (11ms) [Parameters=[@__billNumber_0='?' (Size = 4000)], CommandType='Text', CommandTimeout='120']
      SELECT TOP(1) [b].[BillID], [b].[ActualAmount], [b].[BillDate], [b].[BillNum], [b].[BillType], [b].[FID], [b].[Gst], [b].[GstDate], [b].[PId], [b].[PaymentReceived], [b].[PaymentTablePId], [b].[Tds]
      FROM [BillTables] AS [b]
      WHERE [b].[BillNum] = @__billNumber_0
info: Microsoft.EntityFrameworkCore.Database.Command[20101]
      Executed DbCommand (11ms) [Parameters=[@p0='?' (DbType = Double), @p1='?' (DbType = DateTime2), @p2='?' (Size = 4000), @p3='?' (Size = 4000), @p4='?' (DbType = Int32), @p5='?' (DbType = Double), @p6='?' (DbType = DateTime2), @p7='?' (DbType = Int32), @p8='?' (DbType = Double), @p9='?' (DbType = Int32), @p10='?' (DbType = Double)], CommandType='Text', CommandTimeout='120']
      SET NOCOUNT ON;
      INSERT INTO [BillTables] ([ActualAmount], [BillDate], [BillNum], [BillType], [FID], [Gst], [GstDate], [PId], [PaymentReceived], [PaymentTablePId], [Tds])
      VALUES (@p0, @p1, @p2, @p3, @p4, @p5, @p6, @p7, @p8, @p9, @p10);
      SELECT [BillID]
      FROM [BillTables]
      WHERE @@ROWCOUNT = 1 AND [BillID] = scope_identity();
info: Microsoft.EntityFrameworkCore.Database.Command[20101]
      Executed DbCommand (5ms) [Parameters=[@p2='?' (DbType = Int32), @p0='?' (DbType = Double), @p1='?' (DbType = Double)], CommandType='Text', CommandTimeout='120']
      SET NOCOUNT ON;
      UPDATE [TblDispatches] SET [FinalPrice] = @p0, [UnitPrice] = @p1
      WHERE [DispId] = @p2;
      SELECT @@ROWCOUNT;
info: Microsoft.EntityFrameworkCore.Database.Command[20101]
      Executed DbCommand (16ms) [Parameters=[@__dispatchId_0='?' (Size = 4000)], CommandType='Text', CommandTimeout='120']
      SELECT TOP(1) [t].[DispId], [t].[BillID], [t].[ChallanNo], [t].[Destination], [t].[DisVid], [t].[DispatchDate], [t].[DispatchQuantity], [t].[FinalPrice], [t].[UnitPrice], [t].[VehicleNo]
      FROM [TblDispatches] AS [t]
      WHERE [t].[ChallanNo] = @__dispatchId_0
info: Microsoft.EntityFrameworkCore.Database.Command[20101]
      Executed DbCommand (8ms) [Parameters=[@__dispatchId_0='?' (Size = 4000)], CommandType='Text', CommandTimeout='120']
      SELECT TOP(1) [t].[DispId], [t].[BillID], [t].[ChallanNo], [t].[Destination], [t].[DisVid], [t].[DispatchDate], [t].[DispatchQuantity], [t].[FinalPrice], [t].[UnitPrice], [t].[VehicleNo]
      FROM [TblDispatches] AS [t]
      WHERE [t].[ChallanNo] = @__dispatchId_0
info: Microsoft.EntityFrameworkCore.Database.Command[20101]
      Executed DbCommand (7ms) [Parameters=[@__dispatchId_0='?' (Size = 4000)], CommandType='Text', CommandTimeout='120']
      SELECT TOP(1) [t].[DispId], [t].[BillID], [t].[ChallanNo], [t].[Destination], [t].[DisVid], [t].[DispatchDate], [t].[DispatchQuantity], [t].[FinalPrice], [t].[UnitPrice], [t].[VehicleNo]
      FROM [TblDispatches] AS [t]
      WHERE [t].[ChallanNo] = @__dispatchId_0
info: Microsoft.EntityFrameworkCore.Database.Command[20101]
      Executed DbCommand (9ms) [Parameters=[@__dispatchId_0='?' (Size = 4000)], CommandType='Text', CommandTimeout='120']
      SELECT TOP(1) [t].[DispId], [t].[BillID], [t].[ChallanNo], [t].[Destination], [t].[DisVid], [t].[DispatchDate], [t].[DispatchQuantity], [t].[FinalPrice], [t].[UnitPrice], [t].[VehicleNo]
      FROM [TblDispatches] AS [t]
      WHERE [t].[ChallanNo] = @__dispatchId_0
info: Microsoft.EntityFrameworkCore.Database.Command[20101]
      Executed DbCommand (10ms) [Parameters=[@__dispatchId_0='?' (Size = 4000)], CommandType='Text', CommandTimeout='120']
      SELECT TOP(1) [t].[DispId], [t].[BillID], [t].[ChallanNo], [t].[Destination], [t].[DisVid], [t].[DispatchDate], [t].[DispatchQuantity], [t].[FinalPrice], [t].[UnitPrice], [t].[VehicleNo]
      FROM [TblDispatches] AS [t]
      WHERE [t].[ChallanNo] = @__dispatchId_0
info: Microsoft.EntityFrameworkCore.Database.Command[20101]
      Executed DbCommand (7ms) [Parameters=[@__dispatchId_0='?' (Size = 4000)], CommandType='Text', CommandTimeout='120']
      SELECT TOP(1) [t].[DispId], [t].[BillID], [t].[ChallanNo], [t].[Destination], [t].[DisVid], [t].[DispatchDate], [t].[DispatchQuantity], [t].[FinalPrice], [t].[UnitPrice], [t].[VehicleNo]
      FROM [TblDispatches] AS [t]
      WHERE [t].[ChallanNo] = @__dispatchId_0
info: Microsoft.EntityFrameworkCore.Database.Command[20101]
      Executed DbCommand (10ms) [Parameters=[@__dispatchId_0='?' (Size = 4000)], CommandType='Text', CommandTimeout='120']
      SELECT TOP(1) [t].[DispId], [t].[BillID], [t].[ChallanNo], [t].[Destination], [t].[DisVid], [t].[DispatchDate], [t].[DispatchQuantity], [t].[FinalPrice], [t].[UnitPrice], [t].[VehicleNo]
      FROM [TblDispatches] AS [t]
      WHERE [t].[ChallanNo] = @__dispatchId_0
info: Microsoft.EntityFrameworkCore.Database.Command[20101]
      Executed DbCommand (8ms) [Parameters=[@__dispatchId_0='?' (Size = 4000)], CommandType='Text', CommandTimeout='120']
      SELECT TOP(1) [t].[DispId], [t].[BillID], [t].[ChallanNo], [t].[Destination], [t].[DisVid], [t].[DispatchDate], [t].[DispatchQuantity], [t].[FinalPrice], [t].[UnitPrice], [t].[VehicleNo]
      FROM [TblDispatches] AS [t]
      WHERE [t].[ChallanNo] = @__dispatchId_0
info: Microsoft.EntityFrameworkCore.Database.Command[20101]
      Executed DbCommand (10ms) [Parameters=[@__dispatchId_0='?' (Size = 4000)], CommandType='Text', CommandTimeout='120']
      SELECT TOP(1) [t].[DispId], [t].[BillID], [t].[ChallanNo], [t].[Destination], [t].[DisVid], [t].[DispatchDate], [t].[DispatchQuantity], [t].[FinalPrice], [t].[UnitPrice], [t].[VehicleNo]
      FROM [TblDispatches] AS [t]
      WHERE [t].[ChallanNo] = @__dispatchId_0
info: Microsoft.EntityFrameworkCore.Database.Command[20101]
      Executed DbCommand (12ms) [Parameters=[@__dispatchId_0='?' (Size = 4000)], CommandType='Text', CommandTimeout='120']
      SELECT TOP(1) [t].[DispId], [t].[BillID], [t].[ChallanNo], [t].[Destination], [t].[DisVid], [t].[DispatchDate], [t].[DispatchQuantity], [t].[FinalPrice], [t].[UnitPrice], [t].[VehicleNo]
      FROM [TblDispatches] AS [t]
      WHERE [t].[ChallanNo] = @__dispatchId_0
info: Microsoft.EntityFrameworkCore.Database.Command[20101]
      Executed DbCommand (11ms) [Parameters=[@__dispatchId_0='?' (Size = 4000)], CommandType='Text', CommandTimeout='120']
      SELECT TOP(1) [t].[DispId], [t].[BillID], [t].[ChallanNo], [t].[Destination], [t].[DisVid], [t].[DispatchDate], [t].[DispatchQuantity], [t].[FinalPrice], [t].[UnitPrice], [t].[VehicleNo]
      FROM [TblDispatches] AS [t]
      WHERE [t].[ChallanNo] = @__dispatchId_0
info: Microsoft.EntityFrameworkCore.Database.Command[20101]
      Executed DbCommand (10ms) [Parameters=[@__dispatchId_0='?' (Size = 4000)], CommandType='Text', CommandTimeout='120']
      SELECT TOP(1) [t].[DispId], [t].[BillID], [t].[ChallanNo], [t].[Destination], [t].[DisVid], [t].[DispatchDate], [t].[DispatchQuantity], [t].[FinalPrice], [t].[UnitPrice], [t].[VehicleNo]
      FROM [TblDispatches] AS [t]
      WHERE [t].[ChallanNo] = @__dispatchId_0
info: Microsoft.EntityFrameworkCore.Database.Command[20101]
      Executed DbCommand (11ms) [Parameters=[@__dispatchId_0='?' (Size = 4000)], CommandType='Text', CommandTimeout='120']
      SELECT TOP(1) [t].[DispId], [t].[BillID], [t].[ChallanNo], [t].[Destination], [t].[DisVid], [t].[DispatchDate], [t].[DispatchQuantity], [t].[FinalPrice], [t].[UnitPrice], [t].[VehicleNo]
      FROM [TblDispatches] AS [t]
      WHERE [t].[ChallanNo] = @__dispatchId_0
info: Microsoft.EntityFrameworkCore.Database.Command[20101]
      Executed DbCommand (8ms) [Parameters=[@__dispatchId_0='?' (Size = 4000)], CommandType='Text', CommandTimeout='120']
      SELECT TOP(1) [t].[DispId], [t].[BillID], [t].[ChallanNo], [t].[Destination], [t].[DisVid], [t].[DispatchDate], [t].[DispatchQuantity], [t].[FinalPrice], [t].[UnitPrice], [t].[VehicleNo]
      FROM [TblDispatches] AS [t]
      WHERE [t].[ChallanNo] = @__dispatchId_0
info: Microsoft.EntityFrameworkCore.Database.Command[20101]
      Executed DbCommand (8ms) [Parameters=[@__dispatchId_0='?' (Size = 4000)], CommandType='Text', CommandTimeout='120']
      SELECT TOP(1) [t].[DispId], [t].[BillID], [t].[ChallanNo], [t].[Destination], [t].[DisVid], [t].[DispatchDate], [t].[DispatchQuantity], [t].[FinalPrice], [t].[UnitPrice], [t].[VehicleNo]
      FROM [TblDispatches] AS [t]
      WHERE [t].[ChallanNo] = @__dispatchId_0
info: Microsoft.EntityFrameworkCore.Database.Command[20101]
      Executed DbCommand (8ms) [Parameters=[@__dispatchId_0='?' (Size = 4000)], CommandType='Text', CommandTimeout='120']
      SELECT TOP(1) [t].[DispId], [t].[BillID], [t].[ChallanNo], [t].[Destination], [t].[DisVid], [t].[DispatchDate], [t].[DispatchQuantity], [t].[FinalPrice], [t].[UnitPrice], [t].[VehicleNo]
      FROM [TblDispatches] AS [t]
      WHERE [t].[ChallanNo] = @__dispatchId_0
info: Microsoft.EntityFrameworkCore.Database.Command[20101]
      Executed DbCommand (11ms) [Parameters=[@__dispatchId_0='?' (Size = 4000)], CommandType='Text', CommandTimeout='120']
      SELECT TOP(1) [t].[DispId], [t].[BillID], [t].[ChallanNo], [t].[Destination], [t].[DisVid], [t].[DispatchDate], [t].[DispatchQuantity], [t].[FinalPrice], [t].[UnitPrice], [t].[VehicleNo]
      FROM [TblDispatches] AS [t]
      WHERE [t].[ChallanNo] = @__dispatchId_0
info: Microsoft.EntityFrameworkCore.Database.Command[20101]
      Executed DbCommand (7ms) [Parameters=[@__dispatchId_0='?' (Size = 4000)], CommandType='Text', CommandTimeout='120']
      SELECT TOP(1) [t].[DispId], [t].[BillID], [t].[ChallanNo], [t].[Destination], [t].[DisVid], [t].[DispatchDate], [t].[DispatchQuantity], [t].[FinalPrice], [t].[UnitPrice], [t].[VehicleNo]
      FROM [TblDispatches] AS [t]
      WHERE [t].[ChallanNo] = @__dispatchId_0
info: Microsoft.EntityFrameworkCore.Database.Command[20101]
      Executed DbCommand (9ms) [Parameters=[@__dispatchId_0='?' (Size = 4000)], CommandType='Text', CommandTimeout='120']
      SELECT TOP(1) [t].[DispId], [t].[BillID], [t].[ChallanNo], [t].[Destination], [t].[DisVid], [t].[DispatchDate], [t].[DispatchQuantity], [t].[FinalPrice], [t].[UnitPrice], [t].[VehicleNo]
      FROM [TblDispatches] AS [t]
      WHERE [t].[ChallanNo] = @__dispatchId_0
info: Microsoft.EntityFrameworkCore.Database.Command[20101]
      Executed DbCommand (15ms) [Parameters=[@__dispatchId_0='?' (Size = 4000)], CommandType='Text', CommandTimeout='120']
      SELECT TOP(1) [t].[DispId], [t].[BillID], [t].[ChallanNo], [t].[Destination], [t].[DisVid], [t].[DispatchDate], [t].[DispatchQuantity], [t].[FinalPrice], [t].[UnitPrice], [t].[VehicleNo]
      FROM [TblDispatches] AS [t]
      WHERE [t].[ChallanNo] = @__dispatchId_0
info: Microsoft.EntityFrameworkCore.Database.Command[20101]
      Executed DbCommand (13ms) [Parameters=[@__dispatchId_0='?' (Size = 4000)], CommandType='Text', CommandTimeout='120']
      SELECT TOP(1) [t].[DispId], [t].[BillID], [t].[ChallanNo], [t].[Destination], [t].[DisVid], [t].[DispatchDate], [t].[DispatchQuantity], [t].[FinalPrice], [t].[UnitPrice], [t].[VehicleNo]
      FROM [TblDispatches] AS [t]
      WHERE [t].[ChallanNo] = @__dispatchId_0
info: Microsoft.EntityFrameworkCore.Database.Command[20101]
      Executed DbCommand (7ms) [Parameters=[@__dispatchId_0='?' (Size = 4000)], CommandType='Text', CommandTimeout='120']
      SELECT TOP(1) [t].[DispId], [t].[BillID], [t].[ChallanNo], [t].[Destination], [t].[DisVid], [t].[DispatchDate], [t].[DispatchQuantity], [t].[FinalPrice], [t].[UnitPrice], [t].[VehicleNo]
      FROM [TblDispatches] AS [t]
      WHERE [t].[ChallanNo] = @__dispatchId_0
info: Microsoft.EntityFrameworkCore.Database.Command[20101]
      Executed DbCommand (10ms) [Parameters=[@__dispatchId_0='?' (Size = 4000)], CommandType='Text', CommandTimeout='120']
      SELECT TOP(1) [t].[DispId], [t].[BillID], [t].[ChallanNo], [t].[Destination], [t].[DisVid], [t].[DispatchDate], [t].[DispatchQuantity], [t].[FinalPrice], [t].[UnitPrice], [t].[VehicleNo]
      FROM [TblDispatches] AS [t]
      WHERE [t].[ChallanNo] = @__dispatchId_0
info: Microsoft.EntityFrameworkCore.Database.Command[20101]
      Executed DbCommand (11ms) [Parameters=[@__dispatchId_0='?' (Size = 4000)], CommandType='Text', CommandTimeout='120']
      SELECT TOP(1) [t].[DispId], [t].[BillID], [t].[ChallanNo], [t].[Destination], [t].[DisVid], [t].[DispatchDate], [t].[DispatchQuantity], [t].[FinalPrice], [t].[UnitPrice], [t].[VehicleNo]
      FROM [TblDispatches] AS [t]
      WHERE [t].[ChallanNo] = @__dispatchId_0
info: Microsoft.EntityFrameworkCore.Database.Command[20101]
      Executed DbCommand (12ms) [Parameters=[@__dispatchId_0='?' (Size = 4000)], CommandType='Text', CommandTimeout='120']
      SELECT TOP(1) [t].[DispId], [t].[BillID], [t].[ChallanNo], [t].[Destination], [t].[DisVid], [t].[DispatchDate], [t].[DispatchQuantity], [t].[FinalPrice], [t].[UnitPrice], [t].[VehicleNo]
      FROM [TblDispatches] AS [t]
      WHERE [t].[ChallanNo] = @__dispatchId_0
info: Microsoft.EntityFrameworkCore.Database.Command[20101]
      Executed DbCommand (11ms) [Parameters=[@__dispatchId_0='?' (Size = 4000)], CommandType='Text', CommandTimeout='120']
      SELECT TOP(1) [t].[DispId], [t].[BillID], [t].[ChallanNo], [t].[Destination], [t].[DisVid], [t].[DispatchDate], [t].[DispatchQuantity], [t].[FinalPrice], [t].[UnitPrice], [t].[VehicleNo]
      FROM [TblDispatches] AS [t]
      WHERE [t].[ChallanNo] = @__dispatchId_0
info: Microsoft.EntityFrameworkCore.Database.Command[20101]
      Executed DbCommand (11ms) [Parameters=[@__dispatchId_0='?' (Size = 4000)], CommandType='Text', CommandTimeout='120']
      SELECT TOP(1) [t].[DispId], [t].[BillID], [t].[ChallanNo], [t].[Destination], [t].[DisVid], [t].[DispatchDate], [t].[DispatchQuantity], [t].[FinalPrice], [t].[UnitPrice], [t].[VehicleNo]
      FROM [TblDispatches] AS [t]
      WHERE [t].[ChallanNo] = @__dispatchId_0
info: Microsoft.EntityFrameworkCore.Database.Command[20101]
      Executed DbCommand (12ms) [Parameters=[@__dispatchId_0='?' (Size = 4000)], CommandType='Text', CommandTimeout='120']
      SELECT TOP(1) [t].[DispId], [t].[BillID], [t].[ChallanNo], [t].[Destination], [t].[DisVid], [t].[DispatchDate], [t].[DispatchQuantity], [t].[FinalPrice], [t].[UnitPrice], [t].[VehicleNo]
      FROM [TblDispatches] AS [t]
      WHERE [t].[ChallanNo] = @__dispatchId_0
info: Microsoft.EntityFrameworkCore.Database.Command[20101]
      Executed DbCommand (9ms) [Parameters=[@__dispatchId_0='?' (Size = 4000)], CommandType='Text', CommandTimeout='120']
      SELECT TOP(1) [t].[DispId], [t].[BillID], [t].[ChallanNo], [t].[Destination], [t].[DisVid], [t].[DispatchDate], [t].[DispatchQuantity], [t].[FinalPrice], [t].[UnitPrice], [t].[VehicleNo]
      FROM [TblDispatches] AS [t]
      WHERE [t].[ChallanNo] = @__dispatchId_0
info: Microsoft.EntityFrameworkCore.Database.Command[20101]
      Executed DbCommand (7ms) [Parameters=[@__dispatchId_0='?' (Size = 4000)], CommandType='Text', CommandTimeout='120']
      SELECT TOP(1) [t].[DispId], [t].[BillID], [t].[ChallanNo], [t].[Destination], [t].[DisVid], [t].[DispatchDate], [t].[DispatchQuantity], [t].[FinalPrice], [t].[UnitPrice], [t].[VehicleNo]
      FROM [TblDispatches] AS [t]
      WHERE [t].[ChallanNo] = @__dispatchId_0
info: Microsoft.EntityFrameworkCore.Database.Command[20101]
      Executed DbCommand (11ms) [Parameters=[@__dispatchId_0='?' (Size = 4000)], CommandType='Text', CommandTimeout='120']
      SELECT TOP(1) [t].[DispId], [t].[BillID], [t].[ChallanNo], [t].[Destination], [t].[DisVid], [t].[DispatchDate], [t].[DispatchQuantity], [t].[FinalPrice], [t].[UnitPrice], [t].[VehicleNo]
      FROM [TblDispatches] AS [t]
      WHERE [t].[ChallanNo] = @__dispatchId_0
info: Microsoft.EntityFrameworkCore.Database.Command[20101]
      Executed DbCommand (12ms) [Parameters=[@__dispatchId_0='?' (Size = 4000)], CommandType='Text', CommandTimeout='120']
      SELECT TOP(1) [t].[DispId], [t].[BillID], [t].[ChallanNo], [t].[Destination], [t].[DisVid], [t].[DispatchDate], [t].[DispatchQuantity], [t].[FinalPrice], [t].[UnitPrice], [t].[VehicleNo]
      FROM [TblDispatches] AS [t]
      WHERE [t].[ChallanNo] = @__dispatchId_0
info: Microsoft.EntityFrameworkCore.Database.Command[20101]
      Executed DbCommand (18ms) [Parameters=[@__dispatchId_0='?' (Size = 4000)], CommandType='Text', CommandTimeout='120']
      SELECT TOP(1) [t].[DispId], [t].[BillID], [t].[ChallanNo], [t].[Destination], [t].[DisVid], [t].[DispatchDate], [t].[DispatchQuantity], [t].[FinalPrice], [t].[UnitPrice], [t].[VehicleNo]
      FROM [TblDispatches] AS [t]
      WHERE [t].[ChallanNo] = @__dispatchId_0
info: Microsoft.EntityFrameworkCore.Database.Command[20101]
      Executed DbCommand (9ms) [Parameters=[@__dispatchId_0='?' (Size = 4000)], CommandType='Text', CommandTimeout='120']
      SELECT TOP(1) [t].[DispId], [t].[BillID], [t].[ChallanNo], [t].[Destination], [t].[DisVid], [t].[DispatchDate], [t].[DispatchQuantity], [t].[FinalPrice], [t].[UnitPrice], [t].[VehicleNo]
      FROM [TblDispatches] AS [t]
      WHERE [t].[ChallanNo] = @__dispatchId_0
info: Microsoft.EntityFrameworkCore.Database.Command[20101]
      Executed DbCommand (11ms) [Parameters=[@__dispatchId_0='?' (Size = 4000)], CommandType='Text', CommandTimeout='120']
      SELECT TOP(1) [t].[DispId], [t].[BillID], [t].[ChallanNo], [t].[Destination], [t].[DisVid], [t].[DispatchDate], [t].[DispatchQuantity], [t].[FinalPrice], [t].[UnitPrice], [t].[VehicleNo]
      FROM [TblDispatches] AS [t]
      WHERE [t].[ChallanNo] = @__dispatchId_0
info: Microsoft.EntityFrameworkCore.Database.Command[20101]
      Executed DbCommand (8ms) [Parameters=[@__dispatchId_0='?' (Size = 4000)], CommandType='Text', CommandTimeout='120']
      SELECT TOP(1) [t].[DispId], [t].[BillID], [t].[ChallanNo], [t].[Destination], [t].[DisVid], [t].[DispatchDate], [t].[DispatchQuantity], [t].[FinalPrice], [t].[UnitPrice], [t].[VehicleNo]
      FROM [TblDispatches] AS [t]
      WHERE [t].[ChallanNo] = @__dispatchId_0
info: Microsoft.EntityFrameworkCore.Database.Command[20101]
      Executed DbCommand (12ms) [Parameters=[@__dispatchId_0='?' (Size = 4000)], CommandType='Text', CommandTimeout='120']
      SELECT TOP(1) [t].[DispId], [t].[BillID], [t].[ChallanNo], [t].[Destination], [t].[DisVid], [t].[DispatchDate], [t].[DispatchQuantity], [t].[FinalPrice], [t].[UnitPrice], [t].[VehicleNo]
      FROM [TblDispatches] AS [t]
      WHERE [t].[ChallanNo] = @__dispatchId_0
info: Microsoft.EntityFrameworkCore.Database.Command[20101]
      Executed DbCommand (8ms) [Parameters=[@__dispatchId_0='?' (Size = 4000)], CommandType='Text', CommandTimeout='120']
      SELECT TOP(1) [t].[DispId], [t].[BillID], [t].[ChallanNo], [t].[Destination], [t].[DisVid], [t].[DispatchDate], [t].[DispatchQuantity], [t].[FinalPrice], [t].[UnitPrice], [t].[VehicleNo]
      FROM [TblDispatches] AS [t]
      WHERE [t].[ChallanNo] = @__dispatchId_0
info: Microsoft.EntityFrameworkCore.Database.Command[20101]
      Executed DbCommand (8ms) [Parameters=[@__dispatchId_0='?' (Size = 4000)], CommandType='Text', CommandTimeout='120']
      SELECT TOP(1) [t].[DispId], [t].[BillID], [t].[ChallanNo], [t].[Destination], [t].[DisVid], [t].[DispatchDate], [t].[DispatchQuantity], [t].[FinalPrice], [t].[UnitPrice], [t].[VehicleNo]
      FROM [TblDispatches] AS [t]
      WHERE [t].[ChallanNo] = @__dispatchId_0
info: Microsoft.EntityFrameworkCore.Database.Command[20101]
      Executed DbCommand (7ms) [Parameters=[@__dispatchId_0='?' (Size = 4000)], CommandType='Text', CommandTimeout='120']
      SELECT TOP(1) [t].[DispId], [t].[BillID], [t].[ChallanNo], [t].[Destination], [t].[DisVid], [t].[DispatchDate], [t].[DispatchQuantity], [t].[FinalPrice], [t].[UnitPrice], [t].[VehicleNo]
      FROM [TblDispatches] AS [t]
      WHERE [t].[ChallanNo] = @__dispatchId_0
info: Microsoft.EntityFrameworkCore.Database.Command[20101]
      Executed DbCommand (8ms) [Parameters=[@__dispatchId_0='?' (Size = 4000)], CommandType='Text', CommandTimeout='120']
      SELECT TOP(1) [t].[DispId], [t].[BillID], [t].[ChallanNo], [t].[Destination], [t].[DisVid], [t].[DispatchDate], [t].[DispatchQuantity], [t].[FinalPrice], [t].[UnitPrice], [t].[VehicleNo]
      FROM [TblDispatches] AS [t]
      WHERE [t].[ChallanNo] = @__dispatchId_0
info: Microsoft.EntityFrameworkCore.Database.Command[20101]
      Executed DbCommand (9ms) [Parameters=[@__dispatchId_0='?' (Size = 4000)], CommandType='Text', CommandTimeout='120']
      SELECT TOP(1) [t].[DispId], [t].[BillID], [t].[ChallanNo], [t].[Destination], [t].[DisVid], [t].[DispatchDate], [t].[DispatchQuantity], [t].[FinalPrice], [t].[UnitPrice], [t].[VehicleNo]
      FROM [TblDispatches] AS [t]
      WHERE [t].[ChallanNo] = @__dispatchId_0
info: Microsoft.EntityFrameworkCore.Database.Command[20101]
      Executed DbCommand (10ms) [Parameters=[@__dispatchId_0='?' (Size = 4000)], CommandType='Text', CommandTimeout='120']
      SELECT TOP(1) [t].[DispId], [t].[BillID], [t].[ChallanNo], [t].[Destination], [t].[DisVid], [t].[DispatchDate], [t].[DispatchQuantity], [t].[FinalPrice], [t].[UnitPrice], [t].[VehicleNo]
      FROM [TblDispatches] AS [t]
      WHERE [t].[ChallanNo] = @__dispatchId_0
info: Microsoft.EntityFrameworkCore.Database.Command[20101]
      Executed DbCommand (8ms) [Parameters=[@__dispatchId_0='?' (Size = 4000)], CommandType='Text', CommandTimeout='120']
      SELECT TOP(1) [t].[DispId], [t].[BillID], [t].[ChallanNo], [t].[Destination], [t].[DisVid], [t].[DispatchDate], [t].[DispatchQuantity], [t].[FinalPrice], [t].[UnitPrice], [t].[VehicleNo]
      FROM [TblDispatches] AS [t]
      WHERE [t].[ChallanNo] = @__dispatchId_0
info: Microsoft.EntityFrameworkCore.Database.Command[20101]
      Executed DbCommand (7ms) [Parameters=[@__dispatchId_0='?' (Size = 4000)], CommandType='Text', CommandTimeout='120']
      SELECT TOP(1) [t].[DispId], [t].[BillID], [t].[ChallanNo], [t].[Destination], [t].[DisVid], [t].[DispatchDate], [t].[DispatchQuantity], [t].[FinalPrice], [t].[UnitPrice], [t].[VehicleNo]
      FROM [TblDispatches] AS [t]
      WHERE [t].[ChallanNo] = @__dispatchId_0
info: Microsoft.EntityFrameworkCore.Database.Command[20101]
      Executed DbCommand (12ms) [Parameters=[@__dispatchId_0='?' (Size = 4000)], CommandType='Text', CommandTimeout='120']
      SELECT TOP(1) [t].[DispId], [t].[BillID], [t].[ChallanNo], [t].[Destination], [t].[DisVid], [t].[DispatchDate], [t].[DispatchQuantity], [t].[FinalPrice], [t].[UnitPrice], [t].[VehicleNo]
      FROM [TblDispatches] AS [t]
      WHERE [t].[ChallanNo] = @__dispatchId_0
info: Microsoft.EntityFrameworkCore.Database.Command[20101]
      Executed DbCommand (10ms) [Parameters=[@__dispatchId_0='?' (Size = 4000)], CommandType='Text', CommandTimeout='120']
      SELECT TOP(1) [t].[DispId], [t].[BillID], [t].[ChallanNo], [t].[Destination], [t].[DisVid], [t].[DispatchDate], [t].[DispatchQuantity], [t].[FinalPrice], [t].[UnitPrice], [t].[VehicleNo]
      FROM [TblDispatches] AS [t]
      WHERE [t].[ChallanNo] = @__dispatchId_0
info: Microsoft.EntityFrameworkCore.Database.Command[20101]
      Executed DbCommand (13ms) [Parameters=[@__dispatchId_0='?' (Size = 4000)], CommandType='Text', CommandTimeout='120']
      SELECT TOP(1) [t].[DispId], [t].[BillID], [t].[ChallanNo], [t].[Destination], [t].[DisVid], [t].[DispatchDate], [t].[DispatchQuantity], [t].[FinalPrice], [t].[UnitPrice], [t].[VehicleNo]
      FROM [TblDispatches] AS [t]
      WHERE [t].[ChallanNo] = @__dispatchId_0
info: Microsoft.EntityFrameworkCore.Database.Command[20101]
      Executed DbCommand (9ms) [Parameters=[@__dispatchId_0='?' (Size = 4000)], CommandType='Text', CommandTimeout='120']
      SELECT TOP(1) [t].[DispId], [t].[BillID], [t].[ChallanNo], [t].[Destination], [t].[DisVid], [t].[DispatchDate], [t].[DispatchQuantity], [t].[FinalPrice], [t].[UnitPrice], [t].[VehicleNo]
      FROM [TblDispatches] AS [t]
      WHERE [t].[ChallanNo] = @__dispatchId_0
info: Microsoft.EntityFrameworkCore.Database.Command[20101]
      Executed DbCommand (12ms) [Parameters=[@__dispatchId_0='?' (Size = 4000)], CommandType='Text', CommandTimeout='120']
      SELECT TOP(1) [t].[DispId], [t].[BillID], [t].[ChallanNo], [t].[Destination], [t].[DisVid], [t].[DispatchDate], [t].[DispatchQuantity], [t].[FinalPrice], [t].[UnitPrice], [t].[VehicleNo]
      FROM [TblDispatches] AS [t]
      WHERE [t].[ChallanNo] = @__dispatchId_0
info: Microsoft.EntityFrameworkCore.Database.Command[20101]
      Executed DbCommand (9ms) [Parameters=[@__dispatchId_0='?' (Size = 4000)], CommandType='Text', CommandTimeout='120']
      SELECT TOP(1) [t].[DispId], [t].[BillID], [t].[ChallanNo], [t].[Destination], [t].[DisVid], [t].[DispatchDate], [t].[DispatchQuantity], [t].[FinalPrice], [t].[UnitPrice], [t].[VehicleNo]
      FROM [TblDispatches] AS [t]
      WHERE [t].[ChallanNo] = @__dispatchId_0
info: Microsoft.EntityFrameworkCore.Database.Command[20101]
      Executed DbCommand (112ms) [Parameters=[@p9='?' (DbType = Int32), @p0='?' (DbType = Int32), @p1='?' (Size = 4000), @p2='?' (Size = 4000), @p3='?' (DbType = Int32), @p4='?' (DbType = DateTime2), @p5='?' (DbType = Double), @p6='?' (DbType = Double), @p7='?' (DbType = Double), @p8='?' (Size = 4000), @p19='?' (DbType = Int32), @p10='?' (DbType = Int32), @p11='?' (Size = 4000), @p12='?' (Size = 4000), @p13='?' (DbType = Int32), @p14='?' (DbType = DateTime2), @p15='?' (DbType = Double), @p16='?' (DbType = Double), @p17='?' (DbType = Double), @p18='?' (Size = 4000), @p29='?' (DbType = Int32), @p20='?' (DbType = Int32), @p21='?' (Size = 4000), @p22='?' (Size = 4000), @p23='?' (DbType = Int32), @p24='?' (DbType = DateTime2), @p25='?' (DbType = Double), @p26='?' (DbType = Double), @p27='?' (DbType = Double), @p28='?' (Size = 4000), @p39='?' (DbType = Int32), @p30='?' (DbType = Int32), @p31='?' (Size = 4000), @p32='?' (Size = 4000), @p33='?' (DbType = Int32), @p34='?' (DbType = DateTime2), @p35='?' (DbType = Double), @p36='?' (DbType = Double), @p37='?' (DbType = Double), @p38='?' (Size = 4000), @p49='?' (DbType = Int32), @p40='?' (DbType = Int32), @p41='?' (Size = 4000), @p42='?' (Size = 4000), @p43='?' (DbType = Int32), @p44='?' (DbType = DateTime2), @p45='?' (DbType = Double), @p46='?' (DbType = Double), @p47='?' (DbType = Double), @p48='?' (Size = 4000), @p59='?' (DbType = Int32), @p50='?' (DbType = Int32), @p51='?' (Size = 4000), @p52='?' (Size = 4000), @p53='?' (DbType = Int32), @p54='?' (DbType = DateTime2), @p55='?' (DbType = Double), @p56='?' (DbType = Double), @p57='?' (DbType = Double), @p58='?' (Size = 4000), @p69='?' (DbType = Int32), @p60='?' (DbType = Int32), @p61='?' (Size = 4000), @p62='?' (Size = 4000), @p63='?' (DbType = Int32), @p64='?' (DbType = DateTime2), @p65='?' (DbType = Double), @p66='?' (DbType = Double), @p67='?' (DbType = Double), @p68='?' (Size = 4000), @p79='?' (DbType = Int32), @p70='?' (DbType = Int32), @p71='?' (Size = 4000), @p72='?' (Size = 4000), @p73='?' (DbType = Int32), @p74='?' (DbType = DateTime2), @p75='?' (DbType = Double), @p76='?' (DbType = Double), @p77='?' (DbType = Double), @p78='?' (Size = 4000), @p89='?' (DbType = Int32), @p80='?' (DbType = Int32), @p81='?' (Size = 4000), @p82='?' (Size = 4000), @p83='?' (DbType = Int32), @p84='?' (DbType = DateTime2), @p85='?' (DbType = Double), @p86='?' (DbType = Double), @p87='?' (DbType = Double), @p88='?' (Size = 4000), @p99='?' (DbType = Int32), @p90='?' (DbType = Int32), @p91='?' (Size = 4000), @p92='?' (Size = 4000), @p93='?' (DbType = Int32), @p94='?' (DbType = DateTime2), @p95='?' (DbType = Double), @p96='?' (DbType = Double), @p97='?' (DbType = Double), @p98='?' (Size = 4000), @p109='?' (DbType = Int32), @p100='?' (DbType = Int32), @p101='?' (Size = 4000), @p102='?' (Size = 4000), @p103='?' (DbType = Int32), @p104='?' (DbType = DateTime2), @p105='?' (DbType = Double), @p106='?' (DbType = Double), @p107='?' (DbType = Double), @p108='?' (Size = 4000), @p119='?' (DbType = Int32), @p110='?' (DbType = Int32), @p111='?' (Size = 4000), @p112='?' (Size = 4000), @p113='?' (DbType = Int32), @p114='?' (DbType = DateTime2), @p115='?' (DbType = Double), @p116='?' (DbType = Double), @p117='?' (DbType = Double), @p118='?' (Size = 4000), @p129='?' (DbType = Int32), @p120='?' (DbType = Int32), @p121='?' (Size = 4000), @p122='?' (Size = 4000), @p123='?' (DbType = Int32), @p124='?' (DbType = DateTime2), @p125='?' (DbType = Double), @p126='?' (DbType = Double), @p127='?' (DbType = Double), @p128='?' (Size = 4000), @p139='?' (DbType = Int32), @p130='?' (DbType = Int32), @p131='?' (Size = 4000), @p132='?' (Size = 4000), @p133='?' (DbType = Int32), @p134='?' (DbType = DateTime2), @p135='?' (DbType = Double), @p136='?' (DbType = Double), @p137='?' (DbType = Double), @p138='?' (Size = 4000), @p149='?' (DbType = Int32), @p140='?' (DbType = Int32), @p141='?' (Size = 4000), @p142='?' (Size = 4000), @p143='?' (DbType = Int32), @p144='?' (DbType = DateTime2), @p145='?' (DbType = Double), @p146='?' (DbType = Double), @p147='?' (DbType = Double), @p148='?' (Size = 4000), @p159='?' (DbType = Int32), @p150='?' (DbType = Int32), @p151='?' (Size = 4000), @p152='?' (Size = 4000), @p153='?' (DbType = Int32), @p154='?' (DbType = DateTime2), @p155='?' (DbType = Double), @p156='?' (DbType = Double), @p157='?' (DbType = Double), @p158='?' (Size = 4000), @p169='?' (DbType = Int32), @p160='?' (DbType = Int32), @p161='?' (Size = 4000), @p162='?' (Size = 4000), @p163='?' (DbType = Int32), @p164='?' (DbType = DateTime2), @p165='?' (DbType = Double), @p166='?' (DbType = Double), @p167='?' (DbType = Double), @p168='?' (Size = 4000), @p179='?' (DbType = Int32), @p170='?' (DbType = Int32), @p171='?' (Size = 4000), @p172='?' (Size = 4000), @p173='?' (DbType = Int32), @p174='?' (DbType = DateTime2), @p175='?' (DbType = Double), @p176='?' (DbType = Double), @p177='?' (DbType = Double), @p178='?' (Size = 4000), @p189='?' (DbType = Int32), @p180='?' (DbType = Int32), @p181='?' (Size = 4000), @p182='?' (Size = 4000), @p183='?' (DbType = Int32), @p184='?' (DbType = DateTime2), @p185='?' (DbType = Double), @p186='?' (DbType = Double), @p187='?' (DbType = Double), @p188='?' (Size = 4000), @p199='?' (DbType = Int32), @p190='?' (DbType = Int32), @p191='?' (Size = 4000), @p192='?' (Size = 4000), @p193='?' (DbType = Int32), @p194='?' (DbType = DateTime2), @p195='?' (DbType = Double), @p196='?' (DbType = Double), @p197='?' (DbType = Double), @p198='?' (Size = 4000), @p209='?' (DbType = Int32), @p200='?' (DbType = Int32), @p201='?' (Size = 4000), @p202='?' (Size = 4000), @p203='?' (DbType = Int32), @p204='?' (DbType = DateTime2), @p205='?' (DbType = Double), @p206='?' (DbType = Double), @p207='?' (DbType = Double), @p208='?' (Size = 4000)], CommandType='Text', CommandTimeout='120']
      SET NOCOUNT ON;
      UPDATE [TblDispatches] SET [BillID] = @p0, [ChallanNo] = @p1, [Destination] = @p2, [DisVid] = @p3, [DispatchDate] = @p4, [DispatchQuantity] = @p5, [FinalPrice] = @p6, [UnitPrice] = @p7, [VehicleNo] = @p8
      WHERE [DispId] = @p9;
      SELECT @@ROWCOUNT;
      
      UPDATE [TblDispatches] SET [BillID] = @p10, [ChallanNo] = @p11, [Destination] = @p12, [DisVid] = @p13, [DispatchDate] = @p14, [DispatchQuantity] = @p15, [FinalPrice] = @p16, [UnitPrice] = @p17, [VehicleNo] = @p18
      WHERE [DispId] = @p19;
      SELECT @@ROWCOUNT;
      
      UPDATE [TblDispatches] SET [BillID] = @p20, [ChallanNo] = @p21, [Destination] = @p22, [DisVid] = @p23, [DispatchDate] = @p24, [DispatchQuantity] = @p25, [FinalPrice] = @p26, [UnitPrice] = @p27, [VehicleNo] = @p28
      WHERE [DispId] = @p29;
      SELECT @@ROWCOUNT;
      
      UPDATE [TblDispatches] SET [BillID] = @p30, [ChallanNo] = @p31, [Destination] = @p32, [DisVid] = @p33, [DispatchDate] = @p34, [DispatchQuantity] = @p35, [FinalPrice] = @p36, [UnitPrice] = @p37, [VehicleNo] = @p38
      WHERE [DispId] = @p39;
      SELECT @@ROWCOUNT;
      
      UPDATE [TblDispatches] SET [BillID] = @p40, [ChallanNo] = @p41, [Destination] = @p42, [DisVid] = @p43, [DispatchDate] = @p44, [DispatchQuantity] = @p45, [FinalPrice] = @p46, [UnitPrice] = @p47, [VehicleNo] = @p48
      WHERE [DispId] = @p49;
      SELECT @@ROWCOUNT;
      
      UPDATE [TblDispatches] SET [BillID] = @p50, [ChallanNo] = @p51, [Destination] = @p52, [DisVid] = @p53, [DispatchDate] = @p54, [DispatchQuantity] = @p55, [FinalPrice] = @p56, [UnitPrice] = @p57, [VehicleNo] = @p58
      WHERE [DispId] = @p59;
      SELECT @@ROWCOUNT;
      
      UPDATE [TblDispatches] SET [BillID] = @p60, [ChallanNo] = @p61, [Destination] = @p62, [DisVid] = @p63, [DispatchDate] = @p64, [DispatchQuantity] = @p65, [FinalPrice] = @p66, [UnitPrice] = @p67, [VehicleNo] = @p68
      WHERE [DispId] = @p69;
      SELECT @@ROWCOUNT;
      
      UPDATE [TblDispatches] SET [BillID] = @p70, [ChallanNo] = @p71, [Destination] = @p72, [DisVid] = @p73, [DispatchDate] = @p74, [DispatchQuantity] = @p75, [FinalPrice] = @p76, [UnitPrice] = @p77, [VehicleNo] = @p78
      WHERE [DispId] = @p79;
      SELECT @@ROWCOUNT;
      
      UPDATE [TblDispatches] SET [BillID] = @p80, [ChallanNo] = @p81, [Destination] = @p82, [DisVid] = @p83, [DispatchDate] = @p84, [DispatchQuantity] = @p85, [FinalPrice] = @p86, [UnitPrice] = @p87, [VehicleNo] = @p88
      WHERE [DispId] = @p89;
      SELECT @@ROWCOUNT;
      
      UPDATE [TblDispatches] SET [BillID] = @p90, [ChallanNo] = @p91, [Destination] = @p92, [DisVid] = @p93, [DispatchDate] = @p94, [DispatchQuantity] = @p95, [FinalPrice] = @p96, [UnitPrice] = @p97, [VehicleNo] = @p98
      WHERE [DispId] = @p99;
      SELECT @@ROWCOUNT;
      
      UPDATE [TblDispatches] SET [BillID] = @p100, [ChallanNo] = @p101, [Destination] = @p102, [DisVid] = @p103, [DispatchDate] = @p104, [DispatchQuantity] = @p105, [FinalPrice] = @p106, [UnitPrice] = @p107, [VehicleNo] = @p108
      WHERE [DispId] = @p109;
      SELECT @@ROWCOUNT;
      
      UPDATE [TblDispatches] SET [BillID] = @p110, [ChallanNo] = @p111, [Destination] = @p112, [DisVid] = @p113, [DispatchDate] = @p114, [DispatchQuantity] = @p115, [FinalPrice] = @p116, [UnitPrice] = @p117, [VehicleNo] = @p118
      WHERE [DispId] = @p119;
      SELECT @@ROWCOUNT;
      
      UPDATE [TblDispatches] SET [BillID] = @p120, [ChallanNo] = @p121, [Destination] = @p122, [DisVid] = @p123, [DispatchDate] = @p124, [DispatchQuantity] = @p125, [FinalPrice] = @p126, [UnitPrice] = @p127, [VehicleNo] = @p128
      WHERE [DispId] = @p129;
      SELECT @@ROWCOUNT;
      
      UPDATE [TblDispatches] SET [BillID] = @p130, [ChallanNo] = @p131, [Destination] = @p132, [DisVid] = @p133, [DispatchDate] = @p134, [DispatchQuantity] = @p135, [FinalPrice] = @p136, [UnitPrice] = @p137, [VehicleNo] = @p138
      WHERE [DispId] = @p139;
      SELECT @@ROWCOUNT;
      
      UPDATE [TblDispatches] SET [BillID] = @p140, [ChallanNo] = @p141, [Destination] = @p142, [DisVid] = @p143, [DispatchDate] = @p144, [DispatchQuantity] = @p145, [FinalPrice] = @p146, [UnitPrice] = @p147, [VehicleNo] = @p148
      WHERE [DispId] = @p149;
      SELECT @@ROWCOUNT;
      
      UPDATE [TblDispatches] SET [BillID] = @p150, [ChallanNo] = @p151, [Destination] = @p152, [DisVid] = @p153, [DispatchDate] = @p154, [DispatchQuantity] = @p155, [FinalPrice] = @p156, [UnitPrice] = @p157, [VehicleNo] = @p158
      WHERE [DispId] = @p159;
      SELECT @@ROWCOUNT;
      
      UPDATE [TblDispatches] SET [BillID] = @p160, [ChallanNo] = @p161, [Destination] = @p162, [DisVid] = @p163, [DispatchDate] = @p164, [DispatchQuantity] = @p165, [FinalPrice] = @p166, [UnitPrice] = @p167, [VehicleNo] = @p168
      WHERE [DispId] = @p169;
      SELECT @@ROWCOUNT;
      
      UPDATE [TblDispatches] SET [BillID] = @p170, [ChallanNo] = @p171, [Destination] = @p172, [DisVid] = @p173, [DispatchDate] = @p174, [DispatchQuantity] = @p175, [FinalPrice] = @p176, [UnitPrice] = @p177, [VehicleNo] = @p178
      WHERE [DispId] = @p179;
      SELECT @@ROWCOUNT;
      
      UPDATE [TblDispatches] SET [BillID] = @p180, [ChallanNo] = @p181, [Destination] = @p182, [DisVid] = @p183, [DispatchDate] = @p184, [DispatchQuantity] = @p185, [FinalPrice] = @p186, [UnitPrice] = @p187, [VehicleNo] = @p188
      WHERE [DispId] = @p189;
      SELECT @@ROWCOUNT;
      
      UPDATE [TblDispatches] SET [BillID] = @p190, [ChallanNo] = @p191, [Destination] = @p192, [DisVid] = @p193, [DispatchDate] = @p194, [DispatchQuantity] = @p195, [FinalPrice] = @p196, [UnitPrice] = @p197, [VehicleNo] = @p198
      WHERE [DispId] = @p199;
      SELECT @@ROWCOUNT;
      
      UPDATE [TblDispatches] SET [BillID] = @p200, [ChallanNo] = @p201, [Destination] = @p202, [DisVid] = @p203, [DispatchDate] = @p204, [DispatchQuantity] = @p205, [FinalPrice] = @p206, [UnitPrice] = @p207, [VehicleNo] = @p208
      WHERE [DispId] = @p209;
      SELECT @@ROWCOUNT;
info: Microsoft.EntityFrameworkCore.Infrastructure[10403]
      Entity Framework Core 6.0.21 initialized 'TransportMgmtContext' using provider 'Microsoft.EntityFrameworkCore.SqlServer:6.0.21' with options: CommandTimeout=120 
info: Microsoft.EntityFrameworkCore.Database.Command[20101]
      Executed DbCommand (2ms) [Parameters=[], CommandType='Text', CommandTimeout='120']
      SELECT [t].[FID], [t].[Address], [t].[Code], [t].[CreatedBy], [t].[CreatedOn], [t].[FactoryName], [t].[Gstin], [t].[IsActive], [t].[ModifiedBy], [t].[ModifiedOn]
      FROM [TblFactories] AS [t]
info: Microsoft.EntityFrameworkCore.Database.Command[20101]
      Executed DbCommand (1ms) [Parameters=[], CommandType='Text', CommandTimeout='120']
      SELECT [t].[FID], [t].[Address], [t].[Code], [t].[CreatedBy], [t].[CreatedOn], [t].[FactoryName], [t].[Gstin], [t].[IsActive], [t].[ModifiedBy], [t].[ModifiedOn]
      FROM [TblFactories] AS [t]
info: Microsoft.EntityFrameworkCore.Database.Command[20101]
      Executed DbCommand (3ms) [Parameters=[], CommandType='Text', CommandTimeout='120']
      SELECT [t].[DispId], [t].[BillID], [t].[ChallanNo], [t].[Destination], [t].[DisVid], [t].[DispatchDate], [t].[DispatchQuantity], [t].[FinalPrice], [t].[UnitPrice], [t].[VehicleNo]
      FROM [TblDispatches] AS [t]
info: Microsoft.EntityFrameworkCore.Infrastructure[10403]
      Entity Framework Core 6.0.21 initialized 'TransportMgmtContext' using provider 'Microsoft.EntityFrameworkCore.SqlServer:6.0.21' with options: CommandTimeout=120 
info: Microsoft.EntityFrameworkCore.Database.Command[20101]
      Executed DbCommand (1ms) [Parameters=[], CommandType='Text', CommandTimeout='120']
      SELECT [t].[FID] AS [id], [t].[FactoryName] AS [name]
      FROM [TblFactories] AS [t]
info: Microsoft.EntityFrameworkCore.Infrastructure[10403]
      Entity Framework Core 6.0.21 initialized 'TransportMgmtContext' using provider 'Microsoft.EntityFrameworkCore.SqlServer:6.0.21' with options: CommandTimeout=120 
info: Microsoft.EntityFrameworkCore.Database.Command[20101]
      Executed DbCommand (34ms) [Parameters=[p0='?' (DbType = DateTime2), p1='?' (DbType = DateTime2), p2='?' (DbType = Int32)], CommandType='Text', CommandTimeout='120']
      EXEC [dbo].[SpExpoBilldetail] @FromDate = @p0, @ToDate = @p1, @FactoryId = @p2
info: Microsoft.EntityFrameworkCore.Infrastructure[10403]
      Entity Framework Core 6.0.21 initialized 'TransportMgmtContext' using provider 'Microsoft.EntityFrameworkCore.SqlServer:6.0.21' with options: CommandTimeout=120 
info: Microsoft.EntityFrameworkCore.Database.Command[20101]
      Executed DbCommand (5ms) [Parameters=[], CommandType='Text', CommandTimeout='120']
      SELECT [t].[FID], [t].[Address], [t].[Code], [t].[CreatedBy], [t].[CreatedOn], [t].[FactoryName], [t].[Gstin], [t].[IsActive], [t].[ModifiedBy], [t].[ModifiedOn]
      FROM [TblFactories] AS [t]
info: Microsoft.EntityFrameworkCore.Database.Command[20101]
      Executed DbCommand (18ms) [Parameters=[p0='?' (DbType = DateTime2), p1='?' (DbType = DateTime2), p2='?'], CommandType='Text', CommandTimeout='120']
      EXECUTE [dbo].[SpCheckBill] @StartDate = @p0, @EndDate = @p1, @FactoryId = @p2
info: Microsoft.EntityFrameworkCore.Infrastructure[10403]
      Entity Framework Core 6.0.21 initialized 'TransportMgmtContext' using provider 'Microsoft.EntityFrameworkCore.SqlServer:6.0.21' with options: CommandTimeout=120 
info: Microsoft.EntityFrameworkCore.Database.Command[20101]
      Executed DbCommand (5ms) [Parameters=[], CommandType='Text', CommandTimeout='120']
      SELECT [t].[FID], [t].[Address], [t].[Code], [t].[CreatedBy], [t].[CreatedOn], [t].[FactoryName], [t].[Gstin], [t].[IsActive], [t].[ModifiedBy], [t].[ModifiedOn]
      FROM [TblFactories] AS [t]
info: Microsoft.EntityFrameworkCore.Database.Command[20101]
      Executed DbCommand (17ms) [Parameters=[p0='?' (DbType = DateTime2), p1='?' (DbType = DateTime2), p2='?' (DbType = Int32)], CommandType='Text', CommandTimeout='120']
      EXECUTE [dbo].[SpCheckBill] @StartDate = @p0, @EndDate = @p1, @FactoryId = @p2
info: Microsoft.EntityFrameworkCore.Infrastructure[10403]
      Entity Framework Core 6.0.21 initialized 'TransportMgmtContext' using provider 'Microsoft.EntityFrameworkCore.SqlServer:6.0.21' with options: CommandTimeout=120 
info: Microsoft.EntityFrameworkCore.Database.Command[20101]
      Executed DbCommand (1ms) [Parameters=[], CommandType='Text', CommandTimeout='120']
      SELECT [t].[FID], [t].[Address], [t].[Code], [t].[CreatedBy], [t].[CreatedOn], [t].[FactoryName], [t].[Gstin], [t].[IsActive], [t].[ModifiedBy], [t].[ModifiedOn]
      FROM [TblFactories] AS [t]
info: Microsoft.EntityFrameworkCore.Database.Command[20101]
      Executed DbCommand (1ms) [Parameters=[], CommandType='Text', CommandTimeout='120']
      SELECT [t].[FID], [t].[Address], [t].[Code], [t].[CreatedBy], [t].[CreatedOn], [t].[FactoryName], [t].[Gstin], [t].[IsActive], [t].[ModifiedBy], [t].[ModifiedOn]
      FROM [TblFactories] AS [t]
info: Microsoft.EntityFrameworkCore.Database.Command[20101]
      Executed DbCommand (3ms) [Parameters=[], CommandType='Text', CommandTimeout='120']
      SELECT [t].[DispId], [t].[BillID], [t].[ChallanNo], [t].[Destination], [t].[DisVid], [t].[DispatchDate], [t].[DispatchQuantity], [t].[FinalPrice], [t].[UnitPrice], [t].[VehicleNo]
      FROM [TblDispatches] AS [t]
info: Microsoft.EntityFrameworkCore.Infrastructure[10403]
      Entity Framework Core 6.0.21 initialized 'TransportMgmtContext' using provider 'Microsoft.EntityFrameworkCore.SqlServer:6.0.21' with options: CommandTimeout=120 
info: Microsoft.EntityFrameworkCore.Database.Command[20101]
      Executed DbCommand (124ms) [Parameters=[], CommandType='Text', CommandTimeout='120']
      SELECT [t].[FID] AS [id], [t].[FactoryName] AS [name]
      FROM [TblFactories] AS [t]
info: Microsoft.EntityFrameworkCore.Infrastructure[10403]
      Entity Framework Core 6.0.21 initialized 'TransportMgmtContext' using provider 'Microsoft.EntityFrameworkCore.SqlServer:6.0.21' with options: CommandTimeout=120 
info: Microsoft.EntityFrameworkCore.Database.Command[20101]
      Executed DbCommand (105ms) [Parameters=[p0='?' (DbType = DateTime2), p1='?' (DbType = DateTime2), p2='?' (DbType = Int32)], CommandType='Text', CommandTimeout='120']
      EXEC [dbo].[SpExpoBilldetail] @FromDate = @p0, @ToDate = @p1, @FactoryId = @p2
info: Microsoft.EntityFrameworkCore.Infrastructure[10403]
      Entity Framework Core 6.0.21 initialized 'TransportMgmtContext' using provider 'Microsoft.EntityFrameworkCore.SqlServer:6.0.21' with options: CommandTimeout=120 
info: Microsoft.EntityFrameworkCore.Database.Command[20101]
      Executed DbCommand (7ms) [Parameters=[], CommandType='Text', CommandTimeout='120']
      SELECT [t].[FID], [t].[Address], [t].[Code], [t].[CreatedBy], [t].[CreatedOn], [t].[FactoryName], [t].[Gstin], [t].[IsActive], [t].[ModifiedBy], [t].[ModifiedOn]
      FROM [TblFactories] AS [t]
info: Microsoft.EntityFrameworkCore.Database.Command[20101]
      Executed DbCommand (0ms) [Parameters=[], CommandType='Text', CommandTimeout='120']
      SELECT [t].[FID], [t].[Address], [t].[Code], [t].[CreatedBy], [t].[CreatedOn], [t].[FactoryName], [t].[Gstin], [t].[IsActive], [t].[ModifiedBy], [t].[ModifiedOn]
      FROM [TblFactories] AS [t]
info: Microsoft.EntityFrameworkCore.Database.Command[20101]
      Executed DbCommand (7ms) [Parameters=[], CommandType='Text', CommandTimeout='120']
      SELECT [t].[DispId], [t].[BillID], [t].[ChallanNo], [t].[Destination], [t].[DisVid], [t].[DispatchDate], [t].[DispatchQuantity], [t].[FinalPrice], [t].[UnitPrice], [t].[VehicleNo]
      FROM [TblDispatches] AS [t]
info: Microsoft.EntityFrameworkCore.Infrastructure[10403]
      Entity Framework Core 6.0.21 initialized 'TransportMgmtContext' using provider 'Microsoft.EntityFrameworkCore.SqlServer:6.0.21' with options: CommandTimeout=120 
info: Microsoft.EntityFrameworkCore.Database.Command[20101]
      Executed DbCommand (8ms) [Parameters=[@__cell1_0='?' (Size = 4000)], CommandType='Text', CommandTimeout='120']
      SELECT TOP(1) [t].[DispId], [t].[BillID], [t].[ChallanNo], [t].[Destination], [t].[DisVid], [t].[DispatchDate], [t].[DispatchQuantity], [t].[FinalPrice], [t].[UnitPrice], [t].[VehicleNo]
      FROM [TblDispatches] AS [t]
      WHERE [t].[ChallanNo] = @__cell1_0
info: Microsoft.EntityFrameworkCore.Database.Command[20101]
      Executed DbCommand (3ms) [Parameters=[@__cell1_0='?' (Size = 4000)], CommandType='Text', CommandTimeout='120']
      SELECT TOP(1) [t].[DispId], [t].[BillID], [t].[ChallanNo], [t].[Destination], [t].[DisVid], [t].[DispatchDate], [t].[DispatchQuantity], [t].[FinalPrice], [t].[UnitPrice], [t].[VehicleNo]
      FROM [TblDispatches] AS [t]
      WHERE [t].[ChallanNo] = @__cell1_0
info: Microsoft.EntityFrameworkCore.Database.Command[20101]
      Executed DbCommand (4ms) [Parameters=[@__cell1_0='?' (Size = 4000)], CommandType='Text', CommandTimeout='120']
      SELECT TOP(1) [t].[DispId], [t].[BillID], [t].[ChallanNo], [t].[Destination], [t].[DisVid], [t].[DispatchDate], [t].[DispatchQuantity], [t].[FinalPrice], [t].[UnitPrice], [t].[VehicleNo]
      FROM [TblDispatches] AS [t]
      WHERE [t].[ChallanNo] = @__cell1_0
info: Microsoft.EntityFrameworkCore.Database.Command[20101]
      Executed DbCommand (4ms) [Parameters=[@__cell1_0='?' (Size = 4000)], CommandType='Text', CommandTimeout='120']
      SELECT TOP(1) [t].[DispId], [t].[BillID], [t].[ChallanNo], [t].[Destination], [t].[DisVid], [t].[DispatchDate], [t].[DispatchQuantity], [t].[FinalPrice], [t].[UnitPrice], [t].[VehicleNo]
      FROM [TblDispatches] AS [t]
      WHERE [t].[ChallanNo] = @__cell1_0
info: Microsoft.EntityFrameworkCore.Database.Command[20101]
      Executed DbCommand (5ms) [Parameters=[@__cell1_0='?' (Size = 4000)], CommandType='Text', CommandTimeout='120']
      SELECT TOP(1) [t].[DispId], [t].[BillID], [t].[ChallanNo], [t].[Destination], [t].[DisVid], [t].[DispatchDate], [t].[DispatchQuantity], [t].[FinalPrice], [t].[UnitPrice], [t].[VehicleNo]
      FROM [TblDispatches] AS [t]
      WHERE [t].[ChallanNo] = @__cell1_0
info: Microsoft.EntityFrameworkCore.Database.Command[20101]
      Executed DbCommand (6ms) [Parameters=[@__cell1_0='?' (Size = 4000)], CommandType='Text', CommandTimeout='120']
      SELECT TOP(1) [t].[DispId], [t].[BillID], [t].[ChallanNo], [t].[Destination], [t].[DisVid], [t].[DispatchDate], [t].[DispatchQuantity], [t].[FinalPrice], [t].[UnitPrice], [t].[VehicleNo]
      FROM [TblDispatches] AS [t]
      WHERE [t].[ChallanNo] = @__cell1_0
info: Microsoft.EntityFrameworkCore.Database.Command[20101]
      Executed DbCommand (5ms) [Parameters=[@__cell1_0='?' (Size = 4000)], CommandType='Text', CommandTimeout='120']
      SELECT TOP(1) [t].[DispId], [t].[BillID], [t].[ChallanNo], [t].[Destination], [t].[DisVid], [t].[DispatchDate], [t].[DispatchQuantity], [t].[FinalPrice], [t].[UnitPrice], [t].[VehicleNo]
      FROM [TblDispatches] AS [t]
      WHERE [t].[ChallanNo] = @__cell1_0
info: Microsoft.EntityFrameworkCore.Database.Command[20101]
      Executed DbCommand (4ms) [Parameters=[@__cell1_0='?' (Size = 4000)], CommandType='Text', CommandTimeout='120']
      SELECT TOP(1) [t].[DispId], [t].[BillID], [t].[ChallanNo], [t].[Destination], [t].[DisVid], [t].[DispatchDate], [t].[DispatchQuantity], [t].[FinalPrice], [t].[UnitPrice], [t].[VehicleNo]
      FROM [TblDispatches] AS [t]
      WHERE [t].[ChallanNo] = @__cell1_0
info: Microsoft.EntityFrameworkCore.Database.Command[20101]
      Executed DbCommand (9ms) [Parameters=[@p2='?' (DbType = Int32), @p0='?' (DbType = DateTime2), @p1='?' (Size = 4000), @p5='?' (DbType = Int32), @p3='?' (DbType = DateTime2), @p4='?' (Size = 4000), @p8='?' (DbType = Int32), @p6='?' (DbType = DateTime2), @p7='?' (Size = 4000), @p11='?' (DbType = Int32), @p9='?' (DbType = DateTime2), @p10='?' (Size = 4000), @p15='?' (DbType = Int32), @p12='?' (Size = 4000), @p13='?' (DbType = DateTime2), @p14='?' (Size = 4000), @p18='?' (DbType = Int32), @p16='?' (DbType = DateTime2), @p17='?' (Size = 4000), @p21='?' (DbType = Int32), @p19='?' (DbType = DateTime2), @p20='?' (Size = 4000), @p24='?' (DbType = Int32), @p22='?' (DbType = DateTime2), @p23='?' (Size = 4000)], CommandType='Text', CommandTimeout='120']
      SET NOCOUNT ON;
      UPDATE [TblDispatches] SET [DispatchDate] = @p0, [VehicleNo] = @p1
      WHERE [DispId] = @p2;
      SELECT @@ROWCOUNT;
      
      UPDATE [TblDispatches] SET [DispatchDate] = @p3, [VehicleNo] = @p4
      WHERE [DispId] = @p5;
      SELECT @@ROWCOUNT;
      
      UPDATE [TblDispatches] SET [DispatchDate] = @p6, [VehicleNo] = @p7
      WHERE [DispId] = @p8;
      SELECT @@ROWCOUNT;
      
      UPDATE [TblDispatches] SET [DispatchDate] = @p9, [VehicleNo] = @p10
      WHERE [DispId] = @p11;
      SELECT @@ROWCOUNT;
      
      UPDATE [TblDispatches] SET [Destination] = @p12, [DispatchDate] = @p13, [VehicleNo] = @p14
      WHERE [DispId] = @p15;
      SELECT @@ROWCOUNT;
      
      UPDATE [TblDispatches] SET [DispatchDate] = @p16, [VehicleNo] = @p17
      WHERE [DispId] = @p18;
      SELECT @@ROWCOUNT;
      
      UPDATE [TblDispatches] SET [DispatchDate] = @p19, [VehicleNo] = @p20
      WHERE [DispId] = @p21;
      SELECT @@ROWCOUNT;
      
      UPDATE [TblDispatches] SET [DispatchDate] = @p22, [VehicleNo] = @p23
      WHERE [DispId] = @p24;
      SELECT @@ROWCOUNT;
info: Microsoft.EntityFrameworkCore.Database.Command[20101]
      Executed DbCommand (0ms) [Parameters=[], CommandType='Text', CommandTimeout='120']
      SELECT [t].[FID], [t].[Address], [t].[Code], [t].[CreatedBy], [t].[CreatedOn], [t].[FactoryName], [t].[Gstin], [t].[IsActive], [t].[ModifiedBy], [t].[ModifiedOn]
      FROM [TblFactories] AS [t]
info: Microsoft.EntityFrameworkCore.Database.Command[20101]
      Executed DbCommand (3ms) [Parameters=[], CommandType='Text', CommandTimeout='120']
      SELECT [t].[DispId], [t].[BillID], [t].[ChallanNo], [t].[Destination], [t].[DisVid], [t].[DispatchDate], [t].[DispatchQuantity], [t].[FinalPrice], [t].[UnitPrice], [t].[VehicleNo]
      FROM [TblDispatches] AS [t]
info: Microsoft.EntityFrameworkCore.Infrastructure[10403]
      Entity Framework Core 6.0.21 initialized 'TransportMgmtContext' using provider 'Microsoft.EntityFrameworkCore.SqlServer:6.0.21' with options: CommandTimeout=120 
info: Microsoft.EntityFrameworkCore.Database.Command[20101]
      Executed DbCommand (2ms) [Parameters=[], CommandType='Text', CommandTimeout='120']
      SELECT [t].[FID], [t].[Address], [t].[Code], [t].[CreatedBy], [t].[CreatedOn], [t].[FactoryName], [t].[Gstin], [t].[IsActive], [t].[ModifiedBy], [t].[ModifiedOn]
      FROM [TblFactories] AS [t]
info: Microsoft.EntityFrameworkCore.Database.Command[20101]
      Executed DbCommand (1ms) [Parameters=[], CommandType='Text', CommandTimeout='120']
      SELECT [t].[FID], [t].[Address], [t].[Code], [t].[CreatedBy], [t].[CreatedOn], [t].[FactoryName], [t].[Gstin], [t].[IsActive], [t].[ModifiedBy], [t].[ModifiedOn]
      FROM [TblFactories] AS [t]
info: Microsoft.EntityFrameworkCore.Database.Command[20101]
      Executed DbCommand (8ms) [Parameters=[], CommandType='Text', CommandTimeout='120']
      SELECT [t].[DispId], [t].[BillID], [t].[ChallanNo], [t].[Destination], [t].[DisVid], [t].[DispatchDate], [t].[DispatchQuantity], [t].[FinalPrice], [t].[UnitPrice], [t].[VehicleNo]
      FROM [TblDispatches] AS [t]
info: Microsoft.EntityFrameworkCore.Infrastructure[10403]
      Entity Framework Core 6.0.21 initialized 'TransportMgmtContext' using provider 'Microsoft.EntityFrameworkCore.SqlServer:6.0.21' with options: CommandTimeout=120 
info: Microsoft.EntityFrameworkCore.Database.Command[20101]
      Executed DbCommand (4ms) [Parameters=[], CommandType='Text', CommandTimeout='120']
      SELECT [t].[FID], [t].[Address], [t].[Code], [t].[CreatedBy], [t].[CreatedOn], [t].[FactoryName], [t].[Gstin], [t].[IsActive], [t].[ModifiedBy], [t].[ModifiedOn]
      FROM [TblFactories] AS [t]
info: Microsoft.EntityFrameworkCore.Database.Command[20101]
      Executed DbCommand (2ms) [Parameters=[], CommandType='Text', CommandTimeout='120']
      SELECT [t].[FID], [t].[Address], [t].[Code], [t].[CreatedBy], [t].[CreatedOn], [t].[FactoryName], [t].[Gstin], [t].[IsActive], [t].[ModifiedBy], [t].[ModifiedOn]
      FROM [TblFactories] AS [t]
info: Microsoft.EntityFrameworkCore.Database.Command[20101]
      Executed DbCommand (3ms) [Parameters=[], CommandType='Text', CommandTimeout='120']
      SELECT [t].[DispId], [t].[BillID], [t].[ChallanNo], [t].[Destination], [t].[DisVid], [t].[DispatchDate], [t].[DispatchQuantity], [t].[FinalPrice], [t].[UnitPrice], [t].[VehicleNo]
      FROM [TblDispatches] AS [t]
info: Microsoft.EntityFrameworkCore.Infrastructure[10403]
      Entity Framework Core 6.0.21 initialized 'TransportMgmtContext' using provider 'Microsoft.EntityFrameworkCore.SqlServer:6.0.21' with options: CommandTimeout=120 
info: Microsoft.EntityFrameworkCore.Database.Command[20101]
      Executed DbCommand (6ms) [Parameters=[@__dispatchId_0='?' (Size = 4000)], CommandType='Text', CommandTimeout='120']
      SELECT TOP(1) [t].[DispId], [t].[BillID], [t].[ChallanNo], [t].[Destination], [t].[DisVid], [t].[DispatchDate], [t].[DispatchQuantity], [t].[FinalPrice], [t].[UnitPrice], [t].[VehicleNo]
      FROM [TblDispatches] AS [t]
      WHERE [t].[ChallanNo] = @__dispatchId_0
info: Microsoft.EntityFrameworkCore.Database.Command[20101]
      Executed DbCommand (3ms) [Parameters=[@__dispatchId_0='?' (Size = 4000)], CommandType='Text', CommandTimeout='120']
      SELECT TOP(1) [t].[DispId], [t].[BillID], [t].[ChallanNo], [t].[Destination], [t].[DisVid], [t].[DispatchDate], [t].[DispatchQuantity], [t].[FinalPrice], [t].[UnitPrice], [t].[VehicleNo]
      FROM [TblDispatches] AS [t]
      WHERE [t].[ChallanNo] = @__dispatchId_0
info: Microsoft.EntityFrameworkCore.Database.Command[20101]
      Executed DbCommand (12ms) [Parameters=[@__billNumber_0='?' (Size = 4000)], CommandType='Text', CommandTimeout='120']
      SELECT TOP(1) [b].[BillID], [b].[ActualAmount], [b].[BillDate], [b].[BillNum], [b].[BillType], [b].[FID], [b].[Gst], [b].[GstDate], [b].[PId], [b].[PaymentReceived], [b].[PaymentTablePId], [b].[Tds]
      FROM [BillTables] AS [b]
      WHERE [b].[BillNum] = @__billNumber_0
info: Microsoft.EntityFrameworkCore.Database.Command[20101]
      Executed DbCommand (7ms) [Parameters=[@p0='?' (DbType = Double), @p1='?' (DbType = DateTime2), @p2='?' (Size = 4000), @p3='?' (Size = 4000), @p4='?' (DbType = Int32), @p5='?' (DbType = Double), @p6='?' (DbType = DateTime2), @p7='?' (DbType = Int32), @p8='?' (DbType = Double), @p9='?' (DbType = Int32), @p10='?' (DbType = Double)], CommandType='Text', CommandTimeout='120']
      SET NOCOUNT ON;
      INSERT INTO [BillTables] ([ActualAmount], [BillDate], [BillNum], [BillType], [FID], [Gst], [GstDate], [PId], [PaymentReceived], [PaymentTablePId], [Tds])
      VALUES (@p0, @p1, @p2, @p3, @p4, @p5, @p6, @p7, @p8, @p9, @p10);
      SELECT [BillID]
      FROM [BillTables]
      WHERE @@ROWCOUNT = 1 AND [BillID] = scope_identity();
info: Microsoft.EntityFrameworkCore.Database.Command[20101]
      Executed DbCommand (2ms) [Parameters=[@p2='?' (DbType = Int32), @p0='?' (DbType = Double), @p1='?' (DbType = Double)], CommandType='Text', CommandTimeout='120']
      SET NOCOUNT ON;
      UPDATE [TblDispatches] SET [FinalPrice] = @p0, [UnitPrice] = @p1
      WHERE [DispId] = @p2;
      SELECT @@ROWCOUNT;
info: Microsoft.EntityFrameworkCore.Database.Command[20101]
      Executed DbCommand (2ms) [Parameters=[@__dispatchId_0='?' (Size = 4000)], CommandType='Text', CommandTimeout='120']
      SELECT TOP(1) [t].[DispId], [t].[BillID], [t].[ChallanNo], [t].[Destination], [t].[DisVid], [t].[DispatchDate], [t].[DispatchQuantity], [t].[FinalPrice], [t].[UnitPrice], [t].[VehicleNo]
      FROM [TblDispatches] AS [t]
      WHERE [t].[ChallanNo] = @__dispatchId_0
info: Microsoft.EntityFrameworkCore.Database.Command[20101]
      Executed DbCommand (7ms) [Parameters=[@__dispatchId_0='?' (Size = 4000)], CommandType='Text', CommandTimeout='120']
      SELECT TOP(1) [t].[DispId], [t].[BillID], [t].[ChallanNo], [t].[Destination], [t].[DisVid], [t].[DispatchDate], [t].[DispatchQuantity], [t].[FinalPrice], [t].[UnitPrice], [t].[VehicleNo]
      FROM [TblDispatches] AS [t]
      WHERE [t].[ChallanNo] = @__dispatchId_0
info: Microsoft.EntityFrameworkCore.Database.Command[20101]
      Executed DbCommand (4ms) [Parameters=[@__dispatchId_0='?' (Size = 4000)], CommandType='Text', CommandTimeout='120']
      SELECT TOP(1) [t].[DispId], [t].[BillID], [t].[ChallanNo], [t].[Destination], [t].[DisVid], [t].[DispatchDate], [t].[DispatchQuantity], [t].[FinalPrice], [t].[UnitPrice], [t].[VehicleNo]
      FROM [TblDispatches] AS [t]
      WHERE [t].[ChallanNo] = @__dispatchId_0
info: Microsoft.EntityFrameworkCore.Database.Command[20101]
      Executed DbCommand (4ms) [Parameters=[@__dispatchId_0='?' (Size = 4000)], CommandType='Text', CommandTimeout='120']
      SELECT TOP(1) [t].[DispId], [t].[BillID], [t].[ChallanNo], [t].[Destination], [t].[DisVid], [t].[DispatchDate], [t].[DispatchQuantity], [t].[FinalPrice], [t].[UnitPrice], [t].[VehicleNo]
      FROM [TblDispatches] AS [t]
      WHERE [t].[ChallanNo] = @__dispatchId_0
info: Microsoft.EntityFrameworkCore.Database.Command[20101]
      Executed DbCommand (4ms) [Parameters=[@__dispatchId_0='?' (Size = 4000)], CommandType='Text', CommandTimeout='120']
      SELECT TOP(1) [t].[DispId], [t].[BillID], [t].[ChallanNo], [t].[Destination], [t].[DisVid], [t].[DispatchDate], [t].[DispatchQuantity], [t].[FinalPrice], [t].[UnitPrice], [t].[VehicleNo]
      FROM [TblDispatches] AS [t]
      WHERE [t].[ChallanNo] = @__dispatchId_0
info: Microsoft.EntityFrameworkCore.Database.Command[20101]
      Executed DbCommand (3ms) [Parameters=[@__dispatchId_0='?' (Size = 4000)], CommandType='Text', CommandTimeout='120']
      SELECT TOP(1) [t].[DispId], [t].[BillID], [t].[ChallanNo], [t].[Destination], [t].[DisVid], [t].[DispatchDate], [t].[DispatchQuantity], [t].[FinalPrice], [t].[UnitPrice], [t].[VehicleNo]
      FROM [TblDispatches] AS [t]
      WHERE [t].[ChallanNo] = @__dispatchId_0
info: Microsoft.EntityFrameworkCore.Database.Command[20101]
      Executed DbCommand (3ms) [Parameters=[@__dispatchId_0='?' (Size = 4000)], CommandType='Text', CommandTimeout='120']
      SELECT TOP(1) [t].[DispId], [t].[BillID], [t].[ChallanNo], [t].[Destination], [t].[DisVid], [t].[DispatchDate], [t].[DispatchQuantity], [t].[FinalPrice], [t].[UnitPrice], [t].[VehicleNo]
      FROM [TblDispatches] AS [t]
      WHERE [t].[ChallanNo] = @__dispatchId_0
info: Microsoft.EntityFrameworkCore.Database.Command[20101]
      Executed DbCommand (4ms) [Parameters=[@__dispatchId_0='?' (Size = 4000)], CommandType='Text', CommandTimeout='120']
      SELECT TOP(1) [t].[DispId], [t].[BillID], [t].[ChallanNo], [t].[Destination], [t].[DisVid], [t].[DispatchDate], [t].[DispatchQuantity], [t].[FinalPrice], [t].[UnitPrice], [t].[VehicleNo]
      FROM [TblDispatches] AS [t]
      WHERE [t].[ChallanNo] = @__dispatchId_0
info: Microsoft.EntityFrameworkCore.Database.Command[20101]
      Executed DbCommand (4ms) [Parameters=[@__dispatchId_0='?' (Size = 4000)], CommandType='Text', CommandTimeout='120']
      SELECT TOP(1) [t].[DispId], [t].[BillID], [t].[ChallanNo], [t].[Destination], [t].[DisVid], [t].[DispatchDate], [t].[DispatchQuantity], [t].[FinalPrice], [t].[UnitPrice], [t].[VehicleNo]
      FROM [TblDispatches] AS [t]
      WHERE [t].[ChallanNo] = @__dispatchId_0
info: Microsoft.EntityFrameworkCore.Database.Command[20101]
      Executed DbCommand (3ms) [Parameters=[@__dispatchId_0='?' (Size = 4000)], CommandType='Text', CommandTimeout='120']
      SELECT TOP(1) [t].[DispId], [t].[BillID], [t].[ChallanNo], [t].[Destination], [t].[DisVid], [t].[DispatchDate], [t].[DispatchQuantity], [t].[FinalPrice], [t].[UnitPrice], [t].[VehicleNo]
      FROM [TblDispatches] AS [t]
      WHERE [t].[ChallanNo] = @__dispatchId_0
info: Microsoft.EntityFrameworkCore.Database.Command[20101]
      Executed DbCommand (3ms) [Parameters=[@__dispatchId_0='?' (Size = 4000)], CommandType='Text', CommandTimeout='120']
      SELECT TOP(1) [t].[DispId], [t].[BillID], [t].[ChallanNo], [t].[Destination], [t].[DisVid], [t].[DispatchDate], [t].[DispatchQuantity], [t].[FinalPrice], [t].[UnitPrice], [t].[VehicleNo]
      FROM [TblDispatches] AS [t]
      WHERE [t].[ChallanNo] = @__dispatchId_0
info: Microsoft.EntityFrameworkCore.Database.Command[20101]
      Executed DbCommand (4ms) [Parameters=[@__dispatchId_0='?' (Size = 4000)], CommandType='Text', CommandTimeout='120']
      SELECT TOP(1) [t].[DispId], [t].[BillID], [t].[ChallanNo], [t].[Destination], [t].[DisVid], [t].[DispatchDate], [t].[DispatchQuantity], [t].[FinalPrice], [t].[UnitPrice], [t].[VehicleNo]
      FROM [TblDispatches] AS [t]
      WHERE [t].[ChallanNo] = @__dispatchId_0
info: Microsoft.EntityFrameworkCore.Database.Command[20101]
      Executed DbCommand (3ms) [Parameters=[@__dispatchId_0='?' (Size = 4000)], CommandType='Text', CommandTimeout='120']
      SELECT TOP(1) [t].[DispId], [t].[BillID], [t].[ChallanNo], [t].[Destination], [t].[DisVid], [t].[DispatchDate], [t].[DispatchQuantity], [t].[FinalPrice], [t].[UnitPrice], [t].[VehicleNo]
      FROM [TblDispatches] AS [t]
      WHERE [t].[ChallanNo] = @__dispatchId_0
info: Microsoft.EntityFrameworkCore.Database.Command[20101]
      Executed DbCommand (5ms) [Parameters=[@__dispatchId_0='?' (Size = 4000)], CommandType='Text', CommandTimeout='120']
      SELECT TOP(1) [t].[DispId], [t].[BillID], [t].[ChallanNo], [t].[Destination], [t].[DisVid], [t].[DispatchDate], [t].[DispatchQuantity], [t].[FinalPrice], [t].[UnitPrice], [t].[VehicleNo]
      FROM [TblDispatches] AS [t]
      WHERE [t].[ChallanNo] = @__dispatchId_0
info: Microsoft.EntityFrameworkCore.Database.Command[20101]
      Executed DbCommand (3ms) [Parameters=[@__dispatchId_0='?' (Size = 4000)], CommandType='Text', CommandTimeout='120']
      SELECT TOP(1) [t].[DispId], [t].[BillID], [t].[ChallanNo], [t].[Destination], [t].[DisVid], [t].[DispatchDate], [t].[DispatchQuantity], [t].[FinalPrice], [t].[UnitPrice], [t].[VehicleNo]
      FROM [TblDispatches] AS [t]
      WHERE [t].[ChallanNo] = @__dispatchId_0
info: Microsoft.EntityFrameworkCore.Database.Command[20101]
      Executed DbCommand (3ms) [Parameters=[@__dispatchId_0='?' (Size = 4000)], CommandType='Text', CommandTimeout='120']
      SELECT TOP(1) [t].[DispId], [t].[BillID], [t].[ChallanNo], [t].[Destination], [t].[DisVid], [t].[DispatchDate], [t].[DispatchQuantity], [t].[FinalPrice], [t].[UnitPrice], [t].[VehicleNo]
      FROM [TblDispatches] AS [t]
      WHERE [t].[ChallanNo] = @__dispatchId_0
info: Microsoft.EntityFrameworkCore.Database.Command[20101]
      Executed DbCommand (5ms) [Parameters=[@__dispatchId_0='?' (Size = 4000)], CommandType='Text', CommandTimeout='120']
      SELECT TOP(1) [t].[DispId], [t].[BillID], [t].[ChallanNo], [t].[Destination], [t].[DisVid], [t].[DispatchDate], [t].[DispatchQuantity], [t].[FinalPrice], [t].[UnitPrice], [t].[VehicleNo]
      FROM [TblDispatches] AS [t]
      WHERE [t].[ChallanNo] = @__dispatchId_0
info: Microsoft.EntityFrameworkCore.Database.Command[20101]
      Executed DbCommand (3ms) [Parameters=[@__dispatchId_0='?' (Size = 4000)], CommandType='Text', CommandTimeout='120']
      SELECT TOP(1) [t].[DispId], [t].[BillID], [t].[ChallanNo], [t].[Destination], [t].[DisVid], [t].[DispatchDate], [t].[DispatchQuantity], [t].[FinalPrice], [t].[UnitPrice], [t].[VehicleNo]
      FROM [TblDispatches] AS [t]
      WHERE [t].[ChallanNo] = @__dispatchId_0
info: Microsoft.EntityFrameworkCore.Database.Command[20101]
      Executed DbCommand (5ms) [Parameters=[@__dispatchId_0='?' (Size = 4000)], CommandType='Text', CommandTimeout='120']
      SELECT TOP(1) [t].[DispId], [t].[BillID], [t].[ChallanNo], [t].[Destination], [t].[DisVid], [t].[DispatchDate], [t].[DispatchQuantity], [t].[FinalPrice], [t].[UnitPrice], [t].[VehicleNo]
      FROM [TblDispatches] AS [t]
      WHERE [t].[ChallanNo] = @__dispatchId_0
info: Microsoft.EntityFrameworkCore.Database.Command[20101]
      Executed DbCommand (3ms) [Parameters=[@__dispatchId_0='?' (Size = 4000)], CommandType='Text', CommandTimeout='120']
      SELECT TOP(1) [t].[DispId], [t].[BillID], [t].[ChallanNo], [t].[Destination], [t].[DisVid], [t].[DispatchDate], [t].[DispatchQuantity], [t].[FinalPrice], [t].[UnitPrice], [t].[VehicleNo]
      FROM [TblDispatches] AS [t]
      WHERE [t].[ChallanNo] = @__dispatchId_0
info: Microsoft.EntityFrameworkCore.Database.Command[20101]
      Executed DbCommand (3ms) [Parameters=[@__dispatchId_0='?' (Size = 4000)], CommandType='Text', CommandTimeout='120']
      SELECT TOP(1) [t].[DispId], [t].[BillID], [t].[ChallanNo], [t].[Destination], [t].[DisVid], [t].[DispatchDate], [t].[DispatchQuantity], [t].[FinalPrice], [t].[UnitPrice], [t].[VehicleNo]
      FROM [TblDispatches] AS [t]
      WHERE [t].[ChallanNo] = @__dispatchId_0
info: Microsoft.EntityFrameworkCore.Database.Command[20101]
      Executed DbCommand (3ms) [Parameters=[@__dispatchId_0='?' (Size = 4000)], CommandType='Text', CommandTimeout='120']
      SELECT TOP(1) [t].[DispId], [t].[BillID], [t].[ChallanNo], [t].[Destination], [t].[DisVid], [t].[DispatchDate], [t].[DispatchQuantity], [t].[FinalPrice], [t].[UnitPrice], [t].[VehicleNo]
      FROM [TblDispatches] AS [t]
      WHERE [t].[ChallanNo] = @__dispatchId_0
info: Microsoft.EntityFrameworkCore.Database.Command[20101]
      Executed DbCommand (3ms) [Parameters=[@__dispatchId_0='?' (Size = 4000)], CommandType='Text', CommandTimeout='120']
      SELECT TOP(1) [t].[DispId], [t].[BillID], [t].[ChallanNo], [t].[Destination], [t].[DisVid], [t].[DispatchDate], [t].[DispatchQuantity], [t].[FinalPrice], [t].[UnitPrice], [t].[VehicleNo]
      FROM [TblDispatches] AS [t]
      WHERE [t].[ChallanNo] = @__dispatchId_0
info: Microsoft.EntityFrameworkCore.Database.Command[20101]
      Executed DbCommand (6ms) [Parameters=[@__dispatchId_0='?' (Size = 4000)], CommandType='Text', CommandTimeout='120']
      SELECT TOP(1) [t].[DispId], [t].[BillID], [t].[ChallanNo], [t].[Destination], [t].[DisVid], [t].[DispatchDate], [t].[DispatchQuantity], [t].[FinalPrice], [t].[UnitPrice], [t].[VehicleNo]
      FROM [TblDispatches] AS [t]
      WHERE [t].[ChallanNo] = @__dispatchId_0
info: Microsoft.EntityFrameworkCore.Database.Command[20101]
      Executed DbCommand (3ms) [Parameters=[@__dispatchId_0='?' (Size = 4000)], CommandType='Text', CommandTimeout='120']
      SELECT TOP(1) [t].[DispId], [t].[BillID], [t].[ChallanNo], [t].[Destination], [t].[DisVid], [t].[DispatchDate], [t].[DispatchQuantity], [t].[FinalPrice], [t].[UnitPrice], [t].[VehicleNo]
      FROM [TblDispatches] AS [t]
      WHERE [t].[ChallanNo] = @__dispatchId_0
info: Microsoft.EntityFrameworkCore.Database.Command[20101]
      Executed DbCommand (9ms) [Parameters=[@__dispatchId_0='?' (Size = 4000)], CommandType='Text', CommandTimeout='120']
      SELECT TOP(1) [t].[DispId], [t].[BillID], [t].[ChallanNo], [t].[Destination], [t].[DisVid], [t].[DispatchDate], [t].[DispatchQuantity], [t].[FinalPrice], [t].[UnitPrice], [t].[VehicleNo]
      FROM [TblDispatches] AS [t]
      WHERE [t].[ChallanNo] = @__dispatchId_0
info: Microsoft.EntityFrameworkCore.Database.Command[20101]
      Executed DbCommand (3ms) [Parameters=[@__dispatchId_0='?' (Size = 4000)], CommandType='Text', CommandTimeout='120']
      SELECT TOP(1) [t].[DispId], [t].[BillID], [t].[ChallanNo], [t].[Destination], [t].[DisVid], [t].[DispatchDate], [t].[DispatchQuantity], [t].[FinalPrice], [t].[UnitPrice], [t].[VehicleNo]
      FROM [TblDispatches] AS [t]
      WHERE [t].[ChallanNo] = @__dispatchId_0
info: Microsoft.EntityFrameworkCore.Database.Command[20101]
      Executed DbCommand (3ms) [Parameters=[@__dispatchId_0='?' (Size = 4000)], CommandType='Text', CommandTimeout='120']
      SELECT TOP(1) [t].[DispId], [t].[BillID], [t].[ChallanNo], [t].[Destination], [t].[DisVid], [t].[DispatchDate], [t].[DispatchQuantity], [t].[FinalPrice], [t].[UnitPrice], [t].[VehicleNo]
      FROM [TblDispatches] AS [t]
      WHERE [t].[ChallanNo] = @__dispatchId_0
info: Microsoft.EntityFrameworkCore.Database.Command[20101]
      Executed DbCommand (3ms) [Parameters=[@__dispatchId_0='?' (Size = 4000)], CommandType='Text', CommandTimeout='120']
      SELECT TOP(1) [t].[DispId], [t].[BillID], [t].[ChallanNo], [t].[Destination], [t].[DisVid], [t].[DispatchDate], [t].[DispatchQuantity], [t].[FinalPrice], [t].[UnitPrice], [t].[VehicleNo]
      FROM [TblDispatches] AS [t]
      WHERE [t].[ChallanNo] = @__dispatchId_0
info: Microsoft.EntityFrameworkCore.Database.Command[20101]
      Executed DbCommand (3ms) [Parameters=[@__dispatchId_0='?' (Size = 4000)], CommandType='Text', CommandTimeout='120']
      SELECT TOP(1) [t].[DispId], [t].[BillID], [t].[ChallanNo], [t].[Destination], [t].[DisVid], [t].[DispatchDate], [t].[DispatchQuantity], [t].[FinalPrice], [t].[UnitPrice], [t].[VehicleNo]
      FROM [TblDispatches] AS [t]
      WHERE [t].[ChallanNo] = @__dispatchId_0
info: Microsoft.EntityFrameworkCore.Database.Command[20101]
      Executed DbCommand (5ms) [Parameters=[@__dispatchId_0='?' (Size = 4000)], CommandType='Text', CommandTimeout='120']
      SELECT TOP(1) [t].[DispId], [t].[BillID], [t].[ChallanNo], [t].[Destination], [t].[DisVid], [t].[DispatchDate], [t].[DispatchQuantity], [t].[FinalPrice], [t].[UnitPrice], [t].[VehicleNo]
      FROM [TblDispatches] AS [t]
      WHERE [t].[ChallanNo] = @__dispatchId_0
info: Microsoft.EntityFrameworkCore.Database.Command[20101]
      Executed DbCommand (26ms) [Parameters=[@p9='?' (DbType = Int32), @p0='?' (DbType = Int32), @p1='?' (Size = 4000), @p2='?' (Size = 4000), @p3='?' (DbType = Int32), @p4='?' (DbType = DateTime2), @p5='?' (DbType = Double), @p6='?' (DbType = Double), @p7='?' (DbType = Double), @p8='?' (Size = 4000), @p19='?' (DbType = Int32), @p10='?' (DbType = Int32), @p11='?' (Size = 4000), @p12='?' (Size = 4000), @p13='?' (DbType = Int32), @p14='?' (DbType = DateTime2), @p15='?' (DbType = Double), @p16='?' (DbType = Double), @p17='?' (DbType = Double), @p18='?' (Size = 4000), @p29='?' (DbType = Int32), @p20='?' (DbType = Int32), @p21='?' (Size = 4000), @p22='?' (Size = 4000), @p23='?' (DbType = Int32), @p24='?' (DbType = DateTime2), @p25='?' (DbType = Double), @p26='?' (DbType = Double), @p27='?' (DbType = Double), @p28='?' (Size = 4000), @p39='?' (DbType = Int32), @p30='?' (DbType = Int32), @p31='?' (Size = 4000), @p32='?' (Size = 4000), @p33='?' (DbType = Int32), @p34='?' (DbType = DateTime2), @p35='?' (DbType = Double), @p36='?' (DbType = Double), @p37='?' (DbType = Double), @p38='?' (Size = 4000), @p49='?' (DbType = Int32), @p40='?' (DbType = Int32), @p41='?' (Size = 4000), @p42='?' (Size = 4000), @p43='?' (DbType = Int32), @p44='?' (DbType = DateTime2), @p45='?' (DbType = Double), @p46='?' (DbType = Double), @p47='?' (DbType = Double), @p48='?' (Size = 4000), @p59='?' (DbType = Int32), @p50='?' (DbType = Int32), @p51='?' (Size = 4000), @p52='?' (Size = 4000), @p53='?' (DbType = Int32), @p54='?' (DbType = DateTime2), @p55='?' (DbType = Double), @p56='?' (DbType = Double), @p57='?' (DbType = Double), @p58='?' (Size = 4000), @p69='?' (DbType = Int32), @p60='?' (DbType = Int32), @p61='?' (Size = 4000), @p62='?' (Size = 4000), @p63='?' (DbType = Int32), @p64='?' (DbType = DateTime2), @p65='?' (DbType = Double), @p66='?' (DbType = Double), @p67='?' (DbType = Double), @p68='?' (Size = 4000), @p79='?' (DbType = Int32), @p70='?' (DbType = Int32), @p71='?' (Size = 4000), @p72='?' (Size = 4000), @p73='?' (DbType = Int32), @p74='?' (DbType = DateTime2), @p75='?' (DbType = Double), @p76='?' (DbType = Double), @p77='?' (DbType = Double), @p78='?' (Size = 4000)], CommandType='Text', CommandTimeout='120']
      SET NOCOUNT ON;
      UPDATE [TblDispatches] SET [BillID] = @p0, [ChallanNo] = @p1, [Destination] = @p2, [DisVid] = @p3, [DispatchDate] = @p4, [DispatchQuantity] = @p5, [FinalPrice] = @p6, [UnitPrice] = @p7, [VehicleNo] = @p8
      WHERE [DispId] = @p9;
      SELECT @@ROWCOUNT;
      
      UPDATE [TblDispatches] SET [BillID] = @p10, [ChallanNo] = @p11, [Destination] = @p12, [DisVid] = @p13, [DispatchDate] = @p14, [DispatchQuantity] = @p15, [FinalPrice] = @p16, [UnitPrice] = @p17, [VehicleNo] = @p18
      WHERE [DispId] = @p19;
      SELECT @@ROWCOUNT;
      
      UPDATE [TblDispatches] SET [BillID] = @p20, [ChallanNo] = @p21, [Destination] = @p22, [DisVid] = @p23, [DispatchDate] = @p24, [DispatchQuantity] = @p25, [FinalPrice] = @p26, [UnitPrice] = @p27, [VehicleNo] = @p28
      WHERE [DispId] = @p29;
      SELECT @@ROWCOUNT;
      
      UPDATE [TblDispatches] SET [BillID] = @p30, [ChallanNo] = @p31, [Destination] = @p32, [DisVid] = @p33, [DispatchDate] = @p34, [DispatchQuantity] = @p35, [FinalPrice] = @p36, [UnitPrice] = @p37, [VehicleNo] = @p38
      WHERE [DispId] = @p39;
      SELECT @@ROWCOUNT;
      
      UPDATE [TblDispatches] SET [BillID] = @p40, [ChallanNo] = @p41, [Destination] = @p42, [DisVid] = @p43, [DispatchDate] = @p44, [DispatchQuantity] = @p45, [FinalPrice] = @p46, [UnitPrice] = @p47, [VehicleNo] = @p48
      WHERE [DispId] = @p49;
      SELECT @@ROWCOUNT;
      
      UPDATE [TblDispatches] SET [BillID] = @p50, [ChallanNo] = @p51, [Destination] = @p52, [DisVid] = @p53, [DispatchDate] = @p54, [DispatchQuantity] = @p55, [FinalPrice] = @p56, [UnitPrice] = @p57, [VehicleNo] = @p58
      WHERE [DispId] = @p59;
      SELECT @@ROWCOUNT;
      
      UPDATE [TblDispatches] SET [BillID] = @p60, [ChallanNo] = @p61, [Destination] = @p62, [DisVid] = @p63, [DispatchDate] = @p64, [DispatchQuantity] = @p65, [FinalPrice] = @p66, [UnitPrice] = @p67, [VehicleNo] = @p68
      WHERE [DispId] = @p69;
      SELECT @@ROWCOUNT;
      
      UPDATE [TblDispatches] SET [BillID] = @p70, [ChallanNo] = @p71, [Destination] = @p72, [DisVid] = @p73, [DispatchDate] = @p74, [DispatchQuantity] = @p75, [FinalPrice] = @p76, [UnitPrice] = @p77, [VehicleNo] = @p78
      WHERE [DispId] = @p79;
      SELECT @@ROWCOUNT;
info: Microsoft.EntityFrameworkCore.Infrastructure[10403]
      Entity Framework Core 6.0.21 initialized 'TransportMgmtContext' using provider 'Microsoft.EntityFrameworkCore.SqlServer:6.0.21' with options: CommandTimeout=120 
info: Microsoft.EntityFrameworkCore.Database.Command[20101]
      Executed DbCommand (2ms) [Parameters=[], CommandType='Text', CommandTimeout='120']
      SELECT [t].[FID], [t].[Address], [t].[Code], [t].[CreatedBy], [t].[CreatedOn], [t].[FactoryName], [t].[Gstin], [t].[IsActive], [t].[ModifiedBy], [t].[ModifiedOn]
      FROM [TblFactories] AS [t]
info: Microsoft.EntityFrameworkCore.Database.Command[20101]
      Executed DbCommand (1ms) [Parameters=[], CommandType='Text', CommandTimeout='120']
      SELECT [t].[FID], [t].[Address], [t].[Code], [t].[CreatedBy], [t].[CreatedOn], [t].[FactoryName], [t].[Gstin], [t].[IsActive], [t].[ModifiedBy], [t].[ModifiedOn]
      FROM [TblFactories] AS [t]
info: Microsoft.EntityFrameworkCore.Database.Command[20101]
      Executed DbCommand (2ms) [Parameters=[], CommandType='Text', CommandTimeout='120']
      SELECT [t].[DispId], [t].[BillID], [t].[ChallanNo], [t].[Destination], [t].[DisVid], [t].[DispatchDate], [t].[DispatchQuantity], [t].[FinalPrice], [t].[UnitPrice], [t].[VehicleNo]
      FROM [TblDispatches] AS [t]
info: Microsoft.EntityFrameworkCore.Infrastructure[10403]
      Entity Framework Core 6.0.21 initialized 'TransportMgmtContext' using provider 'Microsoft.EntityFrameworkCore.SqlServer:6.0.21' with options: CommandTimeout=120 
info: Microsoft.EntityFrameworkCore.Database.Command[20101]
      Executed DbCommand (4ms) [Parameters=[@__dispatchId_0='?' (Size = 4000)], CommandType='Text', CommandTimeout='120']
      SELECT TOP(1) [t].[DispId], [t].[BillID], [t].[ChallanNo], [t].[Destination], [t].[DisVid], [t].[DispatchDate], [t].[DispatchQuantity], [t].[FinalPrice], [t].[UnitPrice], [t].[VehicleNo]
      FROM [TblDispatches] AS [t]
      WHERE [t].[ChallanNo] = @__dispatchId_0
info: Microsoft.EntityFrameworkCore.Database.Command[20101]
      Executed DbCommand (5ms) [Parameters=[@__dispatchId_0='?' (Size = 4000)], CommandType='Text', CommandTimeout='120']
      SELECT TOP(1) [t].[DispId], [t].[BillID], [t].[ChallanNo], [t].[Destination], [t].[DisVid], [t].[DispatchDate], [t].[DispatchQuantity], [t].[FinalPrice], [t].[UnitPrice], [t].[VehicleNo]
      FROM [TblDispatches] AS [t]
      WHERE [t].[ChallanNo] = @__dispatchId_0
info: Microsoft.EntityFrameworkCore.Database.Command[20101]
      Executed DbCommand (2ms) [Parameters=[@__billNumber_0='?' (Size = 4000)], CommandType='Text', CommandTimeout='120']
      SELECT TOP(1) [b].[BillID], [b].[ActualAmount], [b].[BillDate], [b].[BillNum], [b].[BillType], [b].[FID], [b].[Gst], [b].[GstDate], [b].[PId], [b].[PaymentReceived], [b].[PaymentTablePId], [b].[Tds]
      FROM [BillTables] AS [b]
      WHERE [b].[BillNum] = @__billNumber_0
info: Microsoft.EntityFrameworkCore.Database.Command[20101]
      Executed DbCommand (4ms) [Parameters=[@p0='?' (DbType = Double), @p1='?' (DbType = DateTime2), @p2='?' (Size = 4000), @p3='?' (Size = 4000), @p4='?' (DbType = Int32), @p5='?' (DbType = Double), @p6='?' (DbType = DateTime2), @p7='?' (DbType = Int32), @p8='?' (DbType = Double), @p9='?' (DbType = Int32), @p10='?' (DbType = Double)], CommandType='Text', CommandTimeout='120']
      SET NOCOUNT ON;
      INSERT INTO [BillTables] ([ActualAmount], [BillDate], [BillNum], [BillType], [FID], [Gst], [GstDate], [PId], [PaymentReceived], [PaymentTablePId], [Tds])
      VALUES (@p0, @p1, @p2, @p3, @p4, @p5, @p6, @p7, @p8, @p9, @p10);
      SELECT [BillID]
      FROM [BillTables]
      WHERE @@ROWCOUNT = 1 AND [BillID] = scope_identity();
info: Microsoft.EntityFrameworkCore.Database.Command[20101]
      Executed DbCommand (2ms) [Parameters=[@p2='?' (DbType = Int32), @p0='?' (DbType = Double), @p1='?' (DbType = Double)], CommandType='Text', CommandTimeout='120']
      SET NOCOUNT ON;
      UPDATE [TblDispatches] SET [FinalPrice] = @p0, [UnitPrice] = @p1
      WHERE [DispId] = @p2;
      SELECT @@ROWCOUNT;
info: Microsoft.EntityFrameworkCore.Database.Command[20101]
      Executed DbCommand (2ms) [Parameters=[@__dispatchId_0='?' (Size = 4000)], CommandType='Text', CommandTimeout='120']
      SELECT TOP(1) [t].[DispId], [t].[BillID], [t].[ChallanNo], [t].[Destination], [t].[DisVid], [t].[DispatchDate], [t].[DispatchQuantity], [t].[FinalPrice], [t].[UnitPrice], [t].[VehicleNo]
      FROM [TblDispatches] AS [t]
      WHERE [t].[ChallanNo] = @__dispatchId_0
info: Microsoft.EntityFrameworkCore.Database.Command[20101]
      Executed DbCommand (4ms) [Parameters=[@__dispatchId_0='?' (Size = 4000)], CommandType='Text', CommandTimeout='120']
      SELECT TOP(1) [t].[DispId], [t].[BillID], [t].[ChallanNo], [t].[Destination], [t].[DisVid], [t].[DispatchDate], [t].[DispatchQuantity], [t].[FinalPrice], [t].[UnitPrice], [t].[VehicleNo]
      FROM [TblDispatches] AS [t]
      WHERE [t].[ChallanNo] = @__dispatchId_0
info: Microsoft.EntityFrameworkCore.Database.Command[20101]
      Executed DbCommand (3ms) [Parameters=[@__dispatchId_0='?' (Size = 4000)], CommandType='Text', CommandTimeout='120']
      SELECT TOP(1) [t].[DispId], [t].[BillID], [t].[ChallanNo], [t].[Destination], [t].[DisVid], [t].[DispatchDate], [t].[DispatchQuantity], [t].[FinalPrice], [t].[UnitPrice], [t].[VehicleNo]
      FROM [TblDispatches] AS [t]
      WHERE [t].[ChallanNo] = @__dispatchId_0
info: Microsoft.EntityFrameworkCore.Database.Command[20101]
      Executed DbCommand (6ms) [Parameters=[@__dispatchId_0='?' (Size = 4000)], CommandType='Text', CommandTimeout='120']
      SELECT TOP(1) [t].[DispId], [t].[BillID], [t].[ChallanNo], [t].[Destination], [t].[DisVid], [t].[DispatchDate], [t].[DispatchQuantity], [t].[FinalPrice], [t].[UnitPrice], [t].[VehicleNo]
      FROM [TblDispatches] AS [t]
      WHERE [t].[ChallanNo] = @__dispatchId_0
info: Microsoft.EntityFrameworkCore.Database.Command[20101]
      Executed DbCommand (4ms) [Parameters=[@__dispatchId_0='?' (Size = 4000)], CommandType='Text', CommandTimeout='120']
      SELECT TOP(1) [t].[DispId], [t].[BillID], [t].[ChallanNo], [t].[Destination], [t].[DisVid], [t].[DispatchDate], [t].[DispatchQuantity], [t].[FinalPrice], [t].[UnitPrice], [t].[VehicleNo]
      FROM [TblDispatches] AS [t]
      WHERE [t].[ChallanNo] = @__dispatchId_0
info: Microsoft.EntityFrameworkCore.Database.Command[20101]
      Executed DbCommand (4ms) [Parameters=[@__dispatchId_0='?' (Size = 4000)], CommandType='Text', CommandTimeout='120']
      SELECT TOP(1) [t].[DispId], [t].[BillID], [t].[ChallanNo], [t].[Destination], [t].[DisVid], [t].[DispatchDate], [t].[DispatchQuantity], [t].[FinalPrice], [t].[UnitPrice], [t].[VehicleNo]
      FROM [TblDispatches] AS [t]
      WHERE [t].[ChallanNo] = @__dispatchId_0
info: Microsoft.EntityFrameworkCore.Database.Command[20101]
      Executed DbCommand (5ms) [Parameters=[@__dispatchId_0='?' (Size = 4000)], CommandType='Text', CommandTimeout='120']
      SELECT TOP(1) [t].[DispId], [t].[BillID], [t].[ChallanNo], [t].[Destination], [t].[DisVid], [t].[DispatchDate], [t].[DispatchQuantity], [t].[FinalPrice], [t].[UnitPrice], [t].[VehicleNo]
      FROM [TblDispatches] AS [t]
      WHERE [t].[ChallanNo] = @__dispatchId_0
info: Microsoft.EntityFrameworkCore.Database.Command[20101]
      Executed DbCommand (6ms) [Parameters=[@__dispatchId_0='?' (Size = 4000)], CommandType='Text', CommandTimeout='120']
      SELECT TOP(1) [t].[DispId], [t].[BillID], [t].[ChallanNo], [t].[Destination], [t].[DisVid], [t].[DispatchDate], [t].[DispatchQuantity], [t].[FinalPrice], [t].[UnitPrice], [t].[VehicleNo]
      FROM [TblDispatches] AS [t]
      WHERE [t].[ChallanNo] = @__dispatchId_0
info: Microsoft.EntityFrameworkCore.Database.Command[20101]
      Executed DbCommand (3ms) [Parameters=[@__dispatchId_0='?' (Size = 4000)], CommandType='Text', CommandTimeout='120']
      SELECT TOP(1) [t].[DispId], [t].[BillID], [t].[ChallanNo], [t].[Destination], [t].[DisVid], [t].[DispatchDate], [t].[DispatchQuantity], [t].[FinalPrice], [t].[UnitPrice], [t].[VehicleNo]
      FROM [TblDispatches] AS [t]
      WHERE [t].[ChallanNo] = @__dispatchId_0
info: Microsoft.EntityFrameworkCore.Database.Command[20101]
      Executed DbCommand (4ms) [Parameters=[@__dispatchId_0='?' (Size = 4000)], CommandType='Text', CommandTimeout='120']
      SELECT TOP(1) [t].[DispId], [t].[BillID], [t].[ChallanNo], [t].[Destination], [t].[DisVid], [t].[DispatchDate], [t].[DispatchQuantity], [t].[FinalPrice], [t].[UnitPrice], [t].[VehicleNo]
      FROM [TblDispatches] AS [t]
      WHERE [t].[ChallanNo] = @__dispatchId_0
info: Microsoft.EntityFrameworkCore.Database.Command[20101]
      Executed DbCommand (6ms) [Parameters=[@__dispatchId_0='?' (Size = 4000)], CommandType='Text', CommandTimeout='120']
      SELECT TOP(1) [t].[DispId], [t].[BillID], [t].[ChallanNo], [t].[Destination], [t].[DisVid], [t].[DispatchDate], [t].[DispatchQuantity], [t].[FinalPrice], [t].[UnitPrice], [t].[VehicleNo]
      FROM [TblDispatches] AS [t]
      WHERE [t].[ChallanNo] = @__dispatchId_0
info: Microsoft.EntityFrameworkCore.Database.Command[20101]
      Executed DbCommand (6ms) [Parameters=[@__dispatchId_0='?' (Size = 4000)], CommandType='Text', CommandTimeout='120']
      SELECT TOP(1) [t].[DispId], [t].[BillID], [t].[ChallanNo], [t].[Destination], [t].[DisVid], [t].[DispatchDate], [t].[DispatchQuantity], [t].[FinalPrice], [t].[UnitPrice], [t].[VehicleNo]
      FROM [TblDispatches] AS [t]
      WHERE [t].[ChallanNo] = @__dispatchId_0
info: Microsoft.EntityFrameworkCore.Database.Command[20101]
      Executed DbCommand (6ms) [Parameters=[@__dispatchId_0='?' (Size = 4000)], CommandType='Text', CommandTimeout='120']
      SELECT TOP(1) [t].[DispId], [t].[BillID], [t].[ChallanNo], [t].[Destination], [t].[DisVid], [t].[DispatchDate], [t].[DispatchQuantity], [t].[FinalPrice], [t].[UnitPrice], [t].[VehicleNo]
      FROM [TblDispatches] AS [t]
      WHERE [t].[ChallanNo] = @__dispatchId_0
info: Microsoft.EntityFrameworkCore.Database.Command[20101]
      Executed DbCommand (8ms) [Parameters=[@__dispatchId_0='?' (Size = 4000)], CommandType='Text', CommandTimeout='120']
      SELECT TOP(1) [t].[DispId], [t].[BillID], [t].[ChallanNo], [t].[Destination], [t].[DisVid], [t].[DispatchDate], [t].[DispatchQuantity], [t].[FinalPrice], [t].[UnitPrice], [t].[VehicleNo]
      FROM [TblDispatches] AS [t]
      WHERE [t].[ChallanNo] = @__dispatchId_0
info: Microsoft.EntityFrameworkCore.Database.Command[20101]
      Executed DbCommand (5ms) [Parameters=[@__dispatchId_0='?' (Size = 4000)], CommandType='Text', CommandTimeout='120']
      SELECT TOP(1) [t].[DispId], [t].[BillID], [t].[ChallanNo], [t].[Destination], [t].[DisVid], [t].[DispatchDate], [t].[DispatchQuantity], [t].[FinalPrice], [t].[UnitPrice], [t].[VehicleNo]
      FROM [TblDispatches] AS [t]
      WHERE [t].[ChallanNo] = @__dispatchId_0
info: Microsoft.EntityFrameworkCore.Database.Command[20101]
      Executed DbCommand (3ms) [Parameters=[@__dispatchId_0='?' (Size = 4000)], CommandType='Text', CommandTimeout='120']
      SELECT TOP(1) [t].[DispId], [t].[BillID], [t].[ChallanNo], [t].[Destination], [t].[DisVid], [t].[DispatchDate], [t].[DispatchQuantity], [t].[FinalPrice], [t].[UnitPrice], [t].[VehicleNo]
      FROM [TblDispatches] AS [t]
      WHERE [t].[ChallanNo] = @__dispatchId_0
info: Microsoft.EntityFrameworkCore.Database.Command[20101]
      Executed DbCommand (3ms) [Parameters=[@__dispatchId_0='?' (Size = 4000)], CommandType='Text', CommandTimeout='120']
      SELECT TOP(1) [t].[DispId], [t].[BillID], [t].[ChallanNo], [t].[Destination], [t].[DisVid], [t].[DispatchDate], [t].[DispatchQuantity], [t].[FinalPrice], [t].[UnitPrice], [t].[VehicleNo]
      FROM [TblDispatches] AS [t]
      WHERE [t].[ChallanNo] = @__dispatchId_0
info: Microsoft.EntityFrameworkCore.Database.Command[20101]
      Executed DbCommand (6ms) [Parameters=[@__dispatchId_0='?' (Size = 4000)], CommandType='Text', CommandTimeout='120']
      SELECT TOP(1) [t].[DispId], [t].[BillID], [t].[ChallanNo], [t].[Destination], [t].[DisVid], [t].[DispatchDate], [t].[DispatchQuantity], [t].[FinalPrice], [t].[UnitPrice], [t].[VehicleNo]
      FROM [TblDispatches] AS [t]
      WHERE [t].[ChallanNo] = @__dispatchId_0
info: Microsoft.EntityFrameworkCore.Database.Command[20101]
      Executed DbCommand (3ms) [Parameters=[@__dispatchId_0='?' (Size = 4000)], CommandType='Text', CommandTimeout='120']
      SELECT TOP(1) [t].[DispId], [t].[BillID], [t].[ChallanNo], [t].[Destination], [t].[DisVid], [t].[DispatchDate], [t].[DispatchQuantity], [t].[FinalPrice], [t].[UnitPrice], [t].[VehicleNo]
      FROM [TblDispatches] AS [t]
      WHERE [t].[ChallanNo] = @__dispatchId_0
info: Microsoft.EntityFrameworkCore.Database.Command[20101]
      Executed DbCommand (3ms) [Parameters=[@__dispatchId_0='?' (Size = 4000)], CommandType='Text', CommandTimeout='120']
      SELECT TOP(1) [t].[DispId], [t].[BillID], [t].[ChallanNo], [t].[Destination], [t].[DisVid], [t].[DispatchDate], [t].[DispatchQuantity], [t].[FinalPrice], [t].[UnitPrice], [t].[VehicleNo]
      FROM [TblDispatches] AS [t]
      WHERE [t].[ChallanNo] = @__dispatchId_0
info: Microsoft.EntityFrameworkCore.Database.Command[20101]
      Executed DbCommand (3ms) [Parameters=[@__dispatchId_0='?' (Size = 4000)], CommandType='Text', CommandTimeout='120']
      SELECT TOP(1) [t].[DispId], [t].[BillID], [t].[ChallanNo], [t].[Destination], [t].[DisVid], [t].[DispatchDate], [t].[DispatchQuantity], [t].[FinalPrice], [t].[UnitPrice], [t].[VehicleNo]
      FROM [TblDispatches] AS [t]
      WHERE [t].[ChallanNo] = @__dispatchId_0
info: Microsoft.EntityFrameworkCore.Database.Command[20101]
      Executed DbCommand (3ms) [Parameters=[@__dispatchId_0='?' (Size = 4000)], CommandType='Text', CommandTimeout='120']
      SELECT TOP(1) [t].[DispId], [t].[BillID], [t].[ChallanNo], [t].[Destination], [t].[DisVid], [t].[DispatchDate], [t].[DispatchQuantity], [t].[FinalPrice], [t].[UnitPrice], [t].[VehicleNo]
      FROM [TblDispatches] AS [t]
      WHERE [t].[ChallanNo] = @__dispatchId_0
info: Microsoft.EntityFrameworkCore.Database.Command[20101]
      Executed DbCommand (4ms) [Parameters=[@__dispatchId_0='?' (Size = 4000)], CommandType='Text', CommandTimeout='120']
      SELECT TOP(1) [t].[DispId], [t].[BillID], [t].[ChallanNo], [t].[Destination], [t].[DisVid], [t].[DispatchDate], [t].[DispatchQuantity], [t].[FinalPrice], [t].[UnitPrice], [t].[VehicleNo]
      FROM [TblDispatches] AS [t]
      WHERE [t].[ChallanNo] = @__dispatchId_0
info: Microsoft.EntityFrameworkCore.Database.Command[20101]
      Executed DbCommand (3ms) [Parameters=[@__dispatchId_0='?' (Size = 4000)], CommandType='Text', CommandTimeout='120']
      SELECT TOP(1) [t].[DispId], [t].[BillID], [t].[ChallanNo], [t].[Destination], [t].[DisVid], [t].[DispatchDate], [t].[DispatchQuantity], [t].[FinalPrice], [t].[UnitPrice], [t].[VehicleNo]
      FROM [TblDispatches] AS [t]
      WHERE [t].[ChallanNo] = @__dispatchId_0
info: Microsoft.EntityFrameworkCore.Database.Command[20101]
      Executed DbCommand (3ms) [Parameters=[@__dispatchId_0='?' (Size = 4000)], CommandType='Text', CommandTimeout='120']
      SELECT TOP(1) [t].[DispId], [t].[BillID], [t].[ChallanNo], [t].[Destination], [t].[DisVid], [t].[DispatchDate], [t].[DispatchQuantity], [t].[FinalPrice], [t].[UnitPrice], [t].[VehicleNo]
      FROM [TblDispatches] AS [t]
      WHERE [t].[ChallanNo] = @__dispatchId_0
info: Microsoft.EntityFrameworkCore.Database.Command[20101]
      Executed DbCommand (7ms) [Parameters=[@__dispatchId_0='?' (Size = 4000)], CommandType='Text', CommandTimeout='120']
      SELECT TOP(1) [t].[DispId], [t].[BillID], [t].[ChallanNo], [t].[Destination], [t].[DisVid], [t].[DispatchDate], [t].[DispatchQuantity], [t].[FinalPrice], [t].[UnitPrice], [t].[VehicleNo]
      FROM [TblDispatches] AS [t]
      WHERE [t].[ChallanNo] = @__dispatchId_0
info: Microsoft.EntityFrameworkCore.Database.Command[20101]
      Executed DbCommand (4ms) [Parameters=[@__dispatchId_0='?' (Size = 4000)], CommandType='Text', CommandTimeout='120']
      SELECT TOP(1) [t].[DispId], [t].[BillID], [t].[ChallanNo], [t].[Destination], [t].[DisVid], [t].[DispatchDate], [t].[DispatchQuantity], [t].[FinalPrice], [t].[UnitPrice], [t].[VehicleNo]
      FROM [TblDispatches] AS [t]
      WHERE [t].[ChallanNo] = @__dispatchId_0
info: Microsoft.EntityFrameworkCore.Database.Command[20101]
      Executed DbCommand (3ms) [Parameters=[@__dispatchId_0='?' (Size = 4000)], CommandType='Text', CommandTimeout='120']
      SELECT TOP(1) [t].[DispId], [t].[BillID], [t].[ChallanNo], [t].[Destination], [t].[DisVid], [t].[DispatchDate], [t].[DispatchQuantity], [t].[FinalPrice], [t].[UnitPrice], [t].[VehicleNo]
      FROM [TblDispatches] AS [t]
      WHERE [t].[ChallanNo] = @__dispatchId_0
info: Microsoft.EntityFrameworkCore.Database.Command[20101]
      Executed DbCommand (3ms) [Parameters=[@__dispatchId_0='?' (Size = 4000)], CommandType='Text', CommandTimeout='120']
      SELECT TOP(1) [t].[DispId], [t].[BillID], [t].[ChallanNo], [t].[Destination], [t].[DisVid], [t].[DispatchDate], [t].[DispatchQuantity], [t].[FinalPrice], [t].[UnitPrice], [t].[VehicleNo]
      FROM [TblDispatches] AS [t]
      WHERE [t].[ChallanNo] = @__dispatchId_0
info: Microsoft.EntityFrameworkCore.Database.Command[20101]
      Executed DbCommand (6ms) [Parameters=[@__dispatchId_0='?' (Size = 4000)], CommandType='Text', CommandTimeout='120']
      SELECT TOP(1) [t].[DispId], [t].[BillID], [t].[ChallanNo], [t].[Destination], [t].[DisVid], [t].[DispatchDate], [t].[DispatchQuantity], [t].[FinalPrice], [t].[UnitPrice], [t].[VehicleNo]
      FROM [TblDispatches] AS [t]
      WHERE [t].[ChallanNo] = @__dispatchId_0
info: Microsoft.EntityFrameworkCore.Database.Command[20101]
      Executed DbCommand (4ms) [Parameters=[@__dispatchId_0='?' (Size = 4000)], CommandType='Text', CommandTimeout='120']
      SELECT TOP(1) [t].[DispId], [t].[BillID], [t].[ChallanNo], [t].[Destination], [t].[DisVid], [t].[DispatchDate], [t].[DispatchQuantity], [t].[FinalPrice], [t].[UnitPrice], [t].[VehicleNo]
      FROM [TblDispatches] AS [t]
      WHERE [t].[ChallanNo] = @__dispatchId_0
info: Microsoft.EntityFrameworkCore.Database.Command[20101]
      Executed DbCommand (3ms) [Parameters=[@__dispatchId_0='?' (Size = 4000)], CommandType='Text', CommandTimeout='120']
      SELECT TOP(1) [t].[DispId], [t].[BillID], [t].[ChallanNo], [t].[Destination], [t].[DisVid], [t].[DispatchDate], [t].[DispatchQuantity], [t].[FinalPrice], [t].[UnitPrice], [t].[VehicleNo]
      FROM [TblDispatches] AS [t]
      WHERE [t].[ChallanNo] = @__dispatchId_0
info: Microsoft.EntityFrameworkCore.Database.Command[20101]
      Executed DbCommand (20ms) [Parameters=[@p9='?' (DbType = Int32), @p0='?' (DbType = Int32), @p1='?' (Size = 4000), @p2='?' (Size = 4000), @p3='?' (DbType = Int32), @p4='?' (DbType = DateTime2), @p5='?' (DbType = Double), @p6='?' (DbType = Double), @p7='?' (DbType = Double), @p8='?' (Size = 4000), @p19='?' (DbType = Int32), @p10='?' (DbType = Int32), @p11='?' (Size = 4000), @p12='?' (Size = 4000), @p13='?' (DbType = Int32), @p14='?' (DbType = DateTime2), @p15='?' (DbType = Double), @p16='?' (DbType = Double), @p17='?' (DbType = Double), @p18='?' (Size = 4000), @p29='?' (DbType = Int32), @p20='?' (DbType = Int32), @p21='?' (Size = 4000), @p22='?' (Size = 4000), @p23='?' (DbType = Int32), @p24='?' (DbType = DateTime2), @p25='?' (DbType = Double), @p26='?' (DbType = Double), @p27='?' (DbType = Double), @p28='?' (Size = 4000), @p39='?' (DbType = Int32), @p30='?' (DbType = Int32), @p31='?' (Size = 4000), @p32='?' (Size = 4000), @p33='?' (DbType = Int32), @p34='?' (DbType = DateTime2), @p35='?' (DbType = Double), @p36='?' (DbType = Double), @p37='?' (DbType = Double), @p38='?' (Size = 4000), @p49='?' (DbType = Int32), @p40='?' (DbType = Int32), @p41='?' (Size = 4000), @p42='?' (Size = 4000), @p43='?' (DbType = Int32), @p44='?' (DbType = DateTime2), @p45='?' (DbType = Double), @p46='?' (DbType = Double), @p47='?' (DbType = Double), @p48='?' (Size = 4000), @p59='?' (DbType = Int32), @p50='?' (DbType = Int32), @p51='?' (Size = 4000), @p52='?' (Size = 4000), @p53='?' (DbType = Int32), @p54='?' (DbType = DateTime2), @p55='?' (DbType = Double), @p56='?' (DbType = Double), @p57='?' (DbType = Double), @p58='?' (Size = 4000), @p69='?' (DbType = Int32), @p60='?' (DbType = Int32), @p61='?' (Size = 4000), @p62='?' (Size = 4000), @p63='?' (DbType = Int32), @p64='?' (DbType = DateTime2), @p65='?' (DbType = Double), @p66='?' (DbType = Double), @p67='?' (DbType = Double), @p68='?' (Size = 4000), @p79='?' (DbType = Int32), @p70='?' (DbType = Int32), @p71='?' (Size = 4000), @p72='?' (Size = 4000), @p73='?' (DbType = Int32), @p74='?' (DbType = DateTime2), @p75='?' (DbType = Double), @p76='?' (DbType = Double), @p77='?' (DbType = Double), @p78='?' (Size = 4000)], CommandType='Text', CommandTimeout='120']
      SET NOCOUNT ON;
      UPDATE [TblDispatches] SET [BillID] = @p0, [ChallanNo] = @p1, [Destination] = @p2, [DisVid] = @p3, [DispatchDate] = @p4, [DispatchQuantity] = @p5, [FinalPrice] = @p6, [UnitPrice] = @p7, [VehicleNo] = @p8
      WHERE [DispId] = @p9;
      SELECT @@ROWCOUNT;
      
      UPDATE [TblDispatches] SET [BillID] = @p10, [ChallanNo] = @p11, [Destination] = @p12, [DisVid] = @p13, [DispatchDate] = @p14, [DispatchQuantity] = @p15, [FinalPrice] = @p16, [UnitPrice] = @p17, [VehicleNo] = @p18
      WHERE [DispId] = @p19;
      SELECT @@ROWCOUNT;
      
      UPDATE [TblDispatches] SET [BillID] = @p20, [ChallanNo] = @p21, [Destination] = @p22, [DisVid] = @p23, [DispatchDate] = @p24, [DispatchQuantity] = @p25, [FinalPrice] = @p26, [UnitPrice] = @p27, [VehicleNo] = @p28
      WHERE [DispId] = @p29;
      SELECT @@ROWCOUNT;
      
      UPDATE [TblDispatches] SET [BillID] = @p30, [ChallanNo] = @p31, [Destination] = @p32, [DisVid] = @p33, [DispatchDate] = @p34, [DispatchQuantity] = @p35, [FinalPrice] = @p36, [UnitPrice] = @p37, [VehicleNo] = @p38
      WHERE [DispId] = @p39;
      SELECT @@ROWCOUNT;
      
      UPDATE [TblDispatches] SET [BillID] = @p40, [ChallanNo] = @p41, [Destination] = @p42, [DisVid] = @p43, [DispatchDate] = @p44, [DispatchQuantity] = @p45, [FinalPrice] = @p46, [UnitPrice] = @p47, [VehicleNo] = @p48
      WHERE [DispId] = @p49;
      SELECT @@ROWCOUNT;
      
      UPDATE [TblDispatches] SET [BillID] = @p50, [ChallanNo] = @p51, [Destination] = @p52, [DisVid] = @p53, [DispatchDate] = @p54, [DispatchQuantity] = @p55, [FinalPrice] = @p56, [UnitPrice] = @p57, [VehicleNo] = @p58
      WHERE [DispId] = @p59;
      SELECT @@ROWCOUNT;
      
      UPDATE [TblDispatches] SET [BillID] = @p60, [ChallanNo] = @p61, [Destination] = @p62, [DisVid] = @p63, [DispatchDate] = @p64, [DispatchQuantity] = @p65, [FinalPrice] = @p66, [UnitPrice] = @p67, [VehicleNo] = @p68
      WHERE [DispId] = @p69;
      SELECT @@ROWCOUNT;
      
      UPDATE [TblDispatches] SET [BillID] = @p70, [ChallanNo] = @p71, [Destination] = @p72, [DisVid] = @p73, [DispatchDate] = @p74, [DispatchQuantity] = @p75, [FinalPrice] = @p76, [UnitPrice] = @p77, [VehicleNo] = @p78
      WHERE [DispId] = @p79;
      SELECT @@ROWCOUNT;
info: Microsoft.EntityFrameworkCore.Infrastructure[10403]
      Entity Framework Core 6.0.21 initialized 'TransportMgmtContext' using provider 'Microsoft.EntityFrameworkCore.SqlServer:6.0.21' with options: CommandTimeout=120 
info: Microsoft.EntityFrameworkCore.Database.Command[20101]
      Executed DbCommand (3ms) [Parameters=[], CommandType='Text', CommandTimeout='120']
      SELECT [t].[FID], [t].[Address], [t].[Code], [t].[CreatedBy], [t].[CreatedOn], [t].[FactoryName], [t].[Gstin], [t].[IsActive], [t].[ModifiedBy], [t].[ModifiedOn]
      FROM [TblFactories] AS [t]
info: Microsoft.EntityFrameworkCore.Database.Command[20101]
      Executed DbCommand (2ms) [Parameters=[], CommandType='Text', CommandTimeout='120']
      SELECT [t].[FID], [t].[Address], [t].[Code], [t].[CreatedBy], [t].[CreatedOn], [t].[FactoryName], [t].[Gstin], [t].[IsActive], [t].[ModifiedBy], [t].[ModifiedOn]
      FROM [TblFactories] AS [t]
info: Microsoft.EntityFrameworkCore.Database.Command[20101]
      Executed DbCommand (3ms) [Parameters=[], CommandType='Text', CommandTimeout='120']
      SELECT [t].[DispId], [t].[BillID], [t].[ChallanNo], [t].[Destination], [t].[DisVid], [t].[DispatchDate], [t].[DispatchQuantity], [t].[FinalPrice], [t].[UnitPrice], [t].[VehicleNo]
      FROM [TblDispatches] AS [t]
info: Microsoft.EntityFrameworkCore.Infrastructure[10403]
      Entity Framework Core 6.0.21 initialized 'TransportMgmtContext' using provider 'Microsoft.EntityFrameworkCore.SqlServer:6.0.21' with options: CommandTimeout=120 
info: Microsoft.EntityFrameworkCore.Database.Command[20101]
      Executed DbCommand (8ms) [Parameters=[@__dispatchId_0='?' (Size = 4000)], CommandType='Text', CommandTimeout='120']
      SELECT TOP(1) [t].[DispId], [t].[BillID], [t].[ChallanNo], [t].[Destination], [t].[DisVid], [t].[DispatchDate], [t].[DispatchQuantity], [t].[FinalPrice], [t].[UnitPrice], [t].[VehicleNo]
      FROM [TblDispatches] AS [t]
      WHERE [t].[ChallanNo] = @__dispatchId_0
info: Microsoft.EntityFrameworkCore.Database.Command[20101]
      Executed DbCommand (5ms) [Parameters=[@__dispatchId_0='?' (Size = 4000)], CommandType='Text', CommandTimeout='120']
      SELECT TOP(1) [t].[DispId], [t].[BillID], [t].[ChallanNo], [t].[Destination], [t].[DisVid], [t].[DispatchDate], [t].[DispatchQuantity], [t].[FinalPrice], [t].[UnitPrice], [t].[VehicleNo]
      FROM [TblDispatches] AS [t]
      WHERE [t].[ChallanNo] = @__dispatchId_0
info: Microsoft.EntityFrameworkCore.Database.Command[20101]
      Executed DbCommand (3ms) [Parameters=[@__billNumber_0='?' (Size = 4000)], CommandType='Text', CommandTimeout='120']
      SELECT TOP(1) [b].[BillID], [b].[ActualAmount], [b].[BillDate], [b].[BillNum], [b].[BillType], [b].[FID], [b].[Gst], [b].[GstDate], [b].[PId], [b].[PaymentReceived], [b].[PaymentTablePId], [b].[Tds]
      FROM [BillTables] AS [b]
      WHERE [b].[BillNum] = @__billNumber_0
info: Microsoft.EntityFrameworkCore.Database.Command[20101]
      Executed DbCommand (5ms) [Parameters=[@p0='?' (DbType = Double), @p1='?' (DbType = DateTime2), @p2='?' (Size = 4000), @p3='?' (Size = 4000), @p4='?' (DbType = Int32), @p5='?' (DbType = Double), @p6='?' (DbType = DateTime2), @p7='?' (DbType = Int32), @p8='?' (DbType = Double), @p9='?' (DbType = Int32), @p10='?' (DbType = Double)], CommandType='Text', CommandTimeout='120']
      SET NOCOUNT ON;
      INSERT INTO [BillTables] ([ActualAmount], [BillDate], [BillNum], [BillType], [FID], [Gst], [GstDate], [PId], [PaymentReceived], [PaymentTablePId], [Tds])
      VALUES (@p0, @p1, @p2, @p3, @p4, @p5, @p6, @p7, @p8, @p9, @p10);
      SELECT [BillID]
      FROM [BillTables]
      WHERE @@ROWCOUNT = 1 AND [BillID] = scope_identity();
info: Microsoft.EntityFrameworkCore.Database.Command[20101]
      Executed DbCommand (6ms) [Parameters=[@p2='?' (DbType = Int32), @p0='?' (DbType = Double), @p1='?' (DbType = Double)], CommandType='Text', CommandTimeout='120']
      SET NOCOUNT ON;
      UPDATE [TblDispatches] SET [FinalPrice] = @p0, [UnitPrice] = @p1
      WHERE [DispId] = @p2;
      SELECT @@ROWCOUNT;
info: Microsoft.EntityFrameworkCore.Database.Command[20101]
      Executed DbCommand (11ms) [Parameters=[@__dispatchId_0='?' (Size = 4000)], CommandType='Text', CommandTimeout='120']
      SELECT TOP(1) [t].[DispId], [t].[BillID], [t].[ChallanNo], [t].[Destination], [t].[DisVid], [t].[DispatchDate], [t].[DispatchQuantity], [t].[FinalPrice], [t].[UnitPrice], [t].[VehicleNo]
      FROM [TblDispatches] AS [t]
      WHERE [t].[ChallanNo] = @__dispatchId_0
info: Microsoft.EntityFrameworkCore.Database.Command[20101]
      Executed DbCommand (5ms) [Parameters=[@__dispatchId_0='?' (Size = 4000)], CommandType='Text', CommandTimeout='120']
      SELECT TOP(1) [t].[DispId], [t].[BillID], [t].[ChallanNo], [t].[Destination], [t].[DisVid], [t].[DispatchDate], [t].[DispatchQuantity], [t].[FinalPrice], [t].[UnitPrice], [t].[VehicleNo]
      FROM [TblDispatches] AS [t]
      WHERE [t].[ChallanNo] = @__dispatchId_0
info: Microsoft.EntityFrameworkCore.Database.Command[20101]
      Executed DbCommand (3ms) [Parameters=[@__dispatchId_0='?' (Size = 4000)], CommandType='Text', CommandTimeout='120']
      SELECT TOP(1) [t].[DispId], [t].[BillID], [t].[ChallanNo], [t].[Destination], [t].[DisVid], [t].[DispatchDate], [t].[DispatchQuantity], [t].[FinalPrice], [t].[UnitPrice], [t].[VehicleNo]
      FROM [TblDispatches] AS [t]
      WHERE [t].[ChallanNo] = @__dispatchId_0
info: Microsoft.EntityFrameworkCore.Database.Command[20101]
      Executed DbCommand (4ms) [Parameters=[@__dispatchId_0='?' (Size = 4000)], CommandType='Text', CommandTimeout='120']
      SELECT TOP(1) [t].[DispId], [t].[BillID], [t].[ChallanNo], [t].[Destination], [t].[DisVid], [t].[DispatchDate], [t].[DispatchQuantity], [t].[FinalPrice], [t].[UnitPrice], [t].[VehicleNo]
      FROM [TblDispatches] AS [t]
      WHERE [t].[ChallanNo] = @__dispatchId_0
info: Microsoft.EntityFrameworkCore.Database.Command[20101]
      Executed DbCommand (4ms) [Parameters=[@__dispatchId_0='?' (Size = 4000)], CommandType='Text', CommandTimeout='120']
      SELECT TOP(1) [t].[DispId], [t].[BillID], [t].[ChallanNo], [t].[Destination], [t].[DisVid], [t].[DispatchDate], [t].[DispatchQuantity], [t].[FinalPrice], [t].[UnitPrice], [t].[VehicleNo]
      FROM [TblDispatches] AS [t]
      WHERE [t].[ChallanNo] = @__dispatchId_0
info: Microsoft.EntityFrameworkCore.Database.Command[20101]
      Executed DbCommand (3ms) [Parameters=[@__dispatchId_0='?' (Size = 4000)], CommandType='Text', CommandTimeout='120']
      SELECT TOP(1) [t].[DispId], [t].[BillID], [t].[ChallanNo], [t].[Destination], [t].[DisVid], [t].[DispatchDate], [t].[DispatchQuantity], [t].[FinalPrice], [t].[UnitPrice], [t].[VehicleNo]
      FROM [TblDispatches] AS [t]
      WHERE [t].[ChallanNo] = @__dispatchId_0
info: Microsoft.EntityFrameworkCore.Database.Command[20101]
      Executed DbCommand (3ms) [Parameters=[@__dispatchId_0='?' (Size = 4000)], CommandType='Text', CommandTimeout='120']
      SELECT TOP(1) [t].[DispId], [t].[BillID], [t].[ChallanNo], [t].[Destination], [t].[DisVid], [t].[DispatchDate], [t].[DispatchQuantity], [t].[FinalPrice], [t].[UnitPrice], [t].[VehicleNo]
      FROM [TblDispatches] AS [t]
      WHERE [t].[ChallanNo] = @__dispatchId_0
info: Microsoft.EntityFrameworkCore.Database.Command[20101]
      Executed DbCommand (4ms) [Parameters=[@p9='?' (DbType = Int32), @p0='?' (DbType = Int32), @p1='?' (Size = 4000), @p2='?' (Size = 4000), @p3='?' (DbType = Int32), @p4='?' (DbType = DateTime2), @p5='?' (DbType = Double), @p6='?' (DbType = Double), @p7='?' (DbType = Double), @p8='?' (Size = 4000)], CommandType='Text', CommandTimeout='120']
      SET NOCOUNT ON;
      UPDATE [TblDispatches] SET [BillID] = @p0, [ChallanNo] = @p1, [Destination] = @p2, [DisVid] = @p3, [DispatchDate] = @p4, [DispatchQuantity] = @p5, [FinalPrice] = @p6, [UnitPrice] = @p7, [VehicleNo] = @p8
      WHERE [DispId] = @p9;
      SELECT @@ROWCOUNT;
info: Microsoft.EntityFrameworkCore.Infrastructure[10403]
      Entity Framework Core 6.0.21 initialized 'TransportMgmtContext' using provider 'Microsoft.EntityFrameworkCore.SqlServer:6.0.21' with options: CommandTimeout=120 
info: Microsoft.EntityFrameworkCore.Database.Command[20101]
      Executed DbCommand (12ms) [Parameters=[], CommandType='Text', CommandTimeout='120']
      SELECT [t].[FID], [t].[Address], [t].[Code], [t].[CreatedBy], [t].[CreatedOn], [t].[FactoryName], [t].[Gstin], [t].[IsActive], [t].[ModifiedBy], [t].[ModifiedOn]
      FROM [TblFactories] AS [t]
info: Microsoft.EntityFrameworkCore.Database.Command[20101]
      Executed DbCommand (8ms) [Parameters=[], CommandType='Text', CommandTimeout='120']
      SELECT [t].[FID], [t].[Address], [t].[Code], [t].[CreatedBy], [t].[CreatedOn], [t].[FactoryName], [t].[Gstin], [t].[IsActive], [t].[ModifiedBy], [t].[ModifiedOn]
      FROM [TblFactories] AS [t]
info: Microsoft.EntityFrameworkCore.Database.Command[20101]
      Executed DbCommand (3ms) [Parameters=[], CommandType='Text', CommandTimeout='120']
      SELECT [t].[DispId], [t].[BillID], [t].[ChallanNo], [t].[Destination], [t].[DisVid], [t].[DispatchDate], [t].[DispatchQuantity], [t].[FinalPrice], [t].[UnitPrice], [t].[VehicleNo]
      FROM [TblDispatches] AS [t]
info: Microsoft.EntityFrameworkCore.Infrastructure[10403]
      Entity Framework Core 6.0.21 initialized 'TransportMgmtContext' using provider 'Microsoft.EntityFrameworkCore.SqlServer:6.0.21' with options: CommandTimeout=120 
info: Microsoft.EntityFrameworkCore.Database.Command[20101]
      Executed DbCommand (5ms) [Parameters=[@__dispatchId_0='?' (Size = 4000)], CommandType='Text', CommandTimeout='120']
      SELECT TOP(1) [t].[DispId], [t].[BillID], [t].[ChallanNo], [t].[Destination], [t].[DisVid], [t].[DispatchDate], [t].[DispatchQuantity], [t].[FinalPrice], [t].[UnitPrice], [t].[VehicleNo]
      FROM [TblDispatches] AS [t]
      WHERE [t].[ChallanNo] = @__dispatchId_0
info: Microsoft.EntityFrameworkCore.Database.Command[20101]
      Executed DbCommand (3ms) [Parameters=[@__dispatchId_0='?' (Size = 4000)], CommandType='Text', CommandTimeout='120']
      SELECT TOP(1) [t].[DispId], [t].[BillID], [t].[ChallanNo], [t].[Destination], [t].[DisVid], [t].[DispatchDate], [t].[DispatchQuantity], [t].[FinalPrice], [t].[UnitPrice], [t].[VehicleNo]
      FROM [TblDispatches] AS [t]
      WHERE [t].[ChallanNo] = @__dispatchId_0
info: Microsoft.EntityFrameworkCore.Database.Command[20101]
      Executed DbCommand (4ms) [Parameters=[@__billNumber_0='?' (Size = 4000)], CommandType='Text', CommandTimeout='120']
      SELECT TOP(1) [b].[BillID], [b].[ActualAmount], [b].[BillDate], [b].[BillNum], [b].[BillType], [b].[FID], [b].[Gst], [b].[GstDate], [b].[PId], [b].[PaymentReceived], [b].[PaymentTablePId], [b].[Tds]
      FROM [BillTables] AS [b]
      WHERE [b].[BillNum] = @__billNumber_0
info: Microsoft.EntityFrameworkCore.Database.Command[20101]
      Executed DbCommand (4ms) [Parameters=[@p0='?' (DbType = Double), @p1='?' (DbType = DateTime2), @p2='?' (Size = 4000), @p3='?' (Size = 4000), @p4='?' (DbType = Int32), @p5='?' (DbType = Double), @p6='?' (DbType = DateTime2), @p7='?' (DbType = Int32), @p8='?' (DbType = Double), @p9='?' (DbType = Int32), @p10='?' (DbType = Double)], CommandType='Text', CommandTimeout='120']
      SET NOCOUNT ON;
      INSERT INTO [BillTables] ([ActualAmount], [BillDate], [BillNum], [BillType], [FID], [Gst], [GstDate], [PId], [PaymentReceived], [PaymentTablePId], [Tds])
      VALUES (@p0, @p1, @p2, @p3, @p4, @p5, @p6, @p7, @p8, @p9, @p10);
      SELECT [BillID]
      FROM [BillTables]
      WHERE @@ROWCOUNT = 1 AND [BillID] = scope_identity();
info: Microsoft.EntityFrameworkCore.Database.Command[20101]
      Executed DbCommand (3ms) [Parameters=[@p2='?' (DbType = Int32), @p0='?' (DbType = Double), @p1='?' (DbType = Double)], CommandType='Text', CommandTimeout='120']
      SET NOCOUNT ON;
      UPDATE [TblDispatches] SET [FinalPrice] = @p0, [UnitPrice] = @p1
      WHERE [DispId] = @p2;
      SELECT @@ROWCOUNT;
info: Microsoft.EntityFrameworkCore.Database.Command[20101]
      Executed DbCommand (3ms) [Parameters=[@__dispatchId_0='?' (Size = 4000)], CommandType='Text', CommandTimeout='120']
      SELECT TOP(1) [t].[DispId], [t].[BillID], [t].[ChallanNo], [t].[Destination], [t].[DisVid], [t].[DispatchDate], [t].[DispatchQuantity], [t].[FinalPrice], [t].[UnitPrice], [t].[VehicleNo]
      FROM [TblDispatches] AS [t]
      WHERE [t].[ChallanNo] = @__dispatchId_0
info: Microsoft.EntityFrameworkCore.Database.Command[20101]
      Executed DbCommand (5ms) [Parameters=[@__dispatchId_0='?' (Size = 4000)], CommandType='Text', CommandTimeout='120']
      SELECT TOP(1) [t].[DispId], [t].[BillID], [t].[ChallanNo], [t].[Destination], [t].[DisVid], [t].[DispatchDate], [t].[DispatchQuantity], [t].[FinalPrice], [t].[UnitPrice], [t].[VehicleNo]
      FROM [TblDispatches] AS [t]
      WHERE [t].[ChallanNo] = @__dispatchId_0
info: Microsoft.EntityFrameworkCore.Database.Command[20101]
      Executed DbCommand (5ms) [Parameters=[@__dispatchId_0='?' (Size = 4000)], CommandType='Text', CommandTimeout='120']
      SELECT TOP(1) [t].[DispId], [t].[BillID], [t].[ChallanNo], [t].[Destination], [t].[DisVid], [t].[DispatchDate], [t].[DispatchQuantity], [t].[FinalPrice], [t].[UnitPrice], [t].[VehicleNo]
      FROM [TblDispatches] AS [t]
      WHERE [t].[ChallanNo] = @__dispatchId_0
info: Microsoft.EntityFrameworkCore.Database.Command[20101]
      Executed DbCommand (4ms) [Parameters=[@__dispatchId_0='?' (Size = 4000)], CommandType='Text', CommandTimeout='120']
      SELECT TOP(1) [t].[DispId], [t].[BillID], [t].[ChallanNo], [t].[Destination], [t].[DisVid], [t].[DispatchDate], [t].[DispatchQuantity], [t].[FinalPrice], [t].[UnitPrice], [t].[VehicleNo]
      FROM [TblDispatches] AS [t]
      WHERE [t].[ChallanNo] = @__dispatchId_0
info: Microsoft.EntityFrameworkCore.Database.Command[20101]
      Executed DbCommand (4ms) [Parameters=[@__dispatchId_0='?' (Size = 4000)], CommandType='Text', CommandTimeout='120']
      SELECT TOP(1) [t].[DispId], [t].[BillID], [t].[ChallanNo], [t].[Destination], [t].[DisVid], [t].[DispatchDate], [t].[DispatchQuantity], [t].[FinalPrice], [t].[UnitPrice], [t].[VehicleNo]
      FROM [TblDispatches] AS [t]
      WHERE [t].[ChallanNo] = @__dispatchId_0
info: Microsoft.EntityFrameworkCore.Database.Command[20101]
      Executed DbCommand (3ms) [Parameters=[@__dispatchId_0='?' (Size = 4000)], CommandType='Text', CommandTimeout='120']
      SELECT TOP(1) [t].[DispId], [t].[BillID], [t].[ChallanNo], [t].[Destination], [t].[DisVid], [t].[DispatchDate], [t].[DispatchQuantity], [t].[FinalPrice], [t].[UnitPrice], [t].[VehicleNo]
      FROM [TblDispatches] AS [t]
      WHERE [t].[ChallanNo] = @__dispatchId_0
info: Microsoft.EntityFrameworkCore.Database.Command[20101]
      Executed DbCommand (5ms) [Parameters=[@__dispatchId_0='?' (Size = 4000)], CommandType='Text', CommandTimeout='120']
      SELECT TOP(1) [t].[DispId], [t].[BillID], [t].[ChallanNo], [t].[Destination], [t].[DisVid], [t].[DispatchDate], [t].[DispatchQuantity], [t].[FinalPrice], [t].[UnitPrice], [t].[VehicleNo]
      FROM [TblDispatches] AS [t]
      WHERE [t].[ChallanNo] = @__dispatchId_0
info: Microsoft.EntityFrameworkCore.Database.Command[20101]
      Executed DbCommand (3ms) [Parameters=[@p9='?' (DbType = Int32), @p0='?' (DbType = Int32), @p1='?' (Size = 4000), @p2='?' (Size = 4000), @p3='?' (DbType = Int32), @p4='?' (DbType = DateTime2), @p5='?' (DbType = Double), @p6='?' (DbType = Double), @p7='?' (DbType = Double), @p8='?' (Size = 4000)], CommandType='Text', CommandTimeout='120']
      SET NOCOUNT ON;
      UPDATE [TblDispatches] SET [BillID] = @p0, [ChallanNo] = @p1, [Destination] = @p2, [DisVid] = @p3, [DispatchDate] = @p4, [DispatchQuantity] = @p5, [FinalPrice] = @p6, [UnitPrice] = @p7, [VehicleNo] = @p8
      WHERE [DispId] = @p9;
      SELECT @@ROWCOUNT;
info: Microsoft.EntityFrameworkCore.Infrastructure[10403]
      Entity Framework Core 6.0.21 initialized 'TransportMgmtContext' using provider 'Microsoft.EntityFrameworkCore.SqlServer:6.0.21' with options: CommandTimeout=120 
info: Microsoft.EntityFrameworkCore.Database.Command[20101]
      Executed DbCommand (2ms) [Parameters=[], CommandType='Text', CommandTimeout='120']
      SELECT [t].[FID], [t].[Address], [t].[Code], [t].[CreatedBy], [t].[CreatedOn], [t].[FactoryName], [t].[Gstin], [t].[IsActive], [t].[ModifiedBy], [t].[ModifiedOn]
      FROM [TblFactories] AS [t]
info: Microsoft.EntityFrameworkCore.Database.Command[20101]
      Executed DbCommand (1ms) [Parameters=[], CommandType='Text', CommandTimeout='120']
      SELECT [t].[FID], [t].[Address], [t].[Code], [t].[CreatedBy], [t].[CreatedOn], [t].[FactoryName], [t].[Gstin], [t].[IsActive], [t].[ModifiedBy], [t].[ModifiedOn]
      FROM [TblFactories] AS [t]
info: Microsoft.EntityFrameworkCore.Database.Command[20101]
      Executed DbCommand (2ms) [Parameters=[], CommandType='Text', CommandTimeout='120']
      SELECT [t].[DispId], [t].[BillID], [t].[ChallanNo], [t].[Destination], [t].[DisVid], [t].[DispatchDate], [t].[DispatchQuantity], [t].[FinalPrice], [t].[UnitPrice], [t].[VehicleNo]
      FROM [TblDispatches] AS [t]
info: Microsoft.EntityFrameworkCore.Infrastructure[10403]
      Entity Framework Core 6.0.21 initialized 'TransportMgmtContext' using provider 'Microsoft.EntityFrameworkCore.SqlServer:6.0.21' with options: CommandTimeout=120 
info: Microsoft.EntityFrameworkCore.Database.Command[20101]
      Executed DbCommand (5ms) [Parameters=[], CommandType='Text', CommandTimeout='120']
      SELECT [t].[FID], [t].[Address], [t].[Code], [t].[CreatedBy], [t].[CreatedOn], [t].[FactoryName], [t].[Gstin], [t].[IsActive], [t].[ModifiedBy], [t].[ModifiedOn]
      FROM [TblFactories] AS [t]
info: Microsoft.EntityFrameworkCore.Database.Command[20101]
      Executed DbCommand (5ms) [Parameters=[], CommandType='Text', CommandTimeout='120']
      SELECT [t].[FID], [t].[Address], [t].[Code], [t].[CreatedBy], [t].[CreatedOn], [t].[FactoryName], [t].[Gstin], [t].[IsActive], [t].[ModifiedBy], [t].[ModifiedOn]
      FROM [TblFactories] AS [t]
info: Microsoft.EntityFrameworkCore.Database.Command[20101]
      Executed DbCommand (3ms) [Parameters=[], CommandType='Text', CommandTimeout='120']
      SELECT [t].[DispId], [t].[BillID], [t].[ChallanNo], [t].[Destination], [t].[DisVid], [t].[DispatchDate], [t].[DispatchQuantity], [t].[FinalPrice], [t].[UnitPrice], [t].[VehicleNo]
      FROM [TblDispatches] AS [t]
info: Microsoft.EntityFrameworkCore.Infrastructure[10403]
      Entity Framework Core 6.0.21 initialized 'TransportMgmtContext' using provider 'Microsoft.EntityFrameworkCore.SqlServer:6.0.21' with options: CommandTimeout=120 
info: Microsoft.EntityFrameworkCore.Database.Command[20101]
      Executed DbCommand (7ms) [Parameters=[@__cell1_0='?' (Size = 4000)], CommandType='Text', CommandTimeout='120']
      SELECT TOP(1) [t].[DispId], [t].[BillID], [t].[ChallanNo], [t].[Destination], [t].[DisVid], [t].[DispatchDate], [t].[DispatchQuantity], [t].[FinalPrice], [t].[UnitPrice], [t].[VehicleNo]
      FROM [TblDispatches] AS [t]
      WHERE [t].[ChallanNo] = @__cell1_0
info: Microsoft.EntityFrameworkCore.Database.Command[20101]
      Executed DbCommand (5ms) [Parameters=[@__cell1_0='?' (Size = 4000)], CommandType='Text', CommandTimeout='120']
      SELECT TOP(1) [t].[DispId], [t].[BillID], [t].[ChallanNo], [t].[Destination], [t].[DisVid], [t].[DispatchDate], [t].[DispatchQuantity], [t].[FinalPrice], [t].[UnitPrice], [t].[VehicleNo]
      FROM [TblDispatches] AS [t]
      WHERE [t].[ChallanNo] = @__cell1_0
info: Microsoft.EntityFrameworkCore.Database.Command[20101]
      Executed DbCommand (4ms) [Parameters=[@__cell1_0='?' (Size = 4000)], CommandType='Text', CommandTimeout='120']
      SELECT TOP(1) [t].[DispId], [t].[BillID], [t].[ChallanNo], [t].[Destination], [t].[DisVid], [t].[DispatchDate], [t].[DispatchQuantity], [t].[FinalPrice], [t].[UnitPrice], [t].[VehicleNo]
      FROM [TblDispatches] AS [t]
      WHERE [t].[ChallanNo] = @__cell1_0
info: Microsoft.EntityFrameworkCore.Database.Command[20101]
      Executed DbCommand (4ms) [Parameters=[@__cell1_0='?' (Size = 4000)], CommandType='Text', CommandTimeout='120']
      SELECT TOP(1) [t].[DispId], [t].[BillID], [t].[ChallanNo], [t].[Destination], [t].[DisVid], [t].[DispatchDate], [t].[DispatchQuantity], [t].[FinalPrice], [t].[UnitPrice], [t].[VehicleNo]
      FROM [TblDispatches] AS [t]
      WHERE [t].[ChallanNo] = @__cell1_0
info: Microsoft.EntityFrameworkCore.Database.Command[20101]
      Executed DbCommand (3ms) [Parameters=[@__cell1_0='?' (Size = 4000)], CommandType='Text', CommandTimeout='120']
      SELECT TOP(1) [t].[DispId], [t].[BillID], [t].[ChallanNo], [t].[Destination], [t].[DisVid], [t].[DispatchDate], [t].[DispatchQuantity], [t].[FinalPrice], [t].[UnitPrice], [t].[VehicleNo]
      FROM [TblDispatches] AS [t]
      WHERE [t].[ChallanNo] = @__cell1_0
info: Microsoft.EntityFrameworkCore.Database.Command[20101]
      Executed DbCommand (4ms) [Parameters=[@__cell1_0='?' (Size = 4000)], CommandType='Text', CommandTimeout='120']
      SELECT TOP(1) [t].[DispId], [t].[BillID], [t].[ChallanNo], [t].[Destination], [t].[DisVid], [t].[DispatchDate], [t].[DispatchQuantity], [t].[FinalPrice], [t].[UnitPrice], [t].[VehicleNo]
      FROM [TblDispatches] AS [t]
      WHERE [t].[ChallanNo] = @__cell1_0
info: Microsoft.EntityFrameworkCore.Database.Command[20101]
      Executed DbCommand (6ms) [Parameters=[@__cell1_0='?' (Size = 4000)], CommandType='Text', CommandTimeout='120']
      SELECT TOP(1) [t].[DispId], [t].[BillID], [t].[ChallanNo], [t].[Destination], [t].[DisVid], [t].[DispatchDate], [t].[DispatchQuantity], [t].[FinalPrice], [t].[UnitPrice], [t].[VehicleNo]
      FROM [TblDispatches] AS [t]
      WHERE [t].[ChallanNo] = @__cell1_0
info: Microsoft.EntityFrameworkCore.Database.Command[20101]
      Executed DbCommand (6ms) [Parameters=[@__cell1_0='?' (Size = 4000)], CommandType='Text', CommandTimeout='120']
      SELECT TOP(1) [t].[DispId], [t].[BillID], [t].[ChallanNo], [t].[Destination], [t].[DisVid], [t].[DispatchDate], [t].[DispatchQuantity], [t].[FinalPrice], [t].[UnitPrice], [t].[VehicleNo]
      FROM [TblDispatches] AS [t]
      WHERE [t].[ChallanNo] = @__cell1_0
info: Microsoft.EntityFrameworkCore.Database.Command[20101]
      Executed DbCommand (5ms) [Parameters=[@__cell1_0='?' (Size = 4000)], CommandType='Text', CommandTimeout='120']
      SELECT TOP(1) [t].[DispId], [t].[BillID], [t].[ChallanNo], [t].[Destination], [t].[DisVid], [t].[DispatchDate], [t].[DispatchQuantity], [t].[FinalPrice], [t].[UnitPrice], [t].[VehicleNo]
      FROM [TblDispatches] AS [t]
      WHERE [t].[ChallanNo] = @__cell1_0
info: Microsoft.EntityFrameworkCore.Database.Command[20101]
      Executed DbCommand (6ms) [Parameters=[@__cell1_0='?' (Size = 4000)], CommandType='Text', CommandTimeout='120']
      SELECT TOP(1) [t].[DispId], [t].[BillID], [t].[ChallanNo], [t].[Destination], [t].[DisVid], [t].[DispatchDate], [t].[DispatchQuantity], [t].[FinalPrice], [t].[UnitPrice], [t].[VehicleNo]
      FROM [TblDispatches] AS [t]
      WHERE [t].[ChallanNo] = @__cell1_0
info: Microsoft.EntityFrameworkCore.Database.Command[20101]
      Executed DbCommand (3ms) [Parameters=[@__cell1_0='?' (Size = 4000)], CommandType='Text', CommandTimeout='120']
      SELECT TOP(1) [t].[DispId], [t].[BillID], [t].[ChallanNo], [t].[Destination], [t].[DisVid], [t].[DispatchDate], [t].[DispatchQuantity], [t].[FinalPrice], [t].[UnitPrice], [t].[VehicleNo]
      FROM [TblDispatches] AS [t]
      WHERE [t].[ChallanNo] = @__cell1_0
info: Microsoft.EntityFrameworkCore.Database.Command[20101]
      Executed DbCommand (3ms) [Parameters=[@__cell1_0='?' (Size = 4000)], CommandType='Text', CommandTimeout='120']
      SELECT TOP(1) [t].[DispId], [t].[BillID], [t].[ChallanNo], [t].[Destination], [t].[DisVid], [t].[DispatchDate], [t].[DispatchQuantity], [t].[FinalPrice], [t].[UnitPrice], [t].[VehicleNo]
      FROM [TblDispatches] AS [t]
      WHERE [t].[ChallanNo] = @__cell1_0
info: Microsoft.EntityFrameworkCore.Database.Command[20101]
      Executed DbCommand (3ms) [Parameters=[@__cell1_0='?' (Size = 4000)], CommandType='Text', CommandTimeout='120']
      SELECT TOP(1) [t].[DispId], [t].[BillID], [t].[ChallanNo], [t].[Destination], [t].[DisVid], [t].[DispatchDate], [t].[DispatchQuantity], [t].[FinalPrice], [t].[UnitPrice], [t].[VehicleNo]
      FROM [TblDispatches] AS [t]
      WHERE [t].[ChallanNo] = @__cell1_0
info: Microsoft.EntityFrameworkCore.Database.Command[20101]
      Executed DbCommand (5ms) [Parameters=[@__cell1_0='?' (Size = 4000)], CommandType='Text', CommandTimeout='120']
      SELECT TOP(1) [t].[DispId], [t].[BillID], [t].[ChallanNo], [t].[Destination], [t].[DisVid], [t].[DispatchDate], [t].[DispatchQuantity], [t].[FinalPrice], [t].[UnitPrice], [t].[VehicleNo]
      FROM [TblDispatches] AS [t]
      WHERE [t].[ChallanNo] = @__cell1_0
info: Microsoft.EntityFrameworkCore.Database.Command[20101]
      Executed DbCommand (3ms) [Parameters=[@__cell1_0='?' (Size = 4000)], CommandType='Text', CommandTimeout='120']
      SELECT TOP(1) [t].[DispId], [t].[BillID], [t].[ChallanNo], [t].[Destination], [t].[DisVid], [t].[DispatchDate], [t].[DispatchQuantity], [t].[FinalPrice], [t].[UnitPrice], [t].[VehicleNo]
      FROM [TblDispatches] AS [t]
      WHERE [t].[ChallanNo] = @__cell1_0
info: Microsoft.EntityFrameworkCore.Database.Command[20101]
      Executed DbCommand (3ms) [Parameters=[@__cell1_0='?' (Size = 4000)], CommandType='Text', CommandTimeout='120']
      SELECT TOP(1) [t].[DispId], [t].[BillID], [t].[ChallanNo], [t].[Destination], [t].[DisVid], [t].[DispatchDate], [t].[DispatchQuantity], [t].[FinalPrice], [t].[UnitPrice], [t].[VehicleNo]
      FROM [TblDispatches] AS [t]
      WHERE [t].[ChallanNo] = @__cell1_0
info: Microsoft.EntityFrameworkCore.Database.Command[20101]
      Executed DbCommand (3ms) [Parameters=[@__cell1_0='?' (Size = 4000)], CommandType='Text', CommandTimeout='120']
      SELECT TOP(1) [t].[DispId], [t].[BillID], [t].[ChallanNo], [t].[Destination], [t].[DisVid], [t].[DispatchDate], [t].[DispatchQuantity], [t].[FinalPrice], [t].[UnitPrice], [t].[VehicleNo]
      FROM [TblDispatches] AS [t]
      WHERE [t].[ChallanNo] = @__cell1_0
info: Microsoft.EntityFrameworkCore.Database.Command[20101]
      Executed DbCommand (3ms) [Parameters=[@__cell1_0='?' (Size = 4000)], CommandType='Text', CommandTimeout='120']
      SELECT TOP(1) [t].[DispId], [t].[BillID], [t].[ChallanNo], [t].[Destination], [t].[DisVid], [t].[DispatchDate], [t].[DispatchQuantity], [t].[FinalPrice], [t].[UnitPrice], [t].[VehicleNo]
      FROM [TblDispatches] AS [t]
      WHERE [t].[ChallanNo] = @__cell1_0
info: Microsoft.EntityFrameworkCore.Database.Command[20101]
      Executed DbCommand (40ms) [Parameters=[@p0='?' (DbType = Int32), @p1='?' (Size = 4000), @p2='?' (Size = 4000), @p3='?' (DbType = Int32), @p4='?' (DbType = DateTime2), @p5='?' (DbType = Double), @p6='?' (DbType = Double), @p7='?' (DbType = Double), @p8='?' (Size = 4000), @p9='?' (DbType = Int32), @p10='?' (Size = 4000), @p11='?' (Size = 4000), @p12='?' (DbType = Int32), @p13='?' (DbType = DateTime2), @p14='?' (DbType = Double), @p15='?' (DbType = Double), @p16='?' (DbType = Double), @p17='?' (Size = 4000), @p18='?' (DbType = Int32), @p19='?' (Size = 4000), @p20='?' (Size = 4000), @p21='?' (DbType = Int32), @p22='?' (DbType = DateTime2), @p23='?' (DbType = Double), @p24='?' (DbType = Double), @p25='?' (DbType = Double), @p26='?' (Size = 4000), @p27='?' (DbType = Int32), @p28='?' (Size = 4000), @p29='?' (Size = 4000), @p30='?' (DbType = Int32), @p31='?' (DbType = DateTime2), @p32='?' (DbType = Double), @p33='?' (DbType = Double), @p34='?' (DbType = Double), @p35='?' (Size = 4000), @p36='?' (DbType = Int32), @p37='?' (Size = 4000), @p38='?' (Size = 4000), @p39='?' (DbType = Int32), @p40='?' (DbType = DateTime2), @p41='?' (DbType = Double), @p42='?' (DbType = Double), @p43='?' (DbType = Double), @p44='?' (Size = 4000), @p45='?' (DbType = Int32), @p46='?' (Size = 4000), @p47='?' (Size = 4000), @p48='?' (DbType = Int32), @p49='?' (DbType = DateTime2), @p50='?' (DbType = Double), @p51='?' (DbType = Double), @p52='?' (DbType = Double), @p53='?' (Size = 4000), @p54='?' (DbType = Int32), @p55='?' (Size = 4000), @p56='?' (Size = 4000), @p57='?' (DbType = Int32), @p58='?' (DbType = DateTime2), @p59='?' (DbType = Double), @p60='?' (DbType = Double), @p61='?' (DbType = Double), @p62='?' (Size = 4000), @p63='?' (DbType = Int32), @p64='?' (Size = 4000), @p65='?' (Size = 4000), @p66='?' (DbType = Int32), @p67='?' (DbType = DateTime2), @p68='?' (DbType = Double), @p69='?' (DbType = Double), @p70='?' (DbType = Double), @p71='?' (Size = 4000), @p72='?' (DbType = Int32), @p73='?' (Size = 4000), @p74='?' (Size = 4000), @p75='?' (DbType = Int32), @p76='?' (DbType = DateTime2), @p77='?' (DbType = Double), @p78='?' (DbType = Double), @p79='?' (DbType = Double), @p80='?' (Size = 4000), @p81='?' (DbType = Int32), @p82='?' (Size = 4000), @p83='?' (Size = 4000), @p84='?' (DbType = Int32), @p85='?' (DbType = DateTime2), @p86='?' (DbType = Double), @p87='?' (DbType = Double), @p88='?' (DbType = Double), @p89='?' (Size = 4000), @p90='?' (DbType = Int32), @p91='?' (Size = 4000), @p92='?' (Size = 4000), @p93='?' (DbType = Int32), @p94='?' (DbType = DateTime2), @p95='?' (DbType = Double), @p96='?' (DbType = Double), @p97='?' (DbType = Double), @p98='?' (Size = 4000), @p99='?' (DbType = Int32), @p100='?' (Size = 4000), @p101='?' (Size = 4000), @p102='?' (DbType = Int32), @p103='?' (DbType = DateTime2), @p104='?' (DbType = Double), @p105='?' (DbType = Double), @p106='?' (DbType = Double), @p107='?' (Size = 4000), @p108='?' (DbType = Int32), @p109='?' (Size = 4000), @p110='?' (Size = 4000), @p111='?' (DbType = Int32), @p112='?' (DbType = DateTime2), @p113='?' (DbType = Double), @p114='?' (DbType = Double), @p115='?' (DbType = Double), @p116='?' (Size = 4000), @p117='?' (DbType = Int32), @p118='?' (Size = 4000), @p119='?' (Size = 4000), @p120='?' (DbType = Int32), @p121='?' (DbType = DateTime2), @p122='?' (DbType = Double), @p123='?' (DbType = Double), @p124='?' (DbType = Double), @p125='?' (Size = 4000), @p126='?' (DbType = Int32), @p127='?' (Size = 4000), @p128='?' (Size = 4000), @p129='?' (DbType = Int32), @p130='?' (DbType = DateTime2), @p131='?' (DbType = Double), @p132='?' (DbType = Double), @p133='?' (DbType = Double), @p134='?' (Size = 4000), @p135='?' (DbType = Int32), @p136='?' (Size = 4000), @p137='?' (Size = 4000), @p138='?' (DbType = Int32), @p139='?' (DbType = DateTime2), @p140='?' (DbType = Double), @p141='?' (DbType = Double), @p142='?' (DbType = Double), @p143='?' (Size = 4000), @p144='?' (DbType = Int32), @p145='?' (Size = 4000), @p146='?' (Size = 4000), @p147='?' (DbType = Int32), @p148='?' (DbType = DateTime2), @p149='?' (DbType = Double), @p150='?' (DbType = Double), @p151='?' (DbType = Double), @p152='?' (Size = 4000), @p153='?' (DbType = Int32), @p154='?' (Size = 4000), @p155='?' (Size = 4000), @p156='?' (DbType = Int32), @p157='?' (DbType = DateTime2), @p158='?' (DbType = Double), @p159='?' (DbType = Double), @p160='?' (DbType = Double), @p161='?' (Size = 4000)], CommandType='Text', CommandTimeout='120']
      SET NOCOUNT ON;
      DECLARE @inserted0 TABLE ([DispId] int, [_Position] [int]);
      MERGE [TblDispatches] USING (
      VALUES (@p0, @p1, @p2, @p3, @p4, @p5, @p6, @p7, @p8, 0),
      (@p9, @p10, @p11, @p12, @p13, @p14, @p15, @p16, @p17, 1),
      (@p18, @p19, @p20, @p21, @p22, @p23, @p24, @p25, @p26, 2),
      (@p27, @p28, @p29, @p30, @p31, @p32, @p33, @p34, @p35, 3),
      (@p36, @p37, @p38, @p39, @p40, @p41, @p42, @p43, @p44, 4),
      (@p45, @p46, @p47, @p48, @p49, @p50, @p51, @p52, @p53, 5),
      (@p54, @p55, @p56, @p57, @p58, @p59, @p60, @p61, @p62, 6),
      (@p63, @p64, @p65, @p66, @p67, @p68, @p69, @p70, @p71, 7),
      (@p72, @p73, @p74, @p75, @p76, @p77, @p78, @p79, @p80, 8),
      (@p81, @p82, @p83, @p84, @p85, @p86, @p87, @p88, @p89, 9),
      (@p90, @p91, @p92, @p93, @p94, @p95, @p96, @p97, @p98, 10),
      (@p99, @p100, @p101, @p102, @p103, @p104, @p105, @p106, @p107, 11),
      (@p108, @p109, @p110, @p111, @p112, @p113, @p114, @p115, @p116, 12),
      (@p117, @p118, @p119, @p120, @p121, @p122, @p123, @p124, @p125, 13),
      (@p126, @p127, @p128, @p129, @p130, @p131, @p132, @p133, @p134, 14),
      (@p135, @p136, @p137, @p138, @p139, @p140, @p141, @p142, @p143, 15),
      (@p144, @p145, @p146, @p147, @p148, @p149, @p150, @p151, @p152, 16),
      (@p153, @p154, @p155, @p156, @p157, @p158, @p159, @p160, @p161, 17)) AS i ([BillID], [ChallanNo], [Destination], [DisVid], [DispatchDate], [DispatchQuantity], [FinalPrice], [UnitPrice], [VehicleNo], _Position) ON 1=0
      WHEN NOT MATCHED THEN
      INSERT ([BillID], [ChallanNo], [Destination], [DisVid], [DispatchDate], [DispatchQuantity], [FinalPrice], [UnitPrice], [VehicleNo])
      VALUES (i.[BillID], i.[ChallanNo], i.[Destination], i.[DisVid], i.[DispatchDate], i.[DispatchQuantity], i.[FinalPrice], i.[UnitPrice], i.[VehicleNo])
      OUTPUT INSERTED.[DispId], i._Position
      INTO @inserted0;
      
      SELECT [i].[DispId] FROM @inserted0 i
      ORDER BY [i].[_Position];
info: Microsoft.EntityFrameworkCore.Database.Command[20101]
      Executed DbCommand (2ms) [Parameters=[], CommandType='Text', CommandTimeout='120']
      SELECT [t].[FID], [t].[Address], [t].[Code], [t].[CreatedBy], [t].[CreatedOn], [t].[FactoryName], [t].[Gstin], [t].[IsActive], [t].[ModifiedBy], [t].[ModifiedOn]
      FROM [TblFactories] AS [t]
info: Microsoft.EntityFrameworkCore.Database.Command[20101]
      Executed DbCommand (4ms) [Parameters=[], CommandType='Text', CommandTimeout='120']
      SELECT [t].[DispId], [t].[BillID], [t].[ChallanNo], [t].[Destination], [t].[DisVid], [t].[DispatchDate], [t].[DispatchQuantity], [t].[FinalPrice], [t].[UnitPrice], [t].[VehicleNo]
      FROM [TblDispatches] AS [t]
info: Microsoft.EntityFrameworkCore.Infrastructure[10403]
      Entity Framework Core 6.0.21 initialized 'TransportMgmtContext' using provider 'Microsoft.EntityFrameworkCore.SqlServer:6.0.21' with options: CommandTimeout=120 
info: Microsoft.EntityFrameworkCore.Database.Command[20101]
      Executed DbCommand (2ms) [Parameters=[], CommandType='Text', CommandTimeout='120']
      SELECT [t].[FID] AS [id], [t].[FactoryName] AS [name]
      FROM [TblFactories] AS [t]
info: Microsoft.EntityFrameworkCore.Infrastructure[10403]
      Entity Framework Core 6.0.21 initialized 'TransportMgmtContext' using provider 'Microsoft.EntityFrameworkCore.SqlServer:6.0.21' with options: CommandTimeout=120 
info: Microsoft.EntityFrameworkCore.Database.Command[20101]
      Executed DbCommand (30ms) [Parameters=[p0='?' (DbType = DateTime2), p1='?' (DbType = DateTime2), p2='?' (DbType = Int32)], CommandType='Text', CommandTimeout='120']
      EXEC [dbo].[SpExpoBilldetail] @FromDate = @p0, @ToDate = @p1, @FactoryId = @p2
info: Microsoft.EntityFrameworkCore.Infrastructure[10403]
      Entity Framework Core 6.0.21 initialized 'TransportMgmtContext' using provider 'Microsoft.EntityFrameworkCore.SqlServer:6.0.21' with options: CommandTimeout=120 
info: Microsoft.EntityFrameworkCore.Database.Command[20101]
      Executed DbCommand (5ms) [Parameters=[], CommandType='Text', CommandTimeout='120']
      SELECT [t].[FID] AS [id], [t].[FactoryName] AS [name]
      FROM [TblFactories] AS [t]
info: Microsoft.EntityFrameworkCore.Infrastructure[10403]
      Entity Framework Core 6.0.21 initialized 'TransportMgmtContext' using provider 'Microsoft.EntityFrameworkCore.SqlServer:6.0.21' with options: CommandTimeout=120 
info: Microsoft.EntityFrameworkCore.Database.Command[20101]
      Executed DbCommand (2ms) [Parameters=[], CommandType='Text', CommandTimeout='120']
      SELECT [t].[FID], [t].[Address], [t].[Code], [t].[CreatedBy], [t].[CreatedOn], [t].[FactoryName], [t].[Gstin], [t].[IsActive], [t].[ModifiedBy], [t].[ModifiedOn]
      FROM [TblFactories] AS [t]
info: Microsoft.EntityFrameworkCore.Database.Command[20101]
      Executed DbCommand (1ms) [Parameters=[], CommandType='Text', CommandTimeout='120']
      SELECT [t].[FID], [t].[Address], [t].[Code], [t].[CreatedBy], [t].[CreatedOn], [t].[FactoryName], [t].[Gstin], [t].[IsActive], [t].[ModifiedBy], [t].[ModifiedOn]
      FROM [TblFactories] AS [t]
info: Microsoft.EntityFrameworkCore.Database.Command[20101]
      Executed DbCommand (7ms) [Parameters=[], CommandType='Text', CommandTimeout='120']
      SELECT [b].[BillID], [b].[ActualAmount], [b].[BillDate], [b].[BillNum], [b].[BillType], [b].[FID], [b].[Gst], [b].[GstDate], [b].[PId], [b].[PaymentReceived], [b].[PaymentTablePId], [b].[Tds]
      FROM [BillTables] AS [b]
info: Microsoft.EntityFrameworkCore.Infrastructure[10403]
      Entity Framework Core 6.0.21 initialized 'TransportMgmtContext' using provider 'Microsoft.EntityFrameworkCore.SqlServer:6.0.21' with options: CommandTimeout=120 
info: Microsoft.EntityFrameworkCore.Database.Command[20101]
      Executed DbCommand (3ms) [Parameters=[@__billNumber_0='?' (Size = 4000)], CommandType='Text', CommandTimeout='120']
      SELECT TOP(1) [b].[BillID], [b].[ActualAmount], [b].[BillDate], [b].[BillNum], [b].[BillType], [b].[FID], [b].[Gst], [b].[GstDate], [b].[PId], [b].[PaymentReceived], [b].[PaymentTablePId], [b].[Tds]
      FROM [BillTables] AS [b]
      WHERE [b].[BillNum] = @__billNumber_0
info: Microsoft.EntityFrameworkCore.Database.Command[20101]
      Executed DbCommand (2ms) [Parameters=[@__billNumber_0='?' (Size = 4000)], CommandType='Text', CommandTimeout='120']
      SELECT TOP(1) [b].[BillID], [b].[ActualAmount], [b].[BillDate], [b].[BillNum], [b].[BillType], [b].[FID], [b].[Gst], [b].[GstDate], [b].[PId], [b].[PaymentReceived], [b].[PaymentTablePId], [b].[Tds]
      FROM [BillTables] AS [b]
      WHERE [b].[BillNum] = @__billNumber_0
info: Microsoft.EntityFrameworkCore.Database.Command[20101]
      Executed DbCommand (8ms) [Parameters=[@__paymentNumber_0='?' (Size = 4000)], CommandType='Text', CommandTimeout='120']
      SELECT TOP(1) [p].[PId], [p].[DocNumber], [p].[FID], [p].[PayRecDate], [p].[Shortage]
      FROM [PaymentTables] AS [p]
      WHERE [p].[DocNumber] = @__paymentNumber_0
info: Microsoft.EntityFrameworkCore.Database.Command[20101]
      Executed DbCommand (12ms) [Parameters=[@p4='?' (DbType = Int32), @p0='?' (DbType = Double), @p1='?' (DbType = Double), @p2='?' (DbType = Double), @p3='?' (DbType = Double)], CommandType='Text', CommandTimeout='120']
      SET NOCOUNT ON;
      UPDATE [BillTables] SET [ActualAmount] = @p0, [Gst] = @p1, [PaymentReceived] = @p2, [Tds] = @p3
      WHERE [BillID] = @p4;
      SELECT @@ROWCOUNT;
info: Microsoft.EntityFrameworkCore.Database.Command[20101]
      Executed DbCommand (2ms) [Parameters=[@p0='?' (Size = 4000), @p1='?' (DbType = Int32), @p2='?' (DbType = DateTime2), @p3='?' (DbType = Double)], CommandType='Text', CommandTimeout='120']
      SET NOCOUNT ON;
      INSERT INTO [PaymentTables] ([DocNumber], [FID], [PayRecDate], [Shortage])
      VALUES (@p0, @p1, @p2, @p3);
      SELECT [PId]
      FROM [PaymentTables]
      WHERE @@ROWCOUNT = 1 AND [PId] = scope_identity();
info: Microsoft.EntityFrameworkCore.Database.Command[20101]
      Executed DbCommand (3ms) [Parameters=[@__billNumber_0='?' (Size = 4000)], CommandType='Text', CommandTimeout='120']
      SELECT TOP(1) [b].[BillID], [b].[ActualAmount], [b].[BillDate], [b].[BillNum], [b].[BillType], [b].[FID], [b].[Gst], [b].[GstDate], [b].[PId], [b].[PaymentReceived], [b].[PaymentTablePId], [b].[Tds]
      FROM [BillTables] AS [b]
      WHERE [b].[BillNum] = @__billNumber_0
info: Microsoft.EntityFrameworkCore.Database.Command[20101]
      Executed DbCommand (1ms) [Parameters=[@__billNumber_0='?' (Size = 4000)], CommandType='Text', CommandTimeout='120']
      SELECT TOP(1) [b].[BillID], [b].[ActualAmount], [b].[BillDate], [b].[BillNum], [b].[BillType], [b].[FID], [b].[Gst], [b].[GstDate], [b].[PId], [b].[PaymentReceived], [b].[PaymentTablePId], [b].[Tds]
      FROM [BillTables] AS [b]
      WHERE [b].[BillNum] = @__billNumber_0
info: Microsoft.EntityFrameworkCore.Database.Command[20101]
      Executed DbCommand (1ms) [Parameters=[@__billNumber_0='?' (Size = 4000)], CommandType='Text', CommandTimeout='120']
      SELECT TOP(1) [b].[BillID], [b].[ActualAmount], [b].[BillDate], [b].[BillNum], [b].[BillType], [b].[FID], [b].[Gst], [b].[GstDate], [b].[PId], [b].[PaymentReceived], [b].[PaymentTablePId], [b].[Tds]
      FROM [BillTables] AS [b]
      WHERE [b].[BillNum] = @__billNumber_0
info: Microsoft.EntityFrameworkCore.Database.Command[20101]
      Executed DbCommand (1ms) [Parameters=[@__billNumber_0='?' (Size = 4000)], CommandType='Text', CommandTimeout='120']
      SELECT TOP(1) [b].[BillID], [b].[ActualAmount], [b].[BillDate], [b].[BillNum], [b].[BillType], [b].[FID], [b].[Gst], [b].[GstDate], [b].[PId], [b].[PaymentReceived], [b].[PaymentTablePId], [b].[Tds]
      FROM [BillTables] AS [b]
      WHERE [b].[BillNum] = @__billNumber_0
info: Microsoft.EntityFrameworkCore.Database.Command[20101]
      Executed DbCommand (1ms) [Parameters=[@__billNumber_0='?' (Size = 4000)], CommandType='Text', CommandTimeout='120']
      SELECT TOP(1) [b].[BillID], [b].[ActualAmount], [b].[BillDate], [b].[BillNum], [b].[BillType], [b].[FID], [b].[Gst], [b].[GstDate], [b].[PId], [b].[PaymentReceived], [b].[PaymentTablePId], [b].[Tds]
      FROM [BillTables] AS [b]
      WHERE [b].[BillNum] = @__billNumber_0
info: Microsoft.EntityFrameworkCore.Database.Command[20101]
      Executed DbCommand (1ms) [Parameters=[@__billNumber_0='?' (Size = 4000)], CommandType='Text', CommandTimeout='120']
      SELECT TOP(1) [b].[BillID], [b].[ActualAmount], [b].[BillDate], [b].[BillNum], [b].[BillType], [b].[FID], [b].[Gst], [b].[GstDate], [b].[PId], [b].[PaymentReceived], [b].[PaymentTablePId], [b].[Tds]
      FROM [BillTables] AS [b]
      WHERE [b].[BillNum] = @__billNumber_0
info: Microsoft.EntityFrameworkCore.Database.Command[20101]
      Executed DbCommand (1ms) [Parameters=[@__billNumber_0='?' (Size = 4000)], CommandType='Text', CommandTimeout='120']
      SELECT TOP(1) [b].[BillID], [b].[ActualAmount], [b].[BillDate], [b].[BillNum], [b].[BillType], [b].[FID], [b].[Gst], [b].[GstDate], [b].[PId], [b].[PaymentReceived], [b].[PaymentTablePId], [b].[Tds]
      FROM [BillTables] AS [b]
      WHERE [b].[BillNum] = @__billNumber_0
info: Microsoft.EntityFrameworkCore.Database.Command[20101]
      Executed DbCommand (1ms) [Parameters=[@__billNumber_0='?' (Size = 4000)], CommandType='Text', CommandTimeout='120']
      SELECT TOP(1) [b].[BillID], [b].[ActualAmount], [b].[BillDate], [b].[BillNum], [b].[BillType], [b].[FID], [b].[Gst], [b].[GstDate], [b].[PId], [b].[PaymentReceived], [b].[PaymentTablePId], [b].[Tds]
      FROM [BillTables] AS [b]
      WHERE [b].[BillNum] = @__billNumber_0
info: Microsoft.EntityFrameworkCore.Database.Command[20101]
      Executed DbCommand (1ms) [Parameters=[@__billNumber_0='?' (Size = 4000)], CommandType='Text', CommandTimeout='120']
      SELECT TOP(1) [b].[BillID], [b].[ActualAmount], [b].[BillDate], [b].[BillNum], [b].[BillType], [b].[FID], [b].[Gst], [b].[GstDate], [b].[PId], [b].[PaymentReceived], [b].[PaymentTablePId], [b].[Tds]
      FROM [BillTables] AS [b]
      WHERE [b].[BillNum] = @__billNumber_0
info: Microsoft.EntityFrameworkCore.Database.Command[20101]
      Executed DbCommand (1ms) [Parameters=[@__billNumber_0='?' (Size = 4000)], CommandType='Text', CommandTimeout='120']
      SELECT TOP(1) [b].[BillID], [b].[ActualAmount], [b].[BillDate], [b].[BillNum], [b].[BillType], [b].[FID], [b].[Gst], [b].[GstDate], [b].[PId], [b].[PaymentReceived], [b].[PaymentTablePId], [b].[Tds]
      FROM [BillTables] AS [b]
      WHERE [b].[BillNum] = @__billNumber_0
info: Microsoft.EntityFrameworkCore.Database.Command[20101]
      Executed DbCommand (1ms) [Parameters=[@__billNumber_0='?' (Size = 4000)], CommandType='Text', CommandTimeout='120']
      SELECT TOP(1) [b].[BillID], [b].[ActualAmount], [b].[BillDate], [b].[BillNum], [b].[BillType], [b].[FID], [b].[Gst], [b].[GstDate], [b].[PId], [b].[PaymentReceived], [b].[PaymentTablePId], [b].[Tds]
      FROM [BillTables] AS [b]
      WHERE [b].[BillNum] = @__billNumber_0
info: Microsoft.EntityFrameworkCore.Database.Command[20101]
      Executed DbCommand (1ms) [Parameters=[@__billNumber_0='?' (Size = 4000)], CommandType='Text', CommandTimeout='120']
      SELECT TOP(1) [b].[BillID], [b].[ActualAmount], [b].[BillDate], [b].[BillNum], [b].[BillType], [b].[FID], [b].[Gst], [b].[GstDate], [b].[PId], [b].[PaymentReceived], [b].[PaymentTablePId], [b].[Tds]
      FROM [BillTables] AS [b]
      WHERE [b].[BillNum] = @__billNumber_0
info: Microsoft.EntityFrameworkCore.Database.Command[20101]
      Executed DbCommand (1ms) [Parameters=[@__billNumber_0='?' (Size = 4000)], CommandType='Text', CommandTimeout='120']
      SELECT TOP(1) [b].[BillID], [b].[ActualAmount], [b].[BillDate], [b].[BillNum], [b].[BillType], [b].[FID], [b].[Gst], [b].[GstDate], [b].[PId], [b].[PaymentReceived], [b].[PaymentTablePId], [b].[Tds]
      FROM [BillTables] AS [b]
      WHERE [b].[BillNum] = @__billNumber_0
info: Microsoft.EntityFrameworkCore.Database.Command[20101]
      Executed DbCommand (1ms) [Parameters=[@__billNumber_0='?' (Size = 4000)], CommandType='Text', CommandTimeout='120']
      SELECT TOP(1) [b].[BillID], [b].[ActualAmount], [b].[BillDate], [b].[BillNum], [b].[BillType], [b].[FID], [b].[Gst], [b].[GstDate], [b].[PId], [b].[PaymentReceived], [b].[PaymentTablePId], [b].[Tds]
      FROM [BillTables] AS [b]
      WHERE [b].[BillNum] = @__billNumber_0
info: Microsoft.EntityFrameworkCore.Database.Command[20101]
      Executed DbCommand (1ms) [Parameters=[@__billNumber_0='?' (Size = 4000)], CommandType='Text', CommandTimeout='120']
      SELECT TOP(1) [b].[BillID], [b].[ActualAmount], [b].[BillDate], [b].[BillNum], [b].[BillType], [b].[FID], [b].[Gst], [b].[GstDate], [b].[PId], [b].[PaymentReceived], [b].[PaymentTablePId], [b].[Tds]
      FROM [BillTables] AS [b]
      WHERE [b].[BillNum] = @__billNumber_0
info: Microsoft.EntityFrameworkCore.Database.Command[20101]
      Executed DbCommand (1ms) [Parameters=[@__billNumber_0='?' (Size = 4000)], CommandType='Text', CommandTimeout='120']
      SELECT TOP(1) [b].[BillID], [b].[ActualAmount], [b].[BillDate], [b].[BillNum], [b].[BillType], [b].[FID], [b].[Gst], [b].[GstDate], [b].[PId], [b].[PaymentReceived], [b].[PaymentTablePId], [b].[Tds]
      FROM [BillTables] AS [b]
      WHERE [b].[BillNum] = @__billNumber_0
info: Microsoft.EntityFrameworkCore.Database.Command[20101]
      Executed DbCommand (1ms) [Parameters=[@__billNumber_0='?' (Size = 4000)], CommandType='Text', CommandTimeout='120']
      SELECT TOP(1) [b].[BillID], [b].[ActualAmount], [b].[BillDate], [b].[BillNum], [b].[BillType], [b].[FID], [b].[Gst], [b].[GstDate], [b].[PId], [b].[PaymentReceived], [b].[PaymentTablePId], [b].[Tds]
      FROM [BillTables] AS [b]
      WHERE [b].[BillNum] = @__billNumber_0
info: Microsoft.EntityFrameworkCore.Database.Command[20101]
      Executed DbCommand (1ms) [Parameters=[@__billNumber_0='?' (Size = 4000)], CommandType='Text', CommandTimeout='120']
      SELECT TOP(1) [b].[BillID], [b].[ActualAmount], [b].[BillDate], [b].[BillNum], [b].[BillType], [b].[FID], [b].[Gst], [b].[GstDate], [b].[PId], [b].[PaymentReceived], [b].[PaymentTablePId], [b].[Tds]
      FROM [BillTables] AS [b]
      WHERE [b].[BillNum] = @__billNumber_0
info: Microsoft.EntityFrameworkCore.Database.Command[20101]
      Executed DbCommand (2ms) [Parameters=[@__billNumber_0='?' (Size = 4000)], CommandType='Text', CommandTimeout='120']
      SELECT TOP(1) [b].[BillID], [b].[ActualAmount], [b].[BillDate], [b].[BillNum], [b].[BillType], [b].[FID], [b].[Gst], [b].[GstDate], [b].[PId], [b].[PaymentReceived], [b].[PaymentTablePId], [b].[Tds]
      FROM [BillTables] AS [b]
      WHERE [b].[BillNum] = @__billNumber_0
info: Microsoft.EntityFrameworkCore.Database.Command[20101]
      Executed DbCommand (2ms) [Parameters=[@__billNumber_0='?' (Size = 4000)], CommandType='Text', CommandTimeout='120']
      SELECT TOP(1) [b].[BillID], [b].[ActualAmount], [b].[BillDate], [b].[BillNum], [b].[BillType], [b].[FID], [b].[Gst], [b].[GstDate], [b].[PId], [b].[PaymentReceived], [b].[PaymentTablePId], [b].[Tds]
      FROM [BillTables] AS [b]
      WHERE [b].[BillNum] = @__billNumber_0
info: Microsoft.EntityFrameworkCore.Database.Command[20101]
      Executed DbCommand (1ms) [Parameters=[@__billNumber_0='?' (Size = 4000)], CommandType='Text', CommandTimeout='120']
      SELECT TOP(1) [b].[BillID], [b].[ActualAmount], [b].[BillDate], [b].[BillNum], [b].[BillType], [b].[FID], [b].[Gst], [b].[GstDate], [b].[PId], [b].[PaymentReceived], [b].[PaymentTablePId], [b].[Tds]
      FROM [BillTables] AS [b]
      WHERE [b].[BillNum] = @__billNumber_0
info: Microsoft.EntityFrameworkCore.Database.Command[20101]
      Executed DbCommand (44ms) [Parameters=[@p11='?' (DbType = Int32), @p0='?' (DbType = Double), @p1='?' (DbType = DateTime2), @p2='?' (Size = 4000), @p3='?' (Size = 4000), @p4='?' (DbType = Int32), @p5='?' (DbType = Double), @p6='?' (DbType = DateTime2), @p7='?' (DbType = Int32), @p8='?' (DbType = Double), @p9='?' (DbType = Int32), @p10='?' (DbType = Double), @p23='?' (DbType = Int32), @p12='?' (DbType = Double), @p13='?' (DbType = DateTime2), @p14='?' (Size = 4000), @p15='?' (Size = 4000), @p16='?' (DbType = Int32), @p17='?' (DbType = Double), @p18='?' (DbType = DateTime2), @p19='?' (DbType = Int32), @p20='?' (DbType = Double), @p21='?' (DbType = Int32), @p22='?' (DbType = Double), @p35='?' (DbType = Int32), @p24='?' (DbType = Double), @p25='?' (DbType = DateTime2), @p26='?' (Size = 4000), @p27='?' (Size = 4000), @p28='?' (DbType = Int32), @p29='?' (DbType = Double), @p30='?' (DbType = DateTime2), @p31='?' (DbType = Int32), @p32='?' (DbType = Double), @p33='?' (DbType = Int32), @p34='?' (DbType = Double), @p47='?' (DbType = Int32), @p36='?' (DbType = Double), @p37='?' (DbType = DateTime2), @p38='?' (Size = 4000), @p39='?' (Size = 4000), @p40='?' (DbType = Int32), @p41='?' (DbType = Double), @p42='?' (DbType = DateTime2), @p43='?' (DbType = Int32), @p44='?' (DbType = Double), @p45='?' (DbType = Int32), @p46='?' (DbType = Double), @p59='?' (DbType = Int32), @p48='?' (DbType = Double), @p49='?' (DbType = DateTime2), @p50='?' (Size = 4000), @p51='?' (Size = 4000), @p52='?' (DbType = Int32), @p53='?' (DbType = Double), @p54='?' (DbType = DateTime2), @p55='?' (DbType = Int32), @p56='?' (DbType = Double), @p57='?' (DbType = Int32), @p58='?' (DbType = Double), @p71='?' (DbType = Int32), @p60='?' (DbType = Double), @p61='?' (DbType = DateTime2), @p62='?' (Size = 4000), @p63='?' (Size = 4000), @p64='?' (DbType = Int32), @p65='?' (DbType = Double), @p66='?' (DbType = DateTime2), @p67='?' (DbType = Int32), @p68='?' (DbType = Double), @p69='?' (DbType = Int32), @p70='?' (DbType = Double), @p83='?' (DbType = Int32), @p72='?' (DbType = Double), @p73='?' (DbType = DateTime2), @p74='?' (Size = 4000), @p75='?' (Size = 4000), @p76='?' (DbType = Int32), @p77='?' (DbType = Double), @p78='?' (DbType = DateTime2), @p79='?' (DbType = Int32), @p80='?' (DbType = Double), @p81='?' (DbType = Int32), @p82='?' (DbType = Double), @p95='?' (DbType = Int32), @p84='?' (DbType = Double), @p85='?' (DbType = DateTime2), @p86='?' (Size = 4000), @p87='?' (Size = 4000), @p88='?' (DbType = Int32), @p89='?' (DbType = Double), @p90='?' (DbType = DateTime2), @p91='?' (DbType = Int32), @p92='?' (DbType = Double), @p93='?' (DbType = Int32), @p94='?' (DbType = Double), @p107='?' (DbType = Int32), @p96='?' (DbType = Double), @p97='?' (DbType = DateTime2), @p98='?' (Size = 4000), @p99='?' (Size = 4000), @p100='?' (DbType = Int32), @p101='?' (DbType = Double), @p102='?' (DbType = DateTime2), @p103='?' (DbType = Int32), @p104='?' (DbType = Double), @p105='?' (DbType = Int32), @p106='?' (DbType = Double), @p119='?' (DbType = Int32), @p108='?' (DbType = Double), @p109='?' (DbType = DateTime2), @p110='?' (Size = 4000), @p111='?' (Size = 4000), @p112='?' (DbType = Int32), @p113='?' (DbType = Double), @p114='?' (DbType = DateTime2), @p115='?' (DbType = Int32), @p116='?' (DbType = Double), @p117='?' (DbType = Int32), @p118='?' (DbType = Double), @p131='?' (DbType = Int32), @p120='?' (DbType = Double), @p121='?' (DbType = DateTime2), @p122='?' (Size = 4000), @p123='?' (Size = 4000), @p124='?' (DbType = Int32), @p125='?' (DbType = Double), @p126='?' (DbType = DateTime2), @p127='?' (DbType = Int32), @p128='?' (DbType = Double), @p129='?' (DbType = Int32), @p130='?' (DbType = Double), @p143='?' (DbType = Int32), @p132='?' (DbType = Double), @p133='?' (DbType = DateTime2), @p134='?' (Size = 4000), @p135='?' (Size = 4000), @p136='?' (DbType = Int32), @p137='?' (DbType = Double), @p138='?' (DbType = DateTime2), @p139='?' (DbType = Int32), @p140='?' (DbType = Double), @p141='?' (DbType = Int32), @p142='?' (DbType = Double), @p155='?' (DbType = Int32), @p144='?' (DbType = Double), @p145='?' (DbType = DateTime2), @p146='?' (Size = 4000), @p147='?' (Size = 4000), @p148='?' (DbType = Int32), @p149='?' (DbType = Double), @p150='?' (DbType = DateTime2), @p151='?' (DbType = Int32), @p152='?' (DbType = Double), @p153='?' (DbType = Int32), @p154='?' (DbType = Double), @p167='?' (DbType = Int32), @p156='?' (DbType = Double), @p157='?' (DbType = DateTime2), @p158='?' (Size = 4000), @p159='?' (Size = 4000), @p160='?' (DbType = Int32), @p161='?' (DbType = Double), @p162='?' (DbType = DateTime2), @p163='?' (DbType = Int32), @p164='?' (DbType = Double), @p165='?' (DbType = Int32), @p166='?' (DbType = Double), @p179='?' (DbType = Int32), @p168='?' (DbType = Double), @p169='?' (DbType = DateTime2), @p170='?' (Size = 4000), @p171='?' (Size = 4000), @p172='?' (DbType = Int32), @p173='?' (DbType = Double), @p174='?' (DbType = DateTime2), @p175='?' (DbType = Int32), @p176='?' (DbType = Double), @p177='?' (DbType = Int32), @p178='?' (DbType = Double), @p191='?' (DbType = Int32), @p180='?' (DbType = Double), @p181='?' (DbType = DateTime2), @p182='?' (Size = 4000), @p183='?' (Size = 4000), @p184='?' (DbType = Int32), @p185='?' (DbType = Double), @p186='?' (DbType = DateTime2), @p187='?' (DbType = Int32), @p188='?' (DbType = Double), @p189='?' (DbType = Int32), @p190='?' (DbType = Double), @p203='?' (DbType = Int32), @p192='?' (DbType = Double), @p193='?' (DbType = DateTime2), @p194='?' (Size = 4000), @p195='?' (Size = 4000), @p196='?' (DbType = Int32), @p197='?' (DbType = Double), @p198='?' (DbType = DateTime2), @p199='?' (DbType = Int32), @p200='?' (DbType = Double), @p201='?' (DbType = Int32), @p202='?' (DbType = Double), @p215='?' (DbType = Int32), @p204='?' (DbType = Double), @p205='?' (DbType = DateTime2), @p206='?' (Size = 4000), @p207='?' (Size = 4000), @p208='?' (DbType = Int32), @p209='?' (DbType = Double), @p210='?' (DbType = DateTime2), @p211='?' (DbType = Int32), @p212='?' (DbType = Double), @p213='?' (DbType = Int32), @p214='?' (DbType = Double), @p227='?' (DbType = Int32), @p216='?' (DbType = Double), @p217='?' (DbType = DateTime2), @p218='?' (Size = 4000), @p219='?' (Size = 4000), @p220='?' (DbType = Int32), @p221='?' (DbType = Double), @p222='?' (DbType = DateTime2), @p223='?' (DbType = Int32), @p224='?' (DbType = Double), @p225='?' (DbType = Int32), @p226='?' (DbType = Double), @p239='?' (DbType = Int32), @p228='?' (DbType = Double), @p229='?' (DbType = DateTime2), @p230='?' (Size = 4000), @p231='?' (Size = 4000), @p232='?' (DbType = Int32), @p233='?' (DbType = Double), @p234='?' (DbType = DateTime2), @p235='?' (DbType = Int32), @p236='?' (DbType = Double), @p237='?' (DbType = Int32), @p238='?' (DbType = Double), @p251='?' (DbType = Int32), @p240='?' (DbType = Double), @p241='?' (DbType = DateTime2), @p242='?' (Size = 4000), @p243='?' (Size = 4000), @p244='?' (DbType = Int32), @p245='?' (DbType = Double), @p246='?' (DbType = DateTime2), @p247='?' (DbType = Int32), @p248='?' (DbType = Double), @p249='?' (DbType = Int32), @p250='?' (DbType = Double), @p263='?' (DbType = Int32), @p252='?' (DbType = Double), @p253='?' (DbType = DateTime2), @p254='?' (Size = 4000), @p255='?' (Size = 4000), @p256='?' (DbType = Int32), @p257='?' (DbType = Double), @p258='?' (DbType = DateTime2), @p259='?' (DbType = Int32), @p260='?' (DbType = Double), @p261='?' (DbType = Int32), @p262='?' (DbType = Double)], CommandType='Text', CommandTimeout='120']
      SET NOCOUNT ON;
      UPDATE [BillTables] SET [ActualAmount] = @p0, [BillDate] = @p1, [BillNum] = @p2, [BillType] = @p3, [FID] = @p4, [Gst] = @p5, [GstDate] = @p6, [PId] = @p7, [PaymentReceived] = @p8, [PaymentTablePId] = @p9, [Tds] = @p10
      WHERE [BillID] = @p11;
      SELECT @@ROWCOUNT;
      
      UPDATE [BillTables] SET [ActualAmount] = @p12, [BillDate] = @p13, [BillNum] = @p14, [BillType] = @p15, [FID] = @p16, [Gst] = @p17, [GstDate] = @p18, [PId] = @p19, [PaymentReceived] = @p20, [PaymentTablePId] = @p21, [Tds] = @p22
      WHERE [BillID] = @p23;
      SELECT @@ROWCOUNT;
      
      UPDATE [BillTables] SET [ActualAmount] = @p24, [BillDate] = @p25, [BillNum] = @p26, [BillType] = @p27, [FID] = @p28, [Gst] = @p29, [GstDate] = @p30, [PId] = @p31, [PaymentReceived] = @p32, [PaymentTablePId] = @p33, [Tds] = @p34
      WHERE [BillID] = @p35;
      SELECT @@ROWCOUNT;
      
      UPDATE [BillTables] SET [ActualAmount] = @p36, [BillDate] = @p37, [BillNum] = @p38, [BillType] = @p39, [FID] = @p40, [Gst] = @p41, [GstDate] = @p42, [PId] = @p43, [PaymentReceived] = @p44, [PaymentTablePId] = @p45, [Tds] = @p46
      WHERE [BillID] = @p47;
      SELECT @@ROWCOUNT;
      
      UPDATE [BillTables] SET [ActualAmount] = @p48, [BillDate] = @p49, [BillNum] = @p50, [BillType] = @p51, [FID] = @p52, [Gst] = @p53, [GstDate] = @p54, [PId] = @p55, [PaymentReceived] = @p56, [PaymentTablePId] = @p57, [Tds] = @p58
      WHERE [BillID] = @p59;
      SELECT @@ROWCOUNT;
      
      UPDATE [BillTables] SET [ActualAmount] = @p60, [BillDate] = @p61, [BillNum] = @p62, [BillType] = @p63, [FID] = @p64, [Gst] = @p65, [GstDate] = @p66, [PId] = @p67, [PaymentReceived] = @p68, [PaymentTablePId] = @p69, [Tds] = @p70
      WHERE [BillID] = @p71;
      SELECT @@ROWCOUNT;
      
      UPDATE [BillTables] SET [ActualAmount] = @p72, [BillDate] = @p73, [BillNum] = @p74, [BillType] = @p75, [FID] = @p76, [Gst] = @p77, [GstDate] = @p78, [PId] = @p79, [PaymentReceived] = @p80, [PaymentTablePId] = @p81, [Tds] = @p82
      WHERE [BillID] = @p83;
      SELECT @@ROWCOUNT;
      
      UPDATE [BillTables] SET [ActualAmount] = @p84, [BillDate] = @p85, [BillNum] = @p86, [BillType] = @p87, [FID] = @p88, [Gst] = @p89, [GstDate] = @p90, [PId] = @p91, [PaymentReceived] = @p92, [PaymentTablePId] = @p93, [Tds] = @p94
      WHERE [BillID] = @p95;
      SELECT @@ROWCOUNT;
      
      UPDATE [BillTables] SET [ActualAmount] = @p96, [BillDate] = @p97, [BillNum] = @p98, [BillType] = @p99, [FID] = @p100, [Gst] = @p101, [GstDate] = @p102, [PId] = @p103, [PaymentReceived] = @p104, [PaymentTablePId] = @p105, [Tds] = @p106
      WHERE [BillID] = @p107;
      SELECT @@ROWCOUNT;
      
      UPDATE [BillTables] SET [ActualAmount] = @p108, [BillDate] = @p109, [BillNum] = @p110, [BillType] = @p111, [FID] = @p112, [Gst] = @p113, [GstDate] = @p114, [PId] = @p115, [PaymentReceived] = @p116, [PaymentTablePId] = @p117, [Tds] = @p118
      WHERE [BillID] = @p119;
      SELECT @@ROWCOUNT;
      
      UPDATE [BillTables] SET [ActualAmount] = @p120, [BillDate] = @p121, [BillNum] = @p122, [BillType] = @p123, [FID] = @p124, [Gst] = @p125, [GstDate] = @p126, [PId] = @p127, [PaymentReceived] = @p128, [PaymentTablePId] = @p129, [Tds] = @p130
      WHERE [BillID] = @p131;
      SELECT @@ROWCOUNT;
      
      UPDATE [BillTables] SET [ActualAmount] = @p132, [BillDate] = @p133, [BillNum] = @p134, [BillType] = @p135, [FID] = @p136, [Gst] = @p137, [GstDate] = @p138, [PId] = @p139, [PaymentReceived] = @p140, [PaymentTablePId] = @p141, [Tds] = @p142
      WHERE [BillID] = @p143;
      SELECT @@ROWCOUNT;
      
      UPDATE [BillTables] SET [ActualAmount] = @p144, [BillDate] = @p145, [BillNum] = @p146, [BillType] = @p147, [FID] = @p148, [Gst] = @p149, [GstDate] = @p150, [PId] = @p151, [PaymentReceived] = @p152, [PaymentTablePId] = @p153, [Tds] = @p154
      WHERE [BillID] = @p155;
      SELECT @@ROWCOUNT;
      
      UPDATE [BillTables] SET [ActualAmount] = @p156, [BillDate] = @p157, [BillNum] = @p158, [BillType] = @p159, [FID] = @p160, [Gst] = @p161, [GstDate] = @p162, [PId] = @p163, [PaymentReceived] = @p164, [PaymentTablePId] = @p165, [Tds] = @p166
      WHERE [BillID] = @p167;
      SELECT @@ROWCOUNT;
      
      UPDATE [BillTables] SET [ActualAmount] = @p168, [BillDate] = @p169, [BillNum] = @p170, [BillType] = @p171, [FID] = @p172, [Gst] = @p173, [GstDate] = @p174, [PId] = @p175, [PaymentReceived] = @p176, [PaymentTablePId] = @p177, [Tds] = @p178
      WHERE [BillID] = @p179;
      SELECT @@ROWCOUNT;
      
      UPDATE [BillTables] SET [ActualAmount] = @p180, [BillDate] = @p181, [BillNum] = @p182, [BillType] = @p183, [FID] = @p184, [Gst] = @p185, [GstDate] = @p186, [PId] = @p187, [PaymentReceived] = @p188, [PaymentTablePId] = @p189, [Tds] = @p190
      WHERE [BillID] = @p191;
      SELECT @@ROWCOUNT;
      
      UPDATE [BillTables] SET [ActualAmount] = @p192, [BillDate] = @p193, [BillNum] = @p194, [BillType] = @p195, [FID] = @p196, [Gst] = @p197, [GstDate] = @p198, [PId] = @p199, [PaymentReceived] = @p200, [PaymentTablePId] = @p201, [Tds] = @p202
      WHERE [BillID] = @p203;
      SELECT @@ROWCOUNT;
      
      UPDATE [BillTables] SET [ActualAmount] = @p204, [BillDate] = @p205, [BillNum] = @p206, [BillType] = @p207, [FID] = @p208, [Gst] = @p209, [GstDate] = @p210, [PId] = @p211, [PaymentReceived] = @p212, [PaymentTablePId] = @p213, [Tds] = @p214
      WHERE [BillID] = @p215;
      SELECT @@ROWCOUNT;
      
      UPDATE [BillTables] SET [ActualAmount] = @p216, [BillDate] = @p217, [BillNum] = @p218, [BillType] = @p219, [FID] = @p220, [Gst] = @p221, [GstDate] = @p222, [PId] = @p223, [PaymentReceived] = @p224, [PaymentTablePId] = @p225, [Tds] = @p226
      WHERE [BillID] = @p227;
      SELECT @@ROWCOUNT;
      
      UPDATE [BillTables] SET [ActualAmount] = @p228, [BillDate] = @p229, [BillNum] = @p230, [BillType] = @p231, [FID] = @p232, [Gst] = @p233, [GstDate] = @p234, [PId] = @p235, [PaymentReceived] = @p236, [PaymentTablePId] = @p237, [Tds] = @p238
      WHERE [BillID] = @p239;
      SELECT @@ROWCOUNT;
      
      UPDATE [BillTables] SET [ActualAmount] = @p240, [BillDate] = @p241, [BillNum] = @p242, [BillType] = @p243, [FID] = @p244, [Gst] = @p245, [GstDate] = @p246, [PId] = @p247, [PaymentReceived] = @p248, [PaymentTablePId] = @p249, [Tds] = @p250
      WHERE [BillID] = @p251;
      SELECT @@ROWCOUNT;
      
      UPDATE [BillTables] SET [ActualAmount] = @p252, [BillDate] = @p253, [BillNum] = @p254, [BillType] = @p255, [FID] = @p256, [Gst] = @p257, [GstDate] = @p258, [PId] = @p259, [PaymentReceived] = @p260, [PaymentTablePId] = @p261, [Tds] = @p262
      WHERE [BillID] = @p263;
      SELECT @@ROWCOUNT;
info: Microsoft.EntityFrameworkCore.Infrastructure[10403]
      Entity Framework Core 6.0.21 initialized 'TransportMgmtContext' using provider 'Microsoft.EntityFrameworkCore.SqlServer:6.0.21' with options: CommandTimeout=120 
info: Microsoft.EntityFrameworkCore.Database.Command[20101]
      Executed DbCommand (9ms) [Parameters=[], CommandType='Text', CommandTimeout='120']
      SELECT [t].[FID], [t].[Address], [t].[Code], [t].[CreatedBy], [t].[CreatedOn], [t].[FactoryName], [t].[Gstin], [t].[IsActive], [t].[ModifiedBy], [t].[ModifiedOn]
      FROM [TblFactories] AS [t]
info: Microsoft.EntityFrameworkCore.Database.Command[20101]
      Executed DbCommand (1ms) [Parameters=[], CommandType='Text', CommandTimeout='120']
      SELECT [t].[FID], [t].[Address], [t].[Code], [t].[CreatedBy], [t].[CreatedOn], [t].[FactoryName], [t].[Gstin], [t].[IsActive], [t].[ModifiedBy], [t].[ModifiedOn]
      FROM [TblFactories] AS [t]
info: Microsoft.EntityFrameworkCore.Database.Command[20101]
      Executed DbCommand (1ms) [Parameters=[], CommandType='Text', CommandTimeout='120']
      SELECT [b].[BillID], [b].[ActualAmount], [b].[BillDate], [b].[BillNum], [b].[BillType], [b].[FID], [b].[Gst], [b].[GstDate], [b].[PId], [b].[PaymentReceived], [b].[PaymentTablePId], [b].[Tds]
      FROM [BillTables] AS [b]
info: Microsoft.EntityFrameworkCore.Infrastructure[10403]
      Entity Framework Core 6.0.21 initialized 'TransportMgmtContext' using provider 'Microsoft.EntityFrameworkCore.SqlServer:6.0.21' with options: CommandTimeout=120 
info: Microsoft.EntityFrameworkCore.Database.Command[20101]
      Executed DbCommand (1ms) [Parameters=[], CommandType='Text', CommandTimeout='120']
      SELECT [t].[FID] AS [id], [t].[FactoryName] AS [name]
      FROM [TblFactories] AS [t]
info: Microsoft.EntityFrameworkCore.Infrastructure[10403]
      Entity Framework Core 6.0.21 initialized 'TransportMgmtContext' using provider 'Microsoft.EntityFrameworkCore.SqlServer:6.0.21' with options: CommandTimeout=120 
info: Microsoft.EntityFrameworkCore.Database.Command[20101]
      Executed DbCommand (10ms) [Parameters=[p0='?' (DbType = DateTime2), p1='?' (DbType = DateTime2), p2='?' (DbType = Int32)], CommandType='Text', CommandTimeout='120']
      EXEC [dbo].[SpPaymentByDate] @StartDate = @p0, @EndDate = @p1, @FactoryId = @p2
info: Microsoft.EntityFrameworkCore.Infrastructure[10403]
      Entity Framework Core 6.0.21 initialized 'TransportMgmtContext' using provider 'Microsoft.EntityFrameworkCore.SqlServer:6.0.21' with options: CommandTimeout=120 
info: Microsoft.EntityFrameworkCore.Database.Command[20101]
      Executed DbCommand (174ms) [Parameters=[], CommandType='Text', CommandTimeout='120']
      SELECT [t].[FID], [t].[Address], [t].[Code], [t].[CreatedBy], [t].[CreatedOn], [t].[FactoryName], [t].[Gstin], [t].[IsActive], [t].[ModifiedBy], [t].[ModifiedOn]
      FROM [TblFactories] AS [t]
info: Microsoft.EntityFrameworkCore.Database.Command[20101]
      Executed DbCommand (5ms) [Parameters=[], CommandType='Text', CommandTimeout='120']
      SELECT [t].[FID], [t].[Address], [t].[Code], [t].[CreatedBy], [t].[CreatedOn], [t].[FactoryName], [t].[Gstin], [t].[IsActive], [t].[ModifiedBy], [t].[ModifiedOn]
      FROM [TblFactories] AS [t]
info: Microsoft.EntityFrameworkCore.Database.Command[20101]
      Executed DbCommand (252ms) [Parameters=[], CommandType='Text', CommandTimeout='120']
      SELECT [t].[DispId], [t].[BillID], [t].[ChallanNo], [t].[Destination], [t].[DisVid], [t].[DispatchDate], [t].[DispatchQuantity], [t].[FinalPrice], [t].[UnitPrice], [t].[VehicleNo]
      FROM [TblDispatches] AS [t]
info: Microsoft.EntityFrameworkCore.Infrastructure[10403]
      Entity Framework Core 6.0.21 initialized 'TransportMgmtContext' using provider 'Microsoft.EntityFrameworkCore.SqlServer:6.0.21' with options: CommandTimeout=120 
info: Microsoft.EntityFrameworkCore.Database.Command[20101]
      Executed DbCommand (11ms) [Parameters=[@__cell1_0='?' (Size = 4000)], CommandType='Text', CommandTimeout='120']
      SELECT TOP(1) [t].[DispId], [t].[BillID], [t].[ChallanNo], [t].[Destination], [t].[DisVid], [t].[DispatchDate], [t].[DispatchQuantity], [t].[FinalPrice], [t].[UnitPrice], [t].[VehicleNo]
      FROM [TblDispatches] AS [t]
      WHERE [t].[ChallanNo] = @__cell1_0
info: Microsoft.EntityFrameworkCore.Database.Command[20101]
      Executed DbCommand (8ms) [Parameters=[@__cell1_0='?' (Size = 4000)], CommandType='Text', CommandTimeout='120']
      SELECT TOP(1) [t].[DispId], [t].[BillID], [t].[ChallanNo], [t].[Destination], [t].[DisVid], [t].[DispatchDate], [t].[DispatchQuantity], [t].[FinalPrice], [t].[UnitPrice], [t].[VehicleNo]
      FROM [TblDispatches] AS [t]
      WHERE [t].[ChallanNo] = @__cell1_0
info: Microsoft.EntityFrameworkCore.Database.Command[20101]
      Executed DbCommand (11ms) [Parameters=[@__cell1_0='?' (Size = 4000)], CommandType='Text', CommandTimeout='120']
      SELECT TOP(1) [t].[DispId], [t].[BillID], [t].[ChallanNo], [t].[Destination], [t].[DisVid], [t].[DispatchDate], [t].[DispatchQuantity], [t].[FinalPrice], [t].[UnitPrice], [t].[VehicleNo]
      FROM [TblDispatches] AS [t]
      WHERE [t].[ChallanNo] = @__cell1_0
info: Microsoft.EntityFrameworkCore.Database.Command[20101]
      Executed DbCommand (7ms) [Parameters=[@__cell1_0='?' (Size = 4000)], CommandType='Text', CommandTimeout='120']
      SELECT TOP(1) [t].[DispId], [t].[BillID], [t].[ChallanNo], [t].[Destination], [t].[DisVid], [t].[DispatchDate], [t].[DispatchQuantity], [t].[FinalPrice], [t].[UnitPrice], [t].[VehicleNo]
      FROM [TblDispatches] AS [t]
      WHERE [t].[ChallanNo] = @__cell1_0
info: Microsoft.EntityFrameworkCore.Database.Command[20101]
      Executed DbCommand (6ms) [Parameters=[@__cell1_0='?' (Size = 4000)], CommandType='Text', CommandTimeout='120']
      SELECT TOP(1) [t].[DispId], [t].[BillID], [t].[ChallanNo], [t].[Destination], [t].[DisVid], [t].[DispatchDate], [t].[DispatchQuantity], [t].[FinalPrice], [t].[UnitPrice], [t].[VehicleNo]
      FROM [TblDispatches] AS [t]
      WHERE [t].[ChallanNo] = @__cell1_0
info: Microsoft.EntityFrameworkCore.Database.Command[20101]
      Executed DbCommand (8ms) [Parameters=[@__cell1_0='?' (Size = 4000)], CommandType='Text', CommandTimeout='120']
      SELECT TOP(1) [t].[DispId], [t].[BillID], [t].[ChallanNo], [t].[Destination], [t].[DisVid], [t].[DispatchDate], [t].[DispatchQuantity], [t].[FinalPrice], [t].[UnitPrice], [t].[VehicleNo]
      FROM [TblDispatches] AS [t]
      WHERE [t].[ChallanNo] = @__cell1_0
info: Microsoft.EntityFrameworkCore.Database.Command[20101]
      Executed DbCommand (7ms) [Parameters=[@__cell1_0='?' (Size = 4000)], CommandType='Text', CommandTimeout='120']
      SELECT TOP(1) [t].[DispId], [t].[BillID], [t].[ChallanNo], [t].[Destination], [t].[DisVid], [t].[DispatchDate], [t].[DispatchQuantity], [t].[FinalPrice], [t].[UnitPrice], [t].[VehicleNo]
      FROM [TblDispatches] AS [t]
      WHERE [t].[ChallanNo] = @__cell1_0
info: Microsoft.EntityFrameworkCore.Database.Command[20101]
      Executed DbCommand (8ms) [Parameters=[@__cell1_0='?' (Size = 4000)], CommandType='Text', CommandTimeout='120']
      SELECT TOP(1) [t].[DispId], [t].[BillID], [t].[ChallanNo], [t].[Destination], [t].[DisVid], [t].[DispatchDate], [t].[DispatchQuantity], [t].[FinalPrice], [t].[UnitPrice], [t].[VehicleNo]
      FROM [TblDispatches] AS [t]
      WHERE [t].[ChallanNo] = @__cell1_0
info: Microsoft.EntityFrameworkCore.Database.Command[20101]
      Executed DbCommand (6ms) [Parameters=[@__cell1_0='?' (Size = 4000)], CommandType='Text', CommandTimeout='120']
      SELECT TOP(1) [t].[DispId], [t].[BillID], [t].[ChallanNo], [t].[Destination], [t].[DisVid], [t].[DispatchDate], [t].[DispatchQuantity], [t].[FinalPrice], [t].[UnitPrice], [t].[VehicleNo]
      FROM [TblDispatches] AS [t]
      WHERE [t].[ChallanNo] = @__cell1_0
info: Microsoft.EntityFrameworkCore.Database.Command[20101]
      Executed DbCommand (8ms) [Parameters=[@__cell1_0='?' (Size = 4000)], CommandType='Text', CommandTimeout='120']
      SELECT TOP(1) [t].[DispId], [t].[BillID], [t].[ChallanNo], [t].[Destination], [t].[DisVid], [t].[DispatchDate], [t].[DispatchQuantity], [t].[FinalPrice], [t].[UnitPrice], [t].[VehicleNo]
      FROM [TblDispatches] AS [t]
      WHERE [t].[ChallanNo] = @__cell1_0
info: Microsoft.EntityFrameworkCore.Database.Command[20101]
      Executed DbCommand (12ms) [Parameters=[@__cell1_0='?' (Size = 4000)], CommandType='Text', CommandTimeout='120']
      SELECT TOP(1) [t].[DispId], [t].[BillID], [t].[ChallanNo], [t].[Destination], [t].[DisVid], [t].[DispatchDate], [t].[DispatchQuantity], [t].[FinalPrice], [t].[UnitPrice], [t].[VehicleNo]
      FROM [TblDispatches] AS [t]
      WHERE [t].[ChallanNo] = @__cell1_0
info: Microsoft.EntityFrameworkCore.Database.Command[20101]
      Executed DbCommand (14ms) [Parameters=[@__cell1_0='?' (Size = 4000)], CommandType='Text', CommandTimeout='120']
      SELECT TOP(1) [t].[DispId], [t].[BillID], [t].[ChallanNo], [t].[Destination], [t].[DisVid], [t].[DispatchDate], [t].[DispatchQuantity], [t].[FinalPrice], [t].[UnitPrice], [t].[VehicleNo]
      FROM [TblDispatches] AS [t]
      WHERE [t].[ChallanNo] = @__cell1_0
info: Microsoft.EntityFrameworkCore.Database.Command[20101]
      Executed DbCommand (14ms) [Parameters=[@__cell1_0='?' (Size = 4000)], CommandType='Text', CommandTimeout='120']
      SELECT TOP(1) [t].[DispId], [t].[BillID], [t].[ChallanNo], [t].[Destination], [t].[DisVid], [t].[DispatchDate], [t].[DispatchQuantity], [t].[FinalPrice], [t].[UnitPrice], [t].[VehicleNo]
      FROM [TblDispatches] AS [t]
      WHERE [t].[ChallanNo] = @__cell1_0
info: Microsoft.EntityFrameworkCore.Database.Command[20101]
      Executed DbCommand (12ms) [Parameters=[@__cell1_0='?' (Size = 4000)], CommandType='Text', CommandTimeout='120']
      SELECT TOP(1) [t].[DispId], [t].[BillID], [t].[ChallanNo], [t].[Destination], [t].[DisVid], [t].[DispatchDate], [t].[DispatchQuantity], [t].[FinalPrice], [t].[UnitPrice], [t].[VehicleNo]
      FROM [TblDispatches] AS [t]
      WHERE [t].[ChallanNo] = @__cell1_0
info: Microsoft.EntityFrameworkCore.Database.Command[20101]
      Executed DbCommand (8ms) [Parameters=[@__cell1_0='?' (Size = 4000)], CommandType='Text', CommandTimeout='120']
      SELECT TOP(1) [t].[DispId], [t].[BillID], [t].[ChallanNo], [t].[Destination], [t].[DisVid], [t].[DispatchDate], [t].[DispatchQuantity], [t].[FinalPrice], [t].[UnitPrice], [t].[VehicleNo]
      FROM [TblDispatches] AS [t]
      WHERE [t].[ChallanNo] = @__cell1_0
info: Microsoft.EntityFrameworkCore.Database.Command[20101]
      Executed DbCommand (8ms) [Parameters=[@__cell1_0='?' (Size = 4000)], CommandType='Text', CommandTimeout='120']
      SELECT TOP(1) [t].[DispId], [t].[BillID], [t].[ChallanNo], [t].[Destination], [t].[DisVid], [t].[DispatchDate], [t].[DispatchQuantity], [t].[FinalPrice], [t].[UnitPrice], [t].[VehicleNo]
      FROM [TblDispatches] AS [t]
      WHERE [t].[ChallanNo] = @__cell1_0
info: Microsoft.EntityFrameworkCore.Database.Command[20101]
      Executed DbCommand (11ms) [Parameters=[@__cell1_0='?' (Size = 4000)], CommandType='Text', CommandTimeout='120']
      SELECT TOP(1) [t].[DispId], [t].[BillID], [t].[ChallanNo], [t].[Destination], [t].[DisVid], [t].[DispatchDate], [t].[DispatchQuantity], [t].[FinalPrice], [t].[UnitPrice], [t].[VehicleNo]
      FROM [TblDispatches] AS [t]
      WHERE [t].[ChallanNo] = @__cell1_0
info: Microsoft.EntityFrameworkCore.Database.Command[20101]
      Executed DbCommand (9ms) [Parameters=[@__cell1_0='?' (Size = 4000)], CommandType='Text', CommandTimeout='120']
      SELECT TOP(1) [t].[DispId], [t].[BillID], [t].[ChallanNo], [t].[Destination], [t].[DisVid], [t].[DispatchDate], [t].[DispatchQuantity], [t].[FinalPrice], [t].[UnitPrice], [t].[VehicleNo]
      FROM [TblDispatches] AS [t]
      WHERE [t].[ChallanNo] = @__cell1_0
info: Microsoft.EntityFrameworkCore.Database.Command[20101]
      Executed DbCommand (8ms) [Parameters=[@__cell1_0='?' (Size = 4000)], CommandType='Text', CommandTimeout='120']
      SELECT TOP(1) [t].[DispId], [t].[BillID], [t].[ChallanNo], [t].[Destination], [t].[DisVid], [t].[DispatchDate], [t].[DispatchQuantity], [t].[FinalPrice], [t].[UnitPrice], [t].[VehicleNo]
      FROM [TblDispatches] AS [t]
      WHERE [t].[ChallanNo] = @__cell1_0
info: Microsoft.EntityFrameworkCore.Database.Command[20101]
      Executed DbCommand (5ms) [Parameters=[@__cell1_0='?' (Size = 4000)], CommandType='Text', CommandTimeout='120']
      SELECT TOP(1) [t].[DispId], [t].[BillID], [t].[ChallanNo], [t].[Destination], [t].[DisVid], [t].[DispatchDate], [t].[DispatchQuantity], [t].[FinalPrice], [t].[UnitPrice], [t].[VehicleNo]
      FROM [TblDispatches] AS [t]
      WHERE [t].[ChallanNo] = @__cell1_0
info: Microsoft.EntityFrameworkCore.Database.Command[20101]
      Executed DbCommand (8ms) [Parameters=[@__cell1_0='?' (Size = 4000)], CommandType='Text', CommandTimeout='120']
      SELECT TOP(1) [t].[DispId], [t].[BillID], [t].[ChallanNo], [t].[Destination], [t].[DisVid], [t].[DispatchDate], [t].[DispatchQuantity], [t].[FinalPrice], [t].[UnitPrice], [t].[VehicleNo]
      FROM [TblDispatches] AS [t]
      WHERE [t].[ChallanNo] = @__cell1_0
info: Microsoft.EntityFrameworkCore.Database.Command[20101]
      Executed DbCommand (10ms) [Parameters=[@__cell1_0='?' (Size = 4000)], CommandType='Text', CommandTimeout='120']
      SELECT TOP(1) [t].[DispId], [t].[BillID], [t].[ChallanNo], [t].[Destination], [t].[DisVid], [t].[DispatchDate], [t].[DispatchQuantity], [t].[FinalPrice], [t].[UnitPrice], [t].[VehicleNo]
      FROM [TblDispatches] AS [t]
      WHERE [t].[ChallanNo] = @__cell1_0
info: Microsoft.EntityFrameworkCore.Database.Command[20101]
      Executed DbCommand (13ms) [Parameters=[@__cell1_0='?' (Size = 4000)], CommandType='Text', CommandTimeout='120']
      SELECT TOP(1) [t].[DispId], [t].[BillID], [t].[ChallanNo], [t].[Destination], [t].[DisVid], [t].[DispatchDate], [t].[DispatchQuantity], [t].[FinalPrice], [t].[UnitPrice], [t].[VehicleNo]
      FROM [TblDispatches] AS [t]
      WHERE [t].[ChallanNo] = @__cell1_0
info: Microsoft.EntityFrameworkCore.Database.Command[20101]
      Executed DbCommand (10ms) [Parameters=[@__cell1_0='?' (Size = 4000)], CommandType='Text', CommandTimeout='120']
      SELECT TOP(1) [t].[DispId], [t].[BillID], [t].[ChallanNo], [t].[Destination], [t].[DisVid], [t].[DispatchDate], [t].[DispatchQuantity], [t].[FinalPrice], [t].[UnitPrice], [t].[VehicleNo]
      FROM [TblDispatches] AS [t]
      WHERE [t].[ChallanNo] = @__cell1_0
info: Microsoft.EntityFrameworkCore.Database.Command[20101]
      Executed DbCommand (10ms) [Parameters=[@__cell1_0='?' (Size = 4000)], CommandType='Text', CommandTimeout='120']
      SELECT TOP(1) [t].[DispId], [t].[BillID], [t].[ChallanNo], [t].[Destination], [t].[DisVid], [t].[DispatchDate], [t].[DispatchQuantity], [t].[FinalPrice], [t].[UnitPrice], [t].[VehicleNo]
      FROM [TblDispatches] AS [t]
      WHERE [t].[ChallanNo] = @__cell1_0
info: Microsoft.EntityFrameworkCore.Database.Command[20101]
      Executed DbCommand (17ms) [Parameters=[@__cell1_0='?' (Size = 4000)], CommandType='Text', CommandTimeout='120']
      SELECT TOP(1) [t].[DispId], [t].[BillID], [t].[ChallanNo], [t].[Destination], [t].[DisVid], [t].[DispatchDate], [t].[DispatchQuantity], [t].[FinalPrice], [t].[UnitPrice], [t].[VehicleNo]
      FROM [TblDispatches] AS [t]
      WHERE [t].[ChallanNo] = @__cell1_0
info: Microsoft.EntityFrameworkCore.Database.Command[20101]
      Executed DbCommand (14ms) [Parameters=[@__cell1_0='?' (Size = 4000)], CommandType='Text', CommandTimeout='120']
      SELECT TOP(1) [t].[DispId], [t].[BillID], [t].[ChallanNo], [t].[Destination], [t].[DisVid], [t].[DispatchDate], [t].[DispatchQuantity], [t].[FinalPrice], [t].[UnitPrice], [t].[VehicleNo]
      FROM [TblDispatches] AS [t]
      WHERE [t].[ChallanNo] = @__cell1_0
info: Microsoft.EntityFrameworkCore.Database.Command[20101]
      Executed DbCommand (14ms) [Parameters=[@__cell1_0='?' (Size = 4000)], CommandType='Text', CommandTimeout='120']
      SELECT TOP(1) [t].[DispId], [t].[BillID], [t].[ChallanNo], [t].[Destination], [t].[DisVid], [t].[DispatchDate], [t].[DispatchQuantity], [t].[FinalPrice], [t].[UnitPrice], [t].[VehicleNo]
      FROM [TblDispatches] AS [t]
      WHERE [t].[ChallanNo] = @__cell1_0
info: Microsoft.EntityFrameworkCore.Database.Command[20101]
      Executed DbCommand (73ms) [Parameters=[@p0='?' (DbType = Int32), @p1='?' (Size = 4000), @p2='?' (Size = 4000), @p3='?' (DbType = Int32), @p4='?' (DbType = DateTime2), @p5='?' (DbType = Double), @p6='?' (DbType = Double), @p7='?' (DbType = Double), @p8='?' (Size = 4000), @p9='?' (DbType = Int32), @p10='?' (Size = 4000), @p11='?' (Size = 4000), @p12='?' (DbType = Int32), @p13='?' (DbType = DateTime2), @p14='?' (DbType = Double), @p15='?' (DbType = Double), @p16='?' (DbType = Double), @p17='?' (Size = 4000), @p18='?' (DbType = Int32), @p19='?' (Size = 4000), @p20='?' (Size = 4000), @p21='?' (DbType = Int32), @p22='?' (DbType = DateTime2), @p23='?' (DbType = Double), @p24='?' (DbType = Double), @p25='?' (DbType = Double), @p26='?' (Size = 4000), @p27='?' (DbType = Int32), @p28='?' (Size = 4000), @p29='?' (Size = 4000), @p30='?' (DbType = Int32), @p31='?' (DbType = DateTime2), @p32='?' (DbType = Double), @p33='?' (DbType = Double), @p34='?' (DbType = Double), @p35='?' (Size = 4000), @p36='?' (DbType = Int32), @p37='?' (Size = 4000), @p38='?' (Size = 4000), @p39='?' (DbType = Int32), @p40='?' (DbType = DateTime2), @p41='?' (DbType = Double), @p42='?' (DbType = Double), @p43='?' (DbType = Double), @p44='?' (Size = 4000), @p45='?' (DbType = Int32), @p46='?' (Size = 4000), @p47='?' (Size = 4000), @p48='?' (DbType = Int32), @p49='?' (DbType = DateTime2), @p50='?' (DbType = Double), @p51='?' (DbType = Double), @p52='?' (DbType = Double), @p53='?' (Size = 4000), @p54='?' (DbType = Int32), @p55='?' (Size = 4000), @p56='?' (Size = 4000), @p57='?' (DbType = Int32), @p58='?' (DbType = DateTime2), @p59='?' (DbType = Double), @p60='?' (DbType = Double), @p61='?' (DbType = Double), @p62='?' (Size = 4000), @p63='?' (DbType = Int32), @p64='?' (Size = 4000), @p65='?' (Size = 4000), @p66='?' (DbType = Int32), @p67='?' (DbType = DateTime2), @p68='?' (DbType = Double), @p69='?' (DbType = Double), @p70='?' (DbType = Double), @p71='?' (Size = 4000), @p72='?' (DbType = Int32), @p73='?' (Size = 4000), @p74='?' (Size = 4000), @p75='?' (DbType = Int32), @p76='?' (DbType = DateTime2), @p77='?' (DbType = Double), @p78='?' (DbType = Double), @p79='?' (DbType = Double), @p80='?' (Size = 4000), @p81='?' (DbType = Int32), @p82='?' (Size = 4000), @p83='?' (Size = 4000), @p84='?' (DbType = Int32), @p85='?' (DbType = DateTime2), @p86='?' (DbType = Double), @p87='?' (DbType = Double), @p88='?' (DbType = Double), @p89='?' (Size = 4000), @p90='?' (DbType = Int32), @p91='?' (Size = 4000), @p92='?' (Size = 4000), @p93='?' (DbType = Int32), @p94='?' (DbType = DateTime2), @p95='?' (DbType = Double), @p96='?' (DbType = Double), @p97='?' (DbType = Double), @p98='?' (Size = 4000), @p99='?' (DbType = Int32), @p100='?' (Size = 4000), @p101='?' (Size = 4000), @p102='?' (DbType = Int32), @p103='?' (DbType = DateTime2), @p104='?' (DbType = Double), @p105='?' (DbType = Double), @p106='?' (DbType = Double), @p107='?' (Size = 4000), @p108='?' (DbType = Int32), @p109='?' (Size = 4000), @p110='?' (Size = 4000), @p111='?' (DbType = Int32), @p112='?' (DbType = DateTime2), @p113='?' (DbType = Double), @p114='?' (DbType = Double), @p115='?' (DbType = Double), @p116='?' (Size = 4000), @p117='?' (DbType = Int32), @p118='?' (Size = 4000), @p119='?' (Size = 4000), @p120='?' (DbType = Int32), @p121='?' (DbType = DateTime2), @p122='?' (DbType = Double), @p123='?' (DbType = Double), @p124='?' (DbType = Double), @p125='?' (Size = 4000), @p126='?' (DbType = Int32), @p127='?' (Size = 4000), @p128='?' (Size = 4000), @p129='?' (DbType = Int32), @p130='?' (DbType = DateTime2), @p131='?' (DbType = Double), @p132='?' (DbType = Double), @p133='?' (DbType = Double), @p134='?' (Size = 4000), @p135='?' (DbType = Int32), @p136='?' (Size = 4000), @p137='?' (Size = 4000), @p138='?' (DbType = Int32), @p139='?' (DbType = DateTime2), @p140='?' (DbType = Double), @p141='?' (DbType = Double), @p142='?' (DbType = Double), @p143='?' (Size = 4000), @p144='?' (DbType = Int32), @p145='?' (Size = 4000), @p146='?' (Size = 4000), @p147='?' (DbType = Int32), @p148='?' (DbType = DateTime2), @p149='?' (DbType = Double), @p150='?' (DbType = Double), @p151='?' (DbType = Double), @p152='?' (Size = 4000), @p153='?' (DbType = Int32), @p154='?' (Size = 4000), @p155='?' (Size = 4000), @p156='?' (DbType = Int32), @p157='?' (DbType = DateTime2), @p158='?' (DbType = Double), @p159='?' (DbType = Double), @p160='?' (DbType = Double), @p161='?' (Size = 4000), @p162='?' (DbType = Int32), @p163='?' (Size = 4000), @p164='?' (Size = 4000), @p165='?' (DbType = Int32), @p166='?' (DbType = DateTime2), @p167='?' (DbType = Double), @p168='?' (DbType = Double), @p169='?' (DbType = Double), @p170='?' (Size = 4000), @p171='?' (DbType = Int32), @p172='?' (Size = 4000), @p173='?' (Size = 4000), @p174='?' (DbType = Int32), @p175='?' (DbType = DateTime2), @p176='?' (DbType = Double), @p177='?' (DbType = Double), @p178='?' (DbType = Double), @p179='?' (Size = 4000), @p180='?' (DbType = Int32), @p181='?' (Size = 4000), @p182='?' (Size = 4000), @p183='?' (DbType = Int32), @p184='?' (DbType = DateTime2), @p185='?' (DbType = Double), @p186='?' (DbType = Double), @p187='?' (DbType = Double), @p188='?' (Size = 4000), @p189='?' (DbType = Int32), @p190='?' (Size = 4000), @p191='?' (Size = 4000), @p192='?' (DbType = Int32), @p193='?' (DbType = DateTime2), @p194='?' (DbType = Double), @p195='?' (DbType = Double), @p196='?' (DbType = Double), @p197='?' (Size = 4000), @p198='?' (DbType = Int32), @p199='?' (Size = 4000), @p200='?' (Size = 4000), @p201='?' (DbType = Int32), @p202='?' (DbType = DateTime2), @p203='?' (DbType = Double), @p204='?' (DbType = Double), @p205='?' (DbType = Double), @p206='?' (Size = 4000), @p207='?' (DbType = Int32), @p208='?' (Size = 4000), @p209='?' (Size = 4000), @p210='?' (DbType = Int32), @p211='?' (DbType = DateTime2), @p212='?' (DbType = Double), @p213='?' (DbType = Double), @p214='?' (DbType = Double), @p215='?' (Size = 4000), @p216='?' (DbType = Int32), @p217='?' (Size = 4000), @p218='?' (Size = 4000), @p219='?' (DbType = Int32), @p220='?' (DbType = DateTime2), @p221='?' (DbType = Double), @p222='?' (DbType = Double), @p223='?' (DbType = Double), @p224='?' (Size = 4000), @p225='?' (DbType = Int32), @p226='?' (Size = 4000), @p227='?' (Size = 4000), @p228='?' (DbType = Int32), @p229='?' (DbType = DateTime2), @p230='?' (DbType = Double), @p231='?' (DbType = Double), @p232='?' (DbType = Double), @p233='?' (Size = 4000), @p234='?' (DbType = Int32), @p235='?' (Size = 4000), @p236='?' (Size = 4000), @p237='?' (DbType = Int32), @p238='?' (DbType = DateTime2), @p239='?' (DbType = Double), @p240='?' (DbType = Double), @p241='?' (DbType = Double), @p242='?' (Size = 4000), @p243='?' (DbType = Int32), @p244='?' (Size = 4000), @p245='?' (Size = 4000), @p246='?' (DbType = Int32), @p247='?' (DbType = DateTime2), @p248='?' (DbType = Double), @p249='?' (DbType = Double), @p250='?' (DbType = Double), @p251='?' (Size = 4000)], CommandType='Text', CommandTimeout='120']
      SET NOCOUNT ON;
      DECLARE @inserted0 TABLE ([DispId] int, [_Position] [int]);
      MERGE [TblDispatches] USING (
      VALUES (@p0, @p1, @p2, @p3, @p4, @p5, @p6, @p7, @p8, 0),
      (@p9, @p10, @p11, @p12, @p13, @p14, @p15, @p16, @p17, 1),
      (@p18, @p19, @p20, @p21, @p22, @p23, @p24, @p25, @p26, 2),
      (@p27, @p28, @p29, @p30, @p31, @p32, @p33, @p34, @p35, 3),
      (@p36, @p37, @p38, @p39, @p40, @p41, @p42, @p43, @p44, 4),
      (@p45, @p46, @p47, @p48, @p49, @p50, @p51, @p52, @p53, 5),
      (@p54, @p55, @p56, @p57, @p58, @p59, @p60, @p61, @p62, 6),
      (@p63, @p64, @p65, @p66, @p67, @p68, @p69, @p70, @p71, 7),
      (@p72, @p73, @p74, @p75, @p76, @p77, @p78, @p79, @p80, 8),
      (@p81, @p82, @p83, @p84, @p85, @p86, @p87, @p88, @p89, 9),
      (@p90, @p91, @p92, @p93, @p94, @p95, @p96, @p97, @p98, 10),
      (@p99, @p100, @p101, @p102, @p103, @p104, @p105, @p106, @p107, 11),
      (@p108, @p109, @p110, @p111, @p112, @p113, @p114, @p115, @p116, 12),
      (@p117, @p118, @p119, @p120, @p121, @p122, @p123, @p124, @p125, 13),
      (@p126, @p127, @p128, @p129, @p130, @p131, @p132, @p133, @p134, 14),
      (@p135, @p136, @p137, @p138, @p139, @p140, @p141, @p142, @p143, 15),
      (@p144, @p145, @p146, @p147, @p148, @p149, @p150, @p151, @p152, 16),
      (@p153, @p154, @p155, @p156, @p157, @p158, @p159, @p160, @p161, 17),
      (@p162, @p163, @p164, @p165, @p166, @p167, @p168, @p169, @p170, 18),
      (@p171, @p172, @p173, @p174, @p175, @p176, @p177, @p178, @p179, 19),
      (@p180, @p181, @p182, @p183, @p184, @p185, @p186, @p187, @p188, 20),
      (@p189, @p190, @p191, @p192, @p193, @p194, @p195, @p196, @p197, 21),
      (@p198, @p199, @p200, @p201, @p202, @p203, @p204, @p205, @p206, 22),
      (@p207, @p208, @p209, @p210, @p211, @p212, @p213, @p214, @p215, 23),
      (@p216, @p217, @p218, @p219, @p220, @p221, @p222, @p223, @p224, 24),
      (@p225, @p226, @p227, @p228, @p229, @p230, @p231, @p232, @p233, 25),
      (@p234, @p235, @p236, @p237, @p238, @p239, @p240, @p241, @p242, 26),
      (@p243, @p244, @p245, @p246, @p247, @p248, @p249, @p250, @p251, 27)) AS i ([BillID], [ChallanNo], [Destination], [DisVid], [DispatchDate], [DispatchQuantity], [FinalPrice], [UnitPrice], [VehicleNo], _Position) ON 1=0
      WHEN NOT MATCHED THEN
      INSERT ([BillID], [ChallanNo], [Destination], [DisVid], [DispatchDate], [DispatchQuantity], [FinalPrice], [UnitPrice], [VehicleNo])
      VALUES (i.[BillID], i.[ChallanNo], i.[Destination], i.[DisVid], i.[DispatchDate], i.[DispatchQuantity], i.[FinalPrice], i.[UnitPrice], i.[VehicleNo])
      OUTPUT INSERTED.[DispId], i._Position
      INTO @inserted0;
      
      SELECT [i].[DispId] FROM @inserted0 i
      ORDER BY [i].[_Position];
info: Microsoft.EntityFrameworkCore.Database.Command[20101]
      Executed DbCommand (2ms) [Parameters=[], CommandType='Text', CommandTimeout='120']
      SELECT [t].[FID], [t].[Address], [t].[Code], [t].[CreatedBy], [t].[CreatedOn], [t].[FactoryName], [t].[Gstin], [t].[IsActive], [t].[ModifiedBy], [t].[ModifiedOn]
      FROM [TblFactories] AS [t]
info: Microsoft.EntityFrameworkCore.Database.Command[20101]
      Executed DbCommand (2ms) [Parameters=[], CommandType='Text', CommandTimeout='120']
      SELECT [t].[DispId], [t].[BillID], [t].[ChallanNo], [t].[Destination], [t].[DisVid], [t].[DispatchDate], [t].[DispatchQuantity], [t].[FinalPrice], [t].[UnitPrice], [t].[VehicleNo]
      FROM [TblDispatches] AS [t]
info: Microsoft.EntityFrameworkCore.Infrastructure[10403]
      Entity Framework Core 6.0.21 initialized 'TransportMgmtContext' using provider 'Microsoft.EntityFrameworkCore.SqlServer:6.0.21' with options: CommandTimeout=120 
info: Microsoft.EntityFrameworkCore.Database.Command[20101]
      Executed DbCommand (2ms) [Parameters=[], CommandType='Text', CommandTimeout='120']
      SELECT [t].[FID], [t].[Address], [t].[Code], [t].[CreatedBy], [t].[CreatedOn], [t].[FactoryName], [t].[Gstin], [t].[IsActive], [t].[ModifiedBy], [t].[ModifiedOn]
      FROM [TblFactories] AS [t]
info: Microsoft.EntityFrameworkCore.Database.Command[20101]
      Executed DbCommand (2ms) [Parameters=[], CommandType='Text', CommandTimeout='120']
      SELECT [t].[FID], [t].[Address], [t].[Code], [t].[CreatedBy], [t].[CreatedOn], [t].[FactoryName], [t].[Gstin], [t].[IsActive], [t].[ModifiedBy], [t].[ModifiedOn]
      FROM [TblFactories] AS [t]
info: Microsoft.EntityFrameworkCore.Database.Command[20101]
      Executed DbCommand (98ms) [Parameters=[], CommandType='Text', CommandTimeout='120']
      SELECT [b].[BillID], [b].[ActualAmount], [b].[BillDate], [b].[BillNum], [b].[BillType], [b].[FID], [b].[Gst], [b].[GstDate], [b].[PId], [b].[PaymentReceived], [b].[PaymentTablePId], [b].[Tds]
      FROM [BillTables] AS [b]
info: Microsoft.EntityFrameworkCore.Infrastructure[10403]
      Entity Framework Core 6.0.21 initialized 'TransportMgmtContext' using provider 'Microsoft.EntityFrameworkCore.SqlServer:6.0.21' with options: CommandTimeout=120 
info: Microsoft.EntityFrameworkCore.Database.Command[20101]
      Executed DbCommand (7ms) [Parameters=[], CommandType='Text', CommandTimeout='120']
      SELECT [t].[FID], [t].[Address], [t].[Code], [t].[CreatedBy], [t].[CreatedOn], [t].[FactoryName], [t].[Gstin], [t].[IsActive], [t].[ModifiedBy], [t].[ModifiedOn]
      FROM [TblFactories] AS [t]
info: Microsoft.EntityFrameworkCore.Database.Command[20101]
      Executed DbCommand (1ms) [Parameters=[], CommandType='Text', CommandTimeout='120']
      SELECT [t].[FID], [t].[Address], [t].[Code], [t].[CreatedBy], [t].[CreatedOn], [t].[FactoryName], [t].[Gstin], [t].[IsActive], [t].[ModifiedBy], [t].[ModifiedOn]
      FROM [TblFactories] AS [t]
info: Microsoft.EntityFrameworkCore.Database.Command[20101]
      Executed DbCommand (9ms) [Parameters=[], CommandType='Text', CommandTimeout='120']
      SELECT [t].[DispId], [t].[BillID], [t].[ChallanNo], [t].[Destination], [t].[DisVid], [t].[DispatchDate], [t].[DispatchQuantity], [t].[FinalPrice], [t].[UnitPrice], [t].[VehicleNo]
      FROM [TblDispatches] AS [t]
info: Microsoft.EntityFrameworkCore.Infrastructure[10403]
      Entity Framework Core 6.0.21 initialized 'TransportMgmtContext' using provider 'Microsoft.EntityFrameworkCore.SqlServer:6.0.21' with options: CommandTimeout=120 
info: Microsoft.EntityFrameworkCore.Database.Command[20101]
      Executed DbCommand (17ms) [Parameters=[@__cell1_0='?' (Size = 4000)], CommandType='Text', CommandTimeout='120']
      SELECT TOP(1) [t].[DispId], [t].[BillID], [t].[ChallanNo], [t].[Destination], [t].[DisVid], [t].[DispatchDate], [t].[DispatchQuantity], [t].[FinalPrice], [t].[UnitPrice], [t].[VehicleNo]
      FROM [TblDispatches] AS [t]
      WHERE [t].[ChallanNo] = @__cell1_0
info: Microsoft.EntityFrameworkCore.Database.Command[20101]
      Executed DbCommand (13ms) [Parameters=[@__cell1_0='?' (Size = 4000)], CommandType='Text', CommandTimeout='120']
      SELECT TOP(1) [t].[DispId], [t].[BillID], [t].[ChallanNo], [t].[Destination], [t].[DisVid], [t].[DispatchDate], [t].[DispatchQuantity], [t].[FinalPrice], [t].[UnitPrice], [t].[VehicleNo]
      FROM [TblDispatches] AS [t]
      WHERE [t].[ChallanNo] = @__cell1_0
info: Microsoft.EntityFrameworkCore.Database.Command[20101]
      Executed DbCommand (8ms) [Parameters=[@__cell1_0='?' (Size = 4000)], CommandType='Text', CommandTimeout='120']
      SELECT TOP(1) [t].[DispId], [t].[BillID], [t].[ChallanNo], [t].[Destination], [t].[DisVid], [t].[DispatchDate], [t].[DispatchQuantity], [t].[FinalPrice], [t].[UnitPrice], [t].[VehicleNo]
      FROM [TblDispatches] AS [t]
      WHERE [t].[ChallanNo] = @__cell1_0
info: Microsoft.EntityFrameworkCore.Database.Command[20101]
      Executed DbCommand (12ms) [Parameters=[@__cell1_0='?' (Size = 4000)], CommandType='Text', CommandTimeout='120']
      SELECT TOP(1) [t].[DispId], [t].[BillID], [t].[ChallanNo], [t].[Destination], [t].[DisVid], [t].[DispatchDate], [t].[DispatchQuantity], [t].[FinalPrice], [t].[UnitPrice], [t].[VehicleNo]
      FROM [TblDispatches] AS [t]
      WHERE [t].[ChallanNo] = @__cell1_0
info: Microsoft.EntityFrameworkCore.Database.Command[20101]
      Executed DbCommand (11ms) [Parameters=[@__cell1_0='?' (Size = 4000)], CommandType='Text', CommandTimeout='120']
      SELECT TOP(1) [t].[DispId], [t].[BillID], [t].[ChallanNo], [t].[Destination], [t].[DisVid], [t].[DispatchDate], [t].[DispatchQuantity], [t].[FinalPrice], [t].[UnitPrice], [t].[VehicleNo]
      FROM [TblDispatches] AS [t]
      WHERE [t].[ChallanNo] = @__cell1_0
info: Microsoft.EntityFrameworkCore.Database.Command[20101]
      Executed DbCommand (7ms) [Parameters=[@__cell1_0='?' (Size = 4000)], CommandType='Text', CommandTimeout='120']
      SELECT TOP(1) [t].[DispId], [t].[BillID], [t].[ChallanNo], [t].[Destination], [t].[DisVid], [t].[DispatchDate], [t].[DispatchQuantity], [t].[FinalPrice], [t].[UnitPrice], [t].[VehicleNo]
      FROM [TblDispatches] AS [t]
      WHERE [t].[ChallanNo] = @__cell1_0
info: Microsoft.EntityFrameworkCore.Database.Command[20101]
      Executed DbCommand (8ms) [Parameters=[@__cell1_0='?' (Size = 4000)], CommandType='Text', CommandTimeout='120']
      SELECT TOP(1) [t].[DispId], [t].[BillID], [t].[ChallanNo], [t].[Destination], [t].[DisVid], [t].[DispatchDate], [t].[DispatchQuantity], [t].[FinalPrice], [t].[UnitPrice], [t].[VehicleNo]
      FROM [TblDispatches] AS [t]
      WHERE [t].[ChallanNo] = @__cell1_0
info: Microsoft.EntityFrameworkCore.Database.Command[20101]
      Executed DbCommand (6ms) [Parameters=[@__cell1_0='?' (Size = 4000)], CommandType='Text', CommandTimeout='120']
      SELECT TOP(1) [t].[DispId], [t].[BillID], [t].[ChallanNo], [t].[Destination], [t].[DisVid], [t].[DispatchDate], [t].[DispatchQuantity], [t].[FinalPrice], [t].[UnitPrice], [t].[VehicleNo]
      FROM [TblDispatches] AS [t]
      WHERE [t].[ChallanNo] = @__cell1_0
info: Microsoft.EntityFrameworkCore.Database.Command[20101]
      Executed DbCommand (11ms) [Parameters=[@__cell1_0='?' (Size = 4000)], CommandType='Text', CommandTimeout='120']
      SELECT TOP(1) [t].[DispId], [t].[BillID], [t].[ChallanNo], [t].[Destination], [t].[DisVid], [t].[DispatchDate], [t].[DispatchQuantity], [t].[FinalPrice], [t].[UnitPrice], [t].[VehicleNo]
      FROM [TblDispatches] AS [t]
      WHERE [t].[ChallanNo] = @__cell1_0
info: Microsoft.EntityFrameworkCore.Database.Command[20101]
      Executed DbCommand (10ms) [Parameters=[@__cell1_0='?' (Size = 4000)], CommandType='Text', CommandTimeout='120']
      SELECT TOP(1) [t].[DispId], [t].[BillID], [t].[ChallanNo], [t].[Destination], [t].[DisVid], [t].[DispatchDate], [t].[DispatchQuantity], [t].[FinalPrice], [t].[UnitPrice], [t].[VehicleNo]
      FROM [TblDispatches] AS [t]
      WHERE [t].[ChallanNo] = @__cell1_0
info: Microsoft.EntityFrameworkCore.Database.Command[20101]
      Executed DbCommand (7ms) [Parameters=[@__cell1_0='?' (Size = 4000)], CommandType='Text', CommandTimeout='120']
      SELECT TOP(1) [t].[DispId], [t].[BillID], [t].[ChallanNo], [t].[Destination], [t].[DisVid], [t].[DispatchDate], [t].[DispatchQuantity], [t].[FinalPrice], [t].[UnitPrice], [t].[VehicleNo]
      FROM [TblDispatches] AS [t]
      WHERE [t].[ChallanNo] = @__cell1_0
info: Microsoft.EntityFrameworkCore.Database.Command[20101]
      Executed DbCommand (12ms) [Parameters=[@__cell1_0='?' (Size = 4000)], CommandType='Text', CommandTimeout='120']
      SELECT TOP(1) [t].[DispId], [t].[BillID], [t].[ChallanNo], [t].[Destination], [t].[DisVid], [t].[DispatchDate], [t].[DispatchQuantity], [t].[FinalPrice], [t].[UnitPrice], [t].[VehicleNo]
      FROM [TblDispatches] AS [t]
      WHERE [t].[ChallanNo] = @__cell1_0
info: Microsoft.EntityFrameworkCore.Database.Command[20101]
      Executed DbCommand (8ms) [Parameters=[@__cell1_0='?' (Size = 4000)], CommandType='Text', CommandTimeout='120']
      SELECT TOP(1) [t].[DispId], [t].[BillID], [t].[ChallanNo], [t].[Destination], [t].[DisVid], [t].[DispatchDate], [t].[DispatchQuantity], [t].[FinalPrice], [t].[UnitPrice], [t].[VehicleNo]
      FROM [TblDispatches] AS [t]
      WHERE [t].[ChallanNo] = @__cell1_0
info: Microsoft.EntityFrameworkCore.Database.Command[20101]
      Executed DbCommand (7ms) [Parameters=[@__cell1_0='?' (Size = 4000)], CommandType='Text', CommandTimeout='120']
      SELECT TOP(1) [t].[DispId], [t].[BillID], [t].[ChallanNo], [t].[Destination], [t].[DisVid], [t].[DispatchDate], [t].[DispatchQuantity], [t].[FinalPrice], [t].[UnitPrice], [t].[VehicleNo]
      FROM [TblDispatches] AS [t]
      WHERE [t].[ChallanNo] = @__cell1_0
info: Microsoft.EntityFrameworkCore.Database.Command[20101]
      Executed DbCommand (13ms) [Parameters=[@__cell1_0='?' (Size = 4000)], CommandType='Text', CommandTimeout='120']
      SELECT TOP(1) [t].[DispId], [t].[BillID], [t].[ChallanNo], [t].[Destination], [t].[DisVid], [t].[DispatchDate], [t].[DispatchQuantity], [t].[FinalPrice], [t].[UnitPrice], [t].[VehicleNo]
      FROM [TblDispatches] AS [t]
      WHERE [t].[ChallanNo] = @__cell1_0
info: Microsoft.EntityFrameworkCore.Database.Command[20101]
      Executed DbCommand (11ms) [Parameters=[@__cell1_0='?' (Size = 4000)], CommandType='Text', CommandTimeout='120']
      SELECT TOP(1) [t].[DispId], [t].[BillID], [t].[ChallanNo], [t].[Destination], [t].[DisVid], [t].[DispatchDate], [t].[DispatchQuantity], [t].[FinalPrice], [t].[UnitPrice], [t].[VehicleNo]
      FROM [TblDispatches] AS [t]
      WHERE [t].[ChallanNo] = @__cell1_0
info: Microsoft.EntityFrameworkCore.Database.Command[20101]
      Executed DbCommand (15ms) [Parameters=[@__cell1_0='?' (Size = 4000)], CommandType='Text', CommandTimeout='120']
      SELECT TOP(1) [t].[DispId], [t].[BillID], [t].[ChallanNo], [t].[Destination], [t].[DisVid], [t].[DispatchDate], [t].[DispatchQuantity], [t].[FinalPrice], [t].[UnitPrice], [t].[VehicleNo]
      FROM [TblDispatches] AS [t]
      WHERE [t].[ChallanNo] = @__cell1_0
info: Microsoft.EntityFrameworkCore.Database.Command[20101]
      Executed DbCommand (15ms) [Parameters=[@__cell1_0='?' (Size = 4000)], CommandType='Text', CommandTimeout='120']
      SELECT TOP(1) [t].[DispId], [t].[BillID], [t].[ChallanNo], [t].[Destination], [t].[DisVid], [t].[DispatchDate], [t].[DispatchQuantity], [t].[FinalPrice], [t].[UnitPrice], [t].[VehicleNo]
      FROM [TblDispatches] AS [t]
      WHERE [t].[ChallanNo] = @__cell1_0
info: Microsoft.EntityFrameworkCore.Database.Command[20101]
      Executed DbCommand (11ms) [Parameters=[@__cell1_0='?' (Size = 4000)], CommandType='Text', CommandTimeout='120']
      SELECT TOP(1) [t].[DispId], [t].[BillID], [t].[ChallanNo], [t].[Destination], [t].[DisVid], [t].[DispatchDate], [t].[DispatchQuantity], [t].[FinalPrice], [t].[UnitPrice], [t].[VehicleNo]
      FROM [TblDispatches] AS [t]
      WHERE [t].[ChallanNo] = @__cell1_0
info: Microsoft.EntityFrameworkCore.Database.Command[20101]
      Executed DbCommand (10ms) [Parameters=[@__cell1_0='?' (Size = 4000)], CommandType='Text', CommandTimeout='120']
      SELECT TOP(1) [t].[DispId], [t].[BillID], [t].[ChallanNo], [t].[Destination], [t].[DisVid], [t].[DispatchDate], [t].[DispatchQuantity], [t].[FinalPrice], [t].[UnitPrice], [t].[VehicleNo]
      FROM [TblDispatches] AS [t]
      WHERE [t].[ChallanNo] = @__cell1_0
info: Microsoft.EntityFrameworkCore.Database.Command[20101]
      Executed DbCommand (7ms) [Parameters=[@__cell1_0='?' (Size = 4000)], CommandType='Text', CommandTimeout='120']
      SELECT TOP(1) [t].[DispId], [t].[BillID], [t].[ChallanNo], [t].[Destination], [t].[DisVid], [t].[DispatchDate], [t].[DispatchQuantity], [t].[FinalPrice], [t].[UnitPrice], [t].[VehicleNo]
      FROM [TblDispatches] AS [t]
      WHERE [t].[ChallanNo] = @__cell1_0
info: Microsoft.EntityFrameworkCore.Database.Command[20101]
      Executed DbCommand (9ms) [Parameters=[@__cell1_0='?' (Size = 4000)], CommandType='Text', CommandTimeout='120']
      SELECT TOP(1) [t].[DispId], [t].[BillID], [t].[ChallanNo], [t].[Destination], [t].[DisVid], [t].[DispatchDate], [t].[DispatchQuantity], [t].[FinalPrice], [t].[UnitPrice], [t].[VehicleNo]
      FROM [TblDispatches] AS [t]
      WHERE [t].[ChallanNo] = @__cell1_0
info: Microsoft.EntityFrameworkCore.Database.Command[20101]
      Executed DbCommand (12ms) [Parameters=[@__cell1_0='?' (Size = 4000)], CommandType='Text', CommandTimeout='120']
      SELECT TOP(1) [t].[DispId], [t].[BillID], [t].[ChallanNo], [t].[Destination], [t].[DisVid], [t].[DispatchDate], [t].[DispatchQuantity], [t].[FinalPrice], [t].[UnitPrice], [t].[VehicleNo]
      FROM [TblDispatches] AS [t]
      WHERE [t].[ChallanNo] = @__cell1_0
info: Microsoft.EntityFrameworkCore.Database.Command[20101]
      Executed DbCommand (9ms) [Parameters=[@__cell1_0='?' (Size = 4000)], CommandType='Text', CommandTimeout='120']
      SELECT TOP(1) [t].[DispId], [t].[BillID], [t].[ChallanNo], [t].[Destination], [t].[DisVid], [t].[DispatchDate], [t].[DispatchQuantity], [t].[FinalPrice], [t].[UnitPrice], [t].[VehicleNo]
      FROM [TblDispatches] AS [t]
      WHERE [t].[ChallanNo] = @__cell1_0
info: Microsoft.EntityFrameworkCore.Database.Command[20101]
      Executed DbCommand (13ms) [Parameters=[@__cell1_0='?' (Size = 4000)], CommandType='Text', CommandTimeout='120']
      SELECT TOP(1) [t].[DispId], [t].[BillID], [t].[ChallanNo], [t].[Destination], [t].[DisVid], [t].[DispatchDate], [t].[DispatchQuantity], [t].[FinalPrice], [t].[UnitPrice], [t].[VehicleNo]
      FROM [TblDispatches] AS [t]
      WHERE [t].[ChallanNo] = @__cell1_0
info: Microsoft.EntityFrameworkCore.Database.Command[20101]
      Executed DbCommand (15ms) [Parameters=[@__cell1_0='?' (Size = 4000)], CommandType='Text', CommandTimeout='120']
      SELECT TOP(1) [t].[DispId], [t].[BillID], [t].[ChallanNo], [t].[Destination], [t].[DisVid], [t].[DispatchDate], [t].[DispatchQuantity], [t].[FinalPrice], [t].[UnitPrice], [t].[VehicleNo]
      FROM [TblDispatches] AS [t]
      WHERE [t].[ChallanNo] = @__cell1_0
info: Microsoft.EntityFrameworkCore.Database.Command[20101]
      Executed DbCommand (16ms) [Parameters=[@__cell1_0='?' (Size = 4000)], CommandType='Text', CommandTimeout='120']
      SELECT TOP(1) [t].[DispId], [t].[BillID], [t].[ChallanNo], [t].[Destination], [t].[DisVid], [t].[DispatchDate], [t].[DispatchQuantity], [t].[FinalPrice], [t].[UnitPrice], [t].[VehicleNo]
      FROM [TblDispatches] AS [t]
      WHERE [t].[ChallanNo] = @__cell1_0
info: Microsoft.EntityFrameworkCore.Database.Command[20101]
      Executed DbCommand (13ms) [Parameters=[@__cell1_0='?' (Size = 4000)], CommandType='Text', CommandTimeout='120']
      SELECT TOP(1) [t].[DispId], [t].[BillID], [t].[ChallanNo], [t].[Destination], [t].[DisVid], [t].[DispatchDate], [t].[DispatchQuantity], [t].[FinalPrice], [t].[UnitPrice], [t].[VehicleNo]
      FROM [TblDispatches] AS [t]
      WHERE [t].[ChallanNo] = @__cell1_0
info: Microsoft.EntityFrameworkCore.Database.Command[20101]
      Executed DbCommand (14ms) [Parameters=[@__cell1_0='?' (Size = 4000)], CommandType='Text', CommandTimeout='120']
      SELECT TOP(1) [t].[DispId], [t].[BillID], [t].[ChallanNo], [t].[Destination], [t].[DisVid], [t].[DispatchDate], [t].[DispatchQuantity], [t].[FinalPrice], [t].[UnitPrice], [t].[VehicleNo]
      FROM [TblDispatches] AS [t]
      WHERE [t].[ChallanNo] = @__cell1_0
info: Microsoft.EntityFrameworkCore.Database.Command[20101]
      Executed DbCommand (15ms) [Parameters=[@__cell1_0='?' (Size = 4000)], CommandType='Text', CommandTimeout='120']
      SELECT TOP(1) [t].[DispId], [t].[BillID], [t].[ChallanNo], [t].[Destination], [t].[DisVid], [t].[DispatchDate], [t].[DispatchQuantity], [t].[FinalPrice], [t].[UnitPrice], [t].[VehicleNo]
      FROM [TblDispatches] AS [t]
      WHERE [t].[ChallanNo] = @__cell1_0
info: Microsoft.EntityFrameworkCore.Database.Command[20101]
      Executed DbCommand (10ms) [Parameters=[@__cell1_0='?' (Size = 4000)], CommandType='Text', CommandTimeout='120']
      SELECT TOP(1) [t].[DispId], [t].[BillID], [t].[ChallanNo], [t].[Destination], [t].[DisVid], [t].[DispatchDate], [t].[DispatchQuantity], [t].[FinalPrice], [t].[UnitPrice], [t].[VehicleNo]
      FROM [TblDispatches] AS [t]
      WHERE [t].[ChallanNo] = @__cell1_0
info: Microsoft.EntityFrameworkCore.Database.Command[20101]
      Executed DbCommand (11ms) [Parameters=[@__cell1_0='?' (Size = 4000)], CommandType='Text', CommandTimeout='120']
      SELECT TOP(1) [t].[DispId], [t].[BillID], [t].[ChallanNo], [t].[Destination], [t].[DisVid], [t].[DispatchDate], [t].[DispatchQuantity], [t].[FinalPrice], [t].[UnitPrice], [t].[VehicleNo]
      FROM [TblDispatches] AS [t]
      WHERE [t].[ChallanNo] = @__cell1_0
info: Microsoft.EntityFrameworkCore.Database.Command[20101]
      Executed DbCommand (94ms) [Parameters=[@p0='?' (DbType = Int32), @p1='?' (Size = 4000), @p2='?' (Size = 4000), @p3='?' (DbType = Int32), @p4='?' (DbType = DateTime2), @p5='?' (DbType = Double), @p6='?' (DbType = Double), @p7='?' (DbType = Double), @p8='?' (Size = 4000), @p9='?' (DbType = Int32), @p10='?' (Size = 4000), @p11='?' (Size = 4000), @p12='?' (DbType = Int32), @p13='?' (DbType = DateTime2), @p14='?' (DbType = Double), @p15='?' (DbType = Double), @p16='?' (DbType = Double), @p17='?' (Size = 4000), @p18='?' (DbType = Int32), @p19='?' (Size = 4000), @p20='?' (Size = 4000), @p21='?' (DbType = Int32), @p22='?' (DbType = DateTime2), @p23='?' (DbType = Double), @p24='?' (DbType = Double), @p25='?' (DbType = Double), @p26='?' (Size = 4000), @p27='?' (DbType = Int32), @p28='?' (Size = 4000), @p29='?' (Size = 4000), @p30='?' (DbType = Int32), @p31='?' (DbType = DateTime2), @p32='?' (DbType = Double), @p33='?' (DbType = Double), @p34='?' (DbType = Double), @p35='?' (Size = 4000), @p36='?' (DbType = Int32), @p37='?' (Size = 4000), @p38='?' (Size = 4000), @p39='?' (DbType = Int32), @p40='?' (DbType = DateTime2), @p41='?' (DbType = Double), @p42='?' (DbType = Double), @p43='?' (DbType = Double), @p44='?' (Size = 4000), @p45='?' (DbType = Int32), @p46='?' (Size = 4000), @p47='?' (Size = 4000), @p48='?' (DbType = Int32), @p49='?' (DbType = DateTime2), @p50='?' (DbType = Double), @p51='?' (DbType = Double), @p52='?' (DbType = Double), @p53='?' (Size = 4000), @p54='?' (DbType = Int32), @p55='?' (Size = 4000), @p56='?' (Size = 4000), @p57='?' (DbType = Int32), @p58='?' (DbType = DateTime2), @p59='?' (DbType = Double), @p60='?' (DbType = Double), @p61='?' (DbType = Double), @p62='?' (Size = 4000), @p63='?' (DbType = Int32), @p64='?' (Size = 4000), @p65='?' (Size = 4000), @p66='?' (DbType = Int32), @p67='?' (DbType = DateTime2), @p68='?' (DbType = Double), @p69='?' (DbType = Double), @p70='?' (DbType = Double), @p71='?' (Size = 4000), @p72='?' (DbType = Int32), @p73='?' (Size = 4000), @p74='?' (Size = 4000), @p75='?' (DbType = Int32), @p76='?' (DbType = DateTime2), @p77='?' (DbType = Double), @p78='?' (DbType = Double), @p79='?' (DbType = Double), @p80='?' (Size = 4000), @p81='?' (DbType = Int32), @p82='?' (Size = 4000), @p83='?' (Size = 4000), @p84='?' (DbType = Int32), @p85='?' (DbType = DateTime2), @p86='?' (DbType = Double), @p87='?' (DbType = Double), @p88='?' (DbType = Double), @p89='?' (Size = 4000), @p90='?' (DbType = Int32), @p91='?' (Size = 4000), @p92='?' (Size = 4000), @p93='?' (DbType = Int32), @p94='?' (DbType = DateTime2), @p95='?' (DbType = Double), @p96='?' (DbType = Double), @p97='?' (DbType = Double), @p98='?' (Size = 4000), @p99='?' (DbType = Int32), @p100='?' (Size = 4000), @p101='?' (Size = 4000), @p102='?' (DbType = Int32), @p103='?' (DbType = DateTime2), @p104='?' (DbType = Double), @p105='?' (DbType = Double), @p106='?' (DbType = Double), @p107='?' (Size = 4000), @p108='?' (DbType = Int32), @p109='?' (Size = 4000), @p110='?' (Size = 4000), @p111='?' (DbType = Int32), @p112='?' (DbType = DateTime2), @p113='?' (DbType = Double), @p114='?' (DbType = Double), @p115='?' (DbType = Double), @p116='?' (Size = 4000), @p117='?' (DbType = Int32), @p118='?' (Size = 4000), @p119='?' (Size = 4000), @p120='?' (DbType = Int32), @p121='?' (DbType = DateTime2), @p122='?' (DbType = Double), @p123='?' (DbType = Double), @p124='?' (DbType = Double), @p125='?' (Size = 4000), @p126='?' (DbType = Int32), @p127='?' (Size = 4000), @p128='?' (Size = 4000), @p129='?' (DbType = Int32), @p130='?' (DbType = DateTime2), @p131='?' (DbType = Double), @p132='?' (DbType = Double), @p133='?' (DbType = Double), @p134='?' (Size = 4000), @p135='?' (DbType = Int32), @p136='?' (Size = 4000), @p137='?' (Size = 4000), @p138='?' (DbType = Int32), @p139='?' (DbType = DateTime2), @p140='?' (DbType = Double), @p141='?' (DbType = Double), @p142='?' (DbType = Double), @p143='?' (Size = 4000), @p144='?' (DbType = Int32), @p145='?' (Size = 4000), @p146='?' (Size = 4000), @p147='?' (DbType = Int32), @p148='?' (DbType = DateTime2), @p149='?' (DbType = Double), @p150='?' (DbType = Double), @p151='?' (DbType = Double), @p152='?' (Size = 4000), @p153='?' (DbType = Int32), @p154='?' (Size = 4000), @p155='?' (Size = 4000), @p156='?' (DbType = Int32), @p157='?' (DbType = DateTime2), @p158='?' (DbType = Double), @p159='?' (DbType = Double), @p160='?' (DbType = Double), @p161='?' (Size = 4000), @p162='?' (DbType = Int32), @p163='?' (Size = 4000), @p164='?' (Size = 4000), @p165='?' (DbType = Int32), @p166='?' (DbType = DateTime2), @p167='?' (DbType = Double), @p168='?' (DbType = Double), @p169='?' (DbType = Double), @p170='?' (Size = 4000), @p171='?' (DbType = Int32), @p172='?' (Size = 4000), @p173='?' (Size = 4000), @p174='?' (DbType = Int32), @p175='?' (DbType = DateTime2), @p176='?' (DbType = Double), @p177='?' (DbType = Double), @p178='?' (DbType = Double), @p179='?' (Size = 4000), @p180='?' (DbType = Int32), @p181='?' (Size = 4000), @p182='?' (Size = 4000), @p183='?' (DbType = Int32), @p184='?' (DbType = DateTime2), @p185='?' (DbType = Double), @p186='?' (DbType = Double), @p187='?' (DbType = Double), @p188='?' (Size = 4000), @p189='?' (DbType = Int32), @p190='?' (Size = 4000), @p191='?' (Size = 4000), @p192='?' (DbType = Int32), @p193='?' (DbType = DateTime2), @p194='?' (DbType = Double), @p195='?' (DbType = Double), @p196='?' (DbType = Double), @p197='?' (Size = 4000), @p198='?' (DbType = Int32), @p199='?' (Size = 4000), @p200='?' (Size = 4000), @p201='?' (DbType = Int32), @p202='?' (DbType = DateTime2), @p203='?' (DbType = Double), @p204='?' (DbType = Double), @p205='?' (DbType = Double), @p206='?' (Size = 4000), @p207='?' (DbType = Int32), @p208='?' (Size = 4000), @p209='?' (Size = 4000), @p210='?' (DbType = Int32), @p211='?' (DbType = DateTime2), @p212='?' (DbType = Double), @p213='?' (DbType = Double), @p214='?' (DbType = Double), @p215='?' (Size = 4000), @p216='?' (DbType = Int32), @p217='?' (Size = 4000), @p218='?' (Size = 4000), @p219='?' (DbType = Int32), @p220='?' (DbType = DateTime2), @p221='?' (DbType = Double), @p222='?' (DbType = Double), @p223='?' (DbType = Double), @p224='?' (Size = 4000), @p225='?' (DbType = Int32), @p226='?' (Size = 4000), @p227='?' (Size = 4000), @p228='?' (DbType = Int32), @p229='?' (DbType = DateTime2), @p230='?' (DbType = Double), @p231='?' (DbType = Double), @p232='?' (DbType = Double), @p233='?' (Size = 4000), @p234='?' (DbType = Int32), @p235='?' (Size = 4000), @p236='?' (Size = 4000), @p237='?' (DbType = Int32), @p238='?' (DbType = DateTime2), @p239='?' (DbType = Double), @p240='?' (DbType = Double), @p241='?' (DbType = Double), @p242='?' (Size = 4000), @p243='?' (DbType = Int32), @p244='?' (Size = 4000), @p245='?' (Size = 4000), @p246='?' (DbType = Int32), @p247='?' (DbType = DateTime2), @p248='?' (DbType = Double), @p249='?' (DbType = Double), @p250='?' (DbType = Double), @p251='?' (Size = 4000), @p252='?' (DbType = Int32), @p253='?' (Size = 4000), @p254='?' (Size = 4000), @p255='?' (DbType = Int32), @p256='?' (DbType = DateTime2), @p257='?' (DbType = Double), @p258='?' (DbType = Double), @p259='?' (DbType = Double), @p260='?' (Size = 4000), @p261='?' (DbType = Int32), @p262='?' (Size = 4000), @p263='?' (Size = 4000), @p264='?' (DbType = Int32), @p265='?' (DbType = DateTime2), @p266='?' (DbType = Double), @p267='?' (DbType = Double), @p268='?' (DbType = Double), @p269='?' (Size = 4000), @p270='?' (DbType = Int32), @p271='?' (Size = 4000), @p272='?' (Size = 4000), @p273='?' (DbType = Int32), @p274='?' (DbType = DateTime2), @p275='?' (DbType = Double), @p276='?' (DbType = Double), @p277='?' (DbType = Double), @p278='?' (Size = 4000), @p279='?' (DbType = Int32), @p280='?' (Size = 4000), @p281='?' (Size = 4000), @p282='?' (DbType = Int32), @p283='?' (DbType = DateTime2), @p284='?' (DbType = Double), @p285='?' (DbType = Double), @p286='?' (DbType = Double), @p287='?' (Size = 4000)], CommandType='Text', CommandTimeout='120']
      SET NOCOUNT ON;
      DECLARE @inserted0 TABLE ([DispId] int, [_Position] [int]);
      MERGE [TblDispatches] USING (
      VALUES (@p0, @p1, @p2, @p3, @p4, @p5, @p6, @p7, @p8, 0),
      (@p9, @p10, @p11, @p12, @p13, @p14, @p15, @p16, @p17, 1),
      (@p18, @p19, @p20, @p21, @p22, @p23, @p24, @p25, @p26, 2),
      (@p27, @p28, @p29, @p30, @p31, @p32, @p33, @p34, @p35, 3),
      (@p36, @p37, @p38, @p39, @p40, @p41, @p42, @p43, @p44, 4),
      (@p45, @p46, @p47, @p48, @p49, @p50, @p51, @p52, @p53, 5),
      (@p54, @p55, @p56, @p57, @p58, @p59, @p60, @p61, @p62, 6),
      (@p63, @p64, @p65, @p66, @p67, @p68, @p69, @p70, @p71, 7),
      (@p72, @p73, @p74, @p75, @p76, @p77, @p78, @p79, @p80, 8),
      (@p81, @p82, @p83, @p84, @p85, @p86, @p87, @p88, @p89, 9),
      (@p90, @p91, @p92, @p93, @p94, @p95, @p96, @p97, @p98, 10),
      (@p99, @p100, @p101, @p102, @p103, @p104, @p105, @p106, @p107, 11),
      (@p108, @p109, @p110, @p111, @p112, @p113, @p114, @p115, @p116, 12),
      (@p117, @p118, @p119, @p120, @p121, @p122, @p123, @p124, @p125, 13),
      (@p126, @p127, @p128, @p129, @p130, @p131, @p132, @p133, @p134, 14),
      (@p135, @p136, @p137, @p138, @p139, @p140, @p141, @p142, @p143, 15),
      (@p144, @p145, @p146, @p147, @p148, @p149, @p150, @p151, @p152, 16),
      (@p153, @p154, @p155, @p156, @p157, @p158, @p159, @p160, @p161, 17),
      (@p162, @p163, @p164, @p165, @p166, @p167, @p168, @p169, @p170, 18),
      (@p171, @p172, @p173, @p174, @p175, @p176, @p177, @p178, @p179, 19),
      (@p180, @p181, @p182, @p183, @p184, @p185, @p186, @p187, @p188, 20),
      (@p189, @p190, @p191, @p192, @p193, @p194, @p195, @p196, @p197, 21),
      (@p198, @p199, @p200, @p201, @p202, @p203, @p204, @p205, @p206, 22),
      (@p207, @p208, @p209, @p210, @p211, @p212, @p213, @p214, @p215, 23),
      (@p216, @p217, @p218, @p219, @p220, @p221, @p222, @p223, @p224, 24),
      (@p225, @p226, @p227, @p228, @p229, @p230, @p231, @p232, @p233, 25),
      (@p234, @p235, @p236, @p237, @p238, @p239, @p240, @p241, @p242, 26),
      (@p243, @p244, @p245, @p246, @p247, @p248, @p249, @p250, @p251, 27),
      (@p252, @p253, @p254, @p255, @p256, @p257, @p258, @p259, @p260, 28),
      (@p261, @p262, @p263, @p264, @p265, @p266, @p267, @p268, @p269, 29),
      (@p270, @p271, @p272, @p273, @p274, @p275, @p276, @p277, @p278, 30),
      (@p279, @p280, @p281, @p282, @p283, @p284, @p285, @p286, @p287, 31)) AS i ([BillID], [ChallanNo], [Destination], [DisVid], [DispatchDate], [DispatchQuantity], [FinalPrice], [UnitPrice], [VehicleNo], _Position) ON 1=0
      WHEN NOT MATCHED THEN
      INSERT ([BillID], [ChallanNo], [Destination], [DisVid], [DispatchDate], [DispatchQuantity], [FinalPrice], [UnitPrice], [VehicleNo])
      VALUES (i.[BillID], i.[ChallanNo], i.[Destination], i.[DisVid], i.[DispatchDate], i.[DispatchQuantity], i.[FinalPrice], i.[UnitPrice], i.[VehicleNo])
      OUTPUT INSERTED.[DispId], i._Position
      INTO @inserted0;
      
      SELECT [i].[DispId] FROM @inserted0 i
      ORDER BY [i].[_Position];
info: Microsoft.EntityFrameworkCore.Database.Command[20101]
      Executed DbCommand (10ms) [Parameters=[], CommandType='Text', CommandTimeout='120']
      SELECT [t].[FID], [t].[Address], [t].[Code], [t].[CreatedBy], [t].[CreatedOn], [t].[FactoryName], [t].[Gstin], [t].[IsActive], [t].[ModifiedBy], [t].[ModifiedOn]
      FROM [TblFactories] AS [t]
info: Microsoft.EntityFrameworkCore.Database.Command[20101]
      Executed DbCommand (2ms) [Parameters=[], CommandType='Text', CommandTimeout='120']
      SELECT [t].[DispId], [t].[BillID], [t].[ChallanNo], [t].[Destination], [t].[DisVid], [t].[DispatchDate], [t].[DispatchQuantity], [t].[FinalPrice], [t].[UnitPrice], [t].[VehicleNo]
      FROM [TblDispatches] AS [t]
info: Microsoft.EntityFrameworkCore.Infrastructure[10403]
      Entity Framework Core 6.0.21 initialized 'TransportMgmtContext' using provider 'Microsoft.EntityFrameworkCore.SqlServer:6.0.21' with options: CommandTimeout=120 
info: Microsoft.EntityFrameworkCore.Database.Command[20101]
      Executed DbCommand (5ms) [Parameters=[@__cell1_0='?' (Size = 4000)], CommandType='Text', CommandTimeout='120']
      SELECT TOP(1) [t].[DispId], [t].[BillID], [t].[ChallanNo], [t].[Destination], [t].[DisVid], [t].[DispatchDate], [t].[DispatchQuantity], [t].[FinalPrice], [t].[UnitPrice], [t].[VehicleNo]
      FROM [TblDispatches] AS [t]
      WHERE [t].[ChallanNo] = @__cell1_0
info: Microsoft.EntityFrameworkCore.Database.Command[20101]
      Executed DbCommand (7ms) [Parameters=[@__cell1_0='?' (Size = 4000)], CommandType='Text', CommandTimeout='120']
      SELECT TOP(1) [t].[DispId], [t].[BillID], [t].[ChallanNo], [t].[Destination], [t].[DisVid], [t].[DispatchDate], [t].[DispatchQuantity], [t].[FinalPrice], [t].[UnitPrice], [t].[VehicleNo]
      FROM [TblDispatches] AS [t]
      WHERE [t].[ChallanNo] = @__cell1_0
info: Microsoft.EntityFrameworkCore.Database.Command[20101]
      Executed DbCommand (4ms) [Parameters=[@__cell1_0='?' (Size = 4000)], CommandType='Text', CommandTimeout='120']
      SELECT TOP(1) [t].[DispId], [t].[BillID], [t].[ChallanNo], [t].[Destination], [t].[DisVid], [t].[DispatchDate], [t].[DispatchQuantity], [t].[FinalPrice], [t].[UnitPrice], [t].[VehicleNo]
      FROM [TblDispatches] AS [t]
      WHERE [t].[ChallanNo] = @__cell1_0
info: Microsoft.EntityFrameworkCore.Database.Command[20101]
      Executed DbCommand (7ms) [Parameters=[@__cell1_0='?' (Size = 4000)], CommandType='Text', CommandTimeout='120']
      SELECT TOP(1) [t].[DispId], [t].[BillID], [t].[ChallanNo], [t].[Destination], [t].[DisVid], [t].[DispatchDate], [t].[DispatchQuantity], [t].[FinalPrice], [t].[UnitPrice], [t].[VehicleNo]
      FROM [TblDispatches] AS [t]
      WHERE [t].[ChallanNo] = @__cell1_0
info: Microsoft.EntityFrameworkCore.Database.Command[20101]
      Executed DbCommand (4ms) [Parameters=[@__cell1_0='?' (Size = 4000)], CommandType='Text', CommandTimeout='120']
      SELECT TOP(1) [t].[DispId], [t].[BillID], [t].[ChallanNo], [t].[Destination], [t].[DisVid], [t].[DispatchDate], [t].[DispatchQuantity], [t].[FinalPrice], [t].[UnitPrice], [t].[VehicleNo]
      FROM [TblDispatches] AS [t]
      WHERE [t].[ChallanNo] = @__cell1_0
info: Microsoft.EntityFrameworkCore.Database.Command[20101]
      Executed DbCommand (6ms) [Parameters=[@__cell1_0='?' (Size = 4000)], CommandType='Text', CommandTimeout='120']
      SELECT TOP(1) [t].[DispId], [t].[BillID], [t].[ChallanNo], [t].[Destination], [t].[DisVid], [t].[DispatchDate], [t].[DispatchQuantity], [t].[FinalPrice], [t].[UnitPrice], [t].[VehicleNo]
      FROM [TblDispatches] AS [t]
      WHERE [t].[ChallanNo] = @__cell1_0
info: Microsoft.EntityFrameworkCore.Database.Command[20101]
      Executed DbCommand (3ms) [Parameters=[@__cell1_0='?' (Size = 4000)], CommandType='Text', CommandTimeout='120']
      SELECT TOP(1) [t].[DispId], [t].[BillID], [t].[ChallanNo], [t].[Destination], [t].[DisVid], [t].[DispatchDate], [t].[DispatchQuantity], [t].[FinalPrice], [t].[UnitPrice], [t].[VehicleNo]
      FROM [TblDispatches] AS [t]
      WHERE [t].[ChallanNo] = @__cell1_0
info: Microsoft.EntityFrameworkCore.Database.Command[20101]
      Executed DbCommand (7ms) [Parameters=[@__cell1_0='?' (Size = 4000)], CommandType='Text', CommandTimeout='120']
      SELECT TOP(1) [t].[DispId], [t].[BillID], [t].[ChallanNo], [t].[Destination], [t].[DisVid], [t].[DispatchDate], [t].[DispatchQuantity], [t].[FinalPrice], [t].[UnitPrice], [t].[VehicleNo]
      FROM [TblDispatches] AS [t]
      WHERE [t].[ChallanNo] = @__cell1_0
info: Microsoft.EntityFrameworkCore.Database.Command[20101]
      Executed DbCommand (3ms) [Parameters=[@__cell1_0='?' (Size = 4000)], CommandType='Text', CommandTimeout='120']
      SELECT TOP(1) [t].[DispId], [t].[BillID], [t].[ChallanNo], [t].[Destination], [t].[DisVid], [t].[DispatchDate], [t].[DispatchQuantity], [t].[FinalPrice], [t].[UnitPrice], [t].[VehicleNo]
      FROM [TblDispatches] AS [t]
      WHERE [t].[ChallanNo] = @__cell1_0
info: Microsoft.EntityFrameworkCore.Database.Command[20101]
      Executed DbCommand (8ms) [Parameters=[@__cell1_0='?' (Size = 4000)], CommandType='Text', CommandTimeout='120']
      SELECT TOP(1) [t].[DispId], [t].[BillID], [t].[ChallanNo], [t].[Destination], [t].[DisVid], [t].[DispatchDate], [t].[DispatchQuantity], [t].[FinalPrice], [t].[UnitPrice], [t].[VehicleNo]
      FROM [TblDispatches] AS [t]
      WHERE [t].[ChallanNo] = @__cell1_0
info: Microsoft.EntityFrameworkCore.Database.Command[20101]
      Executed DbCommand (10ms) [Parameters=[@__cell1_0='?' (Size = 4000)], CommandType='Text', CommandTimeout='120']
      SELECT TOP(1) [t].[DispId], [t].[BillID], [t].[ChallanNo], [t].[Destination], [t].[DisVid], [t].[DispatchDate], [t].[DispatchQuantity], [t].[FinalPrice], [t].[UnitPrice], [t].[VehicleNo]
      FROM [TblDispatches] AS [t]
      WHERE [t].[ChallanNo] = @__cell1_0
info: Microsoft.EntityFrameworkCore.Database.Command[20101]
      Executed DbCommand (11ms) [Parameters=[@__cell1_0='?' (Size = 4000)], CommandType='Text', CommandTimeout='120']
      SELECT TOP(1) [t].[DispId], [t].[BillID], [t].[ChallanNo], [t].[Destination], [t].[DisVid], [t].[DispatchDate], [t].[DispatchQuantity], [t].[FinalPrice], [t].[UnitPrice], [t].[VehicleNo]
      FROM [TblDispatches] AS [t]
      WHERE [t].[ChallanNo] = @__cell1_0
info: Microsoft.EntityFrameworkCore.Database.Command[20101]
      Executed DbCommand (9ms) [Parameters=[@__cell1_0='?' (Size = 4000)], CommandType='Text', CommandTimeout='120']
      SELECT TOP(1) [t].[DispId], [t].[BillID], [t].[ChallanNo], [t].[Destination], [t].[DisVid], [t].[DispatchDate], [t].[DispatchQuantity], [t].[FinalPrice], [t].[UnitPrice], [t].[VehicleNo]
      FROM [TblDispatches] AS [t]
      WHERE [t].[ChallanNo] = @__cell1_0
info: Microsoft.EntityFrameworkCore.Database.Command[20101]
      Executed DbCommand (6ms) [Parameters=[@__cell1_0='?' (Size = 4000)], CommandType='Text', CommandTimeout='120']
      SELECT TOP(1) [t].[DispId], [t].[BillID], [t].[ChallanNo], [t].[Destination], [t].[DisVid], [t].[DispatchDate], [t].[DispatchQuantity], [t].[FinalPrice], [t].[UnitPrice], [t].[VehicleNo]
      FROM [TblDispatches] AS [t]
      WHERE [t].[ChallanNo] = @__cell1_0
info: Microsoft.EntityFrameworkCore.Database.Command[20101]
      Executed DbCommand (5ms) [Parameters=[@__cell1_0='?' (Size = 4000)], CommandType='Text', CommandTimeout='120']
      SELECT TOP(1) [t].[DispId], [t].[BillID], [t].[ChallanNo], [t].[Destination], [t].[DisVid], [t].[DispatchDate], [t].[DispatchQuantity], [t].[FinalPrice], [t].[UnitPrice], [t].[VehicleNo]
      FROM [TblDispatches] AS [t]
      WHERE [t].[ChallanNo] = @__cell1_0
info: Microsoft.EntityFrameworkCore.Database.Command[20101]
      Executed DbCommand (5ms) [Parameters=[@__cell1_0='?' (Size = 4000)], CommandType='Text', CommandTimeout='120']
      SELECT TOP(1) [t].[DispId], [t].[BillID], [t].[ChallanNo], [t].[Destination], [t].[DisVid], [t].[DispatchDate], [t].[DispatchQuantity], [t].[FinalPrice], [t].[UnitPrice], [t].[VehicleNo]
      FROM [TblDispatches] AS [t]
      WHERE [t].[ChallanNo] = @__cell1_0
info: Microsoft.EntityFrameworkCore.Database.Command[20101]
      Executed DbCommand (4ms) [Parameters=[@__cell1_0='?' (Size = 4000)], CommandType='Text', CommandTimeout='120']
      SELECT TOP(1) [t].[DispId], [t].[BillID], [t].[ChallanNo], [t].[Destination], [t].[DisVid], [t].[DispatchDate], [t].[DispatchQuantity], [t].[FinalPrice], [t].[UnitPrice], [t].[VehicleNo]
      FROM [TblDispatches] AS [t]
      WHERE [t].[ChallanNo] = @__cell1_0
info: Microsoft.EntityFrameworkCore.Database.Command[20101]
      Executed DbCommand (7ms) [Parameters=[@__cell1_0='?' (Size = 4000)], CommandType='Text', CommandTimeout='120']
      SELECT TOP(1) [t].[DispId], [t].[BillID], [t].[ChallanNo], [t].[Destination], [t].[DisVid], [t].[DispatchDate], [t].[DispatchQuantity], [t].[FinalPrice], [t].[UnitPrice], [t].[VehicleNo]
      FROM [TblDispatches] AS [t]
      WHERE [t].[ChallanNo] = @__cell1_0
info: Microsoft.EntityFrameworkCore.Database.Command[20101]
      Executed DbCommand (4ms) [Parameters=[@__cell1_0='?' (Size = 4000)], CommandType='Text', CommandTimeout='120']
      SELECT TOP(1) [t].[DispId], [t].[BillID], [t].[ChallanNo], [t].[Destination], [t].[DisVid], [t].[DispatchDate], [t].[DispatchQuantity], [t].[FinalPrice], [t].[UnitPrice], [t].[VehicleNo]
      FROM [TblDispatches] AS [t]
      WHERE [t].[ChallanNo] = @__cell1_0
info: Microsoft.EntityFrameworkCore.Database.Command[20101]
      Executed DbCommand (8ms) [Parameters=[@__cell1_0='?' (Size = 4000)], CommandType='Text', CommandTimeout='120']
      SELECT TOP(1) [t].[DispId], [t].[BillID], [t].[ChallanNo], [t].[Destination], [t].[DisVid], [t].[DispatchDate], [t].[DispatchQuantity], [t].[FinalPrice], [t].[UnitPrice], [t].[VehicleNo]
      FROM [TblDispatches] AS [t]
      WHERE [t].[ChallanNo] = @__cell1_0
info: Microsoft.EntityFrameworkCore.Database.Command[20101]
      Executed DbCommand (5ms) [Parameters=[@__cell1_0='?' (Size = 4000)], CommandType='Text', CommandTimeout='120']
      SELECT TOP(1) [t].[DispId], [t].[BillID], [t].[ChallanNo], [t].[Destination], [t].[DisVid], [t].[DispatchDate], [t].[DispatchQuantity], [t].[FinalPrice], [t].[UnitPrice], [t].[VehicleNo]
      FROM [TblDispatches] AS [t]
      WHERE [t].[ChallanNo] = @__cell1_0
info: Microsoft.EntityFrameworkCore.Database.Command[20101]
      Executed DbCommand (7ms) [Parameters=[@__cell1_0='?' (Size = 4000)], CommandType='Text', CommandTimeout='120']
      SELECT TOP(1) [t].[DispId], [t].[BillID], [t].[ChallanNo], [t].[Destination], [t].[DisVid], [t].[DispatchDate], [t].[DispatchQuantity], [t].[FinalPrice], [t].[UnitPrice], [t].[VehicleNo]
      FROM [TblDispatches] AS [t]
      WHERE [t].[ChallanNo] = @__cell1_0
info: Microsoft.EntityFrameworkCore.Database.Command[20101]
      Executed DbCommand (9ms) [Parameters=[@__cell1_0='?' (Size = 4000)], CommandType='Text', CommandTimeout='120']
      SELECT TOP(1) [t].[DispId], [t].[BillID], [t].[ChallanNo], [t].[Destination], [t].[DisVid], [t].[DispatchDate], [t].[DispatchQuantity], [t].[FinalPrice], [t].[UnitPrice], [t].[VehicleNo]
      FROM [TblDispatches] AS [t]
      WHERE [t].[ChallanNo] = @__cell1_0
info: Microsoft.EntityFrameworkCore.Database.Command[20101]
      Executed DbCommand (8ms) [Parameters=[@__cell1_0='?' (Size = 4000)], CommandType='Text', CommandTimeout='120']
      SELECT TOP(1) [t].[DispId], [t].[BillID], [t].[ChallanNo], [t].[Destination], [t].[DisVid], [t].[DispatchDate], [t].[DispatchQuantity], [t].[FinalPrice], [t].[UnitPrice], [t].[VehicleNo]
      FROM [TblDispatches] AS [t]
      WHERE [t].[ChallanNo] = @__cell1_0
info: Microsoft.EntityFrameworkCore.Database.Command[20101]
      Executed DbCommand (8ms) [Parameters=[@__cell1_0='?' (Size = 4000)], CommandType='Text', CommandTimeout='120']
      SELECT TOP(1) [t].[DispId], [t].[BillID], [t].[ChallanNo], [t].[Destination], [t].[DisVid], [t].[DispatchDate], [t].[DispatchQuantity], [t].[FinalPrice], [t].[UnitPrice], [t].[VehicleNo]
      FROM [TblDispatches] AS [t]
      WHERE [t].[ChallanNo] = @__cell1_0
info: Microsoft.EntityFrameworkCore.Database.Command[20101]
      Executed DbCommand (8ms) [Parameters=[@__cell1_0='?' (Size = 4000)], CommandType='Text', CommandTimeout='120']
      SELECT TOP(1) [t].[DispId], [t].[BillID], [t].[ChallanNo], [t].[Destination], [t].[DisVid], [t].[DispatchDate], [t].[DispatchQuantity], [t].[FinalPrice], [t].[UnitPrice], [t].[VehicleNo]
      FROM [TblDispatches] AS [t]
      WHERE [t].[ChallanNo] = @__cell1_0
info: Microsoft.EntityFrameworkCore.Database.Command[20101]
      Executed DbCommand (12ms) [Parameters=[@__cell1_0='?' (Size = 4000)], CommandType='Text', CommandTimeout='120']
      SELECT TOP(1) [t].[DispId], [t].[BillID], [t].[ChallanNo], [t].[Destination], [t].[DisVid], [t].[DispatchDate], [t].[DispatchQuantity], [t].[FinalPrice], [t].[UnitPrice], [t].[VehicleNo]
      FROM [TblDispatches] AS [t]
      WHERE [t].[ChallanNo] = @__cell1_0
info: Microsoft.EntityFrameworkCore.Database.Command[20101]
      Executed DbCommand (8ms) [Parameters=[@__cell1_0='?' (Size = 4000)], CommandType='Text', CommandTimeout='120']
      SELECT TOP(1) [t].[DispId], [t].[BillID], [t].[ChallanNo], [t].[Destination], [t].[DisVid], [t].[DispatchDate], [t].[DispatchQuantity], [t].[FinalPrice], [t].[UnitPrice], [t].[VehicleNo]
      FROM [TblDispatches] AS [t]
      WHERE [t].[ChallanNo] = @__cell1_0
info: Microsoft.EntityFrameworkCore.Database.Command[20101]
      Executed DbCommand (31ms) [Parameters=[@p0='?' (DbType = Int32), @p1='?' (Size = 4000), @p2='?' (Size = 4000), @p3='?' (DbType = Int32), @p4='?' (DbType = DateTime2), @p5='?' (DbType = Double), @p6='?' (DbType = Double), @p7='?' (DbType = Double), @p8='?' (Size = 4000), @p9='?' (DbType = Int32), @p10='?' (Size = 4000), @p11='?' (Size = 4000), @p12='?' (DbType = Int32), @p13='?' (DbType = DateTime2), @p14='?' (DbType = Double), @p15='?' (DbType = Double), @p16='?' (DbType = Double), @p17='?' (Size = 4000), @p18='?' (DbType = Int32), @p19='?' (Size = 4000), @p20='?' (Size = 4000), @p21='?' (DbType = Int32), @p22='?' (DbType = DateTime2), @p23='?' (DbType = Double), @p24='?' (DbType = Double), @p25='?' (DbType = Double), @p26='?' (Size = 4000), @p27='?' (DbType = Int32), @p28='?' (Size = 4000), @p29='?' (Size = 4000), @p30='?' (DbType = Int32), @p31='?' (DbType = DateTime2), @p32='?' (DbType = Double), @p33='?' (DbType = Double), @p34='?' (DbType = Double), @p35='?' (Size = 4000), @p36='?' (DbType = Int32), @p37='?' (Size = 4000), @p38='?' (Size = 4000), @p39='?' (DbType = Int32), @p40='?' (DbType = DateTime2), @p41='?' (DbType = Double), @p42='?' (DbType = Double), @p43='?' (DbType = Double), @p44='?' (Size = 4000), @p45='?' (DbType = Int32), @p46='?' (Size = 4000), @p47='?' (Size = 4000), @p48='?' (DbType = Int32), @p49='?' (DbType = DateTime2), @p50='?' (DbType = Double), @p51='?' (DbType = Double), @p52='?' (DbType = Double), @p53='?' (Size = 4000), @p54='?' (DbType = Int32), @p55='?' (Size = 4000), @p56='?' (Size = 4000), @p57='?' (DbType = Int32), @p58='?' (DbType = DateTime2), @p59='?' (DbType = Double), @p60='?' (DbType = Double), @p61='?' (DbType = Double), @p62='?' (Size = 4000), @p63='?' (DbType = Int32), @p64='?' (Size = 4000), @p65='?' (Size = 4000), @p66='?' (DbType = Int32), @p67='?' (DbType = DateTime2), @p68='?' (DbType = Double), @p69='?' (DbType = Double), @p70='?' (DbType = Double), @p71='?' (Size = 4000), @p72='?' (DbType = Int32), @p73='?' (Size = 4000), @p74='?' (Size = 4000), @p75='?' (DbType = Int32), @p76='?' (DbType = DateTime2), @p77='?' (DbType = Double), @p78='?' (DbType = Double), @p79='?' (DbType = Double), @p80='?' (Size = 4000), @p81='?' (DbType = Int32), @p82='?' (Size = 4000), @p83='?' (Size = 4000), @p84='?' (DbType = Int32), @p85='?' (DbType = DateTime2), @p86='?' (DbType = Double), @p87='?' (DbType = Double), @p88='?' (DbType = Double), @p89='?' (Size = 4000), @p90='?' (DbType = Int32), @p91='?' (Size = 4000), @p92='?' (Size = 4000), @p93='?' (DbType = Int32), @p94='?' (DbType = DateTime2), @p95='?' (DbType = Double), @p96='?' (DbType = Double), @p97='?' (DbType = Double), @p98='?' (Size = 4000), @p99='?' (DbType = Int32), @p100='?' (Size = 4000), @p101='?' (Size = 4000), @p102='?' (DbType = Int32), @p103='?' (DbType = DateTime2), @p104='?' (DbType = Double), @p105='?' (DbType = Double), @p106='?' (DbType = Double), @p107='?' (Size = 4000), @p108='?' (DbType = Int32), @p109='?' (Size = 4000), @p110='?' (Size = 4000), @p111='?' (DbType = Int32), @p112='?' (DbType = DateTime2), @p113='?' (DbType = Double), @p114='?' (DbType = Double), @p115='?' (DbType = Double), @p116='?' (Size = 4000), @p117='?' (DbType = Int32), @p118='?' (Size = 4000), @p119='?' (Size = 4000), @p120='?' (DbType = Int32), @p121='?' (DbType = DateTime2), @p122='?' (DbType = Double), @p123='?' (DbType = Double), @p124='?' (DbType = Double), @p125='?' (Size = 4000), @p126='?' (DbType = Int32), @p127='?' (Size = 4000), @p128='?' (Size = 4000), @p129='?' (DbType = Int32), @p130='?' (DbType = DateTime2), @p131='?' (DbType = Double), @p132='?' (DbType = Double), @p133='?' (DbType = Double), @p134='?' (Size = 4000), @p135='?' (DbType = Int32), @p136='?' (Size = 4000), @p137='?' (Size = 4000), @p138='?' (DbType = Int32), @p139='?' (DbType = DateTime2), @p140='?' (DbType = Double), @p141='?' (DbType = Double), @p142='?' (DbType = Double), @p143='?' (Size = 4000), @p144='?' (DbType = Int32), @p145='?' (Size = 4000), @p146='?' (Size = 4000), @p147='?' (DbType = Int32), @p148='?' (DbType = DateTime2), @p149='?' (DbType = Double), @p150='?' (DbType = Double), @p151='?' (DbType = Double), @p152='?' (Size = 4000), @p153='?' (DbType = Int32), @p154='?' (Size = 4000), @p155='?' (Size = 4000), @p156='?' (DbType = Int32), @p157='?' (DbType = DateTime2), @p158='?' (DbType = Double), @p159='?' (DbType = Double), @p160='?' (DbType = Double), @p161='?' (Size = 4000), @p162='?' (DbType = Int32), @p163='?' (Size = 4000), @p164='?' (Size = 4000), @p165='?' (DbType = Int32), @p166='?' (DbType = DateTime2), @p167='?' (DbType = Double), @p168='?' (DbType = Double), @p169='?' (DbType = Double), @p170='?' (Size = 4000), @p171='?' (DbType = Int32), @p172='?' (Size = 4000), @p173='?' (Size = 4000), @p174='?' (DbType = Int32), @p175='?' (DbType = DateTime2), @p176='?' (DbType = Double), @p177='?' (DbType = Double), @p178='?' (DbType = Double), @p179='?' (Size = 4000), @p180='?' (DbType = Int32), @p181='?' (Size = 4000), @p182='?' (Size = 4000), @p183='?' (DbType = Int32), @p184='?' (DbType = DateTime2), @p185='?' (DbType = Double), @p186='?' (DbType = Double), @p187='?' (DbType = Double), @p188='?' (Size = 4000), @p189='?' (DbType = Int32), @p190='?' (Size = 4000), @p191='?' (Size = 4000), @p192='?' (DbType = Int32), @p193='?' (DbType = DateTime2), @p194='?' (DbType = Double), @p195='?' (DbType = Double), @p196='?' (DbType = Double), @p197='?' (Size = 4000), @p198='?' (DbType = Int32), @p199='?' (Size = 4000), @p200='?' (Size = 4000), @p201='?' (DbType = Int32), @p202='?' (DbType = DateTime2), @p203='?' (DbType = Double), @p204='?' (DbType = Double), @p205='?' (DbType = Double), @p206='?' (Size = 4000), @p207='?' (DbType = Int32), @p208='?' (Size = 4000), @p209='?' (Size = 4000), @p210='?' (DbType = Int32), @p211='?' (DbType = DateTime2), @p212='?' (DbType = Double), @p213='?' (DbType = Double), @p214='?' (DbType = Double), @p215='?' (Size = 4000), @p216='?' (DbType = Int32), @p217='?' (Size = 4000), @p218='?' (Size = 4000), @p219='?' (DbType = Int32), @p220='?' (DbType = DateTime2), @p221='?' (DbType = Double), @p222='?' (DbType = Double), @p223='?' (DbType = Double), @p224='?' (Size = 4000), @p225='?' (DbType = Int32), @p226='?' (Size = 4000), @p227='?' (Size = 4000), @p228='?' (DbType = Int32), @p229='?' (DbType = DateTime2), @p230='?' (DbType = Double), @p231='?' (DbType = Double), @p232='?' (DbType = Double), @p233='?' (Size = 4000), @p234='?' (DbType = Int32), @p235='?' (Size = 4000), @p236='?' (Size = 4000), @p237='?' (DbType = Int32), @p238='?' (DbType = DateTime2), @p239='?' (DbType = Double), @p240='?' (DbType = Double), @p241='?' (DbType = Double), @p242='?' (Size = 4000), @p243='?' (DbType = Int32), @p244='?' (Size = 4000), @p245='?' (Size = 4000), @p246='?' (DbType = Int32), @p247='?' (DbType = DateTime2), @p248='?' (DbType = Double), @p249='?' (DbType = Double), @p250='?' (DbType = Double), @p251='?' (Size = 4000)], CommandType='Text', CommandTimeout='120']
      SET NOCOUNT ON;
      DECLARE @inserted0 TABLE ([DispId] int, [_Position] [int]);
      MERGE [TblDispatches] USING (
      VALUES (@p0, @p1, @p2, @p3, @p4, @p5, @p6, @p7, @p8, 0),
      (@p9, @p10, @p11, @p12, @p13, @p14, @p15, @p16, @p17, 1),
      (@p18, @p19, @p20, @p21, @p22, @p23, @p24, @p25, @p26, 2),
      (@p27, @p28, @p29, @p30, @p31, @p32, @p33, @p34, @p35, 3),
      (@p36, @p37, @p38, @p39, @p40, @p41, @p42, @p43, @p44, 4),
      (@p45, @p46, @p47, @p48, @p49, @p50, @p51, @p52, @p53, 5),
      (@p54, @p55, @p56, @p57, @p58, @p59, @p60, @p61, @p62, 6),
      (@p63, @p64, @p65, @p66, @p67, @p68, @p69, @p70, @p71, 7),
      (@p72, @p73, @p74, @p75, @p76, @p77, @p78, @p79, @p80, 8),
      (@p81, @p82, @p83, @p84, @p85, @p86, @p87, @p88, @p89, 9),
      (@p90, @p91, @p92, @p93, @p94, @p95, @p96, @p97, @p98, 10),
      (@p99, @p100, @p101, @p102, @p103, @p104, @p105, @p106, @p107, 11),
      (@p108, @p109, @p110, @p111, @p112, @p113, @p114, @p115, @p116, 12),
      (@p117, @p118, @p119, @p120, @p121, @p122, @p123, @p124, @p125, 13),
      (@p126, @p127, @p128, @p129, @p130, @p131, @p132, @p133, @p134, 14),
      (@p135, @p136, @p137, @p138, @p139, @p140, @p141, @p142, @p143, 15),
      (@p144, @p145, @p146, @p147, @p148, @p149, @p150, @p151, @p152, 16),
      (@p153, @p154, @p155, @p156, @p157, @p158, @p159, @p160, @p161, 17),
      (@p162, @p163, @p164, @p165, @p166, @p167, @p168, @p169, @p170, 18),
      (@p171, @p172, @p173, @p174, @p175, @p176, @p177, @p178, @p179, 19),
      (@p180, @p181, @p182, @p183, @p184, @p185, @p186, @p187, @p188, 20),
      (@p189, @p190, @p191, @p192, @p193, @p194, @p195, @p196, @p197, 21),
      (@p198, @p199, @p200, @p201, @p202, @p203, @p204, @p205, @p206, 22),
      (@p207, @p208, @p209, @p210, @p211, @p212, @p213, @p214, @p215, 23),
      (@p216