info: Microsoft.Hosting.Lifetime[0]
      Application started. Press Ctrl+C to shut down.
info: Microsoft.Hosting.Lifetime[0]
      Hosting environment: Production
info: Microsoft.Hosting.Lifetime[0]
      Content root path: C:\Users\Dell\Documents\KTC-APP-FINAL\
info: Microsoft.EntityFrameworkCore.Infrastructure[10403]
      Entity Framework Core 6.0.21 initialized 'TransportMgmtContext' using provider 'Microsoft.EntityFrameworkCore.SqlServer:6.0.21' with options: CommandTimeout=120 
info: Microsoft.EntityFrameworkCore.Database.Command[20101]
      Executed DbCommand (152ms) [Parameters=[@__emailId_0='?' (Size = 4000), @__password_1='?' (Size = 4000)], CommandType='Text', CommandTimeout='120']
      SELECT TOP(1) [t].[UserId], [t].[Address], [t].[City], [t].[Doj], [t].[Email], [t].[LastLogIn], [t].[Password], [t].[Role], [t].[UserName]
      FROM [TblUsers] AS [t]
      WHERE ([t].[Email] = @__emailId_0) AND ([t].[Password] = @__password_1)
info: Microsoft.EntityFrameworkCore.Infrastructure[10403]
      Entity Framework Core 6.0.21 initialized 'TransportMgmtContext' using provider 'Microsoft.EntityFrameworkCore.SqlServer:6.0.21' with options: CommandTimeout=120 
info: Microsoft.EntityFrameworkCore.Database.Command[20101]
      Executed DbCommand (13ms) [Parameters=[], CommandType='Text', CommandTimeout='120']
      SELECT [t].[FID] AS [id], [t].[FactoryName] AS [name]
      FROM [TblFactories] AS [t]
info: Microsoft.EntityFrameworkCore.Infrastructure[10403]
      Entity Framework Core 6.0.21 initialized 'TransportMgmtContext' using provider 'Microsoft.EntityFrameworkCore.SqlServer:6.0.21' with options: CommandTimeout=120 
info: Microsoft.EntityFrameworkCore.Database.Command[20101]
      Executed DbCommand (581ms) [Parameters=[p0='?' (DbType = DateTime2), p1='?' (DbType = DateTime2), p2='?' (DbType = Int32)], CommandType='Text', CommandTimeout='120']
      EXEC [dbo].[SpExpoBilldetail] @FromDate = @p0, @ToDate = @p1, @FactoryId = @p2
info: Microsoft.EntityFrameworkCore.Infrastructure[10403]
      Entity Framework Core 6.0.21 initialized 'TransportMgmtContext' using provider 'Microsoft.EntityFrameworkCore.SqlServer:6.0.21' with options: CommandTimeout=120 
info: Microsoft.EntityFrameworkCore.Database.Command[20101]
      Executed DbCommand (12ms) [Parameters=[], CommandType='Text', CommandTimeout='120']
      SELECT [t].[FID] AS [id], [t].[FactoryName] AS [name]
      FROM [TblFactories] AS [t]
info: Microsoft.EntityFrameworkCore.Infrastructure[10403]
      Entity Framework Core 6.0.21 initialized 'TransportMgmtContext' using provider 'Microsoft.EntityFrameworkCore.SqlServer:6.0.21' with options: CommandTimeout=120 
info: Microsoft.EntityFrameworkCore.Database.Command[20101]
      Executed DbCommand (88ms) [Parameters=[p0='?' (DbType = DateTime2), p1='?' (DbType = DateTime2), p2='?' (DbType = Int32)], CommandType='Text', CommandTimeout='120']
      EXEC [dbo].[SpExpoBilldetail] @FromDate = @p0, @ToDate = @p1, @FactoryId = @p2
info: Microsoft.EntityFrameworkCore.Infrastructure[10403]
      Entity Framework Core 6.0.21 initialized 'TransportMgmtContext' using provider 'Microsoft.EntityFrameworkCore.SqlServer:6.0.21' with options: CommandTimeout=120 
info: Microsoft.EntityFrameworkCore.Database.Command[20101]
      Executed DbCommand (2ms) [Parameters=[], CommandType='Text', CommandTimeout='120']
      SELECT [t].[FID], [t].[Address], [t].[Code], [t].[CreatedBy], [t].[CreatedOn], [t].[FactoryName], [t].[Gstin], [t].[IsActive], [t].[ModifiedBy], [t].[ModifiedOn]
      FROM [TblFactories] AS [t]
info: Microsoft.EntityFrameworkCore.Database.Command[20101]
      Executed DbCommand (1ms) [Parameters=[], CommandType='Text', CommandTimeout='120']
      SELECT [t].[FID], [t].[Address], [t].[Code], [t].[CreatedBy], [t].[CreatedOn], [t].[FactoryName], [t].[Gstin], [t].[IsActive], [t].[ModifiedBy], [t].[ModifiedOn]
      FROM [TblFactories] AS [t]
info: Microsoft.EntityFrameworkCore.Database.Command[20101]
      Executed DbCommand (11ms) [Parameters=[], CommandType='Text', CommandTimeout='120']
      SELECT [t].[DispId], [t].[BillID], [t].[ChallanNo], [t].[DeliveryNum], [t].[Destination], [t].[DisVid], [t].[DispatchDate], [t].[DispatchQuantity], [t].[FinalPrice], [t].[Lr], [t].[PartyName], [t].[TotalValue], [t].[UnitPrice], [t].[VehicleNo]
      FROM [TblDispatches] AS [t]
info: Microsoft.EntityFrameworkCore.Infrastructure[10403]
      Entity Framework Core 6.0.21 initialized 'TransportMgmtContext' using provider 'Microsoft.EntityFrameworkCore.SqlServer:6.0.21' with options: CommandTimeout=120 
info: Microsoft.EntityFrameworkCore.Database.Command[20101]
      Executed DbCommand (108ms) [Parameters=[], CommandType='Text', CommandTimeout='120']
      EXECUTE [dbo].[Sp_QtyByMonth]
info: Microsoft.EntityFrameworkCore.Infrastructure[10403]
      Entity Framework Core 6.0.21 initialized 'TransportMgmtContext' using provider 'Microsoft.EntityFrameworkCore.SqlServer:6.0.21' with options: CommandTimeout=120 
info: Microsoft.EntityFrameworkCore.Database.Command[20101]
      Executed DbCommand (17ms) [Parameters=[@__dispatchId_0='?' (Size = 4000)], CommandType='Text', CommandTimeout='120']
      SELECT TOP(1) [t].[DispId], [t].[BillID], [t].[ChallanNo], [t].[DeliveryNum], [t].[Destination], [t].[DisVid], [t].[DispatchDate], [t].[DispatchQuantity], [t].[FinalPrice], [t].[Lr], [t].[PartyName], [t].[TotalValue], [t].[UnitPrice], [t].[VehicleNo]
      FROM [TblDispatches] AS [t]
      WHERE [t].[ChallanNo] = @__dispatchId_0
info: Microsoft.EntityFrameworkCore.Database.Command[20101]
      Executed DbCommand (8ms) [Parameters=[@__dispatchId_0='?' (Size = 4000)], CommandType='Text', CommandTimeout='120']
      SELECT TOP(1) [t].[DispId], [t].[BillID], [t].[ChallanNo], [t].[DeliveryNum], [t].[Destination], [t].[DisVid], [t].[DispatchDate], [t].[DispatchQuantity], [t].[FinalPrice], [t].[Lr], [t].[PartyName], [t].[TotalValue], [t].[UnitPrice], [t].[VehicleNo]
      FROM [TblDispatches] AS [t]
      WHERE [t].[ChallanNo] = @__dispatchId_0
info: Microsoft.EntityFrameworkCore.Database.Command[20101]
      Executed DbCommand (13ms) [Parameters=[@__billNumber_0='?' (Size = 4000)], CommandType='Text', CommandTimeout='120']
      SELECT TOP(1) [b].[BillID], [b].[ActualAmount], [b].[BillDate], [b].[BillNum], [b].[BillType], [b].[DeliveryNum], [b].[FID], [b].[Gst], [b].[GstDate], [b].[Lr], [b].[PId], [b].[PartyName], [b].[PaymentReceived], [b].[PaymentTablePId], [b].[Tds], [b].[TotalValue]
      FROM [BillTables] AS [b]
      WHERE [b].[BillNum] = @__billNumber_0
info: Microsoft.EntityFrameworkCore.Database.Command[20101]
      Executed DbCommand (185ms) [Parameters=[@p0='?' (DbType = Double), @p1='?' (DbType = DateTime2), @p2='?' (Size = 4000), @p3='?' (Size = 4000), @p4='?' (Size = 4000), @p5='?' (DbType = Int32), @p6='?' (DbType = Double), @p7='?' (DbType = DateTime2), @p8='?' (Size = 4000), @p9='?' (DbType = Int32), @p10='?' (Size = 4000), @p11='?' (DbType = Double), @p12='?' (DbType = Int32), @p13='?' (DbType = Double), @p14='?' (DbType = Double)], CommandType='Text', CommandTimeout='120']
      SET NOCOUNT ON;
      INSERT INTO [BillTables] ([ActualAmount], [BillDate], [BillNum], [BillType], [DeliveryNum], [FID], [Gst], [GstDate], [Lr], [PId], [PartyName], [PaymentReceived], [PaymentTablePId], [Tds], [TotalValue])
      VALUES (@p0, @p1, @p2, @p3, @p4, @p5, @p6, @p7, @p8, @p9, @p10, @p11, @p12, @p13, @p14);
      SELECT [BillID]
      FROM [BillTables]
      WHERE @@ROWCOUNT = 1 AND [BillID] = scope_identity();
info: Microsoft.EntityFrameworkCore.Database.Command[20101]
      Executed DbCommand (5ms) [Parameters=[@p2='?' (DbType = Int32), @p0='?' (DbType = Double), @p1='?' (DbType = Double)], CommandType='Text', CommandTimeout='120']
      SET NOCOUNT ON;
      UPDATE [TblDispatches] SET [FinalPrice] = @p0, [UnitPrice] = @p1
      WHERE [DispId] = @p2;
      SELECT @@ROWCOUNT;
info: Microsoft.EntityFrameworkCore.Database.Command[20101]
      Executed DbCommand (4ms) [Parameters=[@__dispatchId_0='?' (Size = 4000)], CommandType='Text', CommandTimeout='120']
      SELECT TOP(1) [t].[DispId], [t].[BillID], [t].[ChallanNo], [t].[DeliveryNum], [t].[Destination], [t].[DisVid], [t].[DispatchDate], [t].[DispatchQuantity], [t].[FinalPrice], [t].[Lr], [t].[PartyName], [t].[TotalValue], [t].[UnitPrice], [t].[VehicleNo]
      FROM [TblDispatches] AS [t]
      WHERE [t].[ChallanNo] = @__dispatchId_0
info: Microsoft.EntityFrameworkCore.Database.Command[20101]
      Executed DbCommand (9ms) [Parameters=[@__dispatchId_0='?' (Size = 4000)], CommandType='Text', CommandTimeout='120']
      SELECT TOP(1) [t].[DispId], [t].[BillID], [t].[ChallanNo], [t].[DeliveryNum], [t].[Destination], [t].[DisVid], [t].[DispatchDate], [t].[DispatchQuantity], [t].[FinalPrice], [t].[Lr], [t].[PartyName], [t].[TotalValue], [t].[UnitPrice], [t].[VehicleNo]
      FROM [TblDispatches] AS [t]
      WHERE [t].[ChallanNo] = @__dispatchId_0
info: Microsoft.EntityFrameworkCore.Database.Command[20101]
      Executed DbCommand (6ms) [Parameters=[@__dispatchId_0='?' (Size = 4000)], CommandType='Text', CommandTimeout='120']
      SELECT TOP(1) [t].[DispId], [t].[BillID], [t].[ChallanNo], [t].[DeliveryNum], [t].[Destination], [t].[DisVid], [t].[DispatchDate], [t].[DispatchQuantity], [t].[FinalPrice], [t].[Lr], [t].[PartyName], [t].[TotalValue], [t].[UnitPrice], [t].[VehicleNo]
      FROM [TblDispatches] AS [t]
      WHERE [t].[ChallanNo] = @__dispatchId_0
info: Microsoft.EntityFrameworkCore.Database.Command[20101]
      Executed DbCommand (8ms) [Parameters=[@__dispatchId_0='?' (Size = 4000)], CommandType='Text', CommandTimeout='120']
      SELECT TOP(1) [t].[DispId], [t].[BillID], [t].[ChallanNo], [t].[DeliveryNum], [t].[Destination], [t].[DisVid], [t].[DispatchDate], [t].[DispatchQuantity], [t].[FinalPrice], [t].[Lr], [t].[PartyName], [t].[TotalValue], [t].[UnitPrice], [t].[VehicleNo]
      FROM [TblDispatches] AS [t]
      WHERE [t].[ChallanNo] = @__dispatchId_0
info: Microsoft.EntityFrameworkCore.Database.Command[20101]
      Executed DbCommand (8ms) [Parameters=[@__dispatchId_0='?' (Size = 4000)], CommandType='Text', CommandTimeout='120']
      SELECT TOP(1) [t].[DispId], [t].[BillID], [t].[ChallanNo], [t].[DeliveryNum], [t].[Destination], [t].[DisVid], [t].[DispatchDate], [t].[DispatchQuantity], [t].[FinalPrice], [t].[Lr], [t].[PartyName], [t].[TotalValue], [t].[UnitPrice], [t].[VehicleNo]
      FROM [TblDispatches] AS [t]
      WHERE [t].[ChallanNo] = @__dispatchId_0
info: Microsoft.EntityFrameworkCore.Database.Command[20101]
      Executed DbCommand (7ms) [Parameters=[@__dispatchId_0='?' (Size = 4000)], CommandType='Text', CommandTimeout='120']
      SELECT TOP(1) [t].[DispId], [t].[BillID], [t].[ChallanNo], [t].[DeliveryNum], [t].[Destination], [t].[DisVid], [t].[DispatchDate], [t].[DispatchQuantity], [t].[FinalPrice], [t].[Lr], [t].[PartyName], [t].[TotalValue], [t].[UnitPrice], [t].[VehicleNo]
      FROM [TblDispatches] AS [t]
      WHERE [t].[ChallanNo] = @__dispatchId_0
info: Microsoft.EntityFrameworkCore.Database.Command[20101]
      Executed DbCommand (8ms) [Parameters=[@__dispatchId_0='?' (Size = 4000)], CommandType='Text', CommandTimeout='120']
      SELECT TOP(1) [t].[DispId], [t].[BillID], [t].[ChallanNo], [t].[DeliveryNum], [t].[Destination], [t].[DisVid], [t].[DispatchDate], [t].[DispatchQuantity], [t].[FinalPrice], [t].[Lr], [t].[PartyName], [t].[TotalValue], [t].[UnitPrice], [t].[VehicleNo]
      FROM [TblDispatches] AS [t]
      WHERE [t].[ChallanNo] = @__dispatchId_0
info: Microsoft.EntityFrameworkCore.Database.Command[20101]
      Executed DbCommand (6ms) [Parameters=[@p13='?' (DbType = Int32), @p0='?' (DbType = Int32), @p1='?' (Size = 4000), @p2='?' (Size = 4000), @p3='?' (Size = 4000), @p4='?' (DbType = Int32), @p5='?' (DbType = DateTime2), @p6='?' (DbType = Double), @p7='?' (DbType = Double), @p8='?' (Size = 4000), @p9='?' (Size = 4000), @p10='?' (DbType = Double), @p11='?' (DbType = Double), @p12='?' (Size = 4000)], CommandType='Text', CommandTimeout='120']
      SET NOCOUNT ON;
      UPDATE [TblDispatches] SET [BillID] = @p0, [ChallanNo] = @p1, [DeliveryNum] = @p2, [Destination] = @p3, [DisVid] = @p4, [DispatchDate] = @p5, [DispatchQuantity] = @p6, [FinalPrice] = @p7, [Lr] = @p8, [PartyName] = @p9, [TotalValue] = @p10, [UnitPrice] = @p11, [VehicleNo] = @p12
      WHERE [DispId] = @p13;
      SELECT @@ROWCOUNT;
info: Microsoft.EntityFrameworkCore.Infrastructure[10403]
      Entity Framework Core 6.0.21 initialized 'TransportMgmtContext' using provider 'Microsoft.EntityFrameworkCore.SqlServer:6.0.21' with options: CommandTimeout=120 
info: Microsoft.EntityFrameworkCore.Database.Command[20101]
      Executed DbCommand (6ms) [Parameters=[], CommandType='Text', CommandTimeout='120']
      SELECT [t].[FID], [t].[Address], [t].[Code], [t].[CreatedBy], [t].[CreatedOn], [t].[FactoryName], [t].[Gstin], [t].[IsActive], [t].[ModifiedBy], [t].[ModifiedOn]
      FROM [TblFactories] AS [t]
info: Microsoft.EntityFrameworkCore.Database.Command[20101]
      Executed DbCommand (1ms) [Parameters=[], CommandType='Text', CommandTimeout='120']
      SELECT [t].[FID], [t].[Address], [t].[Code], [t].[CreatedBy], [t].[CreatedOn], [t].[FactoryName], [t].[Gstin], [t].[IsActive], [t].[ModifiedBy], [t].[ModifiedOn]
      FROM [TblFactories] AS [t]
info: Microsoft.EntityFrameworkCore.Database.Command[20101]
      Executed DbCommand (5ms) [Parameters=[], CommandType='Text', CommandTimeout='120']
      SELECT [t].[DispId], [t].[BillID], [t].[ChallanNo], [t].[DeliveryNum], [t].[Destination], [t].[DisVid], [t].[DispatchDate], [t].[DispatchQuantity], [t].[FinalPrice], [t].[Lr], [t].[PartyName], [t].[TotalValue], [t].[UnitPrice], [t].[VehicleNo]
      FROM [TblDispatches] AS [t]
info: Microsoft.EntityFrameworkCore.Infrastructure[10403]
      Entity Framework Core 6.0.21 initialized 'TransportMgmtContext' using provider 'Microsoft.EntityFrameworkCore.SqlServer:6.0.21' with options: CommandTimeout=120 
info: Microsoft.EntityFrameworkCore.Database.Command[20101]
      Executed DbCommand (104ms) [Parameters=[], CommandType='Text', CommandTimeout='120']
      EXECUTE [dbo].[Sp_QtyByMonth]
info: Microsoft.EntityFrameworkCore.Infrastructure[10403]
      Entity Framework Core 6.0.21 initialized 'TransportMgmtContext' using provider 'Microsoft.EntityFrameworkCore.SqlServer:6.0.21' with options: CommandTimeout=120 
info: Microsoft.EntityFrameworkCore.Database.Command[20101]
      Executed DbCommand (2ms) [Parameters=[], CommandType='Text', CommandTimeout='120']
      SELECT [t].[FID] AS [id], [t].[FactoryName] AS [name]
      FROM [TblFactories] AS [t]
info: Microsoft.EntityFrameworkCore.Infrastructure[10403]
      Entity Framework Core 6.0.21 initialized 'TransportMgmtContext' using provider 'Microsoft.EntityFrameworkCore.SqlServer:6.0.21' with options: CommandTimeout=120 
info: Microsoft.EntityFrameworkCore.Database.Command[20101]
      Executed DbCommand (35ms) [Parameters=[p0='?' (DbType = DateTime2), p1='?' (DbType = DateTime2), p2='?' (DbType = Int32)], CommandType='Text', CommandTimeout='120']
      EXEC [dbo].[SpExpoBilldetail] @FromDate = @p0, @ToDate = @p1, @FactoryId = @p2
info: Microsoft.EntityFrameworkCore.Infrastructure[10403]
      Entity Framework Core 6.0.21 initialized 'TransportMgmtContext' using provider 'Microsoft.EntityFrameworkCore.SqlServer:6.0.21' with options: CommandTimeout=120 
info: Microsoft.EntityFrameworkCore.Database.Command[20101]
      Executed DbCommand (80ms) [Parameters=[], CommandType='Text', CommandTimeout='120']
      EXECUTE [dbo].[Sp_QtyByMonth]
info: Microsoft.EntityFrameworkCore.Infrastructure[10403]
      Entity Framework Core 6.0.21 initialized 'TransportMgmtContext' using provider 'Microsoft.EntityFrameworkCore.SqlServer:6.0.21' with options: CommandTimeout=120 
info: Microsoft.EntityFrameworkCore.Database.Command[20101]
      Executed DbCommand (6ms) [Parameters=[], CommandType='Text', CommandTimeout='120']
      SELECT [t].[FID], [t].[Address], [t].[Code], [t].[CreatedBy], [t].[CreatedOn], [t].[FactoryName], [t].[Gstin], [t].[IsActive], [t].[ModifiedBy], [t].[ModifiedOn]
      FROM [TblFactories] AS [t]
info: Microsoft.EntityFrameworkCore.Database.Command[20101]
      Executed DbCommand (1ms) [Parameters=[], CommandType='Text', CommandTimeout='120']
      SELECT [t].[FID], [t].[Address], [t].[Code], [t].[CreatedBy], [t].[CreatedOn], [t].[FactoryName], [t].[Gstin], [t].[IsActive], [t].[ModifiedBy], [t].[ModifiedOn]
      FROM [TblFactories] AS [t]
info: Microsoft.EntityFrameworkCore.Database.Command[20101]
      Executed DbCommand (211ms) [Parameters=[], CommandType='Text', CommandTimeout='120']
      SELECT [t].[DispId], [t].[BillID], [t].[ChallanNo], [t].[DeliveryNum], [t].[Destination], [t].[DisVid], [t].[DispatchDate], [t].[DispatchQuantity], [t].[FinalPrice], [t].[Lr], [t].[PartyName], [t].[TotalValue], [t].[UnitPrice], [t].[VehicleNo]
      FROM [TblDispatches] AS [t]
info: Microsoft.EntityFrameworkCore.Infrastructure[10403]
      Entity Framework Core 6.0.21 initialized 'TransportMgmtContext' using provider 'Microsoft.EntityFrameworkCore.SqlServer:6.0.21' with options: CommandTimeout=120 
info: Microsoft.EntityFrameworkCore.Database.Command[20101]
      Executed DbCommand (18ms) [Parameters=[@__cell1_0='?' (Size = 4000)], CommandType='Text', CommandTimeout='120']
      SELECT TOP(1) [t].[DispId], [t].[BillID], [t].[ChallanNo], [t].[DeliveryNum], [t].[Destination], [t].[DisVid], [t].[DispatchDate], [t].[DispatchQuantity], [t].[FinalPrice], [t].[Lr], [t].[PartyName], [t].[TotalValue], [t].[UnitPrice], [t].[VehicleNo]
      FROM [TblDispatches] AS [t]
      WHERE [t].[ChallanNo] = @__cell1_0
info: Microsoft.EntityFrameworkCore.Database.Command[20101]
      Executed DbCommand (6ms) [Parameters=[@__cell1_0='?' (Size = 4000)], CommandType='Text', CommandTimeout='120']
      SELECT TOP(1) [t].[DispId], [t].[BillID], [t].[ChallanNo], [t].[DeliveryNum], [t].[Destination], [t].[DisVid], [t].[DispatchDate], [t].[DispatchQuantity], [t].[FinalPrice], [t].[Lr], [t].[PartyName], [t].[TotalValue], [t].[UnitPrice], [t].[VehicleNo]
      FROM [TblDispatches] AS [t]
      WHERE [t].[ChallanNo] = @__cell1_0
info: Microsoft.EntityFrameworkCore.Database.Command[20101]
      Executed DbCommand (4ms) [Parameters=[@__cell1_0='?' (Size = 4000)], CommandType='Text', CommandTimeout='120']
      SELECT TOP(1) [t].[DispId], [t].[BillID], [t].[ChallanNo], [t].[DeliveryNum], [t].[Destination], [t].[DisVid], [t].[DispatchDate], [t].[DispatchQuantity], [t].[FinalPrice], [t].[Lr], [t].[PartyName], [t].[TotalValue], [t].[UnitPrice], [t].[VehicleNo]
      FROM [TblDispatches] AS [t]
      WHERE [t].[ChallanNo] = @__cell1_0
info: Microsoft.EntityFrameworkCore.Database.Command[20101]
      Executed DbCommand (11ms) [Parameters=[@__cell1_0='?' (Size = 4000)], CommandType='Text', CommandTimeout='120']
      SELECT TOP(1) [t].[DispId], [t].[BillID], [t].[ChallanNo], [t].[DeliveryNum], [t].[Destination], [t].[DisVid], [t].[DispatchDate], [t].[DispatchQuantity], [t].[FinalPrice], [t].[Lr], [t].[PartyName], [t].[TotalValue], [t].[UnitPrice], [t].[VehicleNo]
      FROM [TblDispatches] AS [t]
      WHERE [t].[ChallanNo] = @__cell1_0
info: Microsoft.EntityFrameworkCore.Database.Command[20101]
      Executed DbCommand (3ms) [Parameters=[@__cell1_0='?' (Size = 4000)], CommandType='Text', CommandTimeout='120']
      SELECT TOP(1) [t].[DispId], [t].[BillID], [t].[ChallanNo], [t].[DeliveryNum], [t].[Destination], [t].[DisVid], [t].[DispatchDate], [t].[DispatchQuantity], [t].[FinalPrice], [t].[Lr], [t].[PartyName], [t].[TotalValue], [t].[UnitPrice], [t].[VehicleNo]
      FROM [TblDispatches] AS [t]
      WHERE [t].[ChallanNo] = @__cell1_0
info: Microsoft.EntityFrameworkCore.Database.Command[20101]
      Executed DbCommand (3ms) [Parameters=[@__cell1_0='?' (Size = 4000)], CommandType='Text', CommandTimeout='120']
      SELECT TOP(1) [t].[DispId], [t].[BillID], [t].[ChallanNo], [t].[DeliveryNum], [t].[Destination], [t].[DisVid], [t].[DispatchDate], [t].[DispatchQuantity], [t].[FinalPrice], [t].[Lr], [t].[PartyName], [t].[TotalValue], [t].[UnitPrice], [t].[VehicleNo]
      FROM [TblDispatches] AS [t]
      WHERE [t].[ChallanNo] = @__cell1_0
info: Microsoft.EntityFrameworkCore.Database.Command[20101]
      Executed DbCommand (3ms) [Parameters=[@__cell1_0='?' (Size = 4000)], CommandType='Text', CommandTimeout='120']
      SELECT TOP(1) [t].[DispId], [t].[BillID], [t].[ChallanNo], [t].[DeliveryNum], [t].[Destination], [t].[DisVid], [t].[DispatchDate], [t].[DispatchQuantity], [t].[FinalPrice], [t].[Lr], [t].[PartyName], [t].[TotalValue], [t].[UnitPrice], [t].[VehicleNo]
      FROM [TblDispatches] AS [t]
      WHERE [t].[ChallanNo] = @__cell1_0
info: Microsoft.EntityFrameworkCore.Database.Command[20101]
      Executed DbCommand (6ms) [Parameters=[@__cell1_0='?' (Size = 4000)], CommandType='Text', CommandTimeout='120']
      SELECT TOP(1) [t].[DispId], [t].[BillID], [t].[ChallanNo], [t].[DeliveryNum], [t].[Destination], [t].[DisVid], [t].[DispatchDate], [t].[DispatchQuantity], [t].[FinalPrice], [t].[Lr], [t].[PartyName], [t].[TotalValue], [t].[UnitPrice], [t].[VehicleNo]
      FROM [TblDispatches] AS [t]
      WHERE [t].[ChallanNo] = @__cell1_0
info: Microsoft.EntityFrameworkCore.Database.Command[20101]
      Executed DbCommand (40ms) [Parameters=[@p0='?' (DbType = Int32), @p1='?' (Size = 4000), @p2='?' (Size = 4000), @p3='?' (Size = 4000), @p4='?' (DbType = Int32), @p5='?' (DbType = DateTime2), @p6='?' (DbType = Double), @p7='?' (DbType = Double), @p8='?' (Size = 4000), @p9='?' (Size = 4000), @p10='?' (DbType = Double), @p11='?' (DbType = Double), @p12='?' (Size = 4000), @p13='?' (DbType = Int32), @p14='?' (Size = 4000), @p15='?' (Size = 4000), @p16='?' (Size = 4000), @p17='?' (DbType = Int32), @p18='?' (DbType = DateTime2), @p19='?' (DbType = Double), @p20='?' (DbType = Double), @p21='?' (Size = 4000), @p22='?' (Size = 4000), @p23='?' (DbType = Double), @p24='?' (DbType = Double), @p25='?' (Size = 4000), @p26='?' (DbType = Int32), @p27='?' (Size = 4000), @p28='?' (Size = 4000), @p29='?' (Size = 4000), @p30='?' (DbType = Int32), @p31='?' (DbType = DateTime2), @p32='?' (DbType = Double), @p33='?' (DbType = Double), @p34='?' (Size = 4000), @p35='?' (Size = 4000), @p36='?' (DbType = Double), @p37='?' (DbType = Double), @p38='?' (Size = 4000), @p39='?' (DbType = Int32), @p40='?' (Size = 4000), @p41='?' (Size = 4000), @p42='?' (Size = 4000), @p43='?' (DbType = Int32), @p44='?' (DbType = DateTime2), @p45='?' (DbType = Double), @p46='?' (DbType = Double), @p47='?' (Size = 4000), @p48='?' (Size = 4000), @p49='?' (DbType = Double), @p50='?' (DbType = Double), @p51='?' (Size = 4000), @p52='?' (DbType = Int32), @p53='?' (Size = 4000), @p54='?' (Size = 4000), @p55='?' (Size = 4000), @p56='?' (DbType = Int32), @p57='?' (DbType = DateTime2), @p58='?' (DbType = Double), @p59='?' (DbType = Double), @p60='?' (Size = 4000), @p61='?' (Size = 4000), @p62='?' (DbType = Double), @p63='?' (DbType = Double), @p64='?' (Size = 4000), @p65='?' (DbType = Int32), @p66='?' (Size = 4000), @p67='?' (Size = 4000), @p68='?' (Size = 4000), @p69='?' (DbType = Int32), @p70='?' (DbType = DateTime2), @p71='?' (DbType = Double), @p72='?' (DbType = Double), @p73='?' (Size = 4000), @p74='?' (Size = 4000), @p75='?' (DbType = Double), @p76='?' (DbType = Double), @p77='?' (Size = 4000), @p78='?' (DbType = Int32), @p79='?' (Size = 4000), @p80='?' (Size = 4000), @p81='?' (Size = 4000), @p82='?' (DbType = Int32), @p83='?' (DbType = DateTime2), @p84='?' (DbType = Double), @p85='?' (DbType = Double), @p86='?' (Size = 4000), @p87='?' (Size = 4000), @p88='?' (DbType = Double), @p89='?' (DbType = Double), @p90='?' (Size = 4000), @p91='?' (DbType = Int32), @p92='?' (Size = 4000), @p93='?' (Size = 4000), @p94='?' (Size = 4000), @p95='?' (DbType = Int32), @p96='?' (DbType = DateTime2), @p97='?' (DbType = Double), @p98='?' (DbType = Double), @p99='?' (Size = 4000), @p100='?' (Size = 4000), @p101='?' (DbType = Double), @p102='?' (DbType = Double), @p103='?' (Size = 4000)], CommandType='Text', CommandTimeout='120']
      SET NOCOUNT ON;
      DECLARE @inserted0 TABLE ([DispId] int, [_Position] [int]);
      MERGE [TblDispatches] USING (
      VALUES (@p0, @p1, @p2, @p3, @p4, @p5, @p6, @p7, @p8, @p9, @p10, @p11, @p12, 0),
      (@p13, @p14, @p15, @p16, @p17, @p18, @p19, @p20, @p21, @p22, @p23, @p24, @p25, 1),
      (@p26, @p27, @p28, @p29, @p30, @p31, @p32, @p33, @p34, @p35, @p36, @p37, @p38, 2),
      (@p39, @p40, @p41, @p42, @p43, @p44, @p45, @p46, @p47, @p48, @p49, @p50, @p51, 3),
      (@p52, @p53, @p54, @p55, @p56, @p57, @p58, @p59, @p60, @p61, @p62, @p63, @p64, 4),
      (@p65, @p66, @p67, @p68, @p69, @p70, @p71, @p72, @p73, @p74, @p75, @p76, @p77, 5),
      (@p78, @p79, @p80, @p81, @p82, @p83, @p84, @p85, @p86, @p87, @p88, @p89, @p90, 6),
      (@p91, @p92, @p93, @p94, @p95, @p96, @p97, @p98, @p99, @p100, @p101, @p102, @p103, 7)) AS i ([BillID], [ChallanNo], [DeliveryNum], [Destination], [DisVid], [DispatchDate], [DispatchQuantity], [FinalPrice], [Lr], [PartyName], [TotalValue], [UnitPrice], [VehicleNo], _Position) ON 1=0
      WHEN NOT MATCHED THEN
      INSERT ([BillID], [ChallanNo], [DeliveryNum], [Destination], [DisVid], [DispatchDate], [DispatchQuantity], [FinalPrice], [Lr], [PartyName], [TotalValue], [UnitPrice], [VehicleNo])
      VALUES (i.[BillID], i.[ChallanNo], i.[DeliveryNum], i.[Destination], i.[DisVid], i.[DispatchDate], i.[DispatchQuantity], i.[FinalPrice], i.[Lr], i.[PartyName], i.[TotalValue], i.[UnitPrice], i.[VehicleNo])
      OUTPUT INSERTED.[DispId], i._Position
      INTO @inserted0;
      
      SELECT [i].[DispId] FROM @inserted0 i
      ORDER BY [i].[_Position];
info: Microsoft.EntityFrameworkCore.Database.Command[20101]
      Executed DbCommand (1ms) [Parameters=[], CommandType='Text', CommandTimeout='120']
      SELECT [t].[FID], [t].[Address], [t].[Code], [t].[CreatedBy], [t].[CreatedOn], [t].[FactoryName], [t].[Gstin], [t].[IsActive], [t].[ModifiedBy], [t].[ModifiedOn]
      FROM [TblFactories] AS [t]
info: Microsoft.EntityFrameworkCore.Database.Command[20101]
      Executed DbCommand (1ms) [Parameters=[], CommandType='Text', CommandTimeout='120']
      SELECT [t].[DispId], [t].[BillID], [t].[ChallanNo], [t].[DeliveryNum], [t].[Destination], [t].[DisVid], [t].[DispatchDate], [t].[DispatchQuantity], [t].[FinalPrice], [t].[Lr], [t].[PartyName], [t].[TotalValue], [t].[UnitPrice], [t].[VehicleNo]
      FROM [TblDispatches] AS [t]
info: Microsoft.EntityFrameworkCore.Infrastructure[10403]
      Entity Framework Core 6.0.21 initialized 'TransportMgmtContext' using provider 'Microsoft.EntityFrameworkCore.SqlServer:6.0.21' with options: CommandTimeout=120 
info: Microsoft.EntityFrameworkCore.Database.Command[20101]
      Executed DbCommand (7ms) [Parameters=[@__cell1_0='?' (Size = 4000)], CommandType='Text', CommandTimeout='120']
      SELECT TOP(1) [t].[DispId], [t].[BillID], [t].[ChallanNo], [t].[DeliveryNum], [t].[Destination], [t].[DisVid], [t].[DispatchDate], [t].[DispatchQuantity], [t].[FinalPrice], [t].[Lr], [t].[PartyName], [t].[TotalValue], [t].[UnitPrice], [t].[VehicleNo]
      FROM [TblDispatches] AS [t]
      WHERE [t].[ChallanNo] = @__cell1_0
info: Microsoft.EntityFrameworkCore.Database.Command[20101]
      Executed DbCommand (4ms) [Parameters=[@__cell1_0='?' (Size = 4000)], CommandType='Text', CommandTimeout='120']
      SELECT TOP(1) [t].[DispId], [t].[BillID], [t].[ChallanNo], [t].[DeliveryNum], [t].[Destination], [t].[DisVid], [t].[DispatchDate], [t].[DispatchQuantity], [t].[FinalPrice], [t].[Lr], [t].[PartyName], [t].[TotalValue], [t].[UnitPrice], [t].[VehicleNo]
      FROM [TblDispatches] AS [t]
      WHERE [t].[ChallanNo] = @__cell1_0
info: Microsoft.EntityFrameworkCore.Database.Command[20101]
      Executed DbCommand (4ms) [Parameters=[@__cell1_0='?' (Size = 4000)], CommandType='Text', CommandTimeout='120']
      SELECT TOP(1) [t].[DispId], [t].[BillID], [t].[ChallanNo], [t].[DeliveryNum], [t].[Destination], [t].[DisVid], [t].[DispatchDate], [t].[DispatchQuantity], [t].[FinalPrice], [t].[Lr], [t].[PartyName], [t].[TotalValue], [t].[UnitPrice], [t].[VehicleNo]
      FROM [TblDispatches] AS [t]
      WHERE [t].[ChallanNo] = @__cell1_0
info: Microsoft.EntityFrameworkCore.Database.Command[20101]
      Executed DbCommand (4ms) [Parameters=[@__cell1_0='?' (Size = 4000)], CommandType='Text', CommandTimeout='120']
      SELECT TOP(1) [t].[DispId], [t].[BillID], [t].[ChallanNo], [t].[DeliveryNum], [t].[Destination], [t].[DisVid], [t].[DispatchDate], [t].[DispatchQuantity], [t].[FinalPrice], [t].[Lr], [t].[PartyName], [t].[TotalValue], [t].[UnitPrice], [t].[VehicleNo]
      FROM [TblDispatches] AS [t]
      WHERE [t].[ChallanNo] = @__cell1_0
info: Microsoft.EntityFrameworkCore.Database.Command[20101]
      Executed DbCommand (4ms) [Parameters=[@__cell1_0='?' (Size = 4000)], CommandType='Text', CommandTimeout='120']
      SELECT TOP(1) [t].[DispId], [t].[BillID], [t].[ChallanNo], [t].[DeliveryNum], [t].[Destination], [t].[DisVid], [t].[DispatchDate], [t].[DispatchQuantity], [t].[FinalPrice], [t].[Lr], [t].[PartyName], [t].[TotalValue], [t].[UnitPrice], [t].[VehicleNo]
      FROM [TblDispatches] AS [t]
      WHERE [t].[ChallanNo] = @__cell1_0
info: Microsoft.EntityFrameworkCore.Database.Command[20101]
      Executed DbCommand (4ms) [Parameters=[@__cell1_0='?' (Size = 4000)], CommandType='Text', CommandTimeout='120']
      SELECT TOP(1) [t].[DispId], [t].[BillID], [t].[ChallanNo], [t].[DeliveryNum], [t].[Destination], [t].[DisVid], [t].[DispatchDate], [t].[DispatchQuantity], [t].[FinalPrice], [t].[Lr], [t].[PartyName], [t].[TotalValue], [t].[UnitPrice], [t].[VehicleNo]
      FROM [TblDispatches] AS [t]
      WHERE [t].[ChallanNo] = @__cell1_0
info: Microsoft.EntityFrameworkCore.Database.Command[20101]
      Executed DbCommand (4ms) [Parameters=[@__cell1_0='?' (Size = 4000)], CommandType='Text', CommandTimeout='120']
      SELECT TOP(1) [t].[DispId], [t].[BillID], [t].[ChallanNo], [t].[DeliveryNum], [t].[Destination], [t].[DisVid], [t].[DispatchDate], [t].[DispatchQuantity], [t].[FinalPrice], [t].[Lr], [t].[PartyName], [t].[TotalValue], [t].[UnitPrice], [t].[VehicleNo]
      FROM [TblDispatches] AS [t]
      WHERE [t].[ChallanNo] = @__cell1_0
info: Microsoft.EntityFrameworkCore.Database.Command[20101]
      Executed DbCommand (5ms) [Parameters=[@__cell1_0='?' (Size = 4000)], CommandType='Text', CommandTimeout='120']
      SELECT TOP(1) [t].[DispId], [t].[BillID], [t].[ChallanNo], [t].[DeliveryNum], [t].[Destination], [t].[DisVid], [t].[DispatchDate], [t].[DispatchQuantity], [t].[FinalPrice], [t].[Lr], [t].[PartyName], [t].[TotalValue], [t].[UnitPrice], [t].[VehicleNo]
      FROM [TblDispatches] AS [t]
      WHERE [t].[ChallanNo] = @__cell1_0
info: Microsoft.EntityFrameworkCore.Database.Command[20101]
      Executed DbCommand (4ms) [Parameters=[@__cell1_0='?' (Size = 4000)], CommandType='Text', CommandTimeout='120']
      SELECT TOP(1) [t].[DispId], [t].[BillID], [t].[ChallanNo], [t].[DeliveryNum], [t].[Destination], [t].[DisVid], [t].[DispatchDate], [t].[DispatchQuantity], [t].[FinalPrice], [t].[Lr], [t].[PartyName], [t].[TotalValue], [t].[UnitPrice], [t].[VehicleNo]
      FROM [TblDispatches] AS [t]
      WHERE [t].[ChallanNo] = @__cell1_0
info: Microsoft.EntityFrameworkCore.Database.Command[20101]
      Executed DbCommand (5ms) [Parameters=[@__cell1_0='?' (Size = 4000)], CommandType='Text', CommandTimeout='120']
      SELECT TOP(1) [t].[DispId], [t].[BillID], [t].[ChallanNo], [t].[DeliveryNum], [t].[Destination], [t].[DisVid], [t].[DispatchDate], [t].[DispatchQuantity], [t].[FinalPrice], [t].[Lr], [t].[PartyName], [t].[TotalValue], [t].[UnitPrice], [t].[VehicleNo]
      FROM [TblDispatches] AS [t]
      WHERE [t].[ChallanNo] = @__cell1_0
info: Microsoft.EntityFrameworkCore.Database.Command[20101]
      Executed DbCommand (5ms) [Parameters=[@__cell1_0='?' (Size = 4000)], CommandType='Text', CommandTimeout='120']
      SELECT TOP(1) [t].[DispId], [t].[BillID], [t].[ChallanNo], [t].[DeliveryNum], [t].[Destination], [t].[DisVid], [t].[DispatchDate], [t].[DispatchQuantity], [t].[FinalPrice], [t].[Lr], [t].[PartyName], [t].[TotalValue], [t].[UnitPrice], [t].[VehicleNo]
      FROM [TblDispatches] AS [t]
      WHERE [t].[ChallanNo] = @__cell1_0
info: Microsoft.EntityFrameworkCore.Database.Command[20101]
      Executed DbCommand (5ms) [Parameters=[@__cell1_0='?' (Size = 4000)], CommandType='Text', CommandTimeout='120']
      SELECT TOP(1) [t].[DispId], [t].[BillID], [t].[ChallanNo], [t].[DeliveryNum], [t].[Destination], [t].[DisVid], [t].[DispatchDate], [t].[DispatchQuantity], [t].[FinalPrice], [t].[Lr], [t].[PartyName], [t].[TotalValue], [t].[UnitPrice], [t].[VehicleNo]
      FROM [TblDispatches] AS [t]
      WHERE [t].[ChallanNo] = @__cell1_0
info: Microsoft.EntityFrameworkCore.Database.Command[20101]
      Executed DbCommand (5ms) [Parameters=[@__cell1_0='?' (Size = 4000)], CommandType='Text', CommandTimeout='120']
      SELECT TOP(1) [t].[DispId], [t].[BillID], [t].[ChallanNo], [t].[DeliveryNum], [t].[Destination], [t].[DisVid], [t].[DispatchDate], [t].[DispatchQuantity], [t].[FinalPrice], [t].[Lr], [t].[PartyName], [t].[TotalValue], [t].[UnitPrice], [t].[VehicleNo]
      FROM [TblDispatches] AS [t]
      WHERE [t].[ChallanNo] = @__cell1_0
info: Microsoft.EntityFrameworkCore.Database.Command[20101]
      Executed DbCommand (5ms) [Parameters=[@__cell1_0='?' (Size = 4000)], CommandType='Text', CommandTimeout='120']
      SELECT TOP(1) [t].[DispId], [t].[BillID], [t].[ChallanNo], [t].[DeliveryNum], [t].[Destination], [t].[DisVid], [t].[DispatchDate], [t].[DispatchQuantity], [t].[FinalPrice], [t].[Lr], [t].[PartyName], [t].[TotalValue], [t].[UnitPrice], [t].[VehicleNo]
      FROM [TblDispatches] AS [t]
      WHERE [t].[ChallanNo] = @__cell1_0
info: Microsoft.EntityFrameworkCore.Database.Command[20101]
      Executed DbCommand (32ms) [Parameters=[@p0='?' (DbType = Int32), @p1='?' (Size = 4000), @p2='?' (Size = 4000), @p3='?' (Size = 4000), @p4='?' (DbType = Int32), @p5='?' (DbType = DateTime2), @p6='?' (DbType = Double), @p7='?' (DbType = Double), @p8='?' (Size = 4000), @p9='?' (Size = 4000), @p10='?' (DbType = Double), @p11='?' (DbType = Double), @p12='?' (Size = 4000), @p13='?' (DbType = Int32), @p14='?' (Size = 4000), @p15='?' (Size = 4000), @p16='?' (Size = 4000), @p17='?' (DbType = Int32), @p18='?' (DbType = DateTime2), @p19='?' (DbType = Double), @p20='?' (DbType = Double), @p21='?' (Size = 4000), @p22='?' (Size = 4000), @p23='?' (DbType = Double), @p24='?' (DbType = Double), @p25='?' (Size = 4000), @p26='?' (DbType = Int32), @p27='?' (Size = 4000), @p28='?' (Size = 4000), @p29='?' (Size = 4000), @p30='?' (DbType = Int32), @p31='?' (DbType = DateTime2), @p32='?' (DbType = Double), @p33='?' (DbType = Double), @p34='?' (Size = 4000), @p35='?' (Size = 4000), @p36='?' (DbType = Double), @p37='?' (DbType = Double), @p38='?' (Size = 4000), @p39='?' (DbType = Int32), @p40='?' (Size = 4000), @p41='?' (Size = 4000), @p42='?' (Size = 4000), @p43='?' (DbType = Int32), @p44='?' (DbType = DateTime2), @p45='?' (DbType = Double), @p46='?' (DbType = Double), @p47='?' (Size = 4000), @p48='?' (Size = 4000), @p49='?' (DbType = Double), @p50='?' (DbType = Double), @p51='?' (Size = 4000), @p52='?' (DbType = Int32), @p53='?' (Size = 4000), @p54='?' (Size = 4000), @p55='?' (Size = 4000), @p56='?' (DbType = Int32), @p57='?' (DbType = DateTime2), @p58='?' (DbType = Double), @p59='?' (DbType = Double), @p60='?' (Size = 4000), @p61='?' (Size = 4000), @p62='?' (DbType = Double), @p63='?' (DbType = Double), @p64='?' (Size = 4000), @p65='?' (DbType = Int32), @p66='?' (Size = 4000), @p67='?' (Size = 4000), @p68='?' (Size = 4000), @p69='?' (DbType = Int32), @p70='?' (DbType = DateTime2), @p71='?' (DbType = Double), @p72='?' (DbType = Double), @p73='?' (Size = 4000), @p74='?' (Size = 4000), @p75='?' (DbType = Double), @p76='?' (DbType = Double), @p77='?' (Size = 4000), @p78='?' (DbType = Int32), @p79='?' (Size = 4000), @p80='?' (Size = 4000), @p81='?' (Size = 4000), @p82='?' (DbType = Int32), @p83='?' (DbType = DateTime2), @p84='?' (DbType = Double), @p85='?' (DbType = Double), @p86='?' (Size = 4000), @p87='?' (Size = 4000), @p88='?' (DbType = Double), @p89='?' (DbType = Double), @p90='?' (Size = 4000), @p91='?' (DbType = Int32), @p92='?' (Size = 4000), @p93='?' (Size = 4000), @p94='?' (Size = 4000), @p95='?' (DbType = Int32), @p96='?' (DbType = DateTime2), @p97='?' (DbType = Double), @p98='?' (DbType = Double), @p99='?' (Size = 4000), @p100='?' (Size = 4000), @p101='?' (DbType = Double), @p102='?' (DbType = Double), @p103='?' (Size = 4000), @p104='?' (DbType = Int32), @p105='?' (Size = 4000), @p106='?' (Size = 4000), @p107='?' (Size = 4000), @p108='?' (DbType = Int32), @p109='?' (DbType = DateTime2), @p110='?' (DbType = Double), @p111='?' (DbType = Double), @p112='?' (Size = 4000), @p113='?' (Size = 4000), @p114='?' (DbType = Double), @p115='?' (DbType = Double), @p116='?' (Size = 4000), @p117='?' (DbType = Int32), @p118='?' (Size = 4000), @p119='?' (Size = 4000), @p120='?' (Size = 4000), @p121='?' (DbType = Int32), @p122='?' (DbType = DateTime2), @p123='?' (DbType = Double), @p124='?' (DbType = Double), @p125='?' (Size = 4000), @p126='?' (Size = 4000), @p127='?' (DbType = Double), @p128='?' (DbType = Double), @p129='?' (Size = 4000), @p130='?' (DbType = Int32), @p131='?' (Size = 4000), @p132='?' (Size = 4000), @p133='?' (Size = 4000), @p134='?' (DbType = Int32), @p135='?' (DbType = DateTime2), @p136='?' (DbType = Double), @p137='?' (DbType = Double), @p138='?' (Size = 4000), @p139='?' (Size = 4000), @p140='?' (DbType = Double), @p141='?' (DbType = Double), @p142='?' (Size = 4000), @p143='?' (DbType = Int32), @p144='?' (Size = 4000), @p145='?' (Size = 4000), @p146='?' (Size = 4000), @p147='?' (DbType = Int32), @p148='?' (DbType = DateTime2), @p149='?' (DbType = Double), @p150='?' (DbType = Double), @p151='?' (Size = 4000), @p152='?' (Size = 4000), @p153='?' (DbType = Double), @p154='?' (DbType = Double), @p155='?' (Size = 4000), @p156='?' (DbType = Int32), @p157='?' (Size = 4000), @p158='?' (Size = 4000), @p159='?' (Size = 4000), @p160='?' (DbType = Int32), @p161='?' (DbType = DateTime2), @p162='?' (DbType = Double), @p163='?' (DbType = Double), @p164='?' (Size = 4000), @p165='?' (Size = 4000), @p166='?' (DbType = Double), @p167='?' (DbType = Double), @p168='?' (Size = 4000), @p169='?' (DbType = Int32), @p170='?' (Size = 4000), @p171='?' (Size = 4000), @p172='?' (Size = 4000), @p173='?' (DbType = Int32), @p174='?' (DbType = DateTime2), @p175='?' (DbType = Double), @p176='?' (DbType = Double), @p177='?' (Size = 4000), @p178='?' (Size = 4000), @p179='?' (DbType = Double), @p180='?' (DbType = Double), @p181='?' (Size = 4000)], CommandType='Text', CommandTimeout='120']
      SET NOCOUNT ON;
      DECLARE @inserted0 TABLE ([DispId] int, [_Position] [int]);
      MERGE [TblDispatches] USING (
      VALUES (@p0, @p1, @p2, @p3, @p4, @p5, @p6, @p7, @p8, @p9, @p10, @p11, @p12, 0),
      (@p13, @p14, @p15, @p16, @p17, @p18, @p19, @p20, @p21, @p22, @p23, @p24, @p25, 1),
      (@p26, @p27, @p28, @p29, @p30, @p31, @p32, @p33, @p34, @p35, @p36, @p37, @p38, 2),
      (@p39, @p40, @p41, @p42, @p43, @p44, @p45, @p46, @p47, @p48, @p49, @p50, @p51, 3),
      (@p52, @p53, @p54, @p55, @p56, @p57, @p58, @p59, @p60, @p61, @p62, @p63, @p64, 4),
      (@p65, @p66, @p67, @p68, @p69, @p70, @p71, @p72, @p73, @p74, @p75, @p76, @p77, 5),
      (@p78, @p79, @p80, @p81, @p82, @p83, @p84, @p85, @p86, @p87, @p88, @p89, @p90, 6),
      (@p91, @p92, @p93, @p94, @p95, @p96, @p97, @p98, @p99, @p100, @p101, @p102, @p103, 7),
      (@p104, @p105, @p106, @p107, @p108, @p109, @p110, @p111, @p112, @p113, @p114, @p115, @p116, 8),
      (@p117, @p118, @p119, @p120, @p121, @p122, @p123, @p124, @p125, @p126, @p127, @p128, @p129, 9),
      (@p130, @p131, @p132, @p133, @p134, @p135, @p136, @p137, @p138, @p139, @p140, @p141, @p142, 10),
      (@p143, @p144, @p145, @p146, @p147, @p148, @p149, @p150, @p151, @p152, @p153, @p154, @p155, 11),
      (@p156, @p157, @p158, @p159, @p160, @p161, @p162, @p163, @p164, @p165, @p166, @p167, @p168, 12),
      (@p169, @p170, @p171, @p172, @p173, @p174, @p175, @p176, @p177, @p178, @p179, @p180, @p181, 13)) AS i ([BillID], [ChallanNo], [DeliveryNum], [Destination], [DisVid], [DispatchDate], [DispatchQuantity], [FinalPrice], [Lr], [PartyName], [TotalValue], [UnitPrice], [VehicleNo], _Position) ON 1=0
      WHEN NOT MATCHED THEN
      INSERT ([BillID], [ChallanNo], [DeliveryNum], [Destination], [DisVid], [DispatchDate], [DispatchQuantity], [FinalPrice], [Lr], [PartyName], [TotalValue], [UnitPrice], [VehicleNo])
      VALUES (i.[BillID], i.[ChallanNo], i.[DeliveryNum], i.[Destination], i.[DisVid], i.[DispatchDate], i.[DispatchQuantity], i.[FinalPrice], i.[Lr], i.[PartyName], i.[TotalValue], i.[UnitPrice], i.[VehicleNo])
      OUTPUT INSERTED.[DispId], i._Position
      INTO @inserted0;
      
      SELECT [i].[DispId] FROM @inserted0 i
      ORDER BY [i].[_Position];
info: Microsoft.EntityFrameworkCore.Database.Command[20101]
      Executed DbCommand (3ms) [Parameters=[], CommandType='Text', CommandTimeout='120']
      SELECT [t].[FID], [t].[Address], [t].[Code], [t].[CreatedBy], [t].[CreatedOn], [t].[FactoryName], [t].[Gstin], [t].[IsActive], [t].[ModifiedBy], [t].[ModifiedOn]
      FROM [TblFactories] AS [t]
info: Microsoft.EntityFrameworkCore.Database.Command[20101]
      Executed DbCommand (2ms) [Parameters=[], CommandType='Text', CommandTimeout='120']
      SELECT [t].[DispId], [t].[BillID], [t].[ChallanNo], [t].[DeliveryNum], [t].[Destination], [t].[DisVid], [t].[DispatchDate], [t].[DispatchQuantity], [t].[FinalPrice], [t].[Lr], [t].[PartyName], [t].[TotalValue], [t].[UnitPrice], [t].[VehicleNo]
      FROM [TblDispatches] AS [t]
info: Microsoft.EntityFrameworkCore.Infrastructure[10403]
      Entity Framework Core 6.0.21 initialized 'TransportMgmtContext' using provider 'Microsoft.EntityFrameworkCore.SqlServer:6.0.21' with options: CommandTimeout=120 
info: Microsoft.EntityFrameworkCore.Database.Command[20101]
      Executed DbCommand (13ms) [Parameters=[], CommandType='Text', CommandTimeout='120']
      SELECT [t].[FID], [t].[Address], [t].[Code], [t].[CreatedBy], [t].[CreatedOn], [t].[FactoryName], [t].[Gstin], [t].[IsActive], [t].[ModifiedBy], [t].[ModifiedOn]
      FROM [TblFactories] AS [t]
info: Microsoft.EntityFrameworkCore.Database.Command[20101]
      Executed DbCommand (0ms) [Parameters=[], CommandType='Text', CommandTimeout='120']
      SELECT [t].[FID], [t].[Address], [t].[Code], [t].[CreatedBy], [t].[CreatedOn], [t].[FactoryName], [t].[Gstin], [t].[IsActive], [t].[ModifiedBy], [t].[ModifiedOn]
      FROM [TblFactories] AS [t]
info: Microsoft.EntityFrameworkCore.Database.Command[20101]
      Executed DbCommand (10ms) [Parameters=[], CommandType='Text', CommandTimeout='120']
      SELECT [b].[BillID], [b].[ActualAmount], [b].[BillDate], [b].[BillNum], [b].[BillType], [b].[DeliveryNum], [b].[FID], [b].[Gst], [b].[GstDate], [b].[Lr], [b].[PId], [b].[PartyName], [b].[PaymentReceived], [b].[PaymentTablePId], [b].[Tds], [b].[TotalValue]
      FROM [BillTables] AS [b]
info: Microsoft.EntityFrameworkCore.Infrastructure[10403]
      Entity Framework Core 6.0.21 initialized 'TransportMgmtContext' using provider 'Microsoft.EntityFrameworkCore.SqlServer:6.0.21' with options: CommandTimeout=120 
info: Microsoft.EntityFrameworkCore.Database.Command[20101]
      Executed DbCommand (14ms) [Parameters=[@__billNumber_0='?' (Size = 4000)], CommandType='Text', CommandTimeout='120']
      SELECT TOP(1) [b].[BillID], [b].[ActualAmount], [b].[BillDate], [b].[BillNum], [b].[BillType], [b].[DeliveryNum], [b].[FID], [b].[Gst], [b].[GstDate], [b].[Lr], [b].[PId], [b].[PartyName], [b].[PaymentReceived], [b].[PaymentTablePId], [b].[Tds], [b].[TotalValue]
      FROM [BillTables] AS [b]
      WHERE [b].[BillNum] = @__billNumber_0
info: Microsoft.EntityFrameworkCore.Database.Command[20101]
      Executed DbCommand (3ms) [Parameters=[@__billNumber_0='?' (Size = 4000)], CommandType='Text', CommandTimeout='120']
      SELECT TOP(1) [b].[BillID], [b].[ActualAmount], [b].[BillDate], [b].[BillNum], [b].[BillType], [b].[DeliveryNum], [b].[FID], [b].[Gst], [b].[GstDate], [b].[Lr], [b].[PId], [b].[PartyName], [b].[PaymentReceived], [b].[PaymentTablePId], [b].[Tds], [b].[TotalValue]
      FROM [BillTables] AS [b]
      WHERE [b].[BillNum] = @__billNumber_0
info: Microsoft.EntityFrameworkCore.Database.Command[20101]
      Executed DbCommand (5ms) [Parameters=[@__paymentNumber_0='?' (Size = 4000)], CommandType='Text', CommandTimeout='120']
      SELECT TOP(1) [p].[PId], [p].[DocNumber], [p].[FID], [p].[PayRecDate], [p].[Shortage]
      FROM [PaymentTables] AS [p]
      WHERE [p].[DocNumber] = @__paymentNumber_0
info: Microsoft.EntityFrameworkCore.Database.Command[20101]
      Executed DbCommand (19ms) [Parameters=[@p4='?' (DbType = Int32), @p0='?' (DbType = Double), @p1='?' (DbType = Double), @p2='?' (DbType = Double), @p3='?' (DbType = Double)], CommandType='Text', CommandTimeout='120']
      SET NOCOUNT ON;
      UPDATE [BillTables] SET [ActualAmount] = @p0, [Gst] = @p1, [PaymentReceived] = @p2, [Tds] = @p3
      WHERE [BillID] = @p4;
      SELECT @@ROWCOUNT;
info: Microsoft.EntityFrameworkCore.Database.Command[20101]
      Executed DbCommand (9ms) [Parameters=[@p0='?' (Size = 4000), @p1='?' (DbType = Int32), @p2='?' (DbType = DateTime2), @p3='?' (DbType = Double)], CommandType='Text', CommandTimeout='120']
      SET NOCOUNT ON;
      INSERT INTO [PaymentTables] ([DocNumber], [FID], [PayRecDate], [Shortage])
      VALUES (@p0, @p1, @p2, @p3);
      SELECT [PId]
      FROM [PaymentTables]
      WHERE @@ROWCOUNT = 1 AND [PId] = scope_identity();
info: Microsoft.EntityFrameworkCore.Database.Command[20101]
      Executed DbCommand (1ms) [Parameters=[@__billNumber_0='?' (Size = 4000)], CommandType='Text', CommandTimeout='120']
      SELECT TOP(1) [b].[BillID], [b].[ActualAmount], [b].[BillDate], [b].[BillNum], [b].[BillType], [b].[DeliveryNum], [b].[FID], [b].[Gst], [b].[GstDate], [b].[Lr], [b].[PId], [b].[PartyName], [b].[PaymentReceived], [b].[PaymentTablePId], [b].[Tds], [b].[TotalValue]
      FROM [BillTables] AS [b]
      WHERE [b].[BillNum] = @__billNumber_0
info: Microsoft.EntityFrameworkCore.Database.Command[20101]
      Executed DbCommand (1ms) [Parameters=[@__billNumber_0='?' (Size = 4000)], CommandType='Text', CommandTimeout='120']
      SELECT TOP(1) [b].[BillID], [b].[ActualAmount], [b].[BillDate], [b].[BillNum], [b].[BillType], [b].[DeliveryNum], [b].[FID], [b].[Gst], [b].[GstDate], [b].[Lr], [b].[PId], [b].[PartyName], [b].[PaymentReceived], [b].[PaymentTablePId], [b].[Tds], [b].[TotalValue]
      FROM [BillTables] AS [b]
      WHERE [b].[BillNum] = @__billNumber_0
info: Microsoft.EntityFrameworkCore.Database.Command[20101]
      Executed DbCommand (2ms) [Parameters=[@__billNumber_0='?' (Size = 4000)], CommandType='Text', CommandTimeout='120']
      SELECT TOP(1) [b].[BillID], [b].[ActualAmount], [b].[BillDate], [b].[BillNum], [b].[BillType], [b].[DeliveryNum], [b].[FID], [b].[Gst], [b].[GstDate], [b].[Lr], [b].[PId], [b].[PartyName], [b].[PaymentReceived], [b].[PaymentTablePId], [b].[Tds], [b].[TotalValue]
      FROM [BillTables] AS [b]
      WHERE [b].[BillNum] = @__billNumber_0
info: Microsoft.EntityFrameworkCore.Database.Command[20101]
      Executed DbCommand (10ms) [Parameters=[@p15='?' (DbType = Int32), @p0='?' (DbType = Double), @p1='?' (DbType = DateTime2), @p2='?' (Size = 4000), @p3='?' (Size = 4000), @p4='?' (Size = 4000), @p5='?' (DbType = Int32), @p6='?' (DbType = Double), @p7='?' (DbType = DateTime2), @p8='?' (Size = 4000), @p9='?' (DbType = Int32), @p10='?' (Size = 4000), @p11='?' (DbType = Double), @p12='?' (DbType = Int32), @p13='?' (DbType = Double), @p14='?' (DbType = Double), @p31='?' (DbType = Int32), @p16='?' (DbType = Double), @p17='?' (DbType = DateTime2), @p18='?' (Size = 4000), @p19='?' (Size = 4000), @p20='?' (Size = 4000), @p21='?' (DbType = Int32), @p22='?' (DbType = Double), @p23='?' (DbType = DateTime2), @p24='?' (Size = 4000), @p25='?' (DbType = Int32), @p26='?' (Size = 4000), @p27='?' (DbType = Double), @p28='?' (DbType = Int32), @p29='?' (DbType = Double), @p30='?' (DbType = Double), @p47='?' (DbType = Int32), @p32='?' (DbType = Double), @p33='?' (DbType = DateTime2), @p34='?' (Size = 4000), @p35='?' (Size = 4000), @p36='?' (Size = 4000), @p37='?' (DbType = Int32), @p38='?' (DbType = Double), @p39='?' (DbType = DateTime2), @p40='?' (Size = 4000), @p41='?' (DbType = Int32), @p42='?' (Size = 4000), @p43='?' (DbType = Double), @p44='?' (DbType = Int32), @p45='?' (DbType = Double), @p46='?' (DbType = Double), @p63='?' (DbType = Int32), @p48='?' (DbType = Double), @p49='?' (DbType = DateTime2), @p50='?' (Size = 4000), @p51='?' (Size = 4000), @p52='?' (Size = 4000), @p53='?' (DbType = Int32), @p54='?' (DbType = Double), @p55='?' (DbType = DateTime2), @p56='?' (Size = 4000), @p57='?' (DbType = Int32), @p58='?' (Size = 4000), @p59='?' (DbType = Double), @p60='?' (DbType = Int32), @p61='?' (DbType = Double), @p62='?' (DbType = Double)], CommandType='Text', CommandTimeout='120']
      SET NOCOUNT ON;
      UPDATE [BillTables] SET [ActualAmount] = @p0, [BillDate] = @p1, [BillNum] = @p2, [BillType] = @p3, [DeliveryNum] = @p4, [FID] = @p5, [Gst] = @p6, [GstDate] = @p7, [Lr] = @p8, [PId] = @p9, [PartyName] = @p10, [PaymentReceived] = @p11, [PaymentTablePId] = @p12, [Tds] = @p13, [TotalValue] = @p14
      WHERE [BillID] = @p15;
      SELECT @@ROWCOUNT;
      
      UPDATE [BillTables] SET [ActualAmount] = @p16, [BillDate] = @p17, [BillNum] = @p18, [BillType] = @p19, [DeliveryNum] = @p20, [FID] = @p21, [Gst] = @p22, [GstDate] = @p23, [Lr] = @p24, [PId] = @p25, [PartyName] = @p26, [PaymentReceived] = @p27, [PaymentTablePId] = @p28, [Tds] = @p29, [TotalValue] = @p30
      WHERE [BillID] = @p31;
      SELECT @@ROWCOUNT;
      
      UPDATE [BillTables] SET [ActualAmount] = @p32, [BillDate] = @p33, [BillNum] = @p34, [BillType] = @p35, [DeliveryNum] = @p36, [FID] = @p37, [Gst] = @p38, [GstDate] = @p39, [Lr] = @p40, [PId] = @p41, [PartyName] = @p42, [PaymentReceived] = @p43, [PaymentTablePId] = @p44, [Tds] = @p45, [TotalValue] = @p46
      WHERE [BillID] = @p47;
      SELECT @@ROWCOUNT;
      
      UPDATE [BillTables] SET [ActualAmount] = @p48, [BillDate] = @p49, [BillNum] = @p50, [BillType] = @p51, [DeliveryNum] = @p52, [FID] = @p53, [Gst] = @p54, [GstDate] = @p55, [Lr] = @p56, [PId] = @p57, [PartyName] = @p58, [PaymentReceived] = @p59, [PaymentTablePId] = @p60, [Tds] = @p61, [TotalValue] = @p62
      WHERE [BillID] = @p63;
      SELECT @@ROWCOUNT;
info: Microsoft.EntityFrameworkCore.Infrastructure[10403]
      Entity Framework Core 6.0.21 initialized 'TransportMgmtContext' using provider 'Microsoft.EntityFrameworkCore.SqlServer:6.0.21' with options: CommandTimeout=120 
info: Microsoft.EntityFrameworkCore.Database.Command[20101]
      Executed DbCommand (1ms) [Parameters=[], CommandType='Text', CommandTimeout='120']
      SELECT [t].[FID], [t].[Address], [t].[Code], [t].[CreatedBy], [t].[CreatedOn], [t].[FactoryName], [t].[Gstin], [t].[IsActive], [t].[ModifiedBy], [t].[ModifiedOn]
      FROM [TblFactories] AS [t]
info: Microsoft.EntityFrameworkCore.Database.Command[20101]
      Executed DbCommand (1ms) [Parameters=[], CommandType='Text', CommandTimeout='120']
      SELECT [t].[FID], [t].[Address], [t].[Code], [t].[CreatedBy], [t].[CreatedOn], [t].[FactoryName], [t].[Gstin], [t].[IsActive], [t].[ModifiedBy], [t].[ModifiedOn]
      FROM [TblFactories] AS [t]
info: Microsoft.EntityFrameworkCore.Database.Command[20101]
      Executed DbCommand (1ms) [Parameters=[], CommandType='Text', CommandTimeout='120']
      SELECT [b].[BillID], [b].[ActualAmount], [b].[BillDate], [b].[BillNum], [b].[BillType], [b].[DeliveryNum], [b].[FID], [b].[Gst], [b].[GstDate], [b].[Lr], [b].[PId], [b].[PartyName], [b].[PaymentReceived], [b].[PaymentTablePId], [b].[Tds], [b].[TotalValue]
      FROM [BillTables] AS [b]
info: Microsoft.EntityFrameworkCore.Infrastructure[10403]
      Entity Framework Core 6.0.21 initialized 'TransportMgmtContext' using provider 'Microsoft.EntityFrameworkCore.SqlServer:6.0.21' with options: CommandTimeout=120 
info: Microsoft.EntityFrameworkCore.Database.Command[20101]
      Executed DbCommand (1ms) [Parameters=[@__billNumber_0='?' (Size = 4000)], CommandType='Text', CommandTimeout='120']
      SELECT TOP(1) [b].[BillID], [b].[ActualAmount], [b].[BillDate], [b].[BillNum], [b].[BillType], [b].[DeliveryNum], [b].[FID], [b].[Gst], [b].[GstDate], [b].[Lr], [b].[PId], [b].[PartyName], [b].[PaymentReceived], [b].[PaymentTablePId], [b].[Tds], [b].[TotalValue]
      FROM [BillTables] AS [b]
      WHERE [b].[BillNum] = @__billNumber_0
info: Microsoft.EntityFrameworkCore.Database.Command[20101]
      Executed DbCommand (1ms) [Parameters=[@__billNumber_0='?' (Size = 4000)], CommandType='Text', CommandTimeout='120']
      SELECT TOP(1) [b].[BillID], [b].[ActualAmount], [b].[BillDate], [b].[BillNum], [b].[BillType], [b].[DeliveryNum], [b].[FID], [b].[Gst], [b].[GstDate], [b].[Lr], [b].[PId], [b].[PartyName], [b].[PaymentReceived], [b].[PaymentTablePId], [b].[Tds], [b].[TotalValue]
      FROM [BillTables] AS [b]
      WHERE [b].[BillNum] = @__billNumber_0
info: Microsoft.EntityFrameworkCore.Database.Command[20101]
      Executed DbCommand (1ms) [Parameters=[@__paymentNumber_0='?' (Size = 4000)], CommandType='Text', CommandTimeout='120']
      SELECT TOP(1) [p].[PId], [p].[DocNumber], [p].[FID], [p].[PayRecDate], [p].[Shortage]
      FROM [PaymentTables] AS [p]
      WHERE [p].[DocNumber] = @__paymentNumber_0
info: Microsoft.EntityFrameworkCore.Database.Command[20101]
      Executed DbCommand (2ms) [Parameters=[@p4='?' (DbType = Int32), @p0='?' (DbType = Double), @p1='?' (DbType = Double), @p2='?' (DbType = Double), @p3='?' (DbType = Double)], CommandType='Text', CommandTimeout='120']
      SET NOCOUNT ON;
      UPDATE [BillTables] SET [ActualAmount] = @p0, [Gst] = @p1, [PaymentReceived] = @p2, [Tds] = @p3
      WHERE [BillID] = @p4;
      SELECT @@ROWCOUNT;
info: Microsoft.EntityFrameworkCore.Database.Command[20101]
      Executed DbCommand (1ms) [Parameters=[@p0='?' (Size = 4000), @p1='?' (DbType = Int32), @p2='?' (DbType = DateTime2), @p3='?' (DbType = Double)], CommandType='Text', CommandTimeout='120']
      SET NOCOUNT ON;
      INSERT INTO [PaymentTables] ([DocNumber], [FID], [PayRecDate], [Shortage])
      VALUES (@p0, @p1, @p2, @p3);
      SELECT [PId]
      FROM [PaymentTables]
      WHERE @@ROWCOUNT = 1 AND [PId] = scope_identity();
info: Microsoft.EntityFrameworkCore.Database.Command[20101]
      Executed DbCommand (1ms) [Parameters=[@__billNumber_0='?' (Size = 4000)], CommandType='Text', CommandTimeout='120']
      SELECT TOP(1) [b].[BillID], [b].[ActualAmount], [b].[BillDate], [b].[BillNum], [b].[BillType], [b].[DeliveryNum], [b].[FID], [b].[Gst], [b].[GstDate], [b].[Lr], [b].[PId], [b].[PartyName], [b].[PaymentReceived], [b].[PaymentTablePId], [b].[Tds], [b].[TotalValue]
      FROM [BillTables] AS [b]
      WHERE [b].[BillNum] = @__billNumber_0
info: Microsoft.EntityFrameworkCore.Database.Command[20101]
      Executed DbCommand (1ms) [Parameters=[@__billNumber_0='?' (Size = 4000)], CommandType='Text', CommandTimeout='120']
      SELECT TOP(1) [b].[BillID], [b].[ActualAmount], [b].[BillDate], [b].[BillNum], [b].[BillType], [b].[DeliveryNum], [b].[FID], [b].[Gst], [b].[GstDate], [b].[Lr], [b].[PId], [b].[PartyName], [b].[PaymentReceived], [b].[PaymentTablePId], [b].[Tds], [b].[TotalValue]
      FROM [BillTables] AS [b]
      WHERE [b].[BillNum] = @__billNumber_0
info: Microsoft.EntityFrameworkCore.Database.Command[20101]
      Executed DbCommand (3ms) [Parameters=[@p15='?' (DbType = Int32), @p0='?' (DbType = Double), @p1='?' (DbType = DateTime2), @p2='?' (Size = 4000), @p3='?' (Size = 4000), @p4='?' (Size = 4000), @p5='?' (DbType = Int32), @p6='?' (DbType = Double), @p7='?' (DbType = DateTime2), @p8='?' (Size = 4000), @p9='?' (DbType = Int32), @p10='?' (Size = 4000), @p11='?' (DbType = Double), @p12='?' (DbType = Int32), @p13='?' (DbType = Double), @p14='?' (DbType = Double)], CommandType='Text', CommandTimeout='120']
      SET NOCOUNT ON;
      UPDATE [BillTables] SET [ActualAmount] = @p0, [BillDate] = @p1, [BillNum] = @p2, [BillType] = @p3, [DeliveryNum] = @p4, [FID] = @p5, [Gst] = @p6, [GstDate] = @p7, [Lr] = @p8, [PId] = @p9, [PartyName] = @p10, [PaymentReceived] = @p11, [PaymentTablePId] = @p12, [Tds] = @p13, [TotalValue] = @p14
      WHERE [BillID] = @p15;
      SELECT @@ROWCOUNT;
info: Microsoft.EntityFrameworkCore.Database.Command[20101]
      Executed DbCommand (1ms) [Parameters=[@p15='?' (DbType = Int32), @p0='?' (DbType = Double), @p1='?' (DbType = DateTime2), @p2='?' (Size = 4000), @p3='?' (Size = 4000), @p4='?' (Size = 4000), @p5='?' (DbType = Int32), @p6='?' (DbType = Double), @p7='?' (DbType = DateTime2), @p8='?' (Size = 4000), @p9='?' (DbType = Int32), @p10='?' (Size = 4000), @p11='?' (DbType = Double), @p12='?' (DbType = Int32), @p13='?' (DbType = Double), @p14='?' (DbType = Double)], CommandType='Text', CommandTimeout='120']
      SET NOCOUNT ON;
      UPDATE [BillTables] SET [ActualAmount] = @p0, [BillDate] = @p1, [BillNum] = @p2, [BillType] = @p3, [DeliveryNum] = @p4, [FID] = @p5, [Gst] = @p6, [GstDate] = @p7, [Lr] = @p8, [PId] = @p9, [PartyName] = @p10, [PaymentReceived] = @p11, [PaymentTablePId] = @p12, [Tds] = @p13, [TotalValue] = @p14
      WHERE [BillID] = @p15;
      SELECT @@ROWCOUNT;
info: Microsoft.EntityFrameworkCore.Database.Command[20101]
      Executed DbCommand (1ms) [Parameters=[@p15='?' (DbType = Int32), @p0='?' (DbType = Double), @p1='?' (DbType = DateTime2), @p2='?' (Size = 4000), @p3='?' (Size = 4000), @p4='?' (Size = 4000), @p5='?' (DbType = Int32), @p6='?' (DbType = Double), @p7='?' (DbType = DateTime2), @p8='?' (Size = 4000), @p9='?' (DbType = Int32), @p10='?' (Size = 4000), @p11='?' (DbType = Double), @p12='?' (DbType = Int32), @p13='?' (DbType = Double), @p14='?' (DbType = Double)], CommandType='Text', CommandTimeout='120']
      SET NOCOUNT ON;
      UPDATE [BillTables] SET [ActualAmount] = @p0, [BillDate] = @p1, [BillNum] = @p2, [BillType] = @p3, [DeliveryNum] = @p4, [FID] = @p5, [Gst] = @p6, [GstDate] = @p7, [Lr] = @p8, [PId] = @p9, [PartyName] = @p10, [PaymentReceived] = @p11, [PaymentTablePId] = @p12, [Tds] = @p13, [TotalValue] = @p14
      WHERE [BillID] = @p15;
      SELECT @@ROWCOUNT;
info: Microsoft.EntityFrameworkCore.Infrastructure[10403]
      Entity Framework Core 6.0.21 initialized 'TransportMgmtContext' using provider 'Microsoft.EntityFrameworkCore.SqlServer:6.0.21' with options: CommandTimeout=120 
info: Microsoft.EntityFrameworkCore.Database.Command[20101]
      Executed DbCommand (1ms) [Parameters=[], CommandType='Text', CommandTimeout='120']
      SELECT [t].[FID], [t].[Address], [t].[Code], [t].[CreatedBy], [t].[CreatedOn], [t].[FactoryName], [t].[Gstin], [t].[IsActive], [t].[ModifiedBy], [t].[ModifiedOn]
      FROM [TblFactories] AS [t]
info: Microsoft.EntityFrameworkCore.Database.Command[20101]
      Executed DbCommand (1ms) [Parameters=[], CommandType='Text', CommandTimeout='120']
      SELECT [t].[FID], [t].[Address], [t].[Code], [t].[CreatedBy], [t].[CreatedOn], [t].[FactoryName], [t].[Gstin], [t].[IsActive], [t].[ModifiedBy], [t].[ModifiedOn]
      FROM [TblFactories] AS [t]
info: Microsoft.EntityFrameworkCore.Database.Command[20101]
      Executed DbCommand (2ms) [Parameters=[], CommandType='Text', CommandTimeout='120']
      SELECT [b].[BillID], [b].[ActualAmount], [b].[BillDate], [b].[BillNum], [b].[BillType], [b].[DeliveryNum], [b].[FID], [b].[Gst], [b].[GstDate], [b].[Lr], [b].[PId], [b].[PartyName], [b].[PaymentReceived], [b].[PaymentTablePId], [b].[Tds], [b].[TotalValue]
      FROM [BillTables] AS [b]
info: Microsoft.EntityFrameworkCore.Infrastructure[10403]
      Entity Framework Core 6.0.21 initialized 'TransportMgmtContext' using provider 'Microsoft.EntityFrameworkCore.SqlServer:6.0.21' with options: CommandTimeout=120 
info: Microsoft.EntityFrameworkCore.Database.Command[20101]
      Executed DbCommand (7ms) [Parameters=[], CommandType='Text', CommandTimeout='120']
      SELECT [t].[FID], [t].[Address], [t].[Code], [t].[CreatedBy], [t].[CreatedOn], [t].[FactoryName], [t].[Gstin], [t].[IsActive], [t].[ModifiedBy], [t].[ModifiedOn]
      FROM [TblFactories] AS [t]
info: Microsoft.EntityFrameworkCore.Database.Command[20101]
      Executed DbCommand (1ms) [Parameters=[], CommandType='Text', CommandTimeout='120']
      SELECT [t].[FID], [t].[Address], [t].[Code], [t].[CreatedBy], [t].[CreatedOn], [t].[FactoryName], [t].[Gstin], [t].[IsActive], [t].[ModifiedBy], [t].[ModifiedOn]
      FROM [TblFactories] AS [t]
info: Microsoft.EntityFrameworkCore.Database.Command[20101]
      Executed DbCommand (9ms) [Parameters=[], CommandType='Text', CommandTimeout='120']
      SELECT [t].[DispId], [t].[BillID], [t].[ChallanNo], [t].[DeliveryNum], [t].[Destination], [t].[DisVid], [t].[DispatchDate], [t].[DispatchQuantity], [t].[FinalPrice], [t].[Lr], [t].[PartyName], [t].[TotalValue], [t].[UnitPrice], [t].[VehicleNo]
      FROM [TblDispatches] AS [t]
info: Microsoft.EntityFrameworkCore.Infrastructure[10403]
      Entity Framework Core 6.0.21 initialized 'TransportMgmtContext' using provider 'Microsoft.EntityFrameworkCore.SqlServer:6.0.21' with options: CommandTimeout=120 
info: Microsoft.EntityFrameworkCore.Database.Command[20101]
      Executed DbCommand (5ms) [Parameters=[], CommandType='Text', CommandTimeout='120']
      SELECT [t].[FID], [t].[Address], [t].[Code], [t].[CreatedBy], [t].[CreatedOn], [t].[FactoryName], [t].[Gstin], [t].[IsActive], [t].[ModifiedBy], [t].[ModifiedOn]
      FROM [TblFactories] AS [t]
info: Microsoft.EntityFrameworkCore.Database.Command[20101]
      Executed DbCommand (1ms) [Parameters=[], CommandType='Text', CommandTimeout='120']
      SELECT [t].[FID], [t].[Address], [t].[Code], [t].[CreatedBy], [t].[CreatedOn], [t].[FactoryName], [t].[Gstin], [t].[IsActive], [t].[ModifiedBy], [t].[ModifiedOn]
      FROM [TblFactories] AS [t]
info: Microsoft.EntityFrameworkCore.Database.Command[20101]
      Executed DbCommand (14ms) [Parameters=[], CommandType='Text', CommandTimeout='120']
      SELECT [t].[DispId], [t].[BillID], [t].[ChallanNo], [t].[DeliveryNum], [t].[Destination], [t].[DisVid], [t].[DispatchDate], [t].[DispatchQuantity], [t].[FinalPrice], [t].[Lr], [t].[PartyName], [t].[TotalValue], [t].[UnitPrice], [t].[VehicleNo]
      FROM [TblDispatches] AS [t]
info: Microsoft.EntityFrameworkCore.Infrastructure[10403]
      Entity Framework Core 6.0.21 initialized 'TransportMgmtContext' using provider 'Microsoft.EntityFrameworkCore.SqlServer:6.0.21' with options: CommandTimeout=120 
info: Microsoft.EntityFrameworkCore.Database.Command[20101]
      Executed DbCommand (8ms) [Parameters=[], CommandType='Text', CommandTimeout='120']
      SELECT [t].[FID] AS [id], [t].[FactoryName] AS [name]
      FROM [TblFactories] AS [t]
info: Microsoft.EntityFrameworkCore.Infrastructure[10403]
      Entity Framework Core 6.0.21 initialized 'TransportMgmtContext' using provider 'Microsoft.EntityFrameworkCore.SqlServer:6.0.21' with options: CommandTimeout=120 
info: Microsoft.EntityFrameworkCore.Database.Command[20101]
      Executed DbCommand (120ms) [Parameters=[p0='?' (DbType = DateTime2), p1='?' (DbType = DateTime2), p2='?' (DbType = Int32)], CommandType='Text', CommandTimeout='120']
      EXEC [dbo].[SpExpoBilldetail] @FromDate = @p0, @ToDate = @p1, @FactoryId = @p2
info: Microsoft.EntityFrameworkCore.Infrastructure[10403]
      Entity Framework Core 6.0.21 initialized 'TransportMgmtContext' using provider 'Microsoft.EntityFrameworkCore.SqlServer:6.0.21' with options: CommandTimeout=120 
info: Microsoft.EntityFrameworkCore.Database.Command[20101]
      Executed DbCommand (11ms) [Parameters=[], CommandType='Text', CommandTimeout='120']
      SELECT [t].[FID] AS [id], [t].[FactoryName] AS [name]
      FROM [TblFactories] AS [t]
info: Microsoft.EntityFrameworkCore.Infrastructure[10403]
      Entity Framework Core 6.0.21 initialized 'TransportMgmtContext' using provider 'Microsoft.EntityFrameworkCore.SqlServer:6.0.21' with options: CommandTimeout=120 
info: Microsoft.EntityFrameworkCore.Database.Command[20101]
      Executed DbCommand (47ms) [Parameters=[p0='?' (DbType = DateTime2), p1='?' (DbType = DateTime2), p2='?' (DbType = Int32)], CommandType='Text', CommandTimeout='120']
      EXEC [dbo].[SpExpoBilldetail] @FromDate = @p0, @ToDate = @p1, @FactoryId = @p2
info: Microsoft.EntityFrameworkCore.Infrastructure[10403]
      Entity Framework Core 6.0.21 initialized 'TransportMgmtContext' using provider 'Microsoft.EntityFrameworkCore.SqlServer:6.0.21' with options: CommandTimeout=120 
info: Microsoft.EntityFrameworkCore.Database.Command[20101]
      Executed DbCommand (90ms) [Parameters=[], CommandType='Text', CommandTimeout='120']
      SELECT [t].[FID], [t].[Address], [t].[Code], [t].[CreatedBy], [t].[CreatedOn], [t].[FactoryName], [t].[Gstin], [t].[IsActive], [t].[ModifiedBy], [t].[ModifiedOn]
      FROM [TblFactories] AS [t]
info: Microsoft.EntityFrameworkCore.Database.Command[20101]
      Executed DbCommand (1ms) [Parameters=[], CommandType='Text', CommandTimeout='120']
      SELECT [t].[FID], [t].[Address], [t].[Code], [t].[CreatedBy], [t].[CreatedOn], [t].[FactoryName], [t].[Gstin], [t].[IsActive], [t].[ModifiedBy], [t].[ModifiedOn]
      FROM [TblFactories] AS [t]
info: Microsoft.EntityFrameworkCore.Database.Command[20101]
      Executed DbCommand (27ms) [Parameters=[], CommandType='Text', CommandTimeout='120']
      SELECT [t].[DispId], [t].[BillID], [t].[ChallanNo], [t].[DeliveryNum], [t].[Destination], [t].[DisVid], [t].[DispatchDate], [t].[DispatchQuantity], [t].[FinalPrice], [t].[Lr], [t].[PartyName], [t].[TotalValue], [t].[UnitPrice], [t].[VehicleNo]
      FROM [TblDispatches] AS [t]
info: Microsoft.EntityFrameworkCore.Infrastructure[10403]
      Entity Framework Core 6.0.21 initialized 'TransportMgmtContext' using provider 'Microsoft.EntityFrameworkCore.SqlServer:6.0.21' with options: CommandTimeout=120 
info: Microsoft.EntityFrameworkCore.Database.Command[20101]
      Executed DbCommand (29ms) [Parameters=[@__dispatchId_0='?' (Size = 4000)], CommandType='Text', CommandTimeout='120']
      SELECT TOP(1) [t].[DispId], [t].[BillID], [t].[ChallanNo], [t].[DeliveryNum], [t].[Destination], [t].[DisVid], [t].[DispatchDate], [t].[DispatchQuantity], [t].[FinalPrice], [t].[Lr], [t].[PartyName], [t].[TotalValue], [t].[UnitPrice], [t].[VehicleNo]
      FROM [TblDispatches] AS [t]
      WHERE [t].[ChallanNo] = @__dispatchId_0
info: Microsoft.EntityFrameworkCore.Database.Command[20101]
      Executed DbCommand (9ms) [Parameters=[@__dispatchId_0='?' (Size = 4000)], CommandType='Text', CommandTimeout='120']
      SELECT TOP(1) [t].[DispId], [t].[BillID], [t].[ChallanNo], [t].[DeliveryNum], [t].[Destination], [t].[DisVid], [t].[DispatchDate], [t].[DispatchQuantity], [t].[FinalPrice], [t].[Lr], [t].[PartyName], [t].[TotalValue], [t].[UnitPrice], [t].[VehicleNo]
      FROM [TblDispatches] AS [t]
      WHERE [t].[ChallanNo] = @__dispatchId_0
info: Microsoft.EntityFrameworkCore.Database.Command[20101]
      Executed DbCommand (34ms) [Parameters=[@__billNumber_0='?' (Size = 4000)], CommandType='Text', CommandTimeout='120']
      SELECT TOP(1) [b].[BillID], [b].[ActualAmount], [b].[BillDate], [b].[BillNum], [b].[BillType], [b].[DeliveryNum], [b].[FID], [b].[Gst], [b].[GstDate], [b].[Lr], [b].[PId], [b].[PartyName], [b].[PaymentReceived], [b].[PaymentTablePId], [b].[Tds], [b].[TotalValue]
      FROM [BillTables] AS [b]
      WHERE [b].[BillNum] = @__billNumber_0
info: Microsoft.EntityFrameworkCore.Database.Command[20101]
      Executed DbCommand (18ms) [Parameters=[@p0='?' (DbType = Double), @p1='?' (DbType = DateTime2), @p2='?' (Size = 4000), @p3='?' (Size = 4000), @p4='?' (Size = 4000), @p5='?' (DbType = Int32), @p6='?' (DbType = Double), @p7='?' (DbType = DateTime2), @p8='?' (Size = 4000), @p9='?' (DbType = Int32), @p10='?' (Size = 4000), @p11='?' (DbType = Double), @p12='?' (DbType = Int32), @p13='?' (DbType = Double), @p14='?' (DbType = Double)], CommandType='Text', CommandTimeout='120']
      SET NOCOUNT ON;
      INSERT INTO [BillTables] ([ActualAmount], [BillDate], [BillNum], [BillType], [DeliveryNum], [FID], [Gst], [GstDate], [Lr], [PId], [PartyName], [PaymentReceived], [PaymentTablePId], [Tds], [TotalValue])
      VALUES (@p0, @p1, @p2, @p3, @p4, @p5, @p6, @p7, @p8, @p9, @p10, @p11, @p12, @p13, @p14);
      SELECT [BillID]
      FROM [BillTables]
      WHERE @@ROWCOUNT = 1 AND [BillID] = scope_identity();
info: Microsoft.EntityFrameworkCore.Database.Command[20101]
      Executed DbCommand (8ms) [Parameters=[@p2='?' (DbType = Int32), @p0='?' (DbType = Double), @p1='?' (DbType = Double)], CommandType='Text', CommandTimeout='120']
      SET NOCOUNT ON;
      UPDATE [TblDispatches] SET [FinalPrice] = @p0, [UnitPrice] = @p1
      WHERE [DispId] = @p2;
      SELECT @@ROWCOUNT;
info: Microsoft.EntityFrameworkCore.Database.Command[20101]
      Executed DbCommand (8ms) [Parameters=[@__dispatchId_0='?' (Size = 4000)], CommandType='Text', CommandTimeout='120']
      SELECT TOP(1) [t].[DispId], [t].[BillID], [t].[ChallanNo], [t].[DeliveryNum], [t].[Destination], [t].[DisVid], [t].[DispatchDate], [t].[DispatchQuantity], [t].[FinalPrice], [t].[Lr], [t].[PartyName], [t].[TotalValue], [t].[UnitPrice], [t].[VehicleNo]
      FROM [TblDispatches] AS [t]
      WHERE [t].[ChallanNo] = @__dispatchId_0
info: Microsoft.EntityFrameworkCore.Database.Command[20101]
      Executed DbCommand (9ms) [Parameters=[@__dispatchId_0='?' (Size = 4000)], CommandType='Text', CommandTimeout='120']
      SELECT TOP(1) [t].[DispId], [t].[BillID], [t].[ChallanNo], [t].[DeliveryNum], [t].[Destination], [t].[DisVid], [t].[DispatchDate], [t].[DispatchQuantity], [t].[FinalPrice], [t].[Lr], [t].[PartyName], [t].[TotalValue], [t].[UnitPrice], [t].[VehicleNo]
      FROM [TblDispatches] AS [t]
      WHERE [t].[ChallanNo] = @__dispatchId_0
info: Microsoft.EntityFrameworkCore.Database.Command[20101]
      Executed DbCommand (11ms) [Parameters=[@__dispatchId_0='?' (Size = 4000)], CommandType='Text', CommandTimeout='120']
      SELECT TOP(1) [t].[DispId], [t].[BillID], [t].[ChallanNo], [t].[DeliveryNum], [t].[Destination], [t].[DisVid], [t].[DispatchDate], [t].[DispatchQuantity], [t].[FinalPrice], [t].[Lr], [t].[PartyName], [t].[TotalValue], [t].[UnitPrice], [t].[VehicleNo]
      FROM [TblDispatches] AS [t]
      WHERE [t].[ChallanNo] = @__dispatchId_0
info: Microsoft.EntityFrameworkCore.Database.Command[20101]
      Executed DbCommand (9ms) [Parameters=[@__dispatchId_0='?' (Size = 4000)], CommandType='Text', CommandTimeout='120']
      SELECT TOP(1) [t].[DispId], [t].[BillID], [t].[ChallanNo], [t].[DeliveryNum], [t].[Destination], [t].[DisVid], [t].[DispatchDate], [t].[DispatchQuantity], [t].[FinalPrice], [t].[Lr], [t].[PartyName], [t].[TotalValue], [t].[UnitPrice], [t].[VehicleNo]
      FROM [TblDispatches] AS [t]
      WHERE [t].[ChallanNo] = @__dispatchId_0
info: Microsoft.EntityFrameworkCore.Database.Command[20101]
      Executed DbCommand (15ms) [Parameters=[@__dispatchId_0='?' (Size = 4000)], CommandType='Text', CommandTimeout='120']
      SELECT TOP(1) [t].[DispId], [t].[BillID], [t].[ChallanNo], [t].[DeliveryNum], [t].[Destination], [t].[DisVid], [t].[DispatchDate], [t].[DispatchQuantity], [t].[FinalPrice], [t].[Lr], [t].[PartyName], [t].[TotalValue], [t].[UnitPrice], [t].[VehicleNo]
      FROM [TblDispatches] AS [t]
      WHERE [t].[ChallanNo] = @__dispatchId_0
info: Microsoft.EntityFrameworkCore.Database.Command[20101]
      Executed DbCommand (19ms) [Parameters=[@__dispatchId_0='?' (Size = 4000)], CommandType='Text', CommandTimeout='120']
      SELECT TOP(1) [t].[DispId], [t].[BillID], [t].[ChallanNo], [t].[DeliveryNum], [t].[Destination], [t].[DisVid], [t].[DispatchDate], [t].[DispatchQuantity], [t].[FinalPrice], [t].[Lr], [t].[PartyName], [t].[TotalValue], [t].[UnitPrice], [t].[VehicleNo]
      FROM [TblDispatches] AS [t]
      WHERE [t].[ChallanNo] = @__dispatchId_0
info: Microsoft.EntityFrameworkCore.Database.Command[20101]
      Executed DbCommand (21ms) [Parameters=[@__dispatchId_0='?' (Size = 4000)], CommandType='Text', CommandTimeout='120']
      SELECT TOP(1) [t].[DispId], [t].[BillID], [t].[ChallanNo], [t].[DeliveryNum], [t].[Destination], [t].[DisVid], [t].[DispatchDate], [t].[DispatchQuantity], [t].[FinalPrice], [t].[Lr], [t].[PartyName], [t].[TotalValue], [t].[UnitPrice], [t].[VehicleNo]
      FROM [TblDispatches] AS [t]
      WHERE [t].[ChallanNo] = @__dispatchId_0
info: Microsoft.EntityFrameworkCore.Database.Command[20101]
      Executed DbCommand (13ms) [Parameters=[@__dispatchId_0='?' (Size = 4000)], CommandType='Text', CommandTimeout='120']
      SELECT TOP(1) [t].[DispId], [t].[BillID], [t].[ChallanNo], [t].[DeliveryNum], [t].[Destination], [t].[DisVid], [t].[DispatchDate], [t].[DispatchQuantity], [t].[FinalPrice], [t].[Lr], [t].[PartyName], [t].[TotalValue], [t].[UnitPrice], [t].[VehicleNo]
      FROM [TblDispatches] AS [t]
      WHERE [t].[ChallanNo] = @__dispatchId_0
info: Microsoft.EntityFrameworkCore.Database.Command[20101]
      Executed DbCommand (14ms) [Parameters=[@__dispatchId_0='?' (Size = 4000)], CommandType='Text', CommandTimeout='120']
      SELECT TOP(1) [t].[DispId], [t].[BillID], [t].[ChallanNo], [t].[DeliveryNum], [t].[Destination], [t].[DisVid], [t].[DispatchDate], [t].[DispatchQuantity], [t].[FinalPrice], [t].[Lr], [t].[PartyName], [t].[TotalValue], [t].[UnitPrice], [t].[VehicleNo]
      FROM [TblDispatches] AS [t]
      WHERE [t].[ChallanNo] = @__dispatchId_0
info: Microsoft.EntityFrameworkCore.Database.Command[20101]
      Executed DbCommand (22ms) [Parameters=[@__dispatchId_0='?' (Size = 4000)], CommandType='Text', CommandTimeout='120']
      SELECT TOP(1) [t].[DispId], [t].[BillID], [t].[ChallanNo], [t].[DeliveryNum], [t].[Destination], [t].[DisVid], [t].[DispatchDate], [t].[DispatchQuantity], [t].[FinalPrice], [t].[Lr], [t].[PartyName], [t].[TotalValue], [t].[UnitPrice], [t].[VehicleNo]
      FROM [TblDispatches] AS [t]
      WHERE [t].[ChallanNo] = @__dispatchId_0
info: Microsoft.EntityFrameworkCore.Database.Command[20101]
      Executed DbCommand (10ms) [Parameters=[@__dispatchId_0='?' (Size = 4000)], CommandType='Text', CommandTimeout='120']
      SELECT TOP(1) [t].[DispId], [t].[BillID], [t].[ChallanNo], [t].[DeliveryNum], [t].[Destination], [t].[DisVid], [t].[DispatchDate], [t].[DispatchQuantity], [t].[FinalPrice], [t].[Lr], [t].[PartyName], [t].[TotalValue], [t].[UnitPrice], [t].[VehicleNo]
      FROM [TblDispatches] AS [t]
      WHERE [t].[ChallanNo] = @__dispatchId_0
info: Microsoft.EntityFrameworkCore.Database.Command[20101]
      Executed DbCommand (11ms) [Parameters=[@__dispatchId_0='?' (Size = 4000)], CommandType='Text', CommandTimeout='120']
      SELECT TOP(1) [t].[DispId], [t].[BillID], [t].[ChallanNo], [t].[DeliveryNum], [t].[Destination], [t].[DisVid], [t].[DispatchDate], [t].[DispatchQuantity], [t].[FinalPrice], [t].[Lr], [t].[PartyName], [t].[TotalValue], [t].[UnitPrice], [t].[VehicleNo]
      FROM [TblDispatches] AS [t]
      WHERE [t].[ChallanNo] = @__dispatchId_0
info: Microsoft.EntityFrameworkCore.Database.Command[20101]
      Executed DbCommand (10ms) [Parameters=[@__dispatchId_0='?' (Size = 4000)], CommandType='Text', CommandTimeout='120']
      SELECT TOP(1) [t].[DispId], [t].[BillID], [t].[ChallanNo], [t].[DeliveryNum], [t].[Destination], [t].[DisVid], [t].[DispatchDate], [t].[DispatchQuantity], [t].[FinalPrice], [t].[Lr], [t].[PartyName], [t].[TotalValue], [t].[UnitPrice], [t].[VehicleNo]
      FROM [TblDispatches] AS [t]
      WHERE [t].[ChallanNo] = @__dispatchId_0
info: Microsoft.EntityFrameworkCore.Database.Command[20101]
      Executed DbCommand (18ms) [Parameters=[@__dispatchId_0='?' (Size = 4000)], CommandType='Text', CommandTimeout='120']
      SELECT TOP(1) [t].[DispId], [t].[BillID], [t].[ChallanNo], [t].[DeliveryNum], [t].[Destination], [t].[DisVid], [t].[DispatchDate], [t].[DispatchQuantity], [t].[FinalPrice], [t].[Lr], [t].[PartyName], [t].[TotalValue], [t].[UnitPrice], [t].[VehicleNo]
      FROM [TblDispatches] AS [t]
      WHERE [t].[ChallanNo] = @__dispatchId_0
info: Microsoft.EntityFrameworkCore.Database.Command[20101]
      Executed DbCommand (16ms) [Parameters=[@__dispatchId_0='?' (Size = 4000)], CommandType='Text', CommandTimeout='120']
      SELECT TOP(1) [t].[DispId], [t].[BillID], [t].[ChallanNo], [t].[DeliveryNum], [t].[Destination], [t].[DisVid], [t].[DispatchDate], [t].[DispatchQuantity], [t].[FinalPrice], [t].[Lr], [t].[PartyName], [t].[TotalValue], [t].[UnitPrice], [t].[VehicleNo]
      FROM [TblDispatches] AS [t]
      WHERE [t].[ChallanNo] = @__dispatchId_0
info: Microsoft.EntityFrameworkCore.Database.Command[20101]
      Executed DbCommand (16ms) [Parameters=[@__dispatchId_0='?' (Size = 4000)], CommandType='Text', CommandTimeout='120']
      SELECT TOP(1) [t].[DispId], [t].[BillID], [t].[ChallanNo], [t].[DeliveryNum], [t].[Destination], [t].[DisVid], [t].[DispatchDate], [t].[DispatchQuantity], [t].[FinalPrice], [t].[Lr], [t].[PartyName], [t].[TotalValue], [t].[UnitPrice], [t].[VehicleNo]
      FROM [TblDispatches] AS [t]
      WHERE [t].[ChallanNo] = @__dispatchId_0
info: Microsoft.EntityFrameworkCore.Database.Command[20101]
      Executed DbCommand (14ms) [Parameters=[@__dispatchId_0='?' (Size = 4000)], CommandType='Text', CommandTimeout='120']
      SELECT TOP(1) [t].[DispId], [t].[BillID], [t].[ChallanNo], [t].[DeliveryNum], [t].[Destination], [t].[DisVid], [t].[DispatchDate], [t].[DispatchQuantity], [t].[FinalPrice], [t].[Lr], [t].[PartyName], [t].[TotalValue], [t].[UnitPrice], [t].[VehicleNo]
      FROM [TblDispatches] AS [t]
      WHERE [t].[ChallanNo] = @__dispatchId_0
info: Microsoft.EntityFrameworkCore.Database.Command[20101]
      Executed DbCommand (12ms) [Parameters=[@__dispatchId_0='?' (Size = 4000)], CommandType='Text', CommandTimeout='120']
      SELECT TOP(1) [t].[DispId], [t].[BillID], [t].[ChallanNo], [t].[DeliveryNum], [t].[Destination], [t].[DisVid], [t].[DispatchDate], [t].[DispatchQuantity], [t].[FinalPrice], [t].[Lr], [t].[PartyName], [t].[TotalValue], [t].[UnitPrice], [t].[VehicleNo]
      FROM [TblDispatches] AS [t]
      WHERE [t].[ChallanNo] = @__dispatchId_0
info: Microsoft.EntityFrameworkCore.Database.Command[20101]
      Executed DbCommand (10ms) [Parameters=[@__dispatchId_0='?' (Size = 4000)], CommandType='Text', CommandTimeout='120']
      SELECT TOP(1) [t].[DispId], [t].[BillID], [t].[ChallanNo], [t].[DeliveryNum], [t].[Destination], [t].[DisVid], [t].[DispatchDate], [t].[DispatchQuantity], [t].[FinalPrice], [t].[Lr], [t].[PartyName], [t].[TotalValue], [t].[UnitPrice], [t].[VehicleNo]
      FROM [TblDispatches] AS [t]
      WHERE [t].[ChallanNo] = @__dispatchId_0
info: Microsoft.EntityFrameworkCore.Database.Command[20101]
      Executed DbCommand (9ms) [Parameters=[@__dispatchId_0='?' (Size = 4000)], CommandType='Text', CommandTimeout='120']
      SELECT TOP(1) [t].[DispId], [t].[BillID], [t].[ChallanNo], [t].[DeliveryNum], [t].[Destination], [t].[DisVid], [t].[DispatchDate], [t].[DispatchQuantity], [t].[FinalPrice], [t].[Lr], [t].[PartyName], [t].[TotalValue], [t].[UnitPrice], [t].[VehicleNo]
      FROM [TblDispatches] AS [t]
      WHERE [t].[ChallanNo] = @__dispatchId_0
info: Microsoft.EntityFrameworkCore.Database.Command[20101]
      Executed DbCommand (11ms) [Parameters=[@__dispatchId_0='?' (Size = 4000)], CommandType='Text', CommandTimeout='120']
      SELECT TOP(1) [t].[DispId], [t].[BillID], [t].[ChallanNo], [t].[DeliveryNum], [t].[Destination], [t].[DisVid], [t].[DispatchDate], [t].[DispatchQuantity], [t].[FinalPrice], [t].[Lr], [t].[PartyName], [t].[TotalValue], [t].[UnitPrice], [t].[VehicleNo]
      FROM [TblDispatches] AS [t]
      WHERE [t].[ChallanNo] = @__dispatchId_0
info: Microsoft.EntityFrameworkCore.Database.Command[20101]
      Executed DbCommand (10ms) [Parameters=[@__dispatchId_0='?' (Size = 4000)], CommandType='Text', CommandTimeout='120']
      SELECT TOP(1) [t].[DispId], [t].[BillID], [t].[ChallanNo], [t].[DeliveryNum], [t].[Destination], [t].[DisVid], [t].[DispatchDate], [t].[DispatchQuantity], [t].[FinalPrice], [t].[Lr], [t].[PartyName], [t].[TotalValue], [t].[UnitPrice], [t].[VehicleNo]
      FROM [TblDispatches] AS [t]
      WHERE [t].[ChallanNo] = @__dispatchId_0
info: Microsoft.EntityFrameworkCore.Database.Command[20101]
      Executed DbCommand (9ms) [Parameters=[@__dispatchId_0='?' (Size = 4000)], CommandType='Text', CommandTimeout='120']
      SELECT TOP(1) [t].[DispId], [t].[BillID], [t].[ChallanNo], [t].[DeliveryNum], [t].[Destination], [t].[DisVid], [t].[DispatchDate], [t].[DispatchQuantity], [t].[FinalPrice], [t].[Lr], [t].[PartyName], [t].[TotalValue], [t].[UnitPrice], [t].[VehicleNo]
      FROM [TblDispatches] AS [t]
      WHERE [t].[ChallanNo] = @__dispatchId_0
info: Microsoft.EntityFrameworkCore.Database.Command[20101]
      Executed DbCommand (9ms) [Parameters=[@__dispatchId_0='?' (Size = 4000)], CommandType='Text', CommandTimeout='120']
      SELECT TOP(1) [t].[DispId], [t].[BillID], [t].[ChallanNo], [t].[DeliveryNum], [t].[Destination], [t].[DisVid], [t].[DispatchDate], [t].[DispatchQuantity], [t].[FinalPrice], [t].[Lr], [t].[PartyName], [t].[TotalValue], [t].[UnitPrice], [t].[VehicleNo]
      FROM [TblDispatches] AS [t]
      WHERE [t].[ChallanNo] = @__dispatchId_0
info: Microsoft.EntityFrameworkCore.Database.Command[20101]
      Executed DbCommand (9ms) [Parameters=[@__dispatchId_0='?' (Size = 4000)], CommandType='Text', CommandTimeout='120']
      SELECT TOP(1) [t].[DispId], [t].[BillID], [t].[ChallanNo], [t].[DeliveryNum], [t].[Destination], [t].[DisVid], [t].[DispatchDate], [t].[DispatchQuantity], [t].[FinalPrice], [t].[Lr], [t].[PartyName], [t].[TotalValue], [t].[UnitPrice], [t].[VehicleNo]
      FROM [TblDispatches] AS [t]
      WHERE [t].[ChallanNo] = @__dispatchId_0
info: Microsoft.EntityFrameworkCore.Database.Command[20101]
      Executed DbCommand (11ms) [Parameters=[@__dispatchId_0='?' (Size = 4000)], CommandType='Text', CommandTimeout='120']
      SELECT TOP(1) [t].[DispId], [t].[BillID], [t].[ChallanNo], [t].[DeliveryNum], [t].[Destination], [t].[DisVid], [t].[DispatchDate], [t].[DispatchQuantity], [t].[FinalPrice], [t].[Lr], [t].[PartyName], [t].[TotalValue], [t].[UnitPrice], [t].[VehicleNo]
      FROM [TblDispatches] AS [t]
      WHERE [t].[ChallanNo] = @__dispatchId_0
info: Microsoft.EntityFrameworkCore.Database.Command[20101]
      Executed DbCommand (10ms) [Parameters=[@__dispatchId_0='?' (Size = 4000)], CommandType='Text', CommandTimeout='120']
      SELECT TOP(1) [t].[DispId], [t].[BillID], [t].[ChallanNo], [t].[DeliveryNum], [t].[Destination], [t].[DisVid], [t].[DispatchDate], [t].[DispatchQuantity], [t].[FinalPrice], [t].[Lr], [t].[PartyName], [t].[TotalValue], [t].[UnitPrice], [t].[VehicleNo]
      FROM [TblDispatches] AS [t]
      WHERE [t].[ChallanNo] = @__dispatchId_0
info: Microsoft.EntityFrameworkCore.Database.Command[20101]
      Executed DbCommand (7ms) [Parameters=[@__dispatchId_0='?' (Size = 4000)], CommandType='Text', CommandTimeout='120']
      SELECT TOP(1) [t].[DispId], [t].[BillID], [t].[ChallanNo], [t].[DeliveryNum], [t].[Destination], [t].[DisVid], [t].[DispatchDate], [t].[DispatchQuantity], [t].[FinalPrice], [t].[Lr], [t].[PartyName], [t].[TotalValue], [t].[UnitPrice], [t].[VehicleNo]
      FROM [TblDispatches] AS [t]
      WHERE [t].[ChallanNo] = @__dispatchId_0
info: Microsoft.EntityFrameworkCore.Database.Command[20101]
      Executed DbCommand (7ms) [Parameters=[@__dispatchId_0='?' (Size = 4000)], CommandType='Text', CommandTimeout='120']
      SELECT TOP(1) [t].[DispId], [t].[BillID], [t].[ChallanNo], [t].[DeliveryNum], [t].[Destination], [t].[DisVid], [t].[DispatchDate], [t].[DispatchQuantity], [t].[FinalPrice], [t].[Lr], [t].[PartyName], [t].[TotalValue], [t].[UnitPrice], [t].[VehicleNo]
      FROM [TblDispatches] AS [t]
      WHERE [t].[ChallanNo] = @__dispatchId_0
info: Microsoft.EntityFrameworkCore.Database.Command[20101]
      Executed DbCommand (17ms) [Parameters=[@__dispatchId_0='?' (Size = 4000)], CommandType='Text', CommandTimeout='120']
      SELECT TOP(1) [t].[DispId], [t].[BillID], [t].[ChallanNo], [t].[DeliveryNum], [t].[Destination], [t].[DisVid], [t].[DispatchDate], [t].[DispatchQuantity], [t].[FinalPrice], [t].[Lr], [t].[PartyName], [t].[TotalValue], [t].[UnitPrice], [t].[VehicleNo]
      FROM [TblDispatches] AS [t]
      WHERE [t].[ChallanNo] = @__dispatchId_0
info: Microsoft.EntityFrameworkCore.Database.Command[20101]
      Executed DbCommand (10ms) [Parameters=[@__dispatchId_0='?' (Size = 4000)], CommandType='Text', CommandTimeout='120']
      SELECT TOP(1) [t].[DispId], [t].[BillID], [t].[ChallanNo], [t].[DeliveryNum], [t].[Destination], [t].[DisVid], [t].[DispatchDate], [t].[DispatchQuantity], [t].[FinalPrice], [t].[Lr], [t].[PartyName], [t].[TotalValue], [t].[UnitPrice], [t].[VehicleNo]
      FROM [TblDispatches] AS [t]
      WHERE [t].[ChallanNo] = @__dispatchId_0
info: Microsoft.EntityFrameworkCore.Database.Command[20101]
      Executed DbCommand (13ms) [Parameters=[@__dispatchId_0='?' (Size = 4000)], CommandType='Text', CommandTimeout='120']
      SELECT TOP(1) [t].[DispId], [t].[BillID], [t].[ChallanNo], [t].[DeliveryNum], [t].[Destination], [t].[DisVid], [t].[DispatchDate], [t].[DispatchQuantity], [t].[FinalPrice], [t].[Lr], [t].[PartyName], [t].[TotalValue], [t].[UnitPrice], [t].[VehicleNo]
      FROM [TblDispatches] AS [t]
      WHERE [t].[ChallanNo] = @__dispatchId_0
info: Microsoft.EntityFrameworkCore.Database.Command[20101]
      Executed DbCommand (16ms) [Parameters=[@__dispatchId_0='?' (Size = 4000)], CommandType='Text', CommandTimeout='120']
      SELECT TOP(1) [t].[DispId], [t].[BillID], [t].[ChallanNo], [t].[DeliveryNum], [t].[Destination], [t].[DisVid], [t].[DispatchDate], [t].[DispatchQuantity], [t].[FinalPrice], [t].[Lr], [t].[PartyName], [t].[TotalValue], [t].[UnitPrice], [t].[VehicleNo]
      FROM [TblDispatches] AS [t]
      WHERE [t].[ChallanNo] = @__dispatchId_0
info: Microsoft.EntityFrameworkCore.Database.Command[20101]
      Executed DbCommand (15ms) [Parameters=[@__dispatchId_0='?' (Size = 4000)], CommandType='Text', CommandTimeout='120']
      SELECT TOP(1) [t].[DispId], [t].[BillID], [t].[ChallanNo], [t].[DeliveryNum], [t].[Destination], [t].[DisVid], [t].[DispatchDate], [t].[DispatchQuantity], [t].[FinalPrice], [t].[Lr], [t].[PartyName], [t].[TotalValue], [t].[UnitPrice], [t].[VehicleNo]
      FROM [TblDispatches] AS [t]
      WHERE [t].[ChallanNo] = @__dispatchId_0
info: Microsoft.EntityFrameworkCore.Database.Command[20101]
      Executed DbCommand (14ms) [Parameters=[@__dispatchId_0='?' (Size = 4000)], CommandType='Text', CommandTimeout='120']
      SELECT TOP(1) [t].[DispId], [t].[BillID], [t].[ChallanNo], [t].[DeliveryNum], [t].[Destination], [t].[DisVid], [t].[DispatchDate], [t].[DispatchQuantity], [t].[FinalPrice], [t].[Lr], [t].[PartyName], [t].[TotalValue], [t].[UnitPrice], [t].[VehicleNo]
      FROM [TblDispatches] AS [t]
      WHERE [t].[ChallanNo] = @__dispatchId_0
info: Microsoft.EntityFrameworkCore.Database.Command[20101]
      Executed DbCommand (12ms) [Parameters=[@__dispatchId_0='?' (Size = 4000)], CommandType='Text', CommandTimeout='120']
      SELECT TOP(1) [t].[DispId], [t].[BillID], [t].[ChallanNo], [t].[DeliveryNum], [t].[Destination], [t].[DisVid], [t].[DispatchDate], [t].[DispatchQuantity], [t].[FinalPrice], [t].[Lr], [t].[PartyName], [t].[TotalValue], [t].[UnitPrice], [t].[VehicleNo]
      FROM [TblDispatches] AS [t]
      WHERE [t].[ChallanNo] = @__dispatchId_0
info: Microsoft.EntityFrameworkCore.Database.Command[20101]
      Executed DbCommand (12ms) [Parameters=[@__dispatchId_0='?' (Size = 4000)], CommandType='Text', CommandTimeout='120']
      SELECT TOP(1) [t].[DispId], [t].[BillID], [t].[ChallanNo], [t].[DeliveryNum], [t].[Destination], [t].[DisVid], [t].[DispatchDate], [t].[DispatchQuantity], [t].[FinalPrice], [t].[Lr], [t].[PartyName], [t].[TotalValue], [t].[UnitPrice], [t].[VehicleNo]
      FROM [TblDispatches] AS [t]
      WHERE [t].[ChallanNo] = @__dispatchId_0
info: Microsoft.EntityFrameworkCore.Database.Command[20101]
      Executed DbCommand (11ms) [Parameters=[@__dispatchId_0='?' (Size = 4000)], CommandType='Text', CommandTimeout='120']
      SELECT TOP(1) [t].[DispId], [t].[BillID], [t].[ChallanNo], [t].[DeliveryNum], [t].[Destination], [t].[DisVid], [t].[DispatchDate], [t].[DispatchQuantity], [t].[FinalPrice], [t].[Lr], [t].[PartyName], [t].[TotalValue], [t].[UnitPrice], [t].[VehicleNo]
      FROM [TblDispatches] AS [t]
      WHERE [t].[ChallanNo] = @__dispatchId_0
info: Microsoft.EntityFrameworkCore.Database.Command[20101]
      Executed DbCommand (7ms) [Parameters=[@__dispatchId_0='?' (Size = 4000)], CommandType='Text', CommandTimeout='120']
      SELECT TOP(1) [t].[DispId], [t].[BillID], [t].[ChallanNo], [t].[DeliveryNum], [t].[Destination], [t].[DisVid], [t].[DispatchDate], [t].[DispatchQuantity], [t].[FinalPrice], [t].[Lr], [t].[PartyName], [t].[TotalValue], [t].[UnitPrice], [t].[VehicleNo]
      FROM [TblDispatches] AS [t]
      WHERE [t].[ChallanNo] = @__dispatchId_0
info: Microsoft.EntityFrameworkCore.Database.Command[20101]
      Executed DbCommand (8ms) [Parameters=[@__dispatchId_0='?' (Size = 4000)], CommandType='Text', CommandTimeout='120']
      SELECT TOP(1) [t].[DispId], [t].[BillID], [t].[ChallanNo], [t].[DeliveryNum], [t].[Destination], [t].[DisVid], [t].[DispatchDate], [t].[DispatchQuantity], [t].[FinalPrice], [t].[Lr], [t].[PartyName], [t].[TotalValue], [t].[UnitPrice], [t].[VehicleNo]
      FROM [TblDispatches] AS [t]
      WHERE [t].[ChallanNo] = @__dispatchId_0
info: Microsoft.EntityFrameworkCore.Database.Command[20101]
      Executed DbCommand (16ms) [Parameters=[@__dispatchId_0='?' (Size = 4000)], CommandType='Text', CommandTimeout='120']
      SELECT TOP(1) [t].[DispId], [t].[BillID], [t].[ChallanNo], [t].[DeliveryNum], [t].[Destination], [t].[DisVid], [t].[DispatchDate], [t].[DispatchQuantity], [t].[FinalPrice], [t].[Lr], [t].[PartyName], [t].[TotalValue], [t].[UnitPrice], [t].[VehicleNo]
      FROM [TblDispatches] AS [t]
      WHERE [t].[ChallanNo] = @__dispatchId_0
info: Microsoft.EntityFrameworkCore.Database.Command[20101]
      Executed DbCommand (18ms) [Parameters=[@__dispatchId_0='?' (Size = 4000)], CommandType='Text', CommandTimeout='120']
      SELECT TOP(1) [t].[DispId], [t].[BillID], [t].[ChallanNo], [t].[DeliveryNum], [t].[Destination], [t].[DisVid], [t].[DispatchDate], [t].[DispatchQuantity], [t].[FinalPrice], [t].[Lr], [t].[PartyName], [t].[TotalValue], [t].[UnitPrice], [t].[VehicleNo]
      FROM [TblDispatches] AS [t]
      WHERE [t].[ChallanNo] = @__dispatchId_0
info: Microsoft.EntityFrameworkCore.Database.Command[20101]
      Executed DbCommand (10ms) [Parameters=[@__dispatchId_0='?' (Size = 4000)], CommandType='Text', CommandTimeout='120']
      SELECT TOP(1) [t].[DispId], [t].[BillID], [t].[ChallanNo], [t].[DeliveryNum], [t].[Destination], [t].[DisVid], [t].[DispatchDate], [t].[DispatchQuantity], [t].[FinalPrice], [t].[Lr], [t].[PartyName], [t].[TotalValue], [t].[UnitPrice], [t].[VehicleNo]
      FROM [TblDispatches] AS [t]
      WHERE [t].[ChallanNo] = @__dispatchId_0
info: Microsoft.EntityFrameworkCore.Database.Command[20101]
      Executed DbCommand (159ms) [Parameters=[@p13='?' (DbType = Int32), @p0='?' (DbType = Int32), @p1='?' (Size = 4000), @p2='?' (Size = 4000), @p3='?' (Size = 4000), @p4='?' (DbType = Int32), @p5='?' (DbType = DateTime2), @p6='?' (DbType = Double), @p7='?' (DbType = Double), @p8='?' (Size = 4000), @p9='?' (Size = 4000), @p10='?' (DbType = Double), @p11='?' (DbType = Double), @p12='?' (Size = 4000), @p27='?' (DbType = Int32), @p14='?' (DbType = Int32), @p15='?' (Size = 4000), @p16='?' (Size = 4000), @p17='?' (Size = 4000), @p18='?' (DbType = Int32), @p19='?' (DbType = DateTime2), @p20='?' (DbType = Double), @p21='?' (DbType = Double), @p22='?' (Size = 4000), @p23='?' (Size = 4000), @p24='?' (DbType = Double), @p25='?' (DbType = Double), @p26='?' (Size = 4000), @p41='?' (DbType = Int32), @p28='?' (DbType = Int32), @p29='?' (Size = 4000), @p30='?' (Size = 4000), @p31='?' (Size = 4000), @p32='?' (DbType = Int32), @p33='?' (DbType = DateTime2), @p34='?' (DbType = Double), @p35='?' (DbType = Double), @p36='?' (Size = 4000), @p37='?' (Size = 4000), @p38='?' (DbType = Double), @p39='?' (DbType = Double), @p40='?' (Size = 4000), @p55='?' (DbType = Int32), @p42='?' (DbType = Int32), @p43='?' (Size = 4000), @p44='?' (Size = 4000), @p45='?' (Size = 4000), @p46='?' (DbType = Int32), @p47='?' (DbType = DateTime2), @p48='?' (DbType = Double), @p49='?' (DbType = Double), @p50='?' (Size = 4000), @p51='?' (Size = 4000), @p52='?' (DbType = Double), @p53='?' (DbType = Double), @p54='?' (Size = 4000), @p69='?' (DbType = Int32), @p56='?' (DbType = Int32), @p57='?' (Size = 4000), @p58='?' (Size = 4000), @p59='?' (Size = 4000), @p60='?' (DbType = Int32), @p61='?' (DbType = DateTime2), @p62='?' (DbType = Double), @p63='?' (DbType = Double), @p64='?' (Size = 4000), @p65='?' (Size = 4000), @p66='?' (DbType = Double), @p67='?' (DbType = Double), @p68='?' (Size = 4000), @p83='?' (DbType = Int32), @p70='?' (DbType = Int32), @p71='?' (Size = 4000), @p72='?' (Size = 4000), @p73='?' (Size = 4000), @p74='?' (DbType = Int32), @p75='?' (DbType = DateTime2), @p76='?' (DbType = Double), @p77='?' (DbType = Double), @p78='?' (Size = 4000), @p79='?' (Size = 4000), @p80='?' (DbType = Double), @p81='?' (DbType = Double), @p82='?' (Size = 4000), @p97='?' (DbType = Int32), @p84='?' (DbType = Int32), @p85='?' (Size = 4000), @p86='?' (Size = 4000), @p87='?' (Size = 4000), @p88='?' (DbType = Int32), @p89='?' (DbType = DateTime2), @p90='?' (DbType = Double), @p91='?' (DbType = Double), @p92='?' (Size = 4000), @p93='?' (Size = 4000), @p94='?' (DbType = Double), @p95='?' (DbType = Double), @p96='?' (Size = 4000), @p111='?' (DbType = Int32), @p98='?' (DbType = Int32), @p99='?' (Size = 4000), @p100='?' (Size = 4000), @p101='?' (Size = 4000), @p102='?' (DbType = Int32), @p103='?' (DbType = DateTime2), @p104='?' (DbType = Double), @p105='?' (DbType = Double), @p106='?' (Size = 4000), @p107='?' (Size = 4000), @p108='?' (DbType = Double), @p109='?' (DbType = Double), @p110='?' (Size = 4000), @p125='?' (DbType = Int32), @p112='?' (DbType = Int32), @p113='?' (Size = 4000), @p114='?' (Size = 4000), @p115='?' (Size = 4000), @p116='?' (DbType = Int32), @p117='?' (DbType = DateTime2), @p118='?' (DbType = Double), @p119='?' (DbType = Double), @p120='?' (Size = 4000), @p121='?' (Size = 4000), @p122='?' (DbType = Double), @p123='?' (DbType = Double), @p124='?' (Size = 4000), @p139='?' (DbType = Int32), @p126='?' (DbType = Int32), @p127='?' (Size = 4000), @p128='?' (Size = 4000), @p129='?' (Size = 4000), @p130='?' (DbType = Int32), @p131='?' (DbType = DateTime2), @p132='?' (DbType = Double), @p133='?' (DbType = Double), @p134='?' (Size = 4000), @p135='?' (Size = 4000), @p136='?' (DbType = Double), @p137='?' (DbType = Double), @p138='?' (Size = 4000), @p153='?' (DbType = Int32), @p140='?' (DbType = Int32), @p141='?' (Size = 4000), @p142='?' (Size = 4000), @p143='?' (Size = 4000), @p144='?' (DbType = Int32), @p145='?' (DbType = DateTime2), @p146='?' (DbType = Double), @p147='?' (DbType = Double), @p148='?' (Size = 4000), @p149='?' (Size = 4000), @p150='?' (DbType = Double), @p151='?' (DbType = Double), @p152='?' (Size = 4000), @p167='?' (DbType = Int32), @p154='?' (DbType = Int32), @p155='?' (Size = 4000), @p156='?' (Size = 4000), @p157='?' (Size = 4000), @p158='?' (DbType = Int32), @p159='?' (DbType = DateTime2), @p160='?' (DbType = Double), @p161='?' (DbType = Double), @p162='?' (Size = 4000), @p163='?' (Size = 4000), @p164='?' (DbType = Double), @p165='?' (DbType = Double), @p166='?' (Size = 4000), @p181='?' (DbType = Int32), @p168='?' (DbType = Int32), @p169='?' (Size = 4000), @p170='?' (Size = 4000), @p171='?' (Size = 4000), @p172='?' (DbType = Int32), @p173='?' (DbType = DateTime2), @p174='?' (DbType = Double), @p175='?' (DbType = Double), @p176='?' (Size = 4000), @p177='?' (Size = 4000), @p178='?' (DbType = Double), @p179='?' (DbType = Double), @p180='?' (Size = 4000), @p195='?' (DbType = Int32), @p182='?' (DbType = Int32), @p183='?' (Size = 4000), @p184='?' (Size = 4000), @p185='?' (Size = 4000), @p186='?' (DbType = Int32), @p187='?' (DbType = DateTime2), @p188='?' (DbType = Double), @p189='?' (DbType = Double), @p190='?' (Size = 4000), @p191='?' (Size = 4000), @p192='?' (DbType = Double), @p193='?' (DbType = Double), @p194='?' (Size = 4000), @p209='?' (DbType = Int32), @p196='?' (DbType = Int32), @p197='?' (Size = 4000), @p198='?' (Size = 4000), @p199='?' (Size = 4000), @p200='?' (DbType = Int32), @p201='?' (DbType = DateTime2), @p202='?' (DbType = Double), @p203='?' (DbType = Double), @p204='?' (Size = 4000), @p205='?' (Size = 4000), @p206='?' (DbType = Double), @p207='?' (DbType = Double), @p208='?' (Size = 4000), @p223='?' (DbType = Int32), @p210='?' (DbType = Int32), @p211='?' (Size = 4000), @p212='?' (Size = 4000), @p213='?' (Size = 4000), @p214='?' (DbType = Int32), @p215='?' (DbType = DateTime2), @p216='?' (DbType = Double), @p217='?' (DbType = Double), @p218='?' (Size = 4000), @p219='?' (Size = 4000), @p220='?' (DbType = Double), @p221='?' (DbType = Double), @p222='?' (Size = 4000), @p237='?' (DbType = Int32), @p224='?' (DbType = Int32), @p225='?' (Size = 4000), @p226='?' (Size = 4000), @p227='?' (Size = 4000), @p228='?' (DbType = Int32), @p229='?' (DbType = DateTime2), @p230='?' (DbType = Double), @p231='?' (DbType = Double), @p232='?' (Size = 4000), @p233='?' (Size = 4000), @p234='?' (DbType = Double), @p235='?' (DbType = Double), @p236='?' (Size = 4000)], CommandType='Text', CommandTimeout='120']
      SET NOCOUNT ON;
      UPDATE [TblDispatches] SET [BillID] = @p0, [ChallanNo] = @p1, [DeliveryNum] = @p2, [Destination] = @p3, [DisVid] = @p4, [DispatchDate] = @p5, [DispatchQuantity] = @p6, [FinalPrice] = @p7, [Lr] = @p8, [PartyName] = @p9, [TotalValue] = @p10, [UnitPrice] = @p11, [VehicleNo] = @p12
      WHERE [DispId] = @p13;
      SELECT @@ROWCOUNT;
      
      UPDATE [TblDispatches] SET [BillID] = @p14, [ChallanNo] = @p15, [DeliveryNum] = @p16, [Destination] = @p17, [DisVid] = @p18, [DispatchDate] = @p19, [DispatchQuantity] = @p20, [FinalPrice] = @p21, [Lr] = @p22, [PartyName] = @p23, [TotalValue] = @p24, [UnitPrice] = @p25, [VehicleNo] = @p26
      WHERE [DispId] = @p27;
      SELECT @@ROWCOUNT;
      
      UPDATE [TblDispatches] SET [BillID] = @p28, [ChallanNo] = @p29, [DeliveryNum] = @p30, [Destination] = @p31, [DisVid] = @p32, [DispatchDate] = @p33, [DispatchQuantity] = @p34, [FinalPrice] = @p35, [Lr] = @p36, [PartyName] = @p37, [TotalValue] = @p38, [UnitPrice] = @p39, [VehicleNo] = @p40
      WHERE [DispId] = @p41;
      SELECT @@ROWCOUNT;
      
      UPDATE [TblDispatches] SET [BillID] = @p42, [ChallanNo] = @p43, [DeliveryNum] = @p44, [Destination] = @p45, [DisVid] = @p46, [DispatchDate] = @p47, [DispatchQuantity] = @p48, [FinalPrice] = @p49, [Lr] = @p50, [PartyName] = @p51, [TotalValue] = @p52, [UnitPrice] = @p53, [VehicleNo] = @p54
      WHERE [DispId] = @p55;
      SELECT @@ROWCOUNT;
      
      UPDATE [TblDispatches] SET [BillID] = @p56, [ChallanNo] = @p57, [DeliveryNum] = @p58, [Destination] = @p59, [DisVid] = @p60, [DispatchDate] = @p61, [DispatchQuantity] = @p62, [FinalPrice] = @p63, [Lr] = @p64, [PartyName] = @p65, [TotalValue] = @p66, [UnitPrice] = @p67, [VehicleNo] = @p68
      WHERE [DispId] = @p69;
      SELECT @@ROWCOUNT;
      
      UPDATE [TblDispatches] SET [BillID] = @p70, [ChallanNo] = @p71, [DeliveryNum] = @p72, [Destination] = @p73, [DisVid] = @p74, [DispatchDate] = @p75, [DispatchQuantity] = @p76, [FinalPrice] = @p77, [Lr] = @p78, [PartyName] = @p79, [TotalValue] = @p80, [UnitPrice] = @p81, [VehicleNo] = @p82
      WHERE [DispId] = @p83;
      SELECT @@ROWCOUNT;
      
      UPDATE [TblDispatches] SET [BillID] = @p84, [ChallanNo] = @p85, [DeliveryNum] = @p86, [Destination] = @p87, [DisVid] = @p88, [DispatchDate] = @p89, [DispatchQuantity] = @p90, [FinalPrice] = @p91, [Lr] = @p92, [PartyName] = @p93, [TotalValue] = @p94, [UnitPrice] = @p95, [VehicleNo] = @p96
      WHERE [DispId] = @p97;
      SELECT @@ROWCOUNT;
      
      UPDATE [TblDispatches] SET [BillID] = @p98, [ChallanNo] = @p99, [DeliveryNum] = @p100, [Destination] = @p101, [DisVid] = @p102, [DispatchDate] = @p103, [DispatchQuantity] = @p104, [FinalPrice] = @p105, [Lr] = @p106, [PartyName] = @p107, [TotalValue] = @p108, [UnitPrice] = @p109, [VehicleNo] = @p110
      WHERE [DispId] = @p111;
      SELECT @@ROWCOUNT;
      
      UPDATE [TblDispatches] SET [BillID] = @p112, [ChallanNo] = @p113, [DeliveryNum] = @p114, [Destination] = @p115, [DisVid] = @p116, [DispatchDate] = @p117, [DispatchQuantity] = @p118, [FinalPrice] = @p119, [Lr] = @p120, [PartyName] = @p121, [TotalValue] = @p122, [UnitPrice] = @p123, [VehicleNo] = @p124
      WHERE [DispId] = @p125;
      SELECT @@ROWCOUNT;
      
      UPDATE [TblDispatches] SET [BillID] = @p126, [ChallanNo] = @p127, [DeliveryNum] = @p128, [Destination] = @p129, [DisVid] = @p130, [DispatchDate] = @p131, [DispatchQuantity] = @p132, [FinalPrice] = @p133, [Lr] = @p134, [PartyName] = @p135, [TotalValue] = @p136, [UnitPrice] = @p137, [VehicleNo] = @p138
      WHERE [DispId] = @p139;
      SELECT @@ROWCOUNT;
      
      UPDATE [TblDispatches] SET [BillID] = @p140, [ChallanNo] = @p141, [DeliveryNum] = @p142, [Destination] = @p143, [DisVid] = @p144, [DispatchDate] = @p145, [DispatchQuantity] = @p146, [FinalPrice] = @p147, [Lr] = @p148, [PartyName] = @p149, [TotalValue] = @p150, [UnitPrice] = @p151, [VehicleNo] = @p152
      WHERE [DispId] = @p153;
      SELECT @@ROWCOUNT;
      
      UPDATE [TblDispatches] SET [BillID] = @p154, [ChallanNo] = @p155, [DeliveryNum] = @p156, [Destination] = @p157, [DisVid] = @p158, [DispatchDate] = @p159, [DispatchQuantity] = @p160, [FinalPrice] = @p161, [Lr] = @p162, [PartyName] = @p163, [TotalValue] = @p164, [UnitPrice] = @p165, [VehicleNo] = @p166
      WHERE [DispId] = @p167;
      SELECT @@ROWCOUNT;
      
      UPDATE [TblDispatches] SET [BillID] = @p168, [ChallanNo] = @p169, [DeliveryNum] = @p170, [Destination] = @p171, [DisVid] = @p172, [DispatchDate] = @p173, [DispatchQuantity] = @p174, [FinalPrice] = @p175, [Lr] = @p176, [PartyName] = @p177, [TotalValue] = @p178, [UnitPrice] = @p179, [VehicleNo] = @p180
      WHERE [DispId] = @p181;
      SELECT @@ROWCOUNT;
      
      UPDATE [TblDispatches] SET [BillID] = @p182, [ChallanNo] = @p183, [DeliveryNum] = @p184, [Destination] = @p185, [DisVid] = @p186, [DispatchDate] = @p187, [DispatchQuantity] = @p188, [FinalPrice] = @p189, [Lr] = @p190, [PartyName] = @p191, [TotalValue] = @p192, [UnitPrice] = @p193, [VehicleNo] = @p194
      WHERE [DispId] = @p195;
      SELECT @@ROWCOUNT;
      
      UPDATE [TblDispatches] SET [BillID] = @p196, [ChallanNo] = @p197, [DeliveryNum] = @p198, [Destination] = @p199, [DisVid] = @p200, [DispatchDate] = @p201, [DispatchQuantity] = @p202, [FinalPrice] = @p203, [Lr] = @p204, [PartyName] = @p205, [TotalValue] = @p206, [UnitPrice] = @p207, [VehicleNo] = @p208
      WHERE [DispId] = @p209;
      SELECT @@ROWCOUNT;
      
      UPDATE [TblDispatches] SET [BillID] = @p210, [ChallanNo] = @p211, [DeliveryNum] = @p212, [Destination] = @p213, [DisVid] = @p214, [DispatchDate] = @p215, [DispatchQuantity] = @p216, [FinalPrice] = @p217, [Lr] = @p218, [PartyName] = @p219, [TotalValue] = @p220, [UnitPrice] = @p221, [VehicleNo] = @p222
      WHERE [DispId] = @p223;
      SELECT @@ROWCOUNT;
      
      UPDATE [TblDispatches] SET [BillID] = @p224, [ChallanNo] = @p225, [DeliveryNum] = @p226, [Destination] = @p227, [DisVid] = @p228, [DispatchDate] = @p229, [DispatchQuantity] = @p230, [FinalPrice] = @p231, [Lr] = @p232, [PartyName] = @p233, [TotalValue] = @p234, [UnitPrice] = @p235, [VehicleNo] = @p236
      WHERE [DispId] = @p237;
      SELECT @@ROWCOUNT;
info: Microsoft.EntityFrameworkCore.Infrastructure[10403]
      Entity Framework Core 6.0.21 initialized 'TransportMgmtContext' using provider 'Microsoft.EntityFrameworkCore.SqlServer:6.0.21' with options: CommandTimeout=120 
info: Microsoft.EntityFrameworkCore.Database.Command[20101]
      Executed DbCommand (7ms) [Parameters=[], CommandType='Text', CommandTimeout='120']
      SELECT [t].[FID], [t].[Address], [t].[Code], [t].[CreatedBy], [t].[CreatedOn], [t].[FactoryName], [t].[Gstin], [t].[IsActive], [t].[ModifiedBy], [t].[ModifiedOn]
      FROM [TblFactories] AS [t]
info: Microsoft.EntityFrameworkCore.Database.Command[20101]
      Executed DbCommand (1ms) [Parameters=[], CommandType='Text', CommandTimeout='120']
      SELECT [t].[FID], [t].[Address], [t].[Code], [t].[CreatedBy], [t].[CreatedOn], [t].[FactoryName], [t].[Gstin], [t].[IsActive], [t].[ModifiedBy], [t].[ModifiedOn]
      FROM [TblFactories] AS [t]
info: Microsoft.EntityFrameworkCore.Database.Command[20101]
      Executed DbCommand (3ms) [Parameters=[], CommandType='Text', CommandTimeout='120']
      SELECT [t].[DispId], [t].[BillID], [t].[ChallanNo], [t].[DeliveryNum], [t].[Destination], [t].[DisVid], [t].[DispatchDate], [t].[DispatchQuantity], [t].[FinalPrice], [t].[Lr], [t].[PartyName], [t].[TotalValue], [t].[UnitPrice], [t].[VehicleNo]
      FROM [TblDispatches] AS [t]
info: Microsoft.EntityFrameworkCore.Infrastructure[10403]
      Entity Framework Core 6.0.21 initialized 'TransportMgmtContext' using provider 'Microsoft.EntityFrameworkCore.SqlServer:6.0.21' with options: CommandTimeout=120 
info: Microsoft.EntityFrameworkCore.Database.Command[20101]
      Executed DbCommand (10ms) [Parameters=[@__dispatchId_0='?' (Size = 4000)], CommandType='Text', CommandTimeout='120']
      SELECT TOP(1) [t].[DispId], [t].[BillID], [t].[ChallanNo], [t].[DeliveryNum], [t].[Destination], [t].[DisVid], [t].[DispatchDate], [t].[DispatchQuantity], [t].[FinalPrice], [t].[Lr], [t].[PartyName], [t].[TotalValue], [t].[UnitPrice], [t].[VehicleNo]
      FROM [TblDispatches] AS [t]
      WHERE [t].[ChallanNo] = @__dispatchId_0
info: Microsoft.EntityFrameworkCore.Database.Command[20101]
      Executed DbCommand (8ms) [Parameters=[@__dispatchId_0='?' (Size = 4000)], CommandType='Text', CommandTimeout='120']
      SELECT TOP(1) [t].[DispId], [t].[BillID], [t].[ChallanNo], [t].[DeliveryNum], [t].[Destination], [t].[DisVid], [t].[DispatchDate], [t].[DispatchQuantity], [t].[FinalPrice], [t].[Lr], [t].[PartyName], [t].[TotalValue], [t].[UnitPrice], [t].[VehicleNo]
      FROM [TblDispatches] AS [t]
      WHERE [t].[ChallanNo] = @__dispatchId_0
info: Microsoft.EntityFrameworkCore.Database.Command[20101]
      Executed DbCommand (4ms) [Parameters=[@__billNumber_0='?' (Size = 4000)], CommandType='Text', CommandTimeout='120']
      SELECT TOP(1) [b].[BillID], [b].[ActualAmount], [b].[BillDate], [b].[BillNum], [b].[BillType], [b].[DeliveryNum], [b].[FID], [b].[Gst], [b].[GstDate], [b].[Lr], [b].[PId], [b].[PartyName], [b].[PaymentReceived], [b].[PaymentTablePId], [b].[Tds], [b].[TotalValue]
      FROM [BillTables] AS [b]
      WHERE [b].[BillNum] = @__billNumber_0
info: Microsoft.EntityFrameworkCore.Database.Command[20101]
      Executed DbCommand (8ms) [Parameters=[@p0='?' (DbType = Double), @p1='?' (DbType = DateTime2), @p2='?' (Size = 4000), @p3='?' (Size = 4000), @p4='?' (Size = 4000), @p5='?' (DbType = Int32), @p6='?' (DbType = Double), @p7='?' (DbType = DateTime2), @p8='?' (Size = 4000), @p9='?' (DbType = Int32), @p10='?' (Size = 4000), @p11='?' (DbType = Double), @p12='?' (DbType = Int32), @p13='?' (DbType = Double), @p14='?' (DbType = Double)], CommandType='Text', CommandTimeout='120']
      SET NOCOUNT ON;
      INSERT INTO [BillTables] ([ActualAmount], [BillDate], [BillNum], [BillType], [DeliveryNum], [FID], [Gst], [GstDate], [Lr], [PId], [PartyName], [PaymentReceived], [PaymentTablePId], [Tds], [TotalValue])
      VALUES (@p0, @p1, @p2, @p3, @p4, @p5, @p6, @p7, @p8, @p9, @p10, @p11, @p12, @p13, @p14);
      SELECT [BillID]
      FROM [BillTables]
      WHERE @@ROWCOUNT = 1 AND [BillID] = scope_identity();
info: Microsoft.EntityFrameworkCore.Database.Command[20101]
      Executed DbCommand (4ms) [Parameters=[@p2='?' (DbType = Int32), @p0='?' (DbType = Double), @p1='?' (DbType = Double)], CommandType='Text', CommandTimeout='120']
      SET NOCOUNT ON;
      UPDATE [TblDispatches] SET [FinalPrice] = @p0, [UnitPrice] = @p1
      WHERE [DispId] = @p2;
      SELECT @@ROWCOUNT;
info: Microsoft.EntityFrameworkCore.Database.Command[20101]
      Executed DbCommand (8ms) [Parameters=[@__dispatchId_0='?' (Size = 4000)], CommandType='Text', CommandTimeout='120']
      SELECT TOP(1) [t].[DispId], [t].[BillID], [t].[ChallanNo], [t].[DeliveryNum], [t].[Destination], [t].[DisVid], [t].[DispatchDate], [t].[DispatchQuantity], [t].[FinalPrice], [t].[Lr], [t].[PartyName], [t].[TotalValue], [t].[UnitPrice], [t].[VehicleNo]
      FROM [TblDispatches] AS [t]
      WHERE [t].[ChallanNo] = @__dispatchId_0
info: Microsoft.EntityFrameworkCore.Database.Command[20101]
      Executed DbCommand (9ms) [Parameters=[@__dispatchId_0='?' (Size = 4000)], CommandType='Text', CommandTimeout='120']
      SELECT TOP(1) [t].[DispId], [t].[BillID], [t].[ChallanNo], [t].[DeliveryNum], [t].[Destination], [t].[DisVid], [t].[DispatchDate], [t].[DispatchQuantity], [t].[FinalPrice], [t].[Lr], [t].[PartyName], [t].[TotalValue], [t].[UnitPrice], [t].[VehicleNo]
      FROM [TblDispatches] AS [t]
      WHERE [t].[ChallanNo] = @__dispatchId_0
info: Microsoft.EntityFrameworkCore.Database.Command[20101]
      Executed DbCommand (8ms) [Parameters=[@__dispatchId_0='?' (Size = 4000)], CommandType='Text', CommandTimeout='120']
      SELECT TOP(1) [t].[DispId], [t].[BillID], [t].[ChallanNo], [t].[DeliveryNum], [t].[Destination], [t].[DisVid], [t].[DispatchDate], [t].[DispatchQuantity], [t].[FinalPrice], [t].[Lr], [t].[PartyName], [t].[TotalValue], [t].[UnitPrice], [t].[VehicleNo]
      FROM [TblDispatches] AS [t]
      WHERE [t].[ChallanNo] = @__dispatchId_0
info: Microsoft.EntityFrameworkCore.Database.Command[20101]
      Executed DbCommand (8ms) [Parameters=[@__dispatchId_0='?' (Size = 4000)], CommandType='Text', CommandTimeout='120']
      SELECT TOP(1) [t].[DispId], [t].[BillID], [t].[ChallanNo], [t].[DeliveryNum], [t].[Destination], [t].[DisVid], [t].[DispatchDate], [t].[DispatchQuantity], [t].[FinalPrice], [t].[Lr], [t].[PartyName], [t].[TotalValue], [t].[UnitPrice], [t].[VehicleNo]
      FROM [TblDispatches] AS [t]
      WHERE [t].[ChallanNo] = @__dispatchId_0
info: Microsoft.EntityFrameworkCore.Database.Command[20101]
      Executed DbCommand (13ms) [Parameters=[@__dispatchId_0='?' (Size = 4000)], CommandType='Text', CommandTimeout='120']
      SELECT TOP(1) [t].[DispId], [t].[BillID], [t].[ChallanNo], [t].[DeliveryNum], [t].[Destination], [t].[DisVid], [t].[DispatchDate], [t].[DispatchQuantity], [t].[FinalPrice], [t].[Lr], [t].[PartyName], [t].[TotalValue], [t].[UnitPrice], [t].[VehicleNo]
      FROM [TblDispatches] AS [t]
      WHERE [t].[ChallanNo] = @__dispatchId_0
info: Microsoft.EntityFrameworkCore.Database.Command[20101]
      Executed DbCommand (11ms) [Parameters=[@__dispatchId_0='?' (Size = 4000)], CommandType='Text', CommandTimeout='120']
      SELECT TOP(1) [t].[DispId], [t].[BillID], [t].[ChallanNo], [t].[DeliveryNum], [t].[Destination], [t].[DisVid], [t].[DispatchDate], [t].[DispatchQuantity], [t].[FinalPrice], [t].[Lr], [t].[PartyName], [t].[TotalValue], [t].[UnitPrice], [t].[VehicleNo]
      FROM [TblDispatches] AS [t]
      WHERE [t].[ChallanNo] = @__dispatchId_0
info: Microsoft.EntityFrameworkCore.Database.Command[20101]
      Executed DbCommand (13ms) [Parameters=[@__dispatchId_0='?' (Size = 4000)], CommandType='Text', CommandTimeout='120']
      SELECT TOP(1) [t].[DispId], [t].[BillID], [t].[ChallanNo], [t].[DeliveryNum], [t].[Destination], [t].[DisVid], [t].[DispatchDate], [t].[DispatchQuantity], [t].[FinalPrice], [t].[Lr], [t].[PartyName], [t].[TotalValue], [t].[UnitPrice], [t].[VehicleNo]
      FROM [TblDispatches] AS [t]
      WHERE [t].[ChallanNo] = @__dispatchId_0
info: Microsoft.EntityFrameworkCore.Database.Command[20101]
      Executed DbCommand (9ms) [Parameters=[@__dispatchId_0='?' (Size = 4000)], CommandType='Text', CommandTimeout='120']
      SELECT TOP(1) [t].[DispId], [t].[BillID], [t].[ChallanNo], [t].[DeliveryNum], [t].[Destination], [t].[DisVid], [t].[DispatchDate], [t].[DispatchQuantity], [t].[FinalPrice], [t].[Lr], [t].[PartyName], [t].[TotalValue], [t].[UnitPrice], [t].[VehicleNo]
      FROM [TblDispatches] AS [t]
      WHERE [t].[ChallanNo] = @__dispatchId_0
info: Microsoft.EntityFrameworkCore.Database.Command[20101]
      Executed DbCommand (6ms) [Parameters=[@__dispatchId_0='?' (Size = 4000)], CommandType='Text', CommandTimeout='120']
      SELECT TOP(1) [t].[DispId], [t].[BillID], [t].[ChallanNo], [t].[DeliveryNum], [t].[Destination], [t].[DisVid], [t].[DispatchDate], [t].[DispatchQuantity], [t].[FinalPrice], [t].[Lr], [t].[PartyName], [t].[TotalValue], [t].[UnitPrice], [t].[VehicleNo]
      FROM [TblDispatches] AS [t]
      WHERE [t].[ChallanNo] = @__dispatchId_0
info: Microsoft.EntityFrameworkCore.Database.Command[20101]
      Executed DbCommand (9ms) [Parameters=[@__dispatchId_0='?' (Size = 4000)], CommandType='Text', CommandTimeout='120']
      SELECT TOP(1) [t].[DispId], [t].[BillID], [t].[ChallanNo], [t].[DeliveryNum], [t].[Destination], [t].[DisVid], [t].[DispatchDate], [t].[DispatchQuantity], [t].[FinalPrice], [t].[Lr], [t].[PartyName], [t].[TotalValue], [t].[UnitPrice], [t].[VehicleNo]
      FROM [TblDispatches] AS [t]
      WHERE [t].[ChallanNo] = @__dispatchId_0
info: Microsoft.EntityFrameworkCore.Database.Command[20101]
      Executed DbCommand (10ms) [Parameters=[@__dispatchId_0='?' (Size = 4000)], CommandType='Text', CommandTimeout='120']
      SELECT TOP(1) [t].[DispId], [t].[BillID], [t].[ChallanNo], [t].[DeliveryNum], [t].[Destination], [t].[DisVid], [t].[DispatchDate], [t].[DispatchQuantity], [t].[FinalPrice], [t].[Lr], [t].[PartyName], [t].[TotalValue], [t].[UnitPrice], [t].[VehicleNo]
      FROM [TblDispatches] AS [t]
      WHERE [t].[ChallanNo] = @__dispatchId_0
info: Microsoft.EntityFrameworkCore.Database.Command[20101]
      Executed DbCommand (12ms) [Parameters=[@__dispatchId_0='?' (Size = 4000)], CommandType='Text', CommandTimeout='120']
      SELECT TOP(1) [t].[DispId], [t].[BillID], [t].[ChallanNo], [t].[DeliveryNum], [t].[Destination], [t].[DisVid], [t].[DispatchDate], [t].[DispatchQuantity], [t].[FinalPrice], [t].[Lr], [t].[PartyName], [t].[TotalValue], [t].[UnitPrice], [t].[VehicleNo]
      FROM [TblDispatches] AS [t]
      WHERE [t].[ChallanNo] = @__dispatchId_0
info: Microsoft.EntityFrameworkCore.Database.Command[20101]
      Executed DbCommand (9ms) [Parameters=[@__dispatchId_0='?' (Size = 4000)], CommandType='Text', CommandTimeout='120']
      SELECT TOP(1) [t].[DispId], [t].[BillID], [t].[ChallanNo], [t].[DeliveryNum], [t].[Destination], [t].[DisVid], [t].[DispatchDate], [t].[DispatchQuantity], [t].[FinalPrice], [t].[Lr], [t].[PartyName], [t].[TotalValue], [t].[UnitPrice], [t].[VehicleNo]
      FROM [TblDispatches] AS [t]
      WHERE [t].[ChallanNo] = @__dispatchId_0
info: Microsoft.EntityFrameworkCore.Database.Command[20101]
      Executed DbCommand (14ms) [Parameters=[@__dispatchId_0='?' (Size = 4000)], CommandType='Text', CommandTimeout='120']
      SELECT TOP(1) [t].[DispId], [t].[BillID], [t].[ChallanNo], [t].[DeliveryNum], [t].[Destination], [t].[DisVid], [t].[DispatchDate], [t].[DispatchQuantity], [t].[FinalPrice], [t].[Lr], [t].[PartyName], [t].[TotalValue], [t].[UnitPrice], [t].[VehicleNo]
      FROM [TblDispatches] AS [t]
      WHERE [t].[ChallanNo] = @__dispatchId_0
info: Microsoft.EntityFrameworkCore.Database.Command[20101]
      Executed DbCommand (16ms) [Parameters=[@__dispatchId_0='?' (Size = 4000)], CommandType='Text', CommandTimeout='120']
      SELECT TOP(1) [t].[DispId], [t].[BillID], [t].[ChallanNo], [t].[DeliveryNum], [t].[Destination], [t].[DisVid], [t].[DispatchDate], [t].[DispatchQuantity], [t].[FinalPrice], [t].[Lr], [t].[PartyName], [t].[TotalValue], [t].[UnitPrice], [t].[VehicleNo]
      FROM [TblDispatches] AS [t]
      WHERE [t].[ChallanNo] = @__dispatchId_0
info: Microsoft.EntityFrameworkCore.Database.Command[20101]
      Executed DbCommand (10ms) [Parameters=[@__dispatchId_0='?' (Size = 4000)], CommandType='Text', CommandTimeout='120']
      SELECT TOP(1) [t].[DispId], [t].[BillID], [t].[ChallanNo], [t].[DeliveryNum], [t].[Destination], [t].[DisVid], [t].[DispatchDate], [t].[DispatchQuantity], [t].[FinalPrice], [t].[Lr], [t].[PartyName], [t].[TotalValue], [t].[UnitPrice], [t].[VehicleNo]
      FROM [TblDispatches] AS [t]
      WHERE [t].[ChallanNo] = @__dispatchId_0
info: Microsoft.EntityFrameworkCore.Database.Command[20101]
      Executed DbCommand (16ms) [Parameters=[@__dispatchId_0='?' (Size = 4000)], CommandType='Text', CommandTimeout='120']
      SELECT TOP(1) [t].[DispId], [t].[BillID], [t].[ChallanNo], [t].[DeliveryNum], [t].[Destination], [t].[DisVid], [t].[DispatchDate], [t].[DispatchQuantity], [t].[FinalPrice], [t].[Lr], [t].[PartyName], [t].[TotalValue], [t].[UnitPrice], [t].[VehicleNo]
      FROM [TblDispatches] AS [t]
      WHERE [t].[ChallanNo] = @__dispatchId_0
info: Microsoft.EntityFrameworkCore.Database.Command[20101]
      Executed DbCommand (18ms) [Parameters=[@__dispatchId_0='?' (Size = 4000)], CommandType='Text', CommandTimeout='120']
      SELECT TOP(1) [t].[DispId], [t].[BillID], [t].[ChallanNo], [t].[DeliveryNum], [t].[Destination], [t].[DisVid], [t].[DispatchDate], [t].[DispatchQuantity], [t].[FinalPrice], [t].[Lr], [t].[PartyName], [t].[TotalValue], [t].[UnitPrice], [t].[VehicleNo]
      FROM [TblDispatches] AS [t]
      WHERE [t].[ChallanNo] = @__dispatchId_0
info: Microsoft.EntityFrameworkCore.Database.Command[20101]
      Executed DbCommand (15ms) [Parameters=[@__dispatchId_0='?' (Size = 4000)], CommandType='Text', CommandTimeout='120']
      SELECT TOP(1) [t].[DispId], [t].[BillID], [t].[ChallanNo], [t].[DeliveryNum], [t].[Destination], [t].[DisVid], [t].[DispatchDate], [t].[DispatchQuantity], [t].[FinalPrice], [t].[Lr], [t].[PartyName], [t].[TotalValue], [t].[UnitPrice], [t].[VehicleNo]
      FROM [TblDispatches] AS [t]
      WHERE [t].[ChallanNo] = @__dispatchId_0
info: Microsoft.EntityFrameworkCore.Database.Command[20101]
      Executed DbCommand (14ms) [Parameters=[@__dispatchId_0='?' (Size = 4000)], CommandType='Text', CommandTimeout='120']
      SELECT TOP(1) [t].[DispId], [t].[BillID], [t].[ChallanNo], [t].[DeliveryNum], [t].[Destination], [t].[DisVid], [t].[DispatchDate], [t].[DispatchQuantity], [t].[FinalPrice], [t].[Lr], [t].[PartyName], [t].[TotalValue], [t].[UnitPrice], [t].[VehicleNo]
      FROM [TblDispatches] AS [t]
      WHERE [t].[ChallanNo] = @__dispatchId_0
info: Microsoft.EntityFrameworkCore.Database.Command[20101]
      Executed DbCommand (11ms) [Parameters=[@__dispatchId_0='?' (Size = 4000)], CommandType='Text', CommandTimeout='120']
      SELECT TOP(1) [t].[DispId], [t].[BillID], [t].[ChallanNo], [t].[DeliveryNum], [t].[Destination], [t].[DisVid], [t].[DispatchDate], [t].[DispatchQuantity], [t].[FinalPrice], [t].[Lr], [t].[PartyName], [t].[TotalValue], [t].[UnitPrice], [t].[VehicleNo]
      FROM [TblDispatches] AS [t]
      WHERE [t].[ChallanNo] = @__dispatchId_0
info: Microsoft.EntityFrameworkCore.Database.Command[20101]
      Executed DbCommand (7ms) [Parameters=[@__dispatchId_0='?' (Size = 4000)], CommandType='Text', CommandTimeout='120']
      SELECT TOP(1) [t].[DispId], [t].[BillID], [t].[ChallanNo], [t].[DeliveryNum], [t].[Destination], [t].[DisVid], [t].[DispatchDate], [t].[DispatchQuantity], [t].[FinalPrice], [t].[Lr], [t].[PartyName], [t].[TotalValue], [t].[UnitPrice], [t].[VehicleNo]
      FROM [TblDispatches] AS [t]
      WHERE [t].[ChallanNo] = @__dispatchId_0
info: Microsoft.EntityFrameworkCore.Database.Command[20101]
      Executed DbCommand (10ms) [Parameters=[@__dispatchId_0='?' (Size = 4000)], CommandType='Text', CommandTimeout='120']
      SELECT TOP(1) [t].[DispId], [t].[BillID], [t].[ChallanNo], [t].[DeliveryNum], [t].[Destination], [t].[DisVid], [t].[DispatchDate], [t].[DispatchQuantity], [t].[FinalPrice], [t].[Lr], [t].[PartyName], [t].[TotalValue], [t].[UnitPrice], [t].[VehicleNo]
      FROM [TblDispatches] AS [t]
      WHERE [t].[ChallanNo] = @__dispatchId_0
info: Microsoft.EntityFrameworkCore.Database.Command[20101]
      Executed DbCommand (13ms) [Parameters=[@__dispatchId_0='?' (Size = 4000)], CommandType='Text', CommandTimeout='120']
      SELECT TOP(1) [t].[DispId], [t].[BillID], [t].[ChallanNo], [t].[DeliveryNum], [t].[Destination], [t].[DisVid], [t].[DispatchDate], [t].[DispatchQuantity], [t].[FinalPrice], [t].[Lr], [t].[PartyName], [t].[TotalValue], [t].[UnitPrice], [t].[VehicleNo]
      FROM [TblDispatches] AS [t]
      WHERE [t].[ChallanNo] = @__dispatchId_0
info: Microsoft.EntityFrameworkCore.Database.Command[20101]
      Executed DbCommand (11ms) [Parameters=[@__dispatchId_0='?' (Size = 4000)], CommandType='Text', CommandTimeout='120']
      SELECT TOP(1) [t].[DispId], [t].[BillID], [t].[ChallanNo], [t].[DeliveryNum], [t].[Destination], [t].[DisVid], [t].[DispatchDate], [t].[DispatchQuantity], [t].[FinalPrice], [t].[Lr], [t].[PartyName], [t].[TotalValue], [t].[UnitPrice], [t].[VehicleNo]
      FROM [TblDispatches] AS [t]
      WHERE [t].[ChallanNo] = @__dispatchId_0
info: Microsoft.EntityFrameworkCore.Database.Command[20101]
      Executed DbCommand (10ms) [Parameters=[@__dispatchId_0='?' (Size = 4000)], CommandType='Text', CommandTimeout='120']
      SELECT TOP(1) [t].[DispId], [t].[BillID], [t].[ChallanNo], [t].[DeliveryNum], [t].[Destination], [t].[DisVid], [t].[DispatchDate], [t].[DispatchQuantity], [t].[FinalPrice], [t].[Lr], [t].[PartyName], [t].[TotalValue], [t].[UnitPrice], [t].[VehicleNo]
      FROM [TblDispatches] AS [t]
      WHERE [t].[ChallanNo] = @__dispatchId_0
info: Microsoft.EntityFrameworkCore.Database.Command[20101]
      Executed DbCommand (14ms) [Parameters=[@__dispatchId_0='?' (Size = 4000)], CommandType='Text', CommandTimeout='120']
      SELECT TOP(1) [t].[DispId], [t].[BillID], [t].[ChallanNo], [t].[DeliveryNum], [t].[Destination], [t].[DisVid], [t].[DispatchDate], [t].[DispatchQuantity], [t].[FinalPrice], [t].[Lr], [t].[PartyName], [t].[TotalValue], [t].[UnitPrice], [t].[VehicleNo]
      FROM [TblDispatches] AS [t]
      WHERE [t].[ChallanNo] = @__dispatchId_0
info: Microsoft.EntityFrameworkCore.Database.Command[20101]
      Executed DbCommand (9ms) [Parameters=[@__dispatchId_0='?' (Size = 4000)], CommandType='Text', CommandTimeout='120']
      SELECT TOP(1) [t].[DispId], [t].[BillID], [t].[ChallanNo], [t].[DeliveryNum], [t].[Destination], [t].[DisVid], [t].[DispatchDate], [t].[DispatchQuantity], [t].[FinalPrice], [t].[Lr], [t].[PartyName], [t].[TotalValue], [t].[UnitPrice], [t].[VehicleNo]
      FROM [TblDispatches] AS [t]
      WHERE [t].[ChallanNo] = @__dispatchId_0
info: Microsoft.EntityFrameworkCore.Database.Command[20101]
      Executed DbCommand (37ms) [Parameters=[@p13='?' (DbType = Int32), @p0='?' (DbType = Int32), @p1='?' (Size = 4000), @p2='?' (Size = 4000), @p3='?' (Size = 4000), @p4='?' (DbType = Int32), @p5='?' (DbType = DateTime2), @p6='?' (DbType = Double), @p7='?' (DbType = Double), @p8='?' (Size = 4000), @p9='?' (Size = 4000), @p10='?' (DbType = Double), @p11='?' (DbType = Double), @p12='?' (Size = 4000), @p27='?' (DbType = Int32), @p14='?' (DbType = Int32), @p15='?' (Size = 4000), @p16='?' (Size = 4000), @p17='?' (Size = 4000), @p18='?' (DbType = Int32), @p19='?' (DbType = DateTime2), @p20='?' (DbType = Double), @p21='?' (DbType = Double), @p22='?' (Size = 4000), @p23='?' (Size = 4000), @p24='?' (DbType = Double), @p25='?' (DbType = Double), @p26='?' (Size = 4000), @p41='?' (DbType = Int32), @p28='?' (DbType = Int32), @p29='?' (Size = 4000), @p30='?' (Size = 4000), @p31='?' (Size = 4000), @p32='?' (DbType = Int32), @p33='?' (DbType = DateTime2), @p34='?' (DbType = Double), @p35='?' (DbType = Double), @p36='?' (Size = 4000), @p37='?' (Size = 4000), @p38='?' (DbType = Double), @p39='?' (DbType = Double), @p40='?' (Size = 4000), @p55='?' (DbType = Int32), @p42='?' (DbType = Int32), @p43='?' (Size = 4000), @p44='?' (Size = 4000), @p45='?' (Size = 4000), @p46='?' (DbType = Int32), @p47='?' (DbType = DateTime2), @p48='?' (DbType = Double), @p49='?' (DbType = Double), @p50='?' (Size = 4000), @p51='?' (Size = 4000), @p52='?' (DbType = Double), @p53='?' (DbType = Double), @p54='?' (Size = 4000), @p69='?' (DbType = Int32), @p56='?' (DbType = Int32), @p57='?' (Size = 4000), @p58='?' (Size = 4000), @p59='?' (Size = 4000), @p60='?' (DbType = Int32), @p61='?' (DbType = DateTime2), @p62='?' (DbType = Double), @p63='?' (DbType = Double), @p64='?' (Size = 4000), @p65='?' (Size = 4000), @p66='?' (DbType = Double), @p67='?' (DbType = Double), @p68='?' (Size = 4000), @p83='?' (DbType = Int32), @p70='?' (DbType = Int32), @p71='?' (Size = 4000), @p72='?' (Size = 4000), @p73='?' (Size = 4000), @p74='?' (DbType = Int32), @p75='?' (DbType = DateTime2), @p76='?' (DbType = Double), @p77='?' (DbType = Double), @p78='?' (Size = 4000), @p79='?' (Size = 4000), @p80='?' (DbType = Double), @p81='?' (DbType = Double), @p82='?' (Size = 4000), @p97='?' (DbType = Int32), @p84='?' (DbType = Int32), @p85='?' (Size = 4000), @p86='?' (Size = 4000), @p87='?' (Size = 4000), @p88='?' (DbType = Int32), @p89='?' (DbType = DateTime2), @p90='?' (DbType = Double), @p91='?' (DbType = Double), @p92='?' (Size = 4000), @p93='?' (Size = 4000), @p94='?' (DbType = Double), @p95='?' (DbType = Double), @p96='?' (Size = 4000)], CommandType='Text', CommandTimeout='120']
      SET NOCOUNT ON;
      UPDATE [TblDispatches] SET [BillID] = @p0, [ChallanNo] = @p1, [DeliveryNum] = @p2, [Destination] = @p3, [DisVid] = @p4, [DispatchDate] = @p5, [DispatchQuantity] = @p6, [FinalPrice] = @p7, [Lr] = @p8, [PartyName] = @p9, [TotalValue] = @p10, [UnitPrice] = @p11, [VehicleNo] = @p12
      WHERE [DispId] = @p13;
      SELECT @@ROWCOUNT;
      
      UPDATE [TblDispatches] SET [BillID] = @p14, [ChallanNo] = @p15, [DeliveryNum] = @p16, [Destination] = @p17, [DisVid] = @p18, [DispatchDate] = @p19, [DispatchQuantity] = @p20, [FinalPrice] = @p21, [Lr] = @p22, [PartyName] = @p23, [TotalValue] = @p24, [UnitPrice] = @p25, [VehicleNo] = @p26
      WHERE [DispId] = @p27;
      SELECT @@ROWCOUNT;
      
      UPDATE [TblDispatches] SET [BillID] = @p28, [ChallanNo] = @p29, [DeliveryNum] = @p30, [Destination] = @p31, [DisVid] = @p32, [DispatchDate] = @p33, [DispatchQuantity] = @p34, [FinalPrice] = @p35, [Lr] = @p36, [PartyName] = @p37, [TotalValue] = @p38, [UnitPrice] = @p39, [VehicleNo] = @p40
      WHERE [DispId] = @p41;
      SELECT @@ROWCOUNT;
      
      UPDATE [TblDispatches] SET [BillID] = @p42, [ChallanNo] = @p43, [DeliveryNum] = @p44, [Destination] = @p45, [DisVid] = @p46, [DispatchDate] = @p47, [DispatchQuantity] = @p48, [FinalPrice] = @p49, [Lr] = @p50, [PartyName] = @p51, [TotalValue] = @p52, [UnitPrice] = @p53, [VehicleNo] = @p54
      WHERE [DispId] = @p55;
      SELECT @@ROWCOUNT;
      
      UPDATE [TblDispatches] SET [BillID] = @p56, [ChallanNo] = @p57, [DeliveryNum] = @p58, [Destination] = @p59, [DisVid] = @p60, [DispatchDate] = @p61, [DispatchQuantity] = @p62, [FinalPrice] = @p63, [Lr] = @p64, [PartyName] = @p65, [TotalValue] = @p66, [UnitPrice] = @p67, [VehicleNo] = @p68
      WHERE [DispId] = @p69;
      SELECT @@ROWCOUNT;
      
      UPDATE [TblDispatches] SET [BillID] = @p70, [ChallanNo] = @p71, [DeliveryNum] = @p72, [Destination] = @p73, [DisVid] = @p74, [DispatchDate] = @p75, [DispatchQuantity] = @p76, [FinalPrice] = @p77, [Lr] = @p78, [PartyName] = @p79, [TotalValue] = @p80, [UnitPrice] = @p81, [VehicleNo] = @p82
      WHERE [DispId] = @p83;
      SELECT @@ROWCOUNT;
      
      UPDATE [TblDispatches] SET [BillID] = @p84, [ChallanNo] = @p85, [DeliveryNum] = @p86, [Destination] = @p87, [DisVid] = @p88, [DispatchDate] = @p89, [DispatchQuantity] = @p90, [FinalPrice] = @p91, [Lr] = @p92, [PartyName] = @p93, [TotalValue] = @p94, [UnitPrice] = @p95, [VehicleNo] = @p96
      WHERE [DispId] = @p97;
      SELECT @@ROWCOUNT;
info: Microsoft.EntityFrameworkCore.Infrastructure[10403]
      Entity Framework Core 6.0.21 initialized 'TransportMgmtContext' using provider 'Microsoft.EntityFrameworkCore.SqlServer:6.0.21' with options: CommandTimeout=120 
info: Microsoft.EntityFrameworkCore.Database.Command[20101]
      Executed DbCommand (5ms) [Parameters=[], CommandType='Text', CommandTimeout='120']
      SELECT [t].[FID], [t].[Address], [t].[Code], [t].[CreatedBy], [t].[CreatedOn], [t].[FactoryName], [t].[Gstin], [t].[IsActive], [t].[ModifiedBy], [t].[ModifiedOn]
      FROM [TblFactories] AS [t]
info: Microsoft.EntityFrameworkCore.Database.Command[20101]
      Executed DbCommand (5ms) [Parameters=[], CommandType='Text', CommandTimeout='120']
      SELECT [t].[FID], [t].[Address], [t].[Code], [t].[CreatedBy], [t].[CreatedOn], [t].[FactoryName], [t].[Gstin], [t].[IsActive], [t].[ModifiedBy], [t].[ModifiedOn]
      FROM [TblFactories] AS [t]
info: Microsoft.EntityFrameworkCore.Database.Command[20101]
      Executed DbCommand (6ms) [Parameters=[], CommandType='Text', CommandTimeout='120']
      SELECT [t].[DispId], [t].[BillID], [t].[ChallanNo], [t].[DeliveryNum], [t].[Destination], [t].[DisVid], [t].[DispatchDate], [t].[DispatchQuantity], [t].[FinalPrice], [t].[Lr], [t].[PartyName], [t].[TotalValue], [t].[UnitPrice], [t].[VehicleNo]
      FROM [TblDispatches] AS [t]
info: Microsoft.EntityFrameworkCore.Infrastructure[10403]
      Entity Framework Core 6.0.21 initialized 'TransportMgmtContext' using provider 'Microsoft.EntityFrameworkCore.SqlServer:6.0.21' with options: CommandTimeout=120 
info: Microsoft.EntityFrameworkCore.Database.Command[20101]
      Executed DbCommand (21ms) [Parameters=[@__dispatchId_0='?' (Size = 4000)], CommandType='Text', CommandTimeout='120']
      SELECT TOP(1) [t].[DispId], [t].[BillID], [t].[ChallanNo], [t].[DeliveryNum], [t].[Destination], [t].[DisVid], [t].[DispatchDate], [t].[DispatchQuantity], [t].[FinalPrice], [t].[Lr], [t].[PartyName], [t].[TotalValue], [t].[UnitPrice], [t].[VehicleNo]
      FROM [TblDispatches] AS [t]
      WHERE [t].[ChallanNo] = @__dispatchId_0
info: Microsoft.EntityFrameworkCore.Database.Command[20101]
      Executed DbCommand (12ms) [Parameters=[@__dispatchId_0='?' (Size = 4000)], CommandType='Text', CommandTimeout='120']
      SELECT TOP(1) [t].[DispId], [t].[BillID], [t].[ChallanNo], [t].[DeliveryNum], [t].[Destination], [t].[DisVid], [t].[DispatchDate], [t].[DispatchQuantity], [t].[FinalPrice], [t].[Lr], [t].[PartyName], [t].[TotalValue], [t].[UnitPrice], [t].[VehicleNo]
      FROM [TblDispatches] AS [t]
      WHERE [t].[ChallanNo] = @__dispatchId_0
info: Microsoft.EntityFrameworkCore.Database.Command[20101]
      Executed DbCommand (6ms) [Parameters=[@__billNumber_0='?' (Size = 4000)], CommandType='Text', CommandTimeout='120']
      SELECT TOP(1) [b].[BillID], [b].[ActualAmount], [b].[BillDate], [b].[BillNum], [b].[BillType], [b].[DeliveryNum], [b].[FID], [b].[Gst], [b].[GstDate], [b].[Lr], [b].[PId], [b].[PartyName], [b].[PaymentReceived], [b].[PaymentTablePId], [b].[Tds], [b].[TotalValue]
      FROM [BillTables] AS [b]
      WHERE [b].[BillNum] = @__billNumber_0
info: Microsoft.EntityFrameworkCore.Database.Command[20101]
      Executed DbCommand (9ms) [Parameters=[@p0='?' (DbType = Double), @p1='?' (DbType = DateTime2), @p2='?' (Size = 4000), @p3='?' (Size = 4000), @p4='?' (Size = 4000), @p5='?' (DbType = Int32), @p6='?' (DbType = Double), @p7='?' (DbType = DateTime2), @p8='?' (Size = 4000), @p9='?' (DbType = Int32), @p10='?' (Size = 4000), @p11='?' (DbType = Double), @p12='?' (DbType = Int32), @p13='?' (DbType = Double), @p14='?' (DbType = Double)], CommandType='Text', CommandTimeout='120']
      SET NOCOUNT ON;
      INSERT INTO [BillTables] ([ActualAmount], [BillDate], [BillNum], [BillType], [DeliveryNum], [FID], [Gst], [GstDate], [Lr], [PId], [PartyName], [PaymentReceived], [PaymentTablePId], [Tds], [TotalValue])
      VALUES (@p0, @p1, @p2, @p3, @p4, @p5, @p6, @p7, @p8, @p9, @p10, @p11, @p12, @p13, @p14);
      SELECT [BillID]
      FROM [BillTables]
      WHERE @@ROWCOUNT = 1 AND [BillID] = scope_identity();
info: Microsoft.EntityFrameworkCore.Database.Command[20101]
      Executed DbCommand (5ms) [Parameters=[@p2='?' (DbType = Int32), @p0='?' (DbType = Double), @p1='?' (DbType = Double)], CommandType='Text', CommandTimeout='120']
      SET NOCOUNT ON;
      UPDATE [TblDispatches] SET [FinalPrice] = @p0, [UnitPrice] = @p1
      WHERE [DispId] = @p2;
      SELECT @@ROWCOUNT;
info: Microsoft.EntityFrameworkCore.Database.Command[20101]
      Executed DbCommand (12ms) [Parameters=[@__dispatchId_0='?' (Size = 4000)], CommandType='Text', CommandTimeout='120']
      SELECT TOP(1) [t].[DispId], [t].[BillID], [t].[ChallanNo], [t].[DeliveryNum], [t].[Destination], [t].[DisVid], [t].[DispatchDate], [t].[DispatchQuantity], [t].[FinalPrice], [t].[Lr], [t].[PartyName], [t].[TotalValue], [t].[UnitPrice], [t].[VehicleNo]
      FROM [TblDispatches] AS [t]
      WHERE [t].[ChallanNo] = @__dispatchId_0
info: Microsoft.EntityFrameworkCore.Database.Command[20101]
      Executed DbCommand (17ms) [Parameters=[@__dispatchId_0='?' (Size = 4000)], CommandType='Text', CommandTimeout='120']
      SELECT TOP(1) [t].[DispId], [t].[BillID], [t].[ChallanNo], [t].[DeliveryNum], [t].[Destination], [t].[DisVid], [t].[DispatchDate], [t].[DispatchQuantity], [t].[FinalPrice], [t].[Lr], [t].[PartyName], [t].[TotalValue], [t].[UnitPrice], [t].[VehicleNo]
      FROM [TblDispatches] AS [t]
      WHERE [t].[ChallanNo] = @__dispatchId_0
info: Microsoft.EntityFrameworkCore.Database.Command[20101]
      Executed DbCommand (27ms) [Parameters=[@__dispatchId_0='?' (Size = 4000)], CommandType='Text', CommandTimeout='120']
      SELECT TOP(1) [t].[DispId], [t].[BillID], [t].[ChallanNo], [t].[DeliveryNum], [t].[Destination], [t].[DisVid], [t].[DispatchDate], [t].[DispatchQuantity], [t].[FinalPrice], [t].[Lr], [t].[PartyName], [t].[TotalValue], [t].[UnitPrice], [t].[VehicleNo]
      FROM [TblDispatches] AS [t]
      WHERE [t].[ChallanNo] = @__dispatchId_0
info: Microsoft.EntityFrameworkCore.Database.Command[20101]
      Executed DbCommand (29ms) [Parameters=[@__dispatchId_0='?' (Size = 4000)], CommandType='Text', CommandTimeout='120']
      SELECT TOP(1) [t].[DispId], [t].[BillID], [t].[ChallanNo], [t].[DeliveryNum], [t].[Destination], [t].[DisVid], [t].[DispatchDate], [t].[DispatchQuantity], [t].[FinalPrice], [t].[Lr], [t].[PartyName], [t].[TotalValue], [t].[UnitPrice], [t].[VehicleNo]
      FROM [TblDispatches] AS [t]
      WHERE [t].[ChallanNo] = @__dispatchId_0
info: Microsoft.EntityFrameworkCore.Database.Command[20101]
      Executed DbCommand (18ms) [Parameters=[@__dispatchId_0='?' (Size = 4000)], CommandType='Text', CommandTimeout='120']
      SELECT TOP(1) [t].[DispId], [t].[BillID], [t].[ChallanNo], [t].[DeliveryNum], [t].[Destination], [t].[DisVid], [t].[DispatchDate], [t].[DispatchQuantity], [t].[FinalPrice], [t].[Lr], [t].[PartyName], [t].[TotalValue], [t].[UnitPrice], [t].[VehicleNo]
      FROM [TblDispatches] AS [t]
      WHERE [t].[ChallanNo] = @__dispatchId_0
info: Microsoft.EntityFrameworkCore.Database.Command[20101]
      Executed DbCommand (18ms) [Parameters=[@__dispatchId_0='?' (Size = 4000)], CommandType='Text', CommandTimeout='120']
      SELECT TOP(1) [t].[DispId], [t].[BillID], [t].[ChallanNo], [t].[DeliveryNum], [t].[Destination], [t].[DisVid], [t].[DispatchDate], [t].[DispatchQuantity], [t].[FinalPrice], [t].[Lr], [t].[PartyName], [t].[TotalValue], [t].[UnitPrice], [t].[VehicleNo]
      FROM [TblDispatches] AS [t]
      WHERE [t].[ChallanNo] = @__dispatchId_0
info: Microsoft.EntityFrameworkCore.Database.Command[20101]
      Executed DbCommand (48ms) [Parameters=[@__dispatchId_0='?' (Size = 4000)], CommandType='Text', CommandTimeout='120']
      SELECT TOP(1) [t].[DispId], [t].[BillID], [t].[ChallanNo], [t].[DeliveryNum], [t].[Destination], [t].[DisVid], [t].[DispatchDate], [t].[DispatchQuantity], [t].[FinalPrice], [t].[Lr], [t].[PartyName], [t].[TotalValue], [t].[UnitPrice], [t].[VehicleNo]
      FROM [TblDispatches] AS [t]
      WHERE [t].[ChallanNo] = @__dispatchId_0
info: Microsoft.EntityFrameworkCore.Database.Command[20101]
      Executed DbCommand (52ms) [Parameters=[@__dispatchId_0='?' (Size = 4000)], CommandType='Text', CommandTimeout='120']
      SELECT TOP(1) [t].[DispId], [t].[BillID], [t].[ChallanNo], [t].[DeliveryNum], [t].[Destination], [t].[DisVid], [t].[DispatchDate], [t].[DispatchQuantity], [t].[FinalPrice], [t].[Lr], [t].[PartyName], [t].[TotalValue], [t].[UnitPrice], [t].[VehicleNo]
      FROM [TblDispatches] AS [t]
      WHERE [t].[ChallanNo] = @__dispatchId_0
info: Microsoft.EntityFrameworkCore.Database.Command[20101]
      Executed DbCommand (14ms) [Parameters=[@__dispatchId_0='?' (Size = 4000)], CommandType='Text', CommandTimeout='120']
      SELECT TOP(1) [t].[DispId], [t].[BillID], [t].[ChallanNo], [t].[DeliveryNum], [t].[Destination], [t].[DisVid], [t].[DispatchDate], [t].[DispatchQuantity], [t].[FinalPrice], [t].[Lr], [t].[PartyName], [t].[TotalValue], [t].[UnitPrice], [t].[VehicleNo]
      FROM [TblDispatches] AS [t]
      WHERE [t].[ChallanNo] = @__dispatchId_0
info: Microsoft.EntityFrameworkCore.Database.Command[20101]
      Executed DbCommand (10ms) [Parameters=[@p13='?' (DbType = Int32), @p0='?' (DbType = Int32), @p1='?' (Size = 4000), @p2='?' (Size = 4000), @p3='?' (Size = 4000), @p4='?' (DbType = Int32), @p5='?' (DbType = DateTime2), @p6='?' (DbType = Double), @p7='?' (DbType = Double), @p8='?' (Size = 4000), @p9='?' (Size = 4000), @p10='?' (DbType = Double), @p11='?' (DbType = Double), @p12='?' (Size = 4000)], CommandType='Text', CommandTimeout='120']
      SET NOCOUNT ON;
      UPDATE [TblDispatches] SET [BillID] = @p0, [ChallanNo] = @p1, [DeliveryNum] = @p2, [Destination] = @p3, [DisVid] = @p4, [DispatchDate] = @p5, [DispatchQuantity] = @p6, [FinalPrice] = @p7, [Lr] = @p8, [PartyName] = @p9, [TotalValue] = @p10, [UnitPrice] = @p11, [VehicleNo] = @p12
      WHERE [DispId] = @p13;
      SELECT @@ROWCOUNT;
info: Microsoft.EntityFrameworkCore.Database.Command[20101]
      Executed DbCommand (1ms) [Parameters=[@p13='?' (DbType = Int32), @p0='?' (DbType = Int32), @p1='?' (Size = 4000), @p2='?' (Size = 4000), @p3='?' (Size = 4000), @p4='?' (DbType = Int32), @p5='?' (DbType = DateTime2), @p6='?' (DbType = Double), @p7='?' (DbType = Double), @p8='?' (Size = 4000), @p9='?' (Size = 4000), @p10='?' (DbType = Double), @p11='?' (DbType = Double), @p12='?' (Size = 4000)], CommandType='Text', CommandTimeout='120']
      SET NOCOUNT ON;
      UPDATE [TblDispatches] SET [BillID] = @p0, [ChallanNo] = @p1, [DeliveryNum] = @p2, [Destination] = @p3, [DisVid] = @p4, [DispatchDate] = @p5, [DispatchQuantity] = @p6, [FinalPrice] = @p7, [Lr] = @p8, [PartyName] = @p9, [TotalValue] = @p10, [UnitPrice] = @p11, [VehicleNo] = @p12
      WHERE [DispId] = @p13;
      SELECT @@ROWCOUNT;
info: Microsoft.EntityFrameworkCore.Infrastructure[10403]
      Entity Framework Core 6.0.21 initialized 'TransportMgmtContext' using provider 'Microsoft.EntityFrameworkCore.SqlServer:6.0.21' with options: CommandTimeout=120 
info: Microsoft.EntityFrameworkCore.Database.Command[20101]
      Executed DbCommand (4ms) [Parameters=[], CommandType='Text', CommandTimeout='120']
      SELECT [t].[FID], [t].[Address], [t].[Code], [t].[CreatedBy], [t].[CreatedOn], [t].[FactoryName], [t].[Gstin], [t].[IsActive], [t].[ModifiedBy], [t].[ModifiedOn]
      FROM [TblFactories] AS [t]
info: Microsoft.EntityFrameworkCore.Database.Command[20101]
      Executed DbCommand (30ms) [Parameters=[], CommandType='Text', CommandTimeout='120']
      SELECT [t].[FID], [t].[Address], [t].[Code], [t].[CreatedBy], [t].[CreatedOn], [t].[FactoryName], [t].[Gstin], [t].[IsActive], [t].[ModifiedBy], [t].[ModifiedOn]
      FROM [TblFactories] AS [t]
info: Microsoft.EntityFrameworkCore.Database.Command[20101]
      Executed DbCommand (5ms) [Parameters=[], CommandType='Text', CommandTimeout='120']
      SELECT [t].[DispId], [t].[BillID], [t].[ChallanNo], [t].[DeliveryNum], [t].[Destination], [t].[DisVid], [t].[DispatchDate], [t].[DispatchQuantity], [t].[FinalPrice], [t].[Lr], [t].[PartyName], [t].[TotalValue], [t].[UnitPrice], [t].[VehicleNo]
      FROM [TblDispatches] AS [t]
info: Microsoft.EntityFrameworkCore.Infrastructure[10403]
      Entity Framework Core 6.0.21 initialized 'TransportMgmtContext' using provider 'Microsoft.EntityFrameworkCore.SqlServer:6.0.21' with options: CommandTimeout=120 
info: Microsoft.EntityFrameworkCore.Database.Command[20101]
      Executed DbCommand (18ms) [Parameters=[@__dispatchId_0='?' (Size = 4000)], CommandType='Text', CommandTimeout='120']
      SELECT TOP(1) [t].[DispId], [t].[BillID], [t].[ChallanNo], [t].[DeliveryNum], [t].[Destination], [t].[DisVid], [t].[DispatchDate], [t].[DispatchQuantity], [t].[FinalPrice], [t].[Lr], [t].[PartyName], [t].[TotalValue], [t].[UnitPrice], [t].[VehicleNo]
      FROM [TblDispatches] AS [t]
      WHERE [t].[ChallanNo] = @__dispatchId_0
info: Microsoft.EntityFrameworkCore.Database.Command[20101]
      Executed DbCommand (7ms) [Parameters=[@__dispatchId_0='?' (Size = 4000)], CommandType='Text', CommandTimeout='120']
      SELECT TOP(1) [t].[DispId], [t].[BillID], [t].[ChallanNo], [t].[DeliveryNum], [t].[Destination], [t].[DisVid], [t].[DispatchDate], [t].[DispatchQuantity], [t].[FinalPrice], [t].[Lr], [t].[PartyName], [t].[TotalValue], [t].[UnitPrice], [t].[VehicleNo]
      FROM [TblDispatches] AS [t]
      WHERE [t].[ChallanNo] = @__dispatchId_0
info: Microsoft.EntityFrameworkCore.Database.Command[20101]
      Executed DbCommand (7ms) [Parameters=[@__billNumber_0='?' (Size = 4000)], CommandType='Text', CommandTimeout='120']
      SELECT TOP(1) [b].[BillID], [b].[ActualAmount], [b].[BillDate], [b].[BillNum], [b].[BillType], [b].[DeliveryNum], [b].[FID], [b].[Gst], [b].[GstDate], [b].[Lr], [b].[PId], [b].[PartyName], [b].[PaymentReceived], [b].[PaymentTablePId], [b].[Tds], [b].[TotalValue]
      FROM [BillTables] AS [b]
      WHERE [b].[BillNum] = @__billNumber_0
info: Microsoft.EntityFrameworkCore.Database.Command[20101]
      Executed DbCommand (15ms) [Parameters=[@p0='?' (DbType = Double), @p1='?' (DbType = DateTime2), @p2='?' (Size = 4000), @p3='?' (Size = 4000), @p4='?' (Size = 4000), @p5='?' (DbType = Int32), @p6='?' (DbType = Double), @p7='?' (DbType = DateTime2), @p8='?' (Size = 4000), @p9='?' (DbType = Int32), @p10='?' (Size = 4000), @p11='?' (DbType = Double), @p12='?' (DbType = Int32), @p13='?' (DbType = Double), @p14='?' (DbType = Double)], CommandType='Text', CommandTimeout='120']
      SET NOCOUNT ON;
      INSERT INTO [BillTables] ([ActualAmount], [BillDate], [BillNum], [BillType], [DeliveryNum], [FID], [Gst], [GstDate], [Lr], [PId], [PartyName], [PaymentReceived], [PaymentTablePId], [Tds], [TotalValue])
      VALUES (@p0, @p1, @p2, @p3, @p4, @p5, @p6, @p7, @p8, @p9, @p10, @p11, @p12, @p13, @p14);
      SELECT [BillID]
      FROM [BillTables]
      WHERE @@ROWCOUNT = 1 AND [BillID] = scope_identity();
info: Microsoft.EntityFrameworkCore.Database.Command[20101]
      Executed DbCommand (5ms) [Parameters=[@p2='?' (DbType = Int32), @p0='?' (DbType = Double), @p1='?' (DbType = Double)], CommandType='Text', CommandTimeout='120']
      SET NOCOUNT ON;
      UPDATE [TblDispatches] SET [FinalPrice] = @p0, [UnitPrice] = @p1
      WHERE [DispId] = @p2;
      SELECT @@ROWCOUNT;
info: Microsoft.EntityFrameworkCore.Database.Command[20101]
      Executed DbCommand (6ms) [Parameters=[@__dispatchId_0='?' (Size = 4000)], CommandType='Text', CommandTimeout='120']
      SELECT TOP(1) [t].[DispId], [t].[BillID], [t].[ChallanNo], [t].[DeliveryNum], [t].[Destination], [t].[DisVid], [t].[DispatchDate], [t].[DispatchQuantity], [t].[FinalPrice], [t].[Lr], [t].[PartyName], [t].[TotalValue], [t].[UnitPrice], [t].[VehicleNo]
      FROM [TblDispatches] AS [t]
      WHERE [t].[ChallanNo] = @__dispatchId_0
info: Microsoft.EntityFrameworkCore.Database.Command[20101]
      Executed DbCommand (8ms) [Parameters=[@__dispatchId_0='?' (Size = 4000)], CommandType='Text', CommandTimeout='120']
      SELECT TOP(1) [t].[DispId], [t].[BillID], [t].[ChallanNo], [t].[DeliveryNum], [t].[Destination], [t].[DisVid], [t].[DispatchDate], [t].[DispatchQuantity], [t].[FinalPrice], [t].[Lr], [t].[PartyName], [t].[TotalValue], [t].[UnitPrice], [t].[VehicleNo]
      FROM [TblDispatches] AS [t]
      WHERE [t].[ChallanNo] = @__dispatchId_0
info: Microsoft.EntityFrameworkCore.Database.Command[20101]
      Executed DbCommand (10ms) [Parameters=[@__dispatchId_0='?' (Size = 4000)], CommandType='Text', CommandTimeout='120']
      SELECT TOP(1) [t].[DispId], [t].[BillID], [t].[ChallanNo], [t].[DeliveryNum], [t].[Destination], [t].[DisVid], [t].[DispatchDate], [t].[DispatchQuantity], [t].[FinalPrice], [t].[Lr], [t].[PartyName], [t].[TotalValue], [t].[UnitPrice], [t].[VehicleNo]
      FROM [TblDispatches] AS [t]
      WHERE [t].[ChallanNo] = @__dispatchId_0
info: Microsoft.EntityFrameworkCore.Database.Command[20101]
      Executed DbCommand (8ms) [Parameters=[@__dispatchId_0='?' (Size = 4000)], CommandType='Text', CommandTimeout='120']
      SELECT TOP(1) [t].[DispId], [t].[BillID], [t].[ChallanNo], [t].[DeliveryNum], [t].[Destination], [t].[DisVid], [t].[DispatchDate], [t].[DispatchQuantity], [t].[FinalPrice], [t].[Lr], [t].[PartyName], [t].[TotalValue], [t].[UnitPrice], [t].[VehicleNo]
      FROM [TblDispatches] AS [t]
      WHERE [t].[ChallanNo] = @__dispatchId_0
info: Microsoft.EntityFrameworkCore.Database.Command[20101]
      Executed DbCommand (6ms) [Parameters=[@__dispatchId_0='?' (Size = 4000)], CommandType='Text', CommandTimeout='120']
      SELECT TOP(1) [t].[DispId], [t].[BillID], [t].[ChallanNo], [t].[DeliveryNum], [t].[Destination], [t].[DisVid], [t].[DispatchDate], [t].[DispatchQuantity], [t].[FinalPrice], [t].[Lr], [t].[PartyName], [t].[TotalValue], [t].[UnitPrice], [t].[VehicleNo]
      FROM [TblDispatches] AS [t]
      WHERE [t].[ChallanNo] = @__dispatchId_0
info: Microsoft.EntityFrameworkCore.Database.Command[20101]
      Executed DbCommand (10ms) [Parameters=[@__dispatchId_0='?' (Size = 4000)], CommandType='Text', CommandTimeout='120']
      SELECT TOP(1) [t].[DispId], [t].[BillID], [t].[ChallanNo], [t].[DeliveryNum], [t].[Destination], [t].[DisVid], [t].[DispatchDate], [t].[DispatchQuantity], [t].[FinalPrice], [t].[Lr], [t].[PartyName], [t].[TotalValue], [t].[UnitPrice], [t].[VehicleNo]
      FROM [TblDispatches] AS [t]
      WHERE [t].[ChallanNo] = @__dispatchId_0
info: Microsoft.EntityFrameworkCore.Database.Command[20101]
      Executed DbCommand (8ms) [Parameters=[@__dispatchId_0='?' (Size = 4000)], CommandType='Text', CommandTimeout='120']
      SELECT TOP(1) [t].[DispId], [t].[BillID], [t].[ChallanNo], [t].[DeliveryNum], [t].[Destination], [t].[DisVid], [t].[DispatchDate], [t].[DispatchQuantity], [t].[FinalPrice], [t].[Lr], [t].[PartyName], [t].[TotalValue], [t].[UnitPrice], [t].[VehicleNo]
      FROM [TblDispatches] AS [t]
      WHERE [t].[ChallanNo] = @__dispatchId_0
info: Microsoft.EntityFrameworkCore.Database.Command[20101]
      Executed DbCommand (9ms) [Parameters=[@__dispatchId_0='?' (Size = 4000)], CommandType='Text', CommandTimeout='120']
      SELECT TOP(1) [t].[DispId], [t].[BillID], [t].[ChallanNo], [t].[DeliveryNum], [t].[Destination], [t].[DisVid], [t].[DispatchDate], [t].[DispatchQuantity], [t].[FinalPrice], [t].[Lr], [t].[PartyName], [t].[TotalValue], [t].[UnitPrice], [t].[VehicleNo]
      FROM [TblDispatches] AS [t]
      WHERE [t].[ChallanNo] = @__dispatchId_0
info: Microsoft.EntityFrameworkCore.Database.Command[20101]
      Executed DbCommand (8ms) [Parameters=[@__dispatchId_0='?' (Size = 4000)], CommandType='Text', CommandTimeout='120']
      SELECT TOP(1) [t].[DispId], [t].[BillID], [t].[ChallanNo], [t].[DeliveryNum], [t].[Destination], [t].[DisVid], [t].[DispatchDate], [t].[DispatchQuantity], [t].[FinalPrice], [t].[Lr], [t].[PartyName], [t].[TotalValue], [t].[UnitPrice], [t].[VehicleNo]
      FROM [TblDispatches] AS [t]
      WHERE [t].[ChallanNo] = @__dispatchId_0
info: Microsoft.EntityFrameworkCore.Database.Command[20101]
      Executed DbCommand (15ms) [Parameters=[@__dispatchId_0='?' (Size = 4000)], CommandType='Text', CommandTimeout='120']
      SELECT TOP(1) [t].[DispId], [t].[BillID], [t].[ChallanNo], [t].[DeliveryNum], [t].[Destination], [t].[DisVid], [t].[DispatchDate], [t].[DispatchQuantity], [t].[FinalPrice], [t].[Lr], [t].[PartyName], [t].[TotalValue], [t].[UnitPrice], [t].[VehicleNo]
      FROM [TblDispatches] AS [t]
      WHERE [t].[ChallanNo] = @__dispatchId_0
info: Microsoft.EntityFrameworkCore.Database.Command[20101]
      Executed DbCommand (18ms) [Parameters=[@__dispatchId_0='?' (Size = 4000)], CommandType='Text', CommandTimeout='120']
      SELECT TOP(1) [t].[DispId], [t].[BillID], [t].[ChallanNo], [t].[DeliveryNum], [t].[Destination], [t].[DisVid], [t].[DispatchDate], [t].[DispatchQuantity], [t].[FinalPrice], [t].[Lr], [t].[PartyName], [t].[TotalValue], [t].[UnitPrice], [t].[VehicleNo]
      FROM [TblDispatches] AS [t]
      WHERE [t].[ChallanNo] = @__dispatchId_0
info: Microsoft.EntityFrameworkCore.Database.Command[20101]
      Executed DbCommand (17ms) [Parameters=[@__dispatchId_0='?' (Size = 4000)], CommandType='Text', CommandTimeout='120']
      SELECT TOP(1) [t].[DispId], [t].[BillID], [t].[ChallanNo], [t].[DeliveryNum], [t].[Destination], [t].[DisVid], [t].[DispatchDate], [t].[DispatchQuantity], [t].[FinalPrice], [t].[Lr], [t].[PartyName], [t].[TotalValue], [t].[UnitPrice], [t].[VehicleNo]
      FROM [TblDispatches] AS [t]
      WHERE [t].[ChallanNo] = @__dispatchId_0
info: Microsoft.EntityFrameworkCore.Database.Command[20101]
      Executed DbCommand (13ms) [Parameters=[@__dispatchId_0='?' (Size = 4000)], CommandType='Text', CommandTimeout='120']
      SELECT TOP(1) [t].[DispId], [t].[BillID], [t].[ChallanNo], [t].[DeliveryNum], [t].[Destination], [t].[DisVid], [t].[DispatchDate], [t].[DispatchQuantity], [t].[FinalPrice], [t].[Lr], [t].[PartyName], [t].[TotalValue], [t].[UnitPrice], [t].[VehicleNo]
      FROM [TblDispatches] AS [t]
      WHERE [t].[ChallanNo] = @__dispatchId_0
info: Microsoft.EntityFrameworkCore.Database.Command[20101]
      Executed DbCommand (9ms) [Parameters=[@__dispatchId_0='?' (Size = 4000)], CommandType='Text', CommandTimeout='120']
      SELECT TOP(1) [t].[DispId], [t].[BillID], [t].[ChallanNo], [t].[DeliveryNum], [t].[Destination], [t].[DisVid], [t].[DispatchDate], [t].[DispatchQuantity], [t].[FinalPrice], [t].[Lr], [t].[PartyName], [t].[TotalValue], [t].[UnitPrice], [t].[VehicleNo]
      FROM [TblDispatches] AS [t]
      WHERE [t].[ChallanNo] = @__dispatchId_0
info: Microsoft.EntityFrameworkCore.Database.Command[20101]
      Executed DbCommand (10ms) [Parameters=[@__dispatchId_0='?' (Size = 4000)], CommandType='Text', CommandTimeout='120']
      SELECT TOP(1) [t].[DispId], [t].[BillID], [t].[ChallanNo], [t].[DeliveryNum], [t].[Destination], [t].[DisVid], [t].[DispatchDate], [t].[DispatchQuantity], [t].[FinalPrice], [t].[Lr], [t].[PartyName], [t].[TotalValue], [t].[UnitPrice], [t].[VehicleNo]
      FROM [TblDispatches] AS [t]
      WHERE [t].[ChallanNo] = @__dispatchId_0
info: Microsoft.EntityFrameworkCore.Database.Command[20101]
      Executed DbCommand (8ms) [Parameters=[@__dispatchId_0='?' (Size = 4000)], CommandType='Text', CommandTimeout='120']
      SELECT TOP(1) [t].[DispId], [t].[BillID], [t].[ChallanNo], [t].[DeliveryNum], [t].[Destination], [t].[DisVid], [t].[DispatchDate], [t].[DispatchQuantity], [t].[FinalPrice], [t].[Lr], [t].[PartyName], [t].[TotalValue], [t].[UnitPrice], [t].[VehicleNo]
      FROM [TblDispatches] AS [t]
      WHERE [t].[ChallanNo] = @__dispatchId_0
info: Microsoft.EntityFrameworkCore.Database.Command[20101]
      Executed DbCommand (15ms) [Parameters=[@__dispatchId_0='?' (Size = 4000)], CommandType='Text', CommandTimeout='120']
      SELECT TOP(1) [t].[DispId], [t].[BillID], [t].[ChallanNo], [t].[DeliveryNum], [t].[Destination], [t].[DisVid], [t].[DispatchDate], [t].[DispatchQuantity], [t].[FinalPrice], [t].[Lr], [t].[PartyName], [t].[TotalValue], [t].[UnitPrice], [t].[VehicleNo]
      FROM [TblDispatches] AS [t]
      WHERE [t].[ChallanNo] = @__dispatchId_0
info: Microsoft.EntityFrameworkCore.Database.Command[20101]
      Executed DbCommand (20ms) [Parameters=[@p13='?' (DbType = Int32), @p0='?' (DbType = Int32), @p1='?' (Size = 4000), @p2='?' (Size = 4000), @p3='?' (Size = 4000), @p4='?' (DbType = Int32), @p5='?' (DbType = DateTime2), @p6='?' (DbType = Double), @p7='?' (DbType = Double), @p8='?' (Size = 4000), @p9='?' (Size = 4000), @p10='?' (DbType = Double), @p11='?' (DbType = Double), @p12='?' (Size = 4000), @p27='?' (DbType = Int32), @p14='?' (DbType = Int32), @p15='?' (Size = 4000), @p16='?' (Size = 4000), @p17='?' (Size = 4000), @p18='?' (DbType = Int32), @p19='?' (DbType = DateTime2), @p20='?' (DbType = Double), @p21='?' (DbType = Double), @p22='?' (Size = 4000), @p23='?' (Size = 4000), @p24='?' (DbType = Double), @p25='?' (DbType = Double), @p26='?' (Size = 4000), @p41='?' (DbType = Int32), @p28='?' (DbType = Int32), @p29='?' (Size = 4000), @p30='?' (Size = 4000), @p31='?' (Size = 4000), @p32='?' (DbType = Int32), @p33='?' (DbType = DateTime2), @p34='?' (DbType = Double), @p35='?' (DbType = Double), @p36='?' (Size = 4000), @p37='?' (Size = 4000), @p38='?' (DbType = Double), @p39='?' (DbType = Double), @p40='?' (Size = 4000), @p55='?' (DbType = Int32), @p42='?' (DbType = Int32), @p43='?' (Size = 4000), @p44='?' (Size = 4000), @p45='?' (Size = 4000), @p46='?' (DbType = Int32), @p47='?' (DbType = DateTime2), @p48='?' (DbType = Double), @p49='?' (DbType = Double), @p50='?' (Size = 4000), @p51='?' (Size = 4000), @p52='?' (DbType = Double), @p53='?' (DbType = Double), @p54='?' (Size = 4000)], CommandType='Text', CommandTimeout='120']
      SET NOCOUNT ON;
      UPDATE [TblDispatches] SET [BillID] = @p0, [ChallanNo] = @p1, [DeliveryNum] = @p2, [Destination] = @p3, [DisVid] = @p4, [DispatchDate] = @p5, [DispatchQuantity] = @p6, [FinalPrice] = @p7, [Lr] = @p8, [PartyName] = @p9, [TotalValue] = @p10, [UnitPrice] = @p11, [VehicleNo] = @p12
      WHERE [DispId] = @p13;
      SELECT @@ROWCOUNT;
      
      UPDATE [TblDispatches] SET [BillID] = @p14, [ChallanNo] = @p15, [DeliveryNum] = @p16, [Destination] = @p17, [DisVid] = @p18, [DispatchDate] = @p19, [DispatchQuantity] = @p20, [FinalPrice] = @p21, [Lr] = @p22, [PartyName] = @p23, [TotalValue] = @p24, [UnitPrice] = @p25, [VehicleNo] = @p26
      WHERE [DispId] = @p27;
      SELECT @@ROWCOUNT;
      
      UPDATE [TblDispatches] SET [BillID] = @p28, [ChallanNo] = @p29, [DeliveryNum] = @p30, [Destination] = @p31, [DisVid] = @p32, [DispatchDate] = @p33, [DispatchQuantity] = @p34, [FinalPrice] = @p35, [Lr] = @p36, [PartyName] = @p37, [TotalValue] = @p38, [UnitPrice] = @p39, [VehicleNo] = @p40
      WHERE [DispId] = @p41;
      SELECT @@ROWCOUNT;
      
      UPDATE [TblDispatches] SET [BillID] = @p42, [ChallanNo] = @p43, [DeliveryNum] = @p44, [Destination] = @p45, [DisVid] = @p46, [DispatchDate] = @p47, [DispatchQuantity] = @p48, [FinalPrice] = @p49, [Lr] = @p50, [PartyName] = @p51, [TotalValue] = @p52, [UnitPrice] = @p53, [VehicleNo] = @p54
      WHERE [DispId] = @p55;
      SELECT @@ROWCOUNT;
info: Microsoft.EntityFrameworkCore.Infrastructure[10403]
      Entity Framework Core 6.0.21 initialized 'TransportMgmtContext' using provider 'Microsoft.EntityFrameworkCore.SqlServer:6.0.21' with options: CommandTimeout=120 
info: Microsoft.EntityFrameworkCore.Database.Command[20101]
      Executed DbCommand (3ms) [Parameters=[], CommandType='Text', CommandTimeout='120']
      SELECT [t].[FID], [t].[Address], [t].[Code], [t].[CreatedBy], [t].[CreatedOn], [t].[FactoryName], [t].[Gstin], [t].[IsActive], [t].[ModifiedBy], [t].[ModifiedOn]
      FROM [TblFactories] AS [t]
info: Microsoft.EntityFrameworkCore.Database.Command[20101]
      Executed DbCommand (1ms) [Parameters=[], CommandType='Text', CommandTimeout='120']
      SELECT [t].[FID], [t].[Address], [t].[Code], [t].[CreatedBy], [t].[CreatedOn], [t].[FactoryName], [t].[Gstin], [t].[IsActive], [t].[ModifiedBy], [t].[ModifiedOn]
      FROM [TblFactories] AS [t]
info: Microsoft.EntityFrameworkCore.Database.Command[20101]
      Executed DbCommand (4ms) [Parameters=[], CommandType='Text', CommandTimeout='120']
      SELECT [t].[DispId], [t].[BillID], [t].[ChallanNo], [t].[DeliveryNum], [t].[Destination], [t].[DisVid], [t].[DispatchDate], [t].[DispatchQuantity], [t].[FinalPrice], [t].[Lr], [t].[PartyName], [t].[TotalValue], [t].[UnitPrice], [t].[VehicleNo]
      FROM [TblDispatches] AS [t]
info: Microsoft.EntityFrameworkCore.Infrastructure[10403]
      Entity Framework Core 6.0.21 initialized 'TransportMgmtContext' using provider 'Microsoft.EntityFrameworkCore.SqlServer:6.0.21' with options: CommandTimeout=120 
info: Microsoft.EntityFrameworkCore.Database.Command[20101]
      Executed DbCommand (11ms) [Parameters=[@__dispatchId_0='?' (Size = 4000)], CommandType='Text', CommandTimeout='120']
      SELECT TOP(1) [t].[DispId], [t].[BillID], [t].[ChallanNo], [t].[DeliveryNum], [t].[Destination], [t].[DisVid], [t].[DispatchDate], [t].[DispatchQuantity], [t].[FinalPrice], [t].[Lr], [t].[PartyName], [t].[TotalValue], [t].[UnitPrice], [t].[VehicleNo]
      FROM [TblDispatches] AS [t]
      WHERE [t].[ChallanNo] = @__dispatchId_0
info: Microsoft.EntityFrameworkCore.Database.Command[20101]
      Executed DbCommand (8ms) [Parameters=[@__dispatchId_0='?' (Size = 4000)], CommandType='Text', CommandTimeout='120']
      SELECT TOP(1) [t].[DispId], [t].[BillID], [t].[ChallanNo], [t].[DeliveryNum], [t].[Destination], [t].[DisVid], [t].[DispatchDate], [t].[DispatchQuantity], [t].[FinalPrice], [t].[Lr], [t].[PartyName], [t].[TotalValue], [t].[UnitPrice], [t].[VehicleNo]
      FROM [TblDispatches] AS [t]
      WHERE [t].[ChallanNo] = @__dispatchId_0
info: Microsoft.EntityFrameworkCore.Database.Command[20101]
      Executed DbCommand (4ms) [Parameters=[@__billNumber_0='?' (Size = 4000)], CommandType='Text', CommandTimeout='120']
      SELECT TOP(1) [b].[BillID], [b].[ActualAmount], [b].[BillDate], [b].[BillNum], [b].[BillType], [b].[DeliveryNum], [b].[FID], [b].[Gst], [b].[GstDate], [b].[Lr], [b].[PId], [b].[PartyName], [b].[PaymentReceived], [b].[PaymentTablePId], [b].[Tds], [b].[TotalValue]
      FROM [BillTables] AS [b]
      WHERE [b].[BillNum] = @__billNumber_0
info: Microsoft.EntityFrameworkCore.Database.Command[20101]
      Executed DbCommand (8ms) [Parameters=[@p0='?' (DbType = Double), @p1='?' (DbType = DateTime2), @p2='?' (Size = 4000), @p3='?' (Size = 4000), @p4='?' (Size = 4000), @p5='?' (DbType = Int32), @p6='?' (DbType = Double), @p7='?' (DbType = DateTime2), @p8='?' (Size = 4000), @p9='?' (DbType = Int32), @p10='?' (Size = 4000), @p11='?' (DbType = Double), @p12='?' (DbType = Int32), @p13='?' (DbType = Double), @p14='?' (DbType = Double)], CommandType='Text', CommandTimeout='120']
      SET NOCOUNT ON;
      INSERT INTO [BillTables] ([ActualAmount], [BillDate], [BillNum], [BillType], [DeliveryNum], [FID], [Gst], [GstDate], [Lr], [PId], [PartyName], [PaymentReceived], [PaymentTablePId], [Tds], [TotalValue])
      VALUES (@p0, @p1, @p2, @p3, @p4, @p5, @p6, @p7, @p8, @p9, @p10, @p11, @p12, @p13, @p14);
      SELECT [BillID]
      FROM [BillTables]
      WHERE @@ROWCOUNT = 1 AND [BillID] = scope_identity();
info: Microsoft.EntityFrameworkCore.Database.Command[20101]
      Executed DbCommand (3ms) [Parameters=[@p2='?' (DbType = Int32), @p0='?' (DbType = Double), @p1='?' (DbType = Double)], CommandType='Text', CommandTimeout='120']
      SET NOCOUNT ON;
      UPDATE [TblDispatches] SET [FinalPrice] = @p0, [UnitPrice] = @p1
      WHERE [DispId] = @p2;
      SELECT @@ROWCOUNT;
info: Microsoft.EntityFrameworkCore.Database.Command[20101]
      Executed DbCommand (7ms) [Parameters=[@__dispatchId_0='?' (Size = 4000)], CommandType='Text', CommandTimeout='120']
      SELECT TOP(1) [t].[DispId], [t].[BillID], [t].[ChallanNo], [t].[DeliveryNum], [t].[Destination], [t].[DisVid], [t].[DispatchDate], [t].[DispatchQuantity], [t].[FinalPrice], [t].[Lr], [t].[PartyName], [t].[TotalValue], [t].[UnitPrice], [t].[VehicleNo]
      FROM [TblDispatches] AS [t]
      WHERE [t].[ChallanNo] = @__dispatchId_0
info: Microsoft.EntityFrameworkCore.Database.Command[20101]
      Executed DbCommand (9ms) [Parameters=[@__dispatchId_0='?' (Size = 4000)], CommandType='Text', CommandTimeout='120']
      SELECT TOP(1) [t].[DispId], [t].[BillID], [t].[ChallanNo], [t].[DeliveryNum], [t].[Destination], [t].[DisVid], [t].[DispatchDate], [t].[DispatchQuantity], [t].[FinalPrice], [t].[Lr], [t].[PartyName], [t].[TotalValue], [t].[UnitPrice], [t].[VehicleNo]
      FROM [TblDispatches] AS [t]
      WHERE [t].[ChallanNo] = @__dispatchId_0
info: Microsoft.EntityFrameworkCore.Database.Command[20101]
      Executed DbCommand (9ms) [Parameters=[@__dispatchId_0='?' (Size = 4000)], CommandType='Text', CommandTimeout='120']
      SELECT TOP(1) [t].[DispId], [t].[BillID], [t].[ChallanNo], [t].[DeliveryNum], [t].[Destination], [t].[DisVid], [t].[DispatchDate], [t].[DispatchQuantity], [t].[FinalPrice], [t].[Lr], [t].[PartyName], [t].[TotalValue], [t].[UnitPrice], [t].[VehicleNo]
      FROM [TblDispatches] AS [t]
      WHERE [t].[ChallanNo] = @__dispatchId_0
info: Microsoft.EntityFrameworkCore.Database.Command[20101]
      Executed DbCommand (13ms) [Parameters=[@__dispatchId_0='?' (Size = 4000)], CommandType='Text', CommandTimeout='120']
      SELECT TOP(1) [t].[DispId], [t].[BillID], [t].[ChallanNo], [t].[DeliveryNum], [t].[Destination], [t].[DisVid], [t].[DispatchDate], [t].[DispatchQuantity], [t].[FinalPrice], [t].[Lr], [t].[PartyName], [t].[TotalValue], [t].[UnitPrice], [t].[VehicleNo]
      FROM [TblDispatches] AS [t]
      WHERE [t].[ChallanNo] = @__dispatchId_0
info: Microsoft.EntityFrameworkCore.Database.Command[20101]
      Executed DbCommand (17ms) [Parameters=[@__dispatchId_0='?' (Size = 4000)], CommandType='Text', CommandTimeout='120']
      SELECT TOP(1) [t].[DispId], [t].[BillID], [t].[ChallanNo], [t].[DeliveryNum], [t].[Destination], [t].[DisVid], [t].[DispatchDate], [t].[DispatchQuantity], [t].[FinalPrice], [t].[Lr], [t].[PartyName], [t].[TotalValue], [t].[UnitPrice], [t].[VehicleNo]
      FROM [TblDispatches] AS [t]
      WHERE [t].[ChallanNo] = @__dispatchId_0
info: Microsoft.EntityFrameworkCore.Database.Command[20101]
      Executed DbCommand (13ms) [Parameters=[@__dispatchId_0='?' (Size = 4000)], CommandType='Text', CommandTimeout='120']
      SELECT TOP(1) [t].[DispId], [t].[BillID], [t].[ChallanNo], [t].[DeliveryNum], [t].[Destination], [t].[DisVid], [t].[DispatchDate], [t].[DispatchQuantity], [t].[FinalPrice], [t].[Lr], [t].[PartyName], [t].[TotalValue], [t].[UnitPrice], [t].[VehicleNo]
      FROM [TblDispatches] AS [t]
      WHERE [t].[ChallanNo] = @__dispatchId_0
info: Microsoft.EntityFrameworkCore.Database.Command[20101]
      Executed DbCommand (10ms) [Parameters=[@__dispatchId_0='?' (Size = 4000)], CommandType='Text', CommandTimeout='120']
      SELECT TOP(1) [t].[DispId], [t].[BillID], [t].[ChallanNo], [t].[DeliveryNum], [t].[Destination], [t].[DisVid], [t].[DispatchDate], [t].[DispatchQuantity], [t].[FinalPrice], [t].[Lr], [t].[PartyName], [t].[TotalValue], [t].[UnitPrice], [t].[VehicleNo]
      FROM [TblDispatches] AS [t]
      WHERE [t].[ChallanNo] = @__dispatchId_0
info: Microsoft.EntityFrameworkCore.Database.Command[20101]
      Executed DbCommand (13ms) [Parameters=[@p13='?' (DbType = Int32), @p0='?' (DbType = Int32), @p1='?' (Size = 4000), @p2='?' (Size = 4000), @p3='?' (Size = 4000), @p4='?' (DbType = Int32), @p5='?' (DbType = DateTime2), @p6='?' (DbType = Double), @p7='?' (DbType = Double), @p8='?' (Size = 4000), @p9='?' (Size = 4000), @p10='?' (DbType = Double), @p11='?' (DbType = Double), @p12='?' (Size = 4000)], CommandType='Text', CommandTimeout='120']
      SET NOCOUNT ON;
      UPDATE [TblDispatches] SET [BillID] = @p0, [ChallanNo] = @p1, [DeliveryNum] = @p2, [Destination] = @p3, [DisVid] = @p4, [DispatchDate] = @p5, [DispatchQuantity] = @p6, [FinalPrice] = @p7, [Lr] = @p8, [PartyName] = @p9, [TotalValue] = @p10, [UnitPrice] = @p11, [VehicleNo] = @p12
      WHERE [DispId] = @p13;
      SELECT @@ROWCOUNT;
info: Microsoft.EntityFrameworkCore.Infrastructure[10403]
      Entity Framework Core 6.0.21 initialized 'TransportMgmtContext' using provider 'Microsoft.EntityFrameworkCore.SqlServer:6.0.21' with options: CommandTimeout=120 
info: Microsoft.EntityFrameworkCore.Database.Command[20101]
      Executed DbCommand (6ms) [Parameters=[], CommandType='Text', CommandTimeout='120']
      SELECT [t].[FID], [t].[Address], [t].[Code], [t].[CreatedBy], [t].[CreatedOn], [t].[FactoryName], [t].[Gstin], [t].[IsActive], [t].[ModifiedBy], [t].[ModifiedOn]
      FROM [TblFactories] AS [t]
info: Microsoft.EntityFrameworkCore.Database.Command[20101]
      Executed DbCommand (13ms) [Parameters=[], CommandType='Text', CommandTimeout='120']
      SELECT [t].[FID], [t].[Address], [t].[Code], [t].[CreatedBy], [t].[CreatedOn], [t].[FactoryName], [t].[Gstin], [t].[IsActive], [t].[ModifiedBy], [t].[ModifiedOn]
      FROM [TblFactories] AS [t]
info: Microsoft.EntityFrameworkCore.Database.Command[20101]
      Executed DbCommand (8ms) [Parameters=[], CommandType='Text', CommandTimeout='120']
      SELECT [t].[DispId], [t].[BillID], [t].[ChallanNo], [t].[DeliveryNum], [t].[Destination], [t].[DisVid], [t].[DispatchDate], [t].[DispatchQuantity], [t].[FinalPrice], [t].[Lr], [t].[PartyName], [t].[TotalValue], [t].[UnitPrice], [t].[VehicleNo]
      FROM [TblDispatches] AS [t]
info: Microsoft.EntityFrameworkCore.Infrastructure[10403]
      Entity Framework Core 6.0.21 initialized 'TransportMgmtContext' using provider 'Microsoft.EntityFrameworkCore.SqlServer:6.0.21' with options: CommandTimeout=120 
info: Microsoft.EntityFrameworkCore.Database.Command[20101]
      Executed DbCommand (235ms) [Parameters=[@__dispatchId_0='?' (Size = 4000)], CommandType='Text', CommandTimeout='120']
      SELECT TOP(1) [t].[DispId], [t].[BillID], [t].[ChallanNo], [t].[DeliveryNum], [t].[Destination], [t].[DisVid], [t].[DispatchDate], [t].[DispatchQuantity], [t].[FinalPrice], [t].[Lr], [t].[PartyName], [t].[TotalValue], [t].[UnitPrice], [t].[VehicleNo]
      FROM [TblDispatches] AS [t]
      WHERE [t].[ChallanNo] = @__dispatchId_0
info: Microsoft.EntityFrameworkCore.Database.Command[20101]
      Executed DbCommand (31ms) [Parameters=[@__dispatchId_0='?' (Size = 4000)], CommandType='Text', CommandTimeout='120']
      SELECT TOP(1) [t].[DispId], [t].[BillID], [t].[ChallanNo], [t].[DeliveryNum], [t].[Destination], [t].[DisVid], [t].[DispatchDate], [t].[DispatchQuantity], [t].[FinalPrice], [t].[Lr], [t].[PartyName], [t].[TotalValue], [t].[UnitPrice], [t].[VehicleNo]
      FROM [TblDispatches] AS [t]
      WHERE [t].[ChallanNo] = @__dispatchId_0
info: Microsoft.EntityFrameworkCore.Database.Command[20101]
      Executed DbCommand (14ms) [Parameters=[@__billNumber_0='?' (Size = 4000)], CommandType='Text', CommandTimeout='120']
      SELECT TOP(1) [b].[BillID], [b].[ActualAmount], [b].[BillDate], [b].[BillNum], [b].[BillType], [b].[DeliveryNum], [b].[FID], [b].[Gst], [b].[GstDate], [b].[Lr], [b].[PId], [b].[PartyName], [b].[PaymentReceived], [b].[PaymentTablePId], [b].[Tds], [b].[TotalValue]
      FROM [BillTables] AS [b]
      WHERE [b].[BillNum] = @__billNumber_0
info: Microsoft.EntityFrameworkCore.Database.Command[20101]
      Executed DbCommand (14ms) [Parameters=[@p0='?' (DbType = Double), @p1='?' (DbType = DateTime2), @p2='?' (Size = 4000), @p3='?' (Size = 4000), @p4='?' (Size = 4000), @p5='?' (DbType = Int32), @p6='?' (DbType = Double), @p7='?' (DbType = DateTime2), @p8='?' (Size = 4000), @p9='?' (DbType = Int32), @p10='?' (Size = 4000), @p11='?' (DbType = Double), @p12='?' (DbType = Int32), @p13='?' (DbType = Double), @p14='?' (DbType = Double)], CommandType='Text', CommandTimeout='120']
      SET NOCOUNT ON;
      INSERT INTO [BillTables] ([ActualAmount], [BillDate], [BillNum], [BillType], [DeliveryNum], [FID], [Gst], [GstDate], [Lr], [PId], [PartyName], [PaymentReceived], [PaymentTablePId], [Tds], [TotalValue])
      VALUES (@p0, @p1, @p2, @p3, @p4, @p5, @p6, @p7, @p8, @p9, @p10, @p11, @p12, @p13, @p14);
      SELECT [BillID]
      FROM [BillTables]
      WHERE @@ROWCOUNT = 1 AND [BillID] = scope_identity();
info: Microsoft.EntityFrameworkCore.Database.Command[20101]
      Executed DbCommand (10ms) [Parameters=[@p2='?' (DbType = Int32), @p0='?' (DbType = Double), @p1='?' (DbType = Double)], CommandType='Text', CommandTimeout='120']
      SET NOCOUNT ON;
      UPDATE [TblDispatches] SET [FinalPrice] = @p0, [UnitPrice] = @p1
      WHERE [DispId] = @p2;
      SELECT @@ROWCOUNT;
info: Microsoft.EntityFrameworkCore.Database.Command[20101]
      Executed DbCommand (41ms) [Parameters=[@__dispatchId_0='?' (Size = 4000)], CommandType='Text', CommandTimeout='120']
      SELECT TOP(1) [t].[DispId], [t].[BillID], [t].[ChallanNo], [t].[DeliveryNum], [t].[Destination], [t].[DisVid], [t].[DispatchDate], [t].[DispatchQuantity], [t].[FinalPrice], [t].[Lr], [t].[PartyName], [t].[TotalValue], [t].[UnitPrice], [t].[VehicleNo]
      FROM [TblDispatches] AS [t]
      WHERE [t].[ChallanNo] = @__dispatchId_0
info: Microsoft.EntityFrameworkCore.Database.Command[20101]
      Executed DbCommand (13ms) [Parameters=[@__dispatchId_0='?' (Size = 4000)], CommandType='Text', CommandTimeout='120']
      SELECT TOP(1) [t].[DispId], [t].[BillID], [t].[ChallanNo], [t].[DeliveryNum], [t].[Destination], [t].[DisVid], [t].[DispatchDate], [t].[DispatchQuantity], [t].[FinalPrice], [t].[Lr], [t].[PartyName], [t].[TotalValue], [t].[UnitPrice], [t].[VehicleNo]
      FROM [TblDispatches] AS [t]
      WHERE [t].[ChallanNo] = @__dispatchId_0
info: Microsoft.EntityFrameworkCore.Database.Command[20101]
      Executed DbCommand (10ms) [Parameters=[@__dispatchId_0='?' (Size = 4000)], CommandType='Text', CommandTimeout='120']
      SELECT TOP(1) [t].[DispId], [t].[BillID], [t].[ChallanNo], [t].[DeliveryNum], [t].[Destination], [t].[DisVid], [t].[DispatchDate], [t].[DispatchQuantity], [t].[FinalPrice], [t].[Lr], [t].[PartyName], [t].[TotalValue], [t].[UnitPrice], [t].[VehicleNo]
      FROM [TblDispatches] AS [t]
      WHERE [t].[ChallanNo] = @__dispatchId_0
info: Microsoft.EntityFrameworkCore.Database.Command[20101]
      Executed DbCommand (14ms) [Parameters=[@__dispatchId_0='?' (Size = 4000)], CommandType='Text', CommandTimeout='120']
      SELECT TOP(1) [t].[DispId], [t].[BillID], [t].[ChallanNo], [t].[DeliveryNum], [t].[Destination], [t].[DisVid], [t].[DispatchDate], [t].[DispatchQuantity], [t].[FinalPrice], [t].[Lr], [t].[PartyName], [t].[TotalValue], [t].[UnitPrice], [t].[VehicleNo]
      FROM [TblDispatches] AS [t]
      WHERE [t].[ChallanNo] = @__dispatchId_0
info: Microsoft.EntityFrameworkCore.Database.Command[20101]
      Executed DbCommand (19ms) [Parameters=[@__dispatchId_0='?' (Size = 4000)], CommandType='Text', CommandTimeout='120']
      SELECT TOP(1) [t].[DispId], [t].[BillID], [t].[ChallanNo], [t].[DeliveryNum], [t].[Destination], [t].[DisVid], [t].[DispatchDate], [t].[DispatchQuantity], [t].[FinalPrice], [t].[Lr], [t].[PartyName], [t].[TotalValue], [t].[UnitPrice], [t].[VehicleNo]
      FROM [TblDispatches] AS [t]
      WHERE [t].[ChallanNo] = @__dispatchId_0
info: Microsoft.EntityFrameworkCore.Database.Command[20101]
      Executed DbCommand (14ms) [Parameters=[@__dispatchId_0='?' (Size = 4000)], CommandType='Text', CommandTimeout='120']
      SELECT TOP(1) [t].[DispId], [t].[BillID], [t].[ChallanNo], [t].[DeliveryNum], [t].[Destination], [t].[DisVid], [t].[DispatchDate], [t].[DispatchQuantity], [t].[FinalPrice], [t].[Lr], [t].[PartyName], [t].[TotalValue], [t].[UnitPrice], [t].[VehicleNo]
      FROM [TblDispatches] AS [t]
      WHERE [t].[ChallanNo] = @__dispatchId_0
info: Microsoft.EntityFrameworkCore.Database.Command[20101]
      Executed DbCommand (22ms) [Parameters=[@__dispatchId_0='?' (Size = 4000)], CommandType='Text', CommandTimeout='120']
      SELECT TOP(1) [t].[DispId], [t].[BillID], [t].[ChallanNo], [t].[DeliveryNum], [t].[Destination], [t].[DisVid], [t].[DispatchDate], [t].[DispatchQuantity], [t].[FinalPrice], [t].[Lr], [t].[PartyName], [t].[TotalValue], [t].[UnitPrice], [t].[VehicleNo]
      FROM [TblDispatches] AS [t]
      WHERE [t].[ChallanNo] = @__dispatchId_0
info: Microsoft.EntityFrameworkCore.Database.Command[20101]
      Executed DbCommand (15ms) [Parameters=[@__dispatchId_0='?' (Size = 4000)], CommandType='Text', CommandTimeout='120']
      SELECT TOP(1) [t].[DispId], [t].[BillID], [t].[ChallanNo], [t].[DeliveryNum], [t].[Destination], [t].[DisVid], [t].[DispatchDate], [t].[DispatchQuantity], [t].[FinalPrice], [t].[Lr], [t].[PartyName], [t].[TotalValue], [t].[UnitPrice], [t].[VehicleNo]
      FROM [TblDispatches] AS [t]
      WHERE [t].[ChallanNo] = @__dispatchId_0
info: Microsoft.EntityFrameworkCore.Database.Command[20101]
      Executed DbCommand (19ms) [Parameters=[@__dispatchId_0='?' (Size = 4000)], CommandType='Text', CommandTimeout='120']
      SELECT TOP(1) [t].[DispId], [t].[BillID], [t].[ChallanNo], [t].[DeliveryNum], [t].[Destination], [t].[DisVid], [t].[DispatchDate], [t].[DispatchQuantity], [t].[FinalPrice], [t].[Lr], [t].[PartyName], [t].[TotalValue], [t].[UnitPrice], [t].[VehicleNo]
      FROM [TblDispatches] AS [t]
      WHERE [t].[ChallanNo] = @__dispatchId_0
info: Microsoft.EntityFrameworkCore.Database.Command[20101]
      Executed DbCommand (15ms) [Parameters=[@__dispatchId_0='?' (Size = 4000)], CommandType='Text', CommandTimeout='120']
      SELECT TOP(1) [t].[DispId], [t].[BillID], [t].[ChallanNo], [t].[DeliveryNum], [t].[Destination], [t].[DisVid], [t].[DispatchDate], [t].[DispatchQuantity], [t].[FinalPrice], [t].[Lr], [t].[PartyName], [t].[TotalValue], [t].[UnitPrice], [t].[VehicleNo]
      FROM [TblDispatches] AS [t]
      WHERE [t].[ChallanNo] = @__dispatchId_0
info: Microsoft.EntityFrameworkCore.Database.Command[20101]
      Executed DbCommand (8ms) [Parameters=[@__dispatchId_0='?' (Size = 4000)], CommandType='Text', CommandTimeout='120']
      SELECT TOP(1) [t].[DispId], [t].[BillID], [t].[ChallanNo], [t].[DeliveryNum], [t].[Destination], [t].[DisVid], [t].[DispatchDate], [t].[DispatchQuantity], [t].[FinalPrice], [t].[Lr], [t].[PartyName], [t].[TotalValue], [t].[UnitPrice], [t].[VehicleNo]
      FROM [TblDispatches] AS [t]
      WHERE [t].[ChallanNo] = @__dispatchId_0
info: Microsoft.EntityFrameworkCore.Database.Command[20101]
      Executed DbCommand (8ms) [Parameters=[@__dispatchId_0='?' (Size = 4000)], CommandType='Text', CommandTimeout='120']
      SELECT TOP(1) [t].[DispId], [t].[BillID], [t].[ChallanNo], [t].[DeliveryNum], [t].[Destination], [t].[DisVid], [t].[DispatchDate], [t].[DispatchQuantity], [t].[FinalPrice], [t].[Lr], [t].[PartyName], [t].[TotalValue], [t].[UnitPrice], [t].[VehicleNo]
      FROM [TblDispatches] AS [t]
      WHERE [t].[ChallanNo] = @__dispatchId_0
info: Microsoft.EntityFrameworkCore.Database.Command[20101]
      Executed DbCommand (10ms) [Parameters=[@__dispatchId_0='?' (Size = 4000)], CommandType='Text', CommandTimeout='120']
      SELECT TOP(1) [t].[DispId], [t].[BillID], [t].[ChallanNo], [t].[DeliveryNum], [t].[Destination], [t].[DisVid], [t].[DispatchDate], [t].[DispatchQuantity], [t].[FinalPrice], [t].[Lr], [t].[PartyName], [t].[TotalValue], [t].[UnitPrice], [t].[VehicleNo]
      FROM [TblDispatches] AS [t]
      WHERE [t].[ChallanNo] = @__dispatchId_0
info: Microsoft.EntityFrameworkCore.Database.Command[20101]
      Executed DbCommand (12ms) [Parameters=[@__dispatchId_0='?' (Size = 4000)], CommandType='Text', CommandTimeout='120']
      SELECT TOP(1) [t].[DispId], [t].[BillID], [t].[ChallanNo], [t].[DeliveryNum], [t].[Destination], [t].[DisVid], [t].[DispatchDate], [t].[DispatchQuantity], [t].[FinalPrice], [t].[Lr], [t].[PartyName], [t].[TotalValue], [t].[UnitPrice], [t].[VehicleNo]
      FROM [TblDispatches] AS [t]
      WHERE [t].[ChallanNo] = @__dispatchId_0
info: Microsoft.EntityFrameworkCore.Database.Command[20101]
      Executed DbCommand (9ms) [Parameters=[@__dispatchId_0='?' (Size = 4000)], CommandType='Text', CommandTimeout='120']
      SELECT TOP(1) [t].[DispId], [t].[BillID], [t].[ChallanNo], [t].[DeliveryNum], [t].[Destination], [t].[DisVid], [t].[DispatchDate], [t].[DispatchQuantity], [t].[FinalPrice], [t].[Lr], [t].[PartyName], [t].[TotalValue], [t].[UnitPrice], [t].[VehicleNo]
      FROM [TblDispatches] AS [t]
      WHERE [t].[ChallanNo] = @__dispatchId_0
info: Microsoft.EntityFrameworkCore.Database.Command[20101]
      Executed DbCommand (14ms) [Parameters=[@__dispatchId_0='?' (Size = 4000)], CommandType='Text', CommandTimeout='120']
      SELECT TOP(1) [t].[DispId], [t].[BillID], [t].[ChallanNo], [t].[DeliveryNum], [t].[Destination], [t].[DisVid], [t].[DispatchDate], [t].[DispatchQuantity], [t].[FinalPrice], [t].[Lr], [t].[PartyName], [t].[TotalValue], [t].[UnitPrice], [t].[VehicleNo]
      FROM [TblDispatches] AS [t]
      WHERE [t].[ChallanNo] = @__dispatchId_0
info: Microsoft.EntityFrameworkCore.Database.Command[20101]
      Executed DbCommand (10ms) [Parameters=[@__dispatchId_0='?' (Size = 4000)], CommandType='Text', CommandTimeout='120']
      SELECT TOP(1) [t].[DispId], [t].[BillID], [t].[ChallanNo], [t].[DeliveryNum], [t].[Destination], [t].[DisVid], [t].[DispatchDate], [t].[DispatchQuantity], [t].[FinalPrice], [t].[Lr], [t].[PartyName], [t].[TotalValue], [t].[UnitPrice], [t].[VehicleNo]
      FROM [TblDispatches] AS [t]
      WHERE [t].[ChallanNo] = @__dispatchId_0
info: Microsoft.EntityFrameworkCore.Database.Command[20101]
      Executed DbCommand (10ms) [Parameters=[@__dispatchId_0='?' (Size = 4000)], CommandType='Text', CommandTimeout='120']
      SELECT TOP(1) [t].[DispId], [t].[BillID], [t].[ChallanNo], [t].[DeliveryNum], [t].[Destination], [t].[DisVid], [t].[DispatchDate], [t].[DispatchQuantity], [t].[FinalPrice], [t].[Lr], [t].[PartyName], [t].[TotalValue], [t].[UnitPrice], [t].[VehicleNo]
      FROM [TblDispatches] AS [t]
      WHERE [t].[ChallanNo] = @__dispatchId_0
info: Microsoft.EntityFrameworkCore.Database.Command[20101]
      Executed DbCommand (17ms) [Parameters=[@__dispatchId_0='?' (Size = 4000)], CommandType='Text', CommandTimeout='120']
      SELECT TOP(1) [t].[DispId], [t].[BillID], [t].[ChallanNo], [t].[DeliveryNum], [t].[Destination], [t].[DisVid], [t].[DispatchDate], [t].[DispatchQuantity], [t].[FinalPrice], [t].[Lr], [t].[PartyName], [t].[TotalValue], [t].[UnitPrice], [t].[VehicleNo]
      FROM [TblDispatches] AS [t]
      WHERE [t].[ChallanNo] = @__dispatchId_0
info: Microsoft.EntityFrameworkCore.Database.Command[20101]
      Executed DbCommand (22ms) [Parameters=[@__dispatchId_0='?' (Size = 4000)], CommandType='Text', CommandTimeout='120']
      SELECT TOP(1) [t].[DispId], [t].[BillID], [t].[ChallanNo], [t].[DeliveryNum], [t].[Destination], [t].[DisVid], [t].[DispatchDate], [t].[DispatchQuantity], [t].[FinalPrice], [t].[Lr], [t].[PartyName], [t].[TotalValue], [t].[UnitPrice], [t].[VehicleNo]
      FROM [TblDispatches] AS [t]
      WHERE [t].[ChallanNo] = @__dispatchId_0
info: Microsoft.EntityFrameworkCore.Database.Command[20101]
      Executed DbCommand (21ms) [Parameters=[@__dispatchId_0='?' (Size = 4000)], CommandType='Text', CommandTimeout='120']
      SELECT TOP(1) [t].[DispId], [t].[BillID], [t].[ChallanNo], [t].[DeliveryNum], [t].[Destination], [t].[DisVid], [t].[DispatchDate], [t].[DispatchQuantity], [t].[FinalPrice], [t].[Lr], [t].[PartyName], [t].[TotalValue], [t].[UnitPrice], [t].[VehicleNo]
      FROM [TblDispatches] AS [t]
      WHERE [t].[ChallanNo] = @__dispatchId_0
info: Microsoft.EntityFrameworkCore.Database.Command[20101]
      Executed DbCommand (10ms) [Parameters=[@__dispatchId_0='?' (Size = 4000)], CommandType='Text', CommandTimeout='120']
      SELECT TOP(1) [t].[DispId], [t].[BillID], [t].[ChallanNo], [t].[DeliveryNum], [t].[Destination], [t].[DisVid], [t].[DispatchDate], [t].[DispatchQuantity], [t].[FinalPrice], [t].[Lr], [t].[PartyName], [t].[TotalValue], [t].[UnitPrice], [t].[VehicleNo]
      FROM [TblDispatches] AS [t]
      WHERE [t].[ChallanNo] = @__dispatchId_0
info: Microsoft.EntityFrameworkCore.Database.Command[20101]
      Executed DbCommand (9ms) [Parameters=[@__dispatchId_0='?' (Size = 4000)], CommandType='Text', CommandTimeout='120']
      SELECT TOP(1) [t].[DispId], [t].[BillID], [t].[ChallanNo], [t].[DeliveryNum], [t].[Destination], [t].[DisVid], [t].[DispatchDate], [t].[DispatchQuantity], [t].[FinalPrice], [t].[Lr], [t].[PartyName], [t].[TotalValue], [t].[UnitPrice], [t].[VehicleNo]
      FROM [TblDispatches] AS [t]
      WHERE [t].[ChallanNo] = @__dispatchId_0
info: Microsoft.EntityFrameworkCore.Database.Command[20101]
      Executed DbCommand (11ms) [Parameters=[@__dispatchId_0='?' (Size = 4000)], CommandType='Text', CommandTimeout='120']
      SELECT TOP(1) [t].[DispId], [t].[BillID], [t].[ChallanNo], [t].[DeliveryNum], [t].[Destination], [t].[DisVid], [t].[DispatchDate], [t].[DispatchQuantity], [t].[FinalPrice], [t].[Lr], [t].[PartyName], [t].[TotalValue], [t].[UnitPrice], [t].[VehicleNo]
      FROM [TblDispatches] AS [t]
      WHERE [t].[ChallanNo] = @__dispatchId_0
info: Microsoft.EntityFrameworkCore.Database.Command[20101]
      Executed DbCommand (15ms) [Parameters=[@__dispatchId_0='?' (Size = 4000)], CommandType='Text', CommandTimeout='120']
      SELECT TOP(1) [t].[DispId], [t].[BillID], [t].[ChallanNo], [t].[DeliveryNum], [t].[Destination], [t].[DisVid], [t].[DispatchDate], [t].[DispatchQuantity], [t].[FinalPrice], [t].[Lr], [t].[PartyName], [t].[TotalValue], [t].[UnitPrice], [t].[VehicleNo]
      FROM [TblDispatches] AS [t]
      WHERE [t].[ChallanNo] = @__dispatchId_0
info: Microsoft.EntityFrameworkCore.Database.Command[20101]
      Executed DbCommand (9ms) [Parameters=[@__dispatchId_0='?' (Size = 4000)], CommandType='Text', CommandTimeout='120']
      SELECT TOP(1) [t].[DispId], [t].[BillID], [t].[ChallanNo], [t].[DeliveryNum], [t].[Destination], [t].[DisVid], [t].[DispatchDate], [t].[DispatchQuantity], [t].[FinalPrice], [t].[Lr], [t].[PartyName], [t].[TotalValue], [t].[UnitPrice], [t].[VehicleNo]
      FROM [TblDispatches] AS [t]
      WHERE [t].[ChallanNo] = @__dispatchId_0
info: Microsoft.EntityFrameworkCore.Database.Command[20101]
      Executed DbCommand (8ms) [Parameters=[@__dispatchId_0='?' (Size = 4000)], CommandType='Text', CommandTimeout='120']
      SELECT TOP(1) [t].[DispId], [t].[BillID], [t].[ChallanNo], [t].[DeliveryNum], [t].[Destination], [t].[DisVid], [t].[DispatchDate], [t].[DispatchQuantity], [t].[FinalPrice], [t].[Lr], [t].[PartyName], [t].[TotalValue], [t].[UnitPrice], [t].[VehicleNo]
      FROM [TblDispatches] AS [t]
      WHERE [t].[ChallanNo] = @__dispatchId_0
info: Microsoft.EntityFrameworkCore.Database.Command[20101]
      Executed DbCommand (11ms) [Parameters=[@__dispatchId_0='?' (Size = 4000)], CommandType='Text', CommandTimeout='120']
      SELECT TOP(1) [t].[DispId], [t].[BillID], [t].[ChallanNo], [t].[DeliveryNum], [t].[Destination], [t].[DisVid], [t].[DispatchDate], [t].[DispatchQuantity], [t].[FinalPrice], [t].[Lr], [t].[PartyName], [t].[TotalValue], [t].[UnitPrice], [t].[VehicleNo]
      FROM [TblDispatches] AS [t]
      WHERE [t].[ChallanNo] = @__dispatchId_0
info: Microsoft.EntityFrameworkCore.Database.Command[20101]
      Executed DbCommand (11ms) [Parameters=[@__dispatchId_0='?' (Size = 4000)], CommandType='Text', CommandTimeout='120']
      SELECT TOP(1) [t].[DispId], [t].[BillID], [t].[ChallanNo], [t].[DeliveryNum], [t].[Destination], [t].[DisVid], [t].[DispatchDate], [t].[DispatchQuantity], [t].[FinalPrice], [t].[Lr], [t].[PartyName], [t].[TotalValue], [t].[UnitPrice], [t].[VehicleNo]
      FROM [TblDispatches] AS [t]
      WHERE [t].[ChallanNo] = @__dispatchId_0
info: Microsoft.EntityFrameworkCore.Database.Command[20101]
      Executed DbCommand (22ms) [Parameters=[@__dispatchId_0='?' (Size = 4000)], CommandType='Text', CommandTimeout='120']
      SELECT TOP(1) [t].[DispId], [t].[BillID], [t].[ChallanNo], [t].[DeliveryNum], [t].[Destination], [t].[DisVid], [t].[DispatchDate], [t].[DispatchQuantity], [t].[FinalPrice], [t].[Lr], [t].[PartyName], [t].[TotalValue], [t].[UnitPrice], [t].[VehicleNo]
      FROM [TblDispatches] AS [t]
      WHERE [t].[ChallanNo] = @__dispatchId_0
info: Microsoft.EntityFrameworkCore.Database.Command[20101]
      Executed DbCommand (21ms) [Parameters=[@__dispatchId_0='?' (Size = 4000)], CommandType='Text', CommandTimeout='120']
      SELECT TOP(1) [t].[DispId], [t].[BillID], [t].[ChallanNo], [t].[DeliveryNum], [t].[Destination], [t].[DisVid], [t].[DispatchDate], [t].[DispatchQuantity], [t].[FinalPrice], [t].[Lr], [t].[PartyName], [t].[TotalValue], [t].[UnitPrice], [t].[VehicleNo]
      FROM [TblDispatches] AS [t]
      WHERE [t].[ChallanNo] = @__dispatchId_0
info: Microsoft.EntityFrameworkCore.Database.Command[20101]
      Executed DbCommand (19ms) [Parameters=[@__dispatchId_0='?' (Size = 4000)], CommandType='Text', CommandTimeout='120']
      SELECT TOP(1) [t].[DispId], [t].[BillID], [t].[ChallanNo], [t].[DeliveryNum], [t].[Destination], [t].[DisVid], [t].[DispatchDate], [t].[DispatchQuantity], [t].[FinalPrice], [t].[Lr], [t].[PartyName], [t].[TotalValue], [t].[UnitPrice], [t].[VehicleNo]
      FROM [TblDispatches] AS [t]
      WHERE [t].[ChallanNo] = @__dispatchId_0
info: Microsoft.EntityFrameworkCore.Database.Command[20101]
      Executed DbCommand (17ms) [Parameters=[@__dispatchId_0='?' (Size = 4000)], CommandType='Text', CommandTimeout='120']
      SELECT TOP(1) [t].[DispId], [t].[BillID], [t].[ChallanNo], [t].[DeliveryNum], [t].[Destination], [t].[DisVid], [t].[DispatchDate], [t].[DispatchQuantity], [t].[FinalPrice], [t].[Lr], [t].[PartyName], [t].[TotalValue], [t].[UnitPrice], [t].[VehicleNo]
      FROM [TblDispatches] AS [t]
      WHERE [t].[ChallanNo] = @__dispatchId_0
info: Microsoft.EntityFrameworkCore.Database.Command[20101]
      Executed DbCommand (10ms) [Parameters=[@__dispatchId_0='?' (Size = 4000)], CommandType='Text', CommandTimeout='120']
      SELECT TOP(1) [t].[DispId], [t].[BillID], [t].[ChallanNo], [t].[DeliveryNum], [t].[Destination], [t].[DisVid], [t].[DispatchDate], [t].[DispatchQuantity], [t].[FinalPrice], [t].[Lr], [t].[PartyName], [t].[TotalValue], [t].[UnitPrice], [t].[VehicleNo]
      FROM [TblDispatches] AS [t]
      WHERE [t].[ChallanNo] = @__dispatchId_0
info: Microsoft.EntityFrameworkCore.Database.Command[20101]
      Executed DbCommand (19ms) [Parameters=[@__dispatchId_0='?' (Size = 4000)], CommandType='Text', CommandTimeout='120']
      SELECT TOP(1) [t].[DispId], [t].[BillID], [t].[ChallanNo], [t].[DeliveryNum], [t].[Destination], [t].[DisVid], [t].[DispatchDate], [t].[DispatchQuantity], [t].[FinalPrice], [t].[Lr], [t].[PartyName], [t].[TotalValue], [t].[UnitPrice], [t].[VehicleNo]
      FROM [TblDispatches] AS [t]
      WHERE [t].[ChallanNo] = @__dispatchId_0
info: Microsoft.EntityFrameworkCore.Database.Command[20101]
      Executed DbCommand (18ms) [Parameters=[@__dispatchId_0='?' (Size = 4000)], CommandType='Text', CommandTimeout='120']
      SELECT TOP(1) [t].[DispId], [t].[BillID], [t].[ChallanNo], [t].[DeliveryNum], [t].[Destination], [t].[DisVid], [t].[DispatchDate], [t].[DispatchQuantity], [t].[FinalPrice], [t].[Lr], [t].[PartyName], [t].[TotalValue], [t].[UnitPrice], [t].[VehicleNo]
      FROM [TblDispatches] AS [t]
      WHERE [t].[ChallanNo] = @__dispatchId_0
info: Microsoft.EntityFrameworkCore.Database.Command[20101]
      Executed DbCommand (8ms) [Parameters=[@__dispatchId_0='?' (Size = 4000)], CommandType='Text', CommandTimeout='120']
      SELECT TOP(1) [t].[DispId], [t].[BillID], [t].[ChallanNo], [t].[DeliveryNum], [t].[Destination], [t].[DisVid], [t].[DispatchDate], [t].[DispatchQuantity], [t].[FinalPrice], [t].[Lr], [t].[PartyName], [t].[TotalValue], [t].[UnitPrice], [t].[VehicleNo]
      FROM [TblDispatches] AS [t]
      WHERE [t].[ChallanNo] = @__dispatchId_0
info: Microsoft.EntityFrameworkCore.Database.Command[20101]
      Executed DbCommand (8ms) [Parameters=[@__dispatchId_0='?' (Size = 4000)], CommandType='Text', CommandTimeout='120']
      SELECT TOP(1) [t].[DispId], [t].[BillID], [t].[ChallanNo], [t].[DeliveryNum], [t].[Destination], [t].[DisVid], [t].[DispatchDate], [t].[DispatchQuantity], [t].[FinalPrice], [t].[Lr], [t].[PartyName], [t].[TotalValue], [t].[UnitPrice], [t].[VehicleNo]
      FROM [TblDispatches] AS [t]
      WHERE [t].[ChallanNo] = @__dispatchId_0
info: Microsoft.EntityFrameworkCore.Database.Command[20101]
      Executed DbCommand (9ms) [Parameters=[@__dispatchId_0='?' (Size = 4000)], CommandType='Text', CommandTimeout='120']
      SELECT TOP(1) [t].[DispId], [t].[BillID], [t].[ChallanNo], [t].[DeliveryNum], [t].[Destination], [t].[DisVid], [t].[DispatchDate], [t].[DispatchQuantity], [t].[FinalPrice], [t].[Lr], [t].[PartyName], [t].[TotalValue], [t].[UnitPrice], [t].[VehicleNo]
      FROM [TblDispatches] AS [t]
      WHERE [t].[ChallanNo] = @__dispatchId_0
info: Microsoft.EntityFrameworkCore.Database.Command[20101]
      Executed DbCommand (12ms) [Parameters=[@__dispatchId_0='?' (Size = 4000)], CommandType='Text', CommandTimeout='120']
      SELECT TOP(1) [t].[DispId], [t].[BillID], [t].[ChallanNo], [t].[DeliveryNum], [t].[Destination], [t].[DisVid], [t].[DispatchDate], [t].[DispatchQuantity], [t].[FinalPrice], [t].[Lr], [t].[PartyName], [t].[TotalValue], [t].[UnitPrice], [t].[VehicleNo]
      FROM [TblDispatches] AS [t]
      WHERE [t].[ChallanNo] = @__dispatchId_0
info: Microsoft.EntityFrameworkCore.Database.Command[20101]
      Executed DbCommand (8ms) [Parameters=[@__dispatchId_0='?' (Size = 4000)], CommandType='Text', CommandTimeout='120']
      SELECT TOP(1) [t].[DispId], [t].[BillID], [t].[ChallanNo], [t].[DeliveryNum], [t].[Destination], [t].[DisVid], [t].[DispatchDate], [t].[DispatchQuantity], [t].[FinalPrice], [t].[Lr], [t].[PartyName], [t].[TotalValue], [t].[UnitPrice], [t].[VehicleNo]
      FROM [TblDispatches] AS [t]
      WHERE [t].[ChallanNo] = @__dispatchId_0
info: Microsoft.EntityFrameworkCore.Database.Command[20101]
      Executed DbCommand (27ms) [Parameters=[@__dispatchId_0='?' (Size = 4000)], CommandType='Text', CommandTimeout='120']
      SELECT TOP(1) [t].[DispId], [t].[BillID], [t].[ChallanNo], [t].[DeliveryNum], [t].[Destination], [t].[DisVid], [t].[DispatchDate], [t].[DispatchQuantity], [t].[FinalPrice], [t].[Lr], [t].[PartyName], [t].[TotalValue], [t].[UnitPrice], [t].[VehicleNo]
      FROM [TblDispatches] AS [t]
      WHERE [t].[ChallanNo] = @__dispatchId_0
info: Microsoft.EntityFrameworkCore.Database.Command[20101]
      Executed DbCommand (17ms) [Parameters=[@__dispatchId_0='?' (Size = 4000)], CommandType='Text', CommandTimeout='120']
      SELECT TOP(1) [t].[DispId], [t].[BillID], [t].[ChallanNo], [t].[DeliveryNum], [t].[Destination], [t].[DisVid], [t].[DispatchDate], [t].[DispatchQuantity], [t].[FinalPrice], [t].[Lr], [t].[PartyName], [t].[TotalValue], [t].[UnitPrice], [t].[VehicleNo]
      FROM [TblDispatches] AS [t]
      WHERE [t].[ChallanNo] = @__dispatchId_0
info: Microsoft.EntityFrameworkCore.Database.Command[20101]
      Executed DbCommand (68ms) [Parameters=[@__dispatchId_0='?' (Size = 4000)], CommandType='Text', CommandTimeout='120']
      SELECT TOP(1) [t].[DispId], [t].[BillID], [t].[ChallanNo], [t].[DeliveryNum], [t].[Destination], [t].[DisVid], [t].[DispatchDate], [t].[DispatchQuantity], [t].[FinalPrice], [t].[Lr], [t].[PartyName], [t].[TotalValue], [t].[UnitPrice], [t].[VehicleNo]
      FROM [TblDispatches] AS [t]
      WHERE [t].[ChallanNo] = @__dispatchId_0
info: Microsoft.EntityFrameworkCore.Database.Command[20101]
      Executed DbCommand (15ms) [Parameters=[@__dispatchId_0='?' (Size = 4000)], CommandType='Text', CommandTimeout='120']
      SELECT TOP(1) [t].[DispId], [t].[BillID], [t].[ChallanNo], [t].[DeliveryNum], [t].[Destination], [t].[DisVid], [t].[DispatchDate], [t].[DispatchQuantity], [t].[FinalPrice], [t].[Lr], [t].[PartyName], [t].[TotalValue], [t].[UnitPrice], [t].[VehicleNo]
      FROM [TblDispatches] AS [t]
      WHERE [t].[ChallanNo] = @__dispatchId_0
info: Microsoft.EntityFrameworkCore.Database.Command[20101]
      Executed DbCommand (14ms) [Parameters=[@__dispatchId_0='?' (Size = 4000)], CommandType='Text', CommandTimeout='120']
      SELECT TOP(1) [t].[DispId], [t].[BillID], [t].[ChallanNo], [t].[DeliveryNum], [t].[Destination], [t].[DisVid], [t].[DispatchDate], [t].[DispatchQuantity], [t].[FinalPrice], [t].[Lr], [t].[PartyName], [t].[TotalValue], [t].[UnitPrice], [t].[VehicleNo]
      FROM [TblDispatches] AS [t]
      WHERE [t].[ChallanNo] = @__dispatchId_0
info: Microsoft.EntityFrameworkCore.Database.Command[20101]
      Executed DbCommand (10ms) [Parameters=[@__dispatchId_0='?' (Size = 4000)], CommandType='Text', CommandTimeout='120']
      SELECT TOP(1) [t].[DispId], [t].[BillID], [t].[ChallanNo], [t].[DeliveryNum], [t].[Destination], [t].[DisVid], [t].[DispatchDate], [t].[DispatchQuantity], [t].[FinalPrice], [t].[Lr], [t].[PartyName], [t].[TotalValue], [t].[UnitPrice], [t].[VehicleNo]
      FROM [TblDispatches] AS [t]
      WHERE [t].[ChallanNo] = @__dispatchId_0
info: Microsoft.EntityFrameworkCore.Database.Command[20101]
      Executed DbCommand (11ms) [Parameters=[@__dispatchId_0='?' (Size = 4000)], CommandType='Text', CommandTimeout='120']
      SELECT TOP(1) [t].[DispId], [t].[BillID], [t].[ChallanNo], [t].[DeliveryNum], [t].[Destination], [t].[DisVid], [t].[DispatchDate], [t].[DispatchQuantity], [t].[FinalPrice], [t].[Lr], [t].[PartyName], [t].[TotalValue], [t].[UnitPrice], [t].[VehicleNo]
      FROM [TblDispatches] AS [t]
      WHERE [t].[ChallanNo] = @__dispatchId_0
info: Microsoft.EntityFrameworkCore.Database.Command[20101]
      Executed DbCommand (12ms) [Parameters=[@__dispatchId_0='?' (Size = 4000)], CommandType='Text', CommandTimeout='120']
      SELECT TOP(1) [t].[DispId], [t].[BillID], [t].[ChallanNo], [t].[DeliveryNum], [t].[Destination], [t].[DisVid], [t].[DispatchDate], [t].[DispatchQuantity], [t].[FinalPrice], [t].[Lr], [t].[PartyName], [t].[TotalValue], [t].[UnitPrice], [t].[VehicleNo]
      FROM [TblDispatches] AS [t]
      WHERE [t].[ChallanNo] = @__dispatchId_0
info: Microsoft.EntityFrameworkCore.Database.Command[20101]
      Executed DbCommand (15ms) [Parameters=[@__dispatchId_0='?' (Size = 4000)], CommandType='Text', CommandTimeout='120']
      SELECT TOP(1) [t].[DispId], [t].[BillID], [t].[ChallanNo], [t].[DeliveryNum], [t].[Destination], [t].[DisVid], [t].[DispatchDate], [t].[DispatchQuantity], [t].[FinalPrice], [t].[Lr], [t].[PartyName], [t].[TotalValue], [t].[UnitPrice], [t].[VehicleNo]
      FROM [TblDispatches] AS [t]
      WHERE [t].[ChallanNo] = @__dispatchId_0
info: Microsoft.EntityFrameworkCore.Database.Command[20101]
      Executed DbCommand (28ms) [Parameters=[@__dispatchId_0='?' (Size = 4000)], CommandType='Text', CommandTimeout='120']
      SELECT TOP(1) [t].[DispId], [t].[BillID], [t].[ChallanNo], [t].[DeliveryNum], [t].[Destination], [t].[DisVid], [t].[DispatchDate], [t].[DispatchQuantity], [t].[FinalPrice], [t].[Lr], [t].[PartyName], [t].[TotalValue], [t].[UnitPrice], [t].[VehicleNo]
      FROM [TblDispatches] AS [t]
      WHERE [t].[ChallanNo] = @__dispatchId_0
info: Microsoft.EntityFrameworkCore.Database.Command[20101]
      Executed DbCommand (23ms) [Parameters=[@__dispatchId_0='?' (Size = 4000)], CommandType='Text', CommandTimeout='120']
      SELECT TOP(1) [t].[DispId], [t].[BillID], [t].[ChallanNo], [t].[DeliveryNum], [t].[Destination], [t].[DisVid], [t].[DispatchDate], [t].[DispatchQuantity], [t].[FinalPrice], [t].[Lr], [t].[PartyName], [t].[TotalValue], [t].[UnitPrice], [t].[VehicleNo]
      FROM [TblDispatches] AS [t]
      WHERE [t].[ChallanNo] = @__dispatchId_0
info: Microsoft.EntityFrameworkCore.Database.Command[20101]
      Executed DbCommand (18ms) [Parameters=[@__dispatchId_0='?' (Size = 4000)], CommandType='Text', CommandTimeout='120']
      SELECT TOP(1) [t].[DispId], [t].[BillID], [t].[ChallanNo], [t].[DeliveryNum], [t].[Destination], [t].[DisVid], [t].[DispatchDate], [t].[DispatchQuantity], [t].[FinalPrice], [t].[Lr], [t].[PartyName], [t].[TotalValue], [t].[UnitPrice], [t].[VehicleNo]
      FROM [TblDispatches] AS [t]
      WHERE [t].[ChallanNo] = @__dispatchId_0
info: Microsoft.EntityFrameworkCore.Database.Command[20101]
      Executed DbCommand (16ms) [Parameters=[@__dispatchId_0='?' (Size = 4000)], CommandType='Text', CommandTimeout='120']
      SELECT TOP(1) [t].[DispId], [t].[BillID], [t].[ChallanNo], [t].[DeliveryNum], [t].[Destination], [t].[DisVid], [t].[DispatchDate], [t].[DispatchQuantity], [t].[FinalPrice], [t].[Lr], [t].[PartyName], [t].[TotalValue], [t].[UnitPrice], [t].[VehicleNo]
      FROM [TblDispatches] AS [t]
      WHERE [t].[ChallanNo] = @__dispatchId_0
info: Microsoft.EntityFrameworkCore.Database.Command[20101]
      Executed DbCommand (21ms) [Parameters=[@__dispatchId_0='?' (Size = 4000)], CommandType='Text', CommandTimeout='120']
      SELECT TOP(1) [t].[DispId], [t].[BillID], [t].[ChallanNo], [t].[DeliveryNum], [t].[Destination], [t].[DisVid], [t].[DispatchDate], [t].[DispatchQuantity], [t].[FinalPrice], [t].[Lr], [t].[PartyName], [t].[TotalValue], [t].[UnitPrice], [t].[VehicleNo]
      FROM [TblDispatches] AS [t]
      WHERE [t].[ChallanNo] = @__dispatchId_0
info: Microsoft.EntityFrameworkCore.Database.Command[20101]
      Executed DbCommand (198ms) [Parameters=[@p13='?' (DbType = Int32), @p0='?' (DbType = Int32), @p1='?' (Size = 4000), @p2='?' (Size = 4000), @p3='?' (Size = 4000), @p4='?' (DbType = Int32), @p5='?' (DbType = DateTime2), @p6='?' (DbType = Double), @p7='?' (DbType = Double), @p8='?' (Size = 4000), @p9='?' (Size = 4000), @p10='?' (DbType = Double), @p11='?' (DbType = Double), @p12='?' (Size = 4000), @p27='?' (DbType = Int32), @p14='?' (DbType = Int32), @p15='?' (Size = 4000), @p16='?' (Size = 4000), @p17='?' (Size = 4000), @p18='?' (DbType = Int32), @p19='?' (DbType = DateTime2), @p20='?' (DbType = Double), @p21='?' (DbType = Double), @p22='?' (Size = 4000), @p23='?' (Size = 4000), @p24='?' (DbType = Double), @p25='?' (DbType = Double), @p26='?' (Size = 4000), @p41='?' (DbType = Int32), @p28='?' (DbType = Int32), @p29='?' (Size = 4000), @p30='?' (Size = 4000), @p31='?' (Size = 4000), @p32='?' (DbType = Int32), @p33='?' (DbType = DateTime2), @p34='?' (DbType = Double), @p35='?' (DbType = Double), @p36='?' (Size = 4000), @p37='?' (Size = 4000), @p38='?' (DbType = Double), @p39='?' (DbType = Double), @p40='?' (Size = 4000), @p55='?' (DbType = Int32), @p42='?' (DbType = Int32), @p43='?' (Size = 4000), @p44='?' (Size = 4000), @p45='?' (Size = 4000), @p46='?' (DbType = Int32), @p47='?' (DbType = DateTime2), @p48='?' (DbType = Double), @p49='?' (DbType = Double), @p50='?' (Size = 4000), @p51='?' (Size = 4000), @p52='?' (DbType = Double), @p53='?' (DbType = Double), @p54='?' (Size = 4000), @p69='?' (DbType = Int32), @p56='?' (DbType = Int32), @p57='?' (Size = 4000), @p58='?' (Size = 4000), @p59='?' (Size = 4000), @p60='?' (DbType = Int32), @p61='?' (DbType = DateTime2), @p62='?' (DbType = Double), @p63='?' (DbType = Double), @p64='?' (Size = 4000), @p65='?' (Size = 4000), @p66='?' (DbType = Double), @p67='?' (DbType = Double), @p68='?' (Size = 4000), @p83='?' (DbType = Int32), @p70='?' (DbType = Int32), @p71='?' (Size = 4000), @p72='?' (Size = 4000), @p73='?' (Size = 4000), @p74='?' (DbType = Int32), @p75='?' (DbType = DateTime2), @p76='?' (DbType = Double), @p77='?' (DbType = Double), @p78='?' (Size = 4000), @p79='?' (Size = 4000), @p80='?' (DbType = Double), @p81='?' (DbType = Double), @p82='?' (Size = 4000), @p97='?' (DbType = Int32), @p84='?' (DbType = Int32), @p85='?' (Size = 4000), @p86='?' (Size = 4000), @p87='?' (Size = 4000), @p88='?' (DbType = Int32), @p89='?' (DbType = DateTime2), @p90='?' (DbType = Double), @p91='?' (DbType = Double), @p92='?' (Size = 4000), @p93='?' (Size = 4000), @p94='?' (DbType = Double), @p95='?' (DbType = Double), @p96='?' (Size = 4000), @p111='?' (DbType = Int32), @p98='?' (DbType = Int32), @p99='?' (Size = 4000), @p100='?' (Size = 4000), @p101='?' (Size = 4000), @p102='?' (DbType = Int32), @p103='?' (DbType = DateTime2), @p104='?' (DbType = Double), @p105='?' (DbType = Double), @p106='?' (Size = 4000), @p107='?' (Size = 4000), @p108='?' (DbType = Double), @p109='?' (DbType = Double), @p110='?' (Size = 4000), @p125='?' (DbType = Int32), @p112='?' (DbType = Int32), @p113='?' (Size = 4000), @p114='?' (Size = 4000), @p115='?' (Size = 4000), @p116='?' (DbType = Int32), @p117='?' (DbType = DateTime2), @p118='?' (DbType = Double), @p119='?' (DbType = Double), @p120='?' (Size = 4000), @p121='?' (Size = 4000), @p122='?' (DbType = Double), @p123='?' (DbType = Double), @p124='?' (Size = 4000), @p139='?' (DbType = Int32), @p126='?' (DbType = Int32), @p127='?' (Size = 4000), @p128='?' (Size = 4000), @p129='?' (Size = 4000), @p130='?' (DbType = Int32), @p131='?' (DbType = DateTime2), @p132='?' (DbType = Double), @p133='?' (DbType = Double), @p134='?' (Size = 4000), @p135='?' (Size = 4000), @p136='?' (DbType = Double), @p137='?' (DbType = Double), @p138='?' (Size = 4000), @p153='?' (DbType = Int32), @p140='?' (DbType = Int32), @p141='?' (Size = 4000), @p142='?' (Size = 4000), @p143='?' (Size = 4000), @p144='?' (DbType = Int32), @p145='?' (DbType = DateTime2), @p146='?' (DbType = Double), @p147='?' (DbType = Double), @p148='?' (Size = 4000), @p149='?' (Size = 4000), @p150='?' (DbType = Double), @p151='?' (DbType = Double), @p152='?' (Size = 4000), @p167='?' (DbType = Int32), @p154='?' (DbType = Int32), @p155='?' (Size = 4000), @p156='?' (Size = 4000), @p157='?' (Size = 4000), @p158='?' (DbType = Int32), @p159='?' (DbType = DateTime2), @p160='?' (DbType = Double), @p161='?' (DbType = Double), @p162='?' (Size = 4000), @p163='?' (Size = 4000), @p164='?' (DbType = Double), @p165='?' (DbType = Double), @p166='?' (Size = 4000), @p181='?' (DbType = Int32), @p168='?' (DbType = Int32), @p169='?' (Size = 4000), @p170='?' (Size = 4000), @p171='?' (Size = 4000), @p172='?' (DbType = Int32), @p173='?' (DbType = DateTime2), @p174='?' (DbType = Double), @p175='?' (DbType = Double), @p176='?' (Size = 4000), @p177='?' (Size = 4000), @p178='?' (DbType = Double), @p179='?' (DbType = Double), @p180='?' (Size = 4000), @p195='?' (DbType = Int32), @p182='?' (DbType = Int32), @p183='?' (Size = 4000), @p184='?' (Size = 4000), @p185='?' (Size = 4000), @p186='?' (DbType = Int32), @p187='?' (DbType = DateTime2), @p188='?' (DbType = Double), @p189='?' (DbType = Double), @p190='?' (Size = 4000), @p191='?' (Size = 4000), @p192='?' (DbType = Double), @p193='?' (DbType = Double), @p194='?' (Size = 4000), @p209='?' (DbType = Int32), @p196='?' (DbType = Int32), @p197='?' (Size = 4000), @p198='?' (Size = 4000), @p199='?' (Size = 4000), @p200='?' (DbType = Int32), @p201='?' (DbType = DateTime2), @p202='?' (DbType = Double), @p203='?' (DbType = Double), @p204='?' (Size = 4000), @p205='?' (Size = 4000), @p206='?' (DbType = Double), @p207='?' (DbType = Double), @p208='?' (Size = 4000), @p223='?' (DbType = Int32), @p210='?' (DbType = Int32), @p211='?' (Size = 4000), @p212='?' (Size = 4000), @p213='?' (Size = 4000), @p214='?' (DbType = Int32), @p215='?' (DbType = DateTime2), @p216='?' (DbType = Double), @p217='?' (DbType = Double), @p218='?' (Size = 4000), @p219='?' (Size = 4000), @p220='?' (DbType = Double), @p221='?' (DbType = Double), @p222='?' (Size = 4000), @p237='?' (DbType = Int32), @p224='?' (DbType = Int32), @p225='?' (Size = 4000), @p226='?' (Size = 4000), @p227='?' (Size = 4000), @p228='?' (DbType = Int32), @p229='?' (DbType = DateTime2), @p230='?' (DbType = Double), @p231='?' (DbType = Double), @p232='?' (Size = 4000), @p233='?' (Size = 4000), @p234='?' (DbType = Double), @p235='?' (DbType = Double), @p236='?' (Size = 4000), @p251='?' (DbType = Int32), @p238='?' (DbType = Int32), @p239='?' (Size = 4000), @p240='?' (Size = 4000), @p241='?' (Size = 4000), @p242='?' (DbType = Int32), @p243='?' (DbType = DateTime2), @p244='?' (DbType = Double), @p245='?' (DbType = Double), @p246='?' (Size = 4000), @p247='?' (Size = 4000), @p248='?' (DbType = Double), @p249='?' (DbType = Double), @p250='?' (Size = 4000), @p265='?' (DbType = Int32), @p252='?' (DbType = Int32), @p253='?' (Size = 4000), @p254='?' (Size = 4000), @p255='?' (Size = 4000), @p256='?' (DbType = Int32), @p257='?' (DbType = DateTime2), @p258='?' (DbType = Double), @p259='?' (DbType = Double), @p260='?' (Size = 4000), @p261='?' (Size = 4000), @p262='?' (DbType = Double), @p263='?' (DbType = Double), @p264='?' (Size = 4000), @p279='?' (DbType = Int32), @p266='?' (DbType = Int32), @p267='?' (Size = 4000), @p268='?' (Size = 4000), @p269='?' (Size = 4000), @p270='?' (DbType = Int32), @p271='?' (DbType = DateTime2), @p272='?' (DbType = Double), @p273='?' (DbType = Double), @p274='?' (Size = 4000), @p275='?' (Size = 4000), @p276='?' (DbType = Double), @p277='?' (DbType = Double), @p278='?' (Size = 4000), @p293='?' (DbType = Int32), @p280='?' (DbType = Int32), @p281='?' (Size = 4000), @p282='?' (Size = 4000), @p283='?' (Size = 4000), @p284='?' (DbType = Int32), @p285='?' (DbType = DateTime2), @p286='?' (DbType = Double), @p287='?' (DbType = Double), @p288='?' (Size = 4000), @p289='?' (Size = 4000), @p290='?' (DbType = Double), @p291='?' (DbType = Double), @p292='?' (Size = 4000), @p307='?' (DbType = Int32), @p294='?' (DbType = Int32), @p295='?' (Size = 4000), @p296='?' (Size = 4000), @p297='?' (Size = 4000), @p298='?' (DbType = Int32), @p299='?' (DbType = DateTime2), @p300='?' (DbType = Double), @p301='?' (DbType = Double), @p302='?' (Size = 4000), @p303='?' (Size = 4000), @p304='?' (DbType = Double), @p305='?' (DbType = Double), @p306='?' (Size = 4000), @p321='?' (DbType = Int32), @p308='?' (DbType = Int32), @p309='?' (Size = 4000), @p310='?' (Size = 4000), @p311='?' (Size = 4000), @p312='?' (DbType = Int32), @p313='?' (DbType = DateTime2), @p314='?' (DbType = Double), @p315='?' (DbType = Double), @p316='?' (Size = 4000), @p317='?' (Size = 4000), @p318='?' (DbType = Double), @p319='?' (DbType = Double), @p320='?' (Size = 4000), @p335='?' (DbType = Int32), @p322='?' (DbType = Int32), @p323='?' (Size = 4000), @p324='?' (Size = 4000), @p325='?' (Size = 4000), @p326='?' (DbType = Int32), @p327='?' (DbType = DateTime2), @p328='?' (DbType = Double), @p329='?' (DbType = Double), @p330='?' (Size = 4000), @p331='?' (Size = 4000), @p332='?' (DbType = Double), @p333='?' (DbType = Double), @p334='?' (Size = 4000), @p349='?' (DbType = Int32), @p336='?' (DbType = Int32), @p337='?' (Size = 4000), @p338='?' (Size = 4000), @p339='?' (Size = 4000), @p340='?' (DbType = Int32), @p341='?' (DbType = DateTime2), @p342='?' (DbType = Double), @p343='?' (DbType = Double), @p344='?' (Size = 4000), @p345='?' (Size = 4000), @p346='?' (DbType = Double), @p347='?' (DbType = Double), @p348='?' (Size = 4000)], CommandType='Text', CommandTimeout='120']
      SET NOCOUNT ON;
      UPDATE [TblDispatches] SET [BillID] = @p0, [ChallanNo] = @p1, [DeliveryNum] = @p2, [Destination] = @p3, [DisVid] = @p4, [DispatchDate] = @p5, [DispatchQuantity] = @p6, [FinalPrice] = @p7, [Lr] = @p8, [PartyName] = @p9, [TotalValue] = @p10, [UnitPrice] = @p11, [VehicleNo] = @p12
      WHERE [DispId] = @p13;
      SELECT @@ROWCOUNT;
      
      UPDATE [TblDispatches] SET [BillID] = @p14, [ChallanNo] = @p15, [DeliveryNum] = @p16, [Destination] = @p17, [DisVid] = @p18, [DispatchDate] = @p19, [DispatchQuantity] = @p20, [FinalPrice] = @p21, [Lr] = @p22, [PartyName] = @p23, [TotalValue] = @p24, [UnitPrice] = @p25, [VehicleNo] = @p26
      WHERE [DispId] = @p27;
      SELECT @@ROWCOUNT;
      
      UPDATE [TblDispatches] SET [BillID] = @p28, [ChallanNo] = @p29, [DeliveryNum] = @p30, [Destination] = @p31, [DisVid] = @p32, [DispatchDate] = @p33, [DispatchQuantity] = @p34, [FinalPrice] = @p35, [Lr] = @p36, [PartyName] = @p37, [TotalValue] = @p38, [UnitPrice] = @p39, [VehicleNo] = @p40
      WHERE [DispId] = @p41;
      SELECT @@ROWCOUNT;
      
      UPDATE [TblDispatches] SET [BillID] = @p42, [ChallanNo] = @p43, [DeliveryNum] = @p44, [Destination] = @p45, [DisVid] = @p46, [DispatchDate] = @p47, [DispatchQuantity] = @p48, [FinalPrice] = @p49, [Lr] = @p50, [PartyName] = @p51, [TotalValue] = @p52, [UnitPrice] = @p53, [VehicleNo] = @p54
      WHERE [DispId] = @p55;
      SELECT @@ROWCOUNT;
      
      UPDATE [TblDispatches] SET [BillID] = @p56, [ChallanNo] = @p57, [DeliveryNum] = @p58, [Destination] = @p59, [DisVid] = @p60, [DispatchDate] = @p61, [DispatchQuantity] = @p62, [FinalPrice] = @p63, [Lr] = @p64, [PartyName] = @p65, [TotalValue] = @p66, [UnitPrice] = @p67, [VehicleNo] = @p68
      WHERE [DispId] = @p69;
      SELECT @@ROWCOUNT;
      
      UPDATE [TblDispatches] SET [BillID] = @p70, [ChallanNo] = @p71, [DeliveryNum] = @p72, [Destination] = @p73, [DisVid] = @p74, [DispatchDate] = @p75, [DispatchQuantity] = @p76, [FinalPrice] = @p77, [Lr] = @p78, [PartyName] = @p79, [TotalValue] = @p80, [UnitPrice] = @p81, [VehicleNo] = @p82
      WHERE [DispId] = @p83;
      SELECT @@ROWCOUNT;
      
      UPDATE [TblDispatches] SET [BillID] = @p84, [ChallanNo] = @p85, [DeliveryNum] = @p86, [Destination] = @p87, [DisVid] = @p88, [DispatchDate] = @p89, [DispatchQuantity] = @p90, [FinalPrice] = @p91, [Lr] = @p92, [PartyName] = @p93, [TotalValue] = @p94, [UnitPrice] = @p95, [VehicleNo] = @p96
      WHERE [DispId] = @p97;
      SELECT @@ROWCOUNT;
      
      UPDATE [TblDispatches] SET [BillID] = @p98, [ChallanNo] = @p99, [DeliveryNum] = @p100, [Destination] = @p101, [DisVid] = @p102, [DispatchDate] = @p103, [DispatchQuantity] = @p104, [FinalPrice] = @p105, [Lr] = @p106, [PartyName] = @p107, [TotalValue] = @p108, [UnitPrice] = @p109, [VehicleNo] = @p110
      WHERE [DispId] = @p111;
      SELECT @@ROWCOUNT;
      
      UPDATE [TblDispatches] SET [BillID] = @p112, [ChallanNo] = @p113, [DeliveryNum] = @p114, [Destination] = @p115, [DisVid] = @p116, [DispatchDate] = @p117, [DispatchQuantity] = @p118, [FinalPrice] = @p119, [Lr] = @p120, [PartyName] = @p121, [TotalValue] = @p122, [UnitPrice] = @p123, [VehicleNo] = @p124
      WHERE [DispId] = @p125;
      SELECT @@ROWCOUNT;
      
      UPDATE [TblDispatches] SET [BillID] = @p126, [ChallanNo] = @p127, [DeliveryNum] = @p128, [Destination] = @p129, [DisVid] = @p130, [DispatchDate] = @p131, [DispatchQuantity] = @p132, [FinalPrice] = @p133, [Lr] = @p134, [PartyName] = @p135, [TotalValue] = @p136, [UnitPrice] = @p137, [VehicleNo] = @p138
      WHERE [DispId] = @p139;
      SELECT @@ROWCOUNT;
      
      UPDATE [TblDispatches] SET [BillID] = @p140, [ChallanNo] = @p141, [DeliveryNum] = @p142, [Destination] = @p143, [DisVid] = @p144, [DispatchDate] = @p145, [DispatchQuantity] = @p146, [FinalPrice] = @p147, [Lr] = @p148, [PartyName] = @p149, [TotalValue] = @p150, [UnitPrice] = @p151, [VehicleNo] = @p152
      WHERE [DispId] = @p153;
      SELECT @@ROWCOUNT;
      
      UPDATE [TblDispatches] SET [BillID] = @p154, [ChallanNo] = @p155, [DeliveryNum] = @p156, [Destination] = @p157, [DisVid] = @p158, [DispatchDate] = @p159, [DispatchQuantity] = @p160, [FinalPrice] = @p161, [Lr] = @p162, [PartyName] = @p163, [TotalValue] = @p164, [UnitPrice] = @p165, [VehicleNo] = @p166
      WHERE [DispId] = @p167;
      SELECT @@ROWCOUNT;
      
      UPDATE [TblDispatches] SET [BillID] = @p168, [ChallanNo] = @p169, [DeliveryNum] = @p170, [Destination] = @p171, [DisVid] = @p172, [DispatchDate] = @p173, [DispatchQuantity] = @p174, [FinalPrice] = @p175, [Lr] = @p176, [PartyName] = @p177, [TotalValue] = @p178, [UnitPrice] = @p179, [VehicleNo] = @p180
      WHERE [DispId] = @p181;
      SELECT @@ROWCOUNT;
      
      UPDATE [TblDispatches] SET [BillID] = @p182, [ChallanNo] = @p183, [DeliveryNum] = @p184, [Destination] = @p185, [DisVid] = @p186, [DispatchDate] = @p187, [DispatchQuantity] = @p188, [FinalPrice] = @p189, [Lr] = @p190, [PartyName] = @p191, [TotalValue] = @p192, [UnitPrice] = @p193, [VehicleNo] = @p194
      WHERE [DispId] = @p195;
      SELECT @@ROWCOUNT;
      
      UPDATE [TblDispatches] SET [BillID] = @p196, [ChallanNo] = @p197, [DeliveryNum] = @p198, [Destination] = @p199, [DisVid] = @p200, [DispatchDate] = @p201, [DispatchQuantity] = @p202, [FinalPrice] = @p203, [Lr] = @p204, [PartyName] = @p205, [TotalValue] = @p206, [UnitPrice] = @p207, [VehicleNo] = @p208
      WHERE [DispId] = @p209;
      SELECT @@ROWCOUNT;
      
      UPDATE [TblDispatches] SET [BillID] = @p210, [ChallanNo] = @p211, [DeliveryNum] = @p212, [Destination] = @p213, [DisVid] = @p214, [DispatchDate] = @p215, [DispatchQuantity] = @p216, [FinalPrice] = @p217, [Lr] = @p218, [PartyName] = @p219, [TotalValue] = @p220, [UnitPrice] = @p221, [VehicleNo] = @p222
      WHERE [DispId] = @p223;
      SELECT @@ROWCOUNT;
      
      UPDATE [TblDispatches] SET [BillID] = @p224, [ChallanNo] = @p225, [DeliveryNum] = @p226, [Destination] = @p227, [DisVid] = @p228, [DispatchDate] = @p229, [DispatchQuantity] = @p230, [FinalPrice] = @p231, [Lr] = @p232, [PartyName] = @p233, [TotalValue] = @p234, [UnitPrice] = @p235, [VehicleNo] = @p236
      WHERE [DispId] = @p237;
      SELECT @@ROWCOUNT;
      
      UPDATE [TblDispatches] SET [BillID] = @p238, [ChallanNo] = @p239, [DeliveryNum] = @p240, [Destination] = @p241, [DisVid] = @p242, [DispatchDate] = @p243, [DispatchQuantity] = @p244, [FinalPrice] = @p245, [Lr] = @p246, [PartyName] = @p247, [TotalValue] = @p248, [UnitPrice] = @p249, [VehicleNo] = @p250
      WHERE [DispId] = @p251;
      SELECT @@ROWCOUNT;
      
      UPDATE [TblDispatches] SET [BillID] = @p252, [ChallanNo] = @p253, [DeliveryNum] = @p254, [Destination] = @p255, [DisVid] = @p256, [DispatchDate] = @p257, [DispatchQuantity] = @p258, [FinalPrice] = @p259, [Lr] = @p260, [PartyName] = @p261, [TotalValue] = @p262, [UnitPrice] = @p263, [VehicleNo] = @p264
      WHERE [DispId] = @p265;
      SELECT @@ROWCOUNT;
      
      UPDATE [TblDispatches] SET [BillID] = @p266, [ChallanNo] = @p267, [DeliveryNum] = @p268, [Destination] = @p269, [DisVid] = @p270, [DispatchDate] = @p271, [DispatchQuantity] = @p272, [FinalPrice] = @p273, [Lr] = @p274, [PartyName] = @p275, [TotalValue] = @p276, [UnitPrice] = @p277, [VehicleNo] = @p278
      WHERE [DispId] = @p279;
      SELECT @@ROWCOUNT;
      
      UPDATE [TblDispatches] SET [BillID] = @p280, [ChallanNo] = @p281, [DeliveryNum] = @p282, [Destination] = @p283, [DisVid] = @p284, [DispatchDate] = @p285, [DispatchQuantity] = @p286, [FinalPrice] = @p287, [Lr] = @p288, [PartyName] = @p289, [TotalValue] = @p290, [UnitPrice] = @p291, [VehicleNo] = @p292
      WHERE [DispId] = @p293;
      SELECT @@ROWCOUNT;
      
      UPDATE [TblDispatches] SET [BillID] = @p294, [ChallanNo] = @p295, [DeliveryNum] = @p296, [Destination] = @p297, [DisVid] = @p298, [DispatchDate] = @p299, [DispatchQuantity] = @p300, [FinalPrice] = @p301, [Lr] = @p302, [PartyName] = @p303, [TotalValue] = @p304, [UnitPrice] = @p305, [VehicleNo] = @p306
      WHERE [DispId] = @p307;
      SELECT @@ROWCOUNT;
      
      UPDATE [TblDispatches] SET [BillID] = @p308, [ChallanNo] = @p309, [DeliveryNum] = @p310, [Destination] = @p311, [DisVid] = @p312, [DispatchDate] = @p313, [DispatchQuantity] = @p314, [FinalPrice] = @p315, [Lr] = @p316, [PartyName] = @p317, [TotalValue] = @p318, [UnitPrice] = @p319, [VehicleNo] = @p320
      WHERE [DispId] = @p321;
      SELECT @@ROWCOUNT;
      
      UPDATE [TblDispatches] SET [BillID] = @p322, [ChallanNo] = @p323, [DeliveryNum] = @p324, [Destination] = @p325, [DisVid] = @p326, [DispatchDate] = @p327, [DispatchQuantity] = @p328, [FinalPrice] = @p329, [Lr] = @p330, [PartyName] = @p331, [TotalValue] = @p332, [UnitPrice] = @p333, [VehicleNo] = @p334
      WHERE [DispId] = @p335;
      SELECT @@ROWCOUNT;
      
      UPDATE [TblDispatches] SET [BillID] = @p336, [ChallanNo] = @p337, [DeliveryNum] = @p338, [Destination] = @p339, [DisVid] = @p340, [DispatchDate] = @p341, [DispatchQuantity] = @p342, [FinalPrice] = @p343, [Lr] = @p344, [PartyName] = @p345, [TotalValue] = @p346, [UnitPrice] = @p347, [VehicleNo] = @p348
      WHERE [DispId] = @p349;
      SELECT @@ROWCOUNT;
info: Microsoft.EntityFrameworkCore.Infrastructure[10403]
      Entity Framework Core 6.0.21 initialized 'TransportMgmtContext' using provider 'Microsoft.EntityFrameworkCore.SqlServer:6.0.21' with options: CommandTimeout=120 
info: Microsoft.EntityFrameworkCore.Database.Command[20101]
      Executed DbCommand (7ms) [Parameters=[], CommandType='Text', CommandTimeout='120']
      SELECT [t].[FID], [t].[Address], [t].[Code], [t].[CreatedBy], [t].[CreatedOn], [t].[FactoryName], [t].[Gstin], [t].[IsActive], [t].[ModifiedBy], [t].[ModifiedOn]
      FROM [TblFactories] AS [t]
info: Microsoft.EntityFrameworkCore.Database.Command[20101]
      Executed DbCommand (1ms) [Parameters=[], CommandType='Text', CommandTimeout='120']
      SELECT [t].[FID], [t].[Address], [t].[Code], [t].[CreatedBy], [t].[CreatedOn], [t].[FactoryName], [t].[Gstin], [t].[IsActive], [t].[ModifiedBy], [t].[ModifiedOn]
      FROM [TblFactories] AS [t]
info: Microsoft.EntityFrameworkCore.Database.Command[20101]
      Executed DbCommand (3ms) [Parameters=[], CommandType='Text', CommandTimeout='120']
      SELECT [t].[DispId], [t].[BillID], [t].[ChallanNo], [t].[DeliveryNum], [t].[Destination], [t].[DisVid], [t].[DispatchDate], [t].[DispatchQuantity], [t].[FinalPrice], [t].[Lr], [t].[PartyName], [t].[TotalValue], [t].[UnitPrice], [t].[VehicleNo]
      FROM [TblDispatches] AS [t]
info: Microsoft.EntityFrameworkCore.Infrastructure[10403]
      Entity Framework Core 6.0.21 initialized 'TransportMgmtContext' using provider 'Microsoft.EntityFrameworkCore.SqlServer:6.0.21' with options: CommandTimeout=120 
info: Microsoft.EntityFrameworkCore.Database.Command[20101]
      Executed DbCommand (11ms) [Parameters=[@__dispatchId_0='?' (Size = 4000)], CommandType='Text', CommandTimeout='120']
      SELECT TOP(1) [t].[DispId], [t].[BillID], [t].[ChallanNo], [t].[DeliveryNum], [t].[Destination], [t].[DisVid], [t].[DispatchDate], [t].[DispatchQuantity], [t].[FinalPrice], [t].[Lr], [t].[PartyName], [t].[TotalValue], [t].[UnitPrice], [t].[VehicleNo]
      FROM [TblDispatches] AS [t]
      WHERE [t].[ChallanNo] = @__dispatchId_0
info: Microsoft.EntityFrameworkCore.Database.Command[20101]
      Executed DbCommand (10ms) [Parameters=[@__dispatchId_0='?' (Size = 4000)], CommandType='Text', CommandTimeout='120']
      SELECT TOP(1) [t].[DispId], [t].[BillID], [t].[ChallanNo], [t].[DeliveryNum], [t].[Destination], [t].[DisVid], [t].[DispatchDate], [t].[DispatchQuantity], [t].[FinalPrice], [t].[Lr], [t].[PartyName], [t].[TotalValue], [t].[UnitPrice], [t].[VehicleNo]
      FROM [TblDispatches] AS [t]
      WHERE [t].[ChallanNo] = @__dispatchId_0
info: Microsoft.EntityFrameworkCore.Database.Command[20101]
      Executed DbCommand (5ms) [Parameters=[@__billNumber_0='?' (Size = 4000)], CommandType='Text', CommandTimeout='120']
      SELECT TOP(1) [b].[BillID], [b].[ActualAmount], [b].[BillDate], [b].[BillNum], [b].[BillType], [b].[DeliveryNum], [b].[FID], [b].[Gst], [b].[GstDate], [b].[Lr], [b].[PId], [b].[PartyName], [b].[PaymentReceived], [b].[PaymentTablePId], [b].[Tds], [b].[TotalValue]
      FROM [BillTables] AS [b]
      WHERE [b].[BillNum] = @__billNumber_0
info: Microsoft.EntityFrameworkCore.Database.Command[20101]
      Executed DbCommand (10ms) [Parameters=[@p0='?' (DbType = Double), @p1='?' (DbType = DateTime2), @p2='?' (Size = 4000), @p3='?' (Size = 4000), @p4='?' (Size = 4000), @p5='?' (DbType = Int32), @p6='?' (DbType = Double), @p7='?' (DbType = DateTime2), @p8='?' (Size = 4000), @p9='?' (DbType = Int32), @p10='?' (Size = 4000), @p11='?' (DbType = Double), @p12='?' (DbType = Int32), @p13='?' (DbType = Double), @p14='?' (DbType = Double)], CommandType='Text', CommandTimeout='120']
      SET NOCOUNT ON;
      INSERT INTO [BillTables] ([ActualAmount], [BillDate], [BillNum], [BillType], [DeliveryNum], [FID], [Gst], [GstDate], [Lr], [PId], [PartyName], [PaymentReceived], [PaymentTablePId], [Tds], [TotalValue])
      VALUES (@p0, @p1, @p2, @p3, @p4, @p5, @p6, @p7, @p8, @p9, @p10, @p11, @p12, @p13, @p14);
      SELECT [BillID]
      FROM [BillTables]
      WHERE @@ROWCOUNT = 1 AND [BillID] = scope_identity();
info: Microsoft.EntityFrameworkCore.Database.Command[20101]
      Executed DbCommand (9ms) [Parameters=[@p2='?' (DbType = Int32), @p0='?' (DbType = Double), @p1='?' (DbType = Double)], CommandType='Text', CommandTimeout='120']
      SET NOCOUNT ON;
      UPDATE [TblDispatches] SET [FinalPrice] = @p0, [UnitPrice] = @p1
      WHERE [DispId] = @p2;
      SELECT @@ROWCOUNT;
info: Microsoft.EntityFrameworkCore.Database.Command[20101]
      Executed DbCommand (10ms) [Parameters=[@__dispatchId_0='?' (Size = 4000)], CommandType='Text', CommandTimeout='120']
      SELECT TOP(1) [t].[DispId], [t].[BillID], [t].[ChallanNo], [t].[DeliveryNum], [t].[Destination], [t].[DisVid], [t].[DispatchDate], [t].[DispatchQuantity], [t].[FinalPrice], [t].[Lr], [t].[PartyName], [t].[TotalValue], [t].[UnitPrice], [t].[VehicleNo]
      FROM [TblDispatches] AS [t]
      WHERE [t].[ChallanNo] = @__dispatchId_0
info: Microsoft.EntityFrameworkCore.Database.Command[20101]
      Executed DbCommand (10ms) [Parameters=[@__dispatchId_0='?' (Size = 4000)], CommandType='Text', CommandTimeout='120']
      SELECT TOP(1) [t].[DispId], [t].[BillID], [t].[ChallanNo], [t].[DeliveryNum], [t].[Destination], [t].[DisVid], [t].[DispatchDate], [t].[DispatchQuantity], [t].[FinalPrice], [t].[Lr], [t].[PartyName], [t].[TotalValue], [t].[UnitPrice], [t].[VehicleNo]
      FROM [TblDispatches] AS [t]
      WHERE [t].[ChallanNo] = @__dispatchId_0
info: Microsoft.EntityFrameworkCore.Database.Command[20101]
      Executed DbCommand (10ms) [Parameters=[@__dispatchId_0='?' (Size = 4000)], CommandType='Text', CommandTimeout='120']
      SELECT TOP(1) [t].[DispId], [t].[BillID], [t].[ChallanNo], [t].[DeliveryNum], [t].[Destination], [t].[DisVid], [t].[DispatchDate], [t].[DispatchQuantity], [t].[FinalPrice], [t].[Lr], [t].[PartyName], [t].[TotalValue], [t].[UnitPrice], [t].[VehicleNo]
      FROM [TblDispatches] AS [t]
      WHERE [t].[ChallanNo] = @__dispatchId_0
info: Microsoft.EntityFrameworkCore.Database.Command[20101]
      Executed DbCommand (9ms) [Parameters=[@__dispatchId_0='?' (Size = 4000)], CommandType='Text', CommandTimeout='120']
      SELECT TOP(1) [t].[DispId], [t].[BillID], [t].[ChallanNo], [t].[DeliveryNum], [t].[Destination], [t].[DisVid], [t].[DispatchDate], [t].[DispatchQuantity], [t].[FinalPrice], [t].[Lr], [t].[PartyName], [t].[TotalValue], [t].[UnitPrice], [t].[VehicleNo]
      FROM [TblDispatches] AS [t]
      WHERE [t].[ChallanNo] = @__dispatchId_0
info: Microsoft.EntityFrameworkCore.Database.Command[20101]
      Executed DbCommand (11ms) [Parameters=[@__dispatchId_0='?' (Size = 4000)], CommandType='Text', CommandTimeout='120']
      SELECT TOP(1) [t].[DispId], [t].[BillID], [t].[ChallanNo], [t].[DeliveryNum], [t].[Destination], [t].[DisVid], [t].[DispatchDate], [t].[DispatchQuantity], [t].[FinalPrice], [t].[Lr], [t].[PartyName], [t].[TotalValue], [t].[UnitPrice], [t].[VehicleNo]
      FROM [TblDispatches] AS [t]
      WHERE [t].[ChallanNo] = @__dispatchId_0
info: Microsoft.EntityFrameworkCore.Database.Command[20101]
      Executed DbCommand (13ms) [Parameters=[@__dispatchId_0='?' (Size = 4000)], CommandType='Text', CommandTimeout='120']
      SELECT TOP(1) [t].[DispId], [t].[BillID], [t].[ChallanNo], [t].[DeliveryNum], [t].[Destination], [t].[DisVid], [t].[DispatchDate], [t].[DispatchQuantity], [t].[FinalPrice], [t].[Lr], [t].[PartyName], [t].[TotalValue], [t].[UnitPrice], [t].[VehicleNo]
      FROM [TblDispatches] AS [t]
      WHERE [t].[ChallanNo] = @__dispatchId_0
info: Microsoft.EntityFrameworkCore.Database.Command[20101]
      Executed DbCommand (17ms) [Parameters=[@__dispatchId_0='?' (Size = 4000)], CommandType='Text', CommandTimeout='120']
      SELECT TOP(1) [t].[DispId], [t].[BillID], [t].[ChallanNo], [t].[DeliveryNum], [t].[Destination], [t].[DisVid], [t].[DispatchDate], [t].[DispatchQuantity], [t].[FinalPrice], [t].[Lr], [t].[PartyName], [t].[TotalValue], [t].[UnitPrice], [t].[VehicleNo]
      FROM [TblDispatches] AS [t]
      WHERE [t].[ChallanNo] = @__dispatchId_0
info: Microsoft.EntityFrameworkCore.Database.Command[20101]
      Executed DbCommand (12ms) [Parameters=[@__dispatchId_0='?' (Size = 4000)], CommandType='Text', CommandTimeout='120']
      SELECT TOP(1) [t].[DispId], [t].[BillID], [t].[ChallanNo], [t].[DeliveryNum], [t].[Destination], [t].[DisVid], [t].[DispatchDate], [t].[DispatchQuantity], [t].[FinalPrice], [t].[Lr], [t].[PartyName], [t].[TotalValue], [t].[UnitPrice], [t].[VehicleNo]
      FROM [TblDispatches] AS [t]
      WHERE [t].[ChallanNo] = @__dispatchId_0
info: Microsoft.EntityFrameworkCore.Database.Command[20101]
      Executed DbCommand (13ms) [Parameters=[@__dispatchId_0='?' (Size = 4000)], CommandType='Text', CommandTimeout='120']
      SELECT TOP(1) [t].[DispId], [t].[BillID], [t].[ChallanNo], [t].[DeliveryNum], [t].[Destination], [t].[DisVid], [t].[DispatchDate], [t].[DispatchQuantity], [t].[FinalPrice], [t].[Lr], [t].[PartyName], [t].[TotalValue], [t].[UnitPrice], [t].[VehicleNo]
      FROM [TblDispatches] AS [t]
      WHERE [t].[ChallanNo] = @__dispatchId_0
info: Microsoft.EntityFrameworkCore.Database.Command[20101]
      Executed DbCommand (13ms) [Parameters=[@__dispatchId_0='?' (Size = 4000)], CommandType='Text', CommandTimeout='120']
      SELECT TOP(1) [t].[DispId], [t].[BillID], [t].[ChallanNo], [t].[DeliveryNum], [t].[Destination], [t].[DisVid], [t].[DispatchDate], [t].[DispatchQuantity], [t].[FinalPrice], [t].[Lr], [t].[PartyName], [t].[TotalValue], [t].[UnitPrice], [t].[VehicleNo]
      FROM [TblDispatches] AS [t]
      WHERE [t].[ChallanNo] = @__dispatchId_0
info: Microsoft.EntityFrameworkCore.Database.Command[20101]
      Executed DbCommand (8ms) [Parameters=[@__dispatchId_0='?' (Size = 4000)], CommandType='Text', CommandTimeout='120']
      SELECT TOP(1) [t].[DispId], [t].[BillID], [t].[ChallanNo], [t].[DeliveryNum], [t].[Destination], [t].[DisVid], [t].[DispatchDate], [t].[DispatchQuantity], [t].[FinalPrice], [t].[Lr], [t].[PartyName], [t].[TotalValue], [t].[UnitPrice], [t].[VehicleNo]
      FROM [TblDispatches] AS [t]
      WHERE [t].[ChallanNo] = @__dispatchId_0
info: Microsoft.EntityFrameworkCore.Database.Command[20101]
      Executed DbCommand (11ms) [Parameters=[@__dispatchId_0='?' (Size = 4000)], CommandType='Text', CommandTimeout='120']
      SELECT TOP(1) [t].[DispId], [t].[BillID], [t].[ChallanNo], [t].[DeliveryNum], [t].[Destination], [t].[DisVid], [t].[DispatchDate], [t].[DispatchQuantity], [t].[FinalPrice], [t].[Lr], [t].[PartyName], [t].[TotalValue], [t].[UnitPrice], [t].[VehicleNo]
      FROM [TblDispatches] AS [t]
      WHERE [t].[ChallanNo] = @__dispatchId_0
info: Microsoft.EntityFrameworkCore.Database.Command[20101]
      Executed DbCommand (74ms) [Parameters=[@p13='?' (DbType = Int32), @p0='?' (DbType = Int32), @p1='?' (Size = 4000), @p2='?' (Size = 4000), @p3='?' (Size = 4000), @p4='?' (DbType = Int32), @p5='?' (DbType = DateTime2), @p6='?' (DbType = Double), @p7='?' (DbType = Double), @p8='?' (Size = 4000), @p9='?' (Size = 4000), @p10='?' (DbType = Double), @p11='?' (DbType = Double), @p12='?' (Size = 4000), @p27='?' (DbType = Int32), @p14='?' (DbType = Int32), @p15='?' (Size = 4000), @p16='?' (Size = 4000), @p17='?' (Size = 4000), @p18='?' (DbType = Int32), @p19='?' (DbType = DateTime2), @p20='?' (DbType = Double), @p21='?' (DbType = Double), @p22='?' (Size = 4000), @p23='?' (Size = 4000), @p24='?' (DbType = Double), @p25='?' (DbType = Double), @p26='?' (Size = 4000), @p41='?' (DbType = Int32), @p28='?' (DbType = Int32), @p29='?' (Size = 4000), @p30='?' (Size = 4000), @p31='?' (Size = 4000), @p32='?' (DbType = Int32), @p33='?' (DbType = DateTime2), @p34='?' (DbType = Double), @p35='?' (DbType = Double), @p36='?' (Size = 4000), @p37='?' (Size = 4000), @p38='?' (DbType = Double), @p39='?' (DbType = Double), @p40='?' (Size = 4000), @p55='?' (DbType = Int32), @p42='?' (DbType = Int32), @p43='?' (Size = 4000), @p44='?' (Size = 4000), @p45='?' (Size = 4000), @p46='?' (DbType = Int32), @p47='?' (DbType = DateTime2), @p48='?' (DbType = Double), @p49='?' (DbType = Double), @p50='?' (Size = 4000), @p51='?' (Size = 4000), @p52='?' (DbType = Double), @p53='?' (DbType = Double), @p54='?' (Size = 4000), @p69='?' (DbType = Int32), @p56='?' (DbType = Int32), @p57='?' (Size = 4000), @p58='?' (Size = 4000), @p59='?' (Size = 4000), @p60='?' (DbType = Int32), @p61='?' (DbType = DateTime2), @p62='?' (DbType = Double), @p63='?' (DbType = Double), @p64='?' (Size = 4000), @p65='?' (Size = 4000), @p66='?' (DbType = Double), @p67='?' (DbType = Double), @p68='?' (Size = 4000), @p83='?' (DbType = Int32), @p70='?' (DbType = Int32), @p71='?' (Size = 4000), @p72='?' (Size = 4000), @p73='?' (Size = 4000), @p74='?' (DbType = Int32), @p75='?' (DbType = DateTime2), @p76='?' (DbType = Double), @p77='?' (DbType = Double), @p78='?' (Size = 4000), @p79='?' (Size = 4000), @p80='?' (DbType = Double), @p81='?' (DbType = Double), @p82='?' (Size = 4000), @p97='?' (DbType = Int32), @p84='?' (DbType = Int32), @p85='?' (Size = 4000), @p86='?' (Size = 4000), @p87='?' (Size = 4000), @p88='?' (DbType = Int32), @p89='?' (DbType = DateTime2), @p90='?' (DbType = Double), @p91='?' (DbType = Double), @p92='?' (Size = 4000), @p93='?' (Size = 4000), @p94='?' (DbType = Double), @p95='?' (DbType = Double), @p96='?' (Size = 4000), @p111='?' (DbType = Int32), @p98='?' (DbType = Int32), @p99='?' (Size = 4000), @p100='?' (Size = 4000), @p101='?' (Size = 4000), @p102='?' (DbType = Int32), @p103='?' (DbType = DateTime2), @p104='?' (DbType = Double), @p105='?' (DbType = Double), @p106='?' (Size = 4000), @p107='?' (Size = 4000), @p108='?' (DbType = Double), @p109='?' (DbType = Double), @p110='?' (Size = 4000), @p125='?' (DbType = Int32), @p112='?' (DbType = Int32), @p113='?' (Size = 4000), @p114='?' (Size = 4000), @p115='?' (Size = 4000), @p116='?' (DbType = Int32), @p117='?' (DbType = DateTime2), @p118='?' (DbType = Double), @p119='?' (DbType = Double), @p120='?' (Size = 4000), @p121='?' (Size = 4000), @p122='?' (DbType = Double), @p123='?' (DbType = Double), @p124='?' (Size = 4000), @p139='?' (DbType = Int32), @p126='?' (DbType = Int32), @p127='?' (Size = 4000), @p128='?' (Size = 4000), @p129='?' (Size = 4000), @p130='?' (DbType = Int32), @p131='?' (DbType = DateTime2), @p132='?' (DbType = Double), @p133='?' (DbType = Double), @p134='?' (Size = 4000), @p135='?' (Size = 4000), @p136='?' (DbType = Double), @p137='?' (DbType = Double), @p138='?' (Size = 4000), @p153='?' (DbType = Int32), @p140='?' (DbType = Int32), @p141='?' (Size = 4000), @p142='?' (Size = 4000), @p143='?' (Size = 4000), @p144='?' (DbType = Int32), @p145='?' (DbType = DateTime2), @p146='?' (DbType = Double), @p147='?' (DbType = Double), @p148='?' (Size = 4000), @p149='?' (Size = 4000), @p150='?' (DbType = Double), @p151='?' (DbType = Double), @p152='?' (Size = 4000), @p167='?' (DbType = Int32), @p154='?' (DbType = Int32), @p155='?' (Size = 4000), @p156='?' (Size = 4000), @p157='?' (Size = 4000), @p158='?' (DbType = Int32), @p159='?' (DbType = DateTime2), @p160='?' (DbType = Double), @p161='?' (DbType = Double), @p162='?' (Size = 4000), @p163='?' (Size = 4000), @p164='?' (DbType = Double), @p165='?' (DbType = Double), @p166='?' (Size = 4000)], CommandType='Text', CommandTimeout='120']
      SET NOCOUNT ON;
      UPDATE [TblDispatches] SET [BillID] = @p0, [ChallanNo] = @p1, [DeliveryNum] = @p2, [Destination] = @p3, [DisVid] = @p4, [DispatchDate] = @p5, [DispatchQuantity] = @p6, [FinalPrice] = @p7, [Lr] = @p8, [PartyName] = @p9, [TotalValue] = @p10, [UnitPrice] = @p11, [VehicleNo] = @p12
      WHERE [DispId] = @p13;
      SELECT @@ROWCOUNT;
      
      UPDATE [TblDispatches] SET [BillID] = @p14, [ChallanNo] = @p15, [DeliveryNum] = @p16, [Destination] = @p17, [DisVid] = @p18, [DispatchDate] = @p19, [DispatchQuantity] = @p20, [FinalPrice] = @p21, [Lr] = @p22, [PartyName] = @p23, [TotalValue] = @p24, [UnitPrice] = @p25, [VehicleNo] = @p26
      WHERE [DispId] = @p27;
      SELECT @@ROWCOUNT;
      
      UPDATE [TblDispatches] SET [BillID] = @p28, [ChallanNo] = @p29, [DeliveryNum] = @p30, [Destination] = @p31, [DisVid] = @p32, [DispatchDate] = @p33, [DispatchQuantity] = @p34, [FinalPrice] = @p35, [Lr] = @p36, [PartyName] = @p37, [TotalValue] = @p38, [UnitPrice] = @p39, [VehicleNo] = @p40
      WHERE [DispId] = @p41;
      SELECT @@ROWCOUNT;
      
      UPDATE [TblDispatches] SET [BillID] = @p42, [ChallanNo] = @p43, [DeliveryNum] = @p44, [Destination] = @p45, [DisVid] = @p46, [DispatchDate] = @p47, [DispatchQuantity] = @p48, [FinalPrice] = @p49, [Lr] = @p50, [PartyName] = @p51, [TotalValue] = @p52, [UnitPrice] = @p53, [VehicleNo] = @p54
      WHERE [DispId] = @p55;
      SELECT @@ROWCOUNT;
      
      UPDATE [TblDispatches] SET [BillID] = @p56, [ChallanNo] = @p57, [DeliveryNum] = @p58, [Destination] = @p59, [DisVid] = @p60, [DispatchDate] = @p61, [DispatchQuantity] = @p62, [FinalPrice] = @p63, [Lr] = @p64, [PartyName] = @p65, [TotalValue] = @p66, [UnitPrice] = @p67, [VehicleNo] = @p68
      WHERE [DispId] = @p69;
      SELECT @@ROWCOUNT;
      
      UPDATE [TblDispatches] SET [BillID] = @p70, [ChallanNo] = @p71, [DeliveryNum] = @p72, [Destination] = @p73, [DisVid] = @p74, [DispatchDate] = @p75, [DispatchQuantity] = @p76, [FinalPrice] = @p77, [Lr] = @p78, [PartyName] = @p79, [TotalValue] = @p80, [UnitPrice] = @p81, [VehicleNo] = @p82
      WHERE [DispId] = @p83;
      SELECT @@ROWCOUNT;
      
      UPDATE [TblDispatches] SET [BillID] = @p84, [ChallanNo] = @p85, [DeliveryNum] = @p86, [Destination] = @p87, [DisVid] = @p88, [DispatchDate] = @p89, [DispatchQuantity] = @p90, [FinalPrice] = @p91, [Lr] = @p92, [PartyName] = @p93, [TotalValue] = @p94, [UnitPrice] = @p95, [VehicleNo] = @p96
      WHERE [DispId] = @p97;
      SELECT @@ROWCOUNT;
      
      UPDATE [TblDispatches] SET [BillID] = @p98, [ChallanNo] = @p99, [DeliveryNum] = @p100, [Destination] = @p101, [DisVid] = @p102, [DispatchDate] = @p103, [DispatchQuantity] = @p104, [FinalPrice] = @p105, [Lr] = @p106, [PartyName] = @p107, [TotalValue] = @p108, [UnitPrice] = @p109, [VehicleNo] = @p110
      WHERE [DispId] = @p111;
      SELECT @@ROWCOUNT;
      
      UPDATE [TblDispatches] SET [BillID] = @p112, [ChallanNo] = @p113, [DeliveryNum] = @p114, [Destination] = @p115, [DisVid] = @p116, [DispatchDate] = @p117, [DispatchQuantity] = @p118, [FinalPrice] = @p119, [Lr] = @p120, [PartyName] = @p121, [TotalValue] = @p122, [UnitPrice] = @p123, [VehicleNo] = @p124
      WHERE [DispId] = @p125;
      SELECT @@ROWCOUNT;
      
      UPDATE [TblDispatches] SET [BillID] = @p126, [ChallanNo] = @p127, [DeliveryNum] = @p128, [Destination] = @p129, [DisVid] = @p130, [DispatchDate] = @p131, [DispatchQuantity] = @p132, [FinalPrice] = @p133, [Lr] = @p134, [PartyName] = @p135, [TotalValue] = @p136, [UnitPrice] = @p137, [VehicleNo] = @p138
      WHERE [DispId] = @p139;
      SELECT @@ROWCOUNT;
      
      UPDATE [TblDispatches] SET [BillID] = @p140, [ChallanNo] = @p141, [DeliveryNum] = @p142, [Destination] = @p143, [DisVid] = @p144, [DispatchDate] = @p145, [DispatchQuantity] = @p146, [FinalPrice] = @p147, [Lr] = @p148, [PartyName] = @p149, [TotalValue] = @p150, [UnitPrice] = @p151, [VehicleNo] = @p152
      WHERE [DispId] = @p153;
      SELECT @@ROWCOUNT;
      
      UPDATE [TblDispatches] SET [BillID] = @p154, [ChallanNo] = @p155, [DeliveryNum] = @p156, [Destination] = @p157, [DisVid] = @p158, [DispatchDate] = @p159, [DispatchQuantity] = @p160, [FinalPrice] = @p161, [Lr] = @p162, [PartyName] = @p163, [TotalValue] = @p164, [UnitPrice] = @p165, [VehicleNo] = @p166
      WHERE [DispId] = @p167;
      SELECT @@ROWCOUNT;
info: Microsoft.EntityFrameworkCore.Infrastructure[10403]
      Entity Framework Core 6.0.21 initialized 'TransportMgmtContext' using provider 'Microsoft.EntityFrameworkCore.SqlServer:6.0.21' with options: CommandTimeout=120 
info: Microsoft.EntityFrameworkCore.Database.Command[20101]
      Executed DbCommand (4ms) [Parameters=[], CommandType='Text', CommandTimeout='120']
      SELECT [t].[FID], [t].[Address], [t].[Code], [t].[CreatedBy], [t].[CreatedOn], [t].[FactoryName], [t].[Gstin], [t].[IsActive], [t].[ModifiedBy], [t].[ModifiedOn]
      FROM [TblFactories] AS [t]
info: Microsoft.EntityFrameworkCore.Database.Command[20101]
      Executed DbCommand (1ms) [Parameters=[], CommandType='Text', CommandTimeout='120']
      SELECT [t].[FID], [t].[Address], [t].[Code], [t].[CreatedBy], [t].[CreatedOn], [t].[FactoryName], [t].[Gstin], [t].[IsActive], [t].[ModifiedBy], [t].[ModifiedOn]
      FROM [TblFactories] AS [t]
info: Microsoft.EntityFrameworkCore.Database.Command[20101]
      Executed DbCommand (89ms) [Parameters=[], CommandType='Text', CommandTimeout='120']
      SELECT [t].[DispId], [t].[BillID], [t].[ChallanNo], [t].[DeliveryNum], [t].[Destination], [t].[DisVid], [t].[DispatchDate], [t].[DispatchQuantity], [t].[FinalPrice], [t].[Lr], [t].[PartyName], [t].[TotalValue], [t].[UnitPrice], [t].[VehicleNo]
      FROM [TblDispatches] AS [t]
info: Microsoft.EntityFrameworkCore.Infrastructure[10403]
      Entity Framework Core 6.0.21 initialized 'TransportMgmtContext' using provider 'Microsoft.EntityFrameworkCore.SqlServer:6.0.21' with options: CommandTimeout=120 
info: Microsoft.EntityFrameworkCore.Database.Command[20101]
      Executed DbCommand (9ms) [Parameters=[@__dispatchId_0='?' (Size = 4000)], CommandType='Text', CommandTimeout='120']
      SELECT TOP(1) [t].[DispId], [t].[BillID], [t].[ChallanNo], [t].[DeliveryNum], [t].[Destination], [t].[DisVid], [t].[DispatchDate], [t].[DispatchQuantity], [t].[FinalPrice], [t].[Lr], [t].[PartyName], [t].[TotalValue], [t].[UnitPrice], [t].[VehicleNo]
      FROM [TblDispatches] AS [t]
      WHERE [t].[ChallanNo] = @__dispatchId_0
info: Microsoft.EntityFrameworkCore.Database.Command[20101]
      Executed DbCommand (8ms) [Parameters=[@__dispatchId_0='?' (Size = 4000)], CommandType='Text', CommandTimeout='120']
      SELECT TOP(1) [t].[DispId], [t].[BillID], [t].[ChallanNo], [t].[DeliveryNum], [t].[Destination], [t].[DisVid], [t].[DispatchDate], [t].[DispatchQuantity], [t].[FinalPrice], [t].[Lr], [t].[PartyName], [t].[TotalValue], [t].[UnitPrice], [t].[VehicleNo]
      FROM [TblDispatches] AS [t]
      WHERE [t].[ChallanNo] = @__dispatchId_0
info: Microsoft.EntityFrameworkCore.Database.Command[20101]
      Executed DbCommand (5ms) [Parameters=[@__billNumber_0='?' (Size = 4000)], CommandType='Text', CommandTimeout='120']
      SELECT TOP(1) [b].[BillID], [b].[ActualAmount], [b].[BillDate], [b].[BillNum], [b].[BillType], [b].[DeliveryNum], [b].[FID], [b].[Gst], [b].[GstDate], [b].[Lr], [b].[PId], [b].[PartyName], [b].[PaymentReceived], [b].[PaymentTablePId], [b].[Tds], [b].[TotalValue]
      FROM [BillTables] AS [b]
      WHERE [b].[BillNum] = @__billNumber_0
info: Microsoft.EntityFrameworkCore.Database.Command[20101]
      Executed DbCommand (12ms) [Parameters=[@p0='?' (DbType = Double), @p1='?' (DbType = DateTime2), @p2='?' (Size = 4000), @p3='?' (Size = 4000), @p4='?' (Size = 4000), @p5='?' (DbType = Int32), @p6='?' (DbType = Double), @p7='?' (DbType = DateTime2), @p8='?' (Size = 4000), @p9='?' (DbType = Int32), @p10='?' (Size = 4000), @p11='?' (DbType = Double), @p12='?' (DbType = Int32), @p13='?' (DbType = Double), @p14='?' (DbType = Double)], CommandType='Text', CommandTimeout='120']
      SET NOCOUNT ON;
      INSERT INTO [BillTables] ([ActualAmount], [BillDate], [BillNum], [BillType], [DeliveryNum], [FID], [Gst], [GstDate], [Lr], [PId], [PartyName], [PaymentReceived], [PaymentTablePId], [Tds], [TotalValue])
      VALUES (@p0, @p1, @p2, @p3, @p4, @p5, @p6, @p7, @p8, @p9, @p10, @p11, @p12, @p13, @p14);
      SELECT [BillID]
      FROM [BillTables]
      WHERE @@ROWCOUNT = 1 AND [BillID] = scope_identity();
info: Microsoft.EntityFrameworkCore.Database.Command[20101]
      Executed DbCommand (14ms) [Parameters=[@p2='?' (DbType = Int32), @p0='?' (DbType = Double), @p1='?' (DbType = Double)], CommandType='Text', CommandTimeout='120']
      SET NOCOUNT ON;
      UPDATE [TblDispatches] SET [FinalPrice] = @p0, [UnitPrice] = @p1
      WHERE [DispId] = @p2;
      SELECT @@ROWCOUNT;
info: Microsoft.EntityFrameworkCore.Database.Command[20101]
      Executed DbCommand (8ms) [Parameters=[@__dispatchId_0='?' (Size = 4000)], CommandType='Text', CommandTimeout='120']
      SELECT TOP(1) [t].[DispId], [t].[BillID], [t].[ChallanNo], [t].[DeliveryNum], [t].[Destination], [t].[DisVid], [t].[DispatchDate], [t].[DispatchQuantity], [t].[FinalPrice], [t].[Lr], [t].[PartyName], [t].[TotalValue], [t].[UnitPrice], [t].[VehicleNo]
      FROM [TblDispatches] AS [t]
      WHERE [t].[ChallanNo] = @__dispatchId_0
info: Microsoft.EntityFrameworkCore.Database.Command[20101]
      Executed DbCommand (7ms) [Parameters=[@__dispatchId_0='?' (Size = 4000)], CommandType='Text', CommandTimeout='120']
      SELECT TOP(1) [t].[DispId], [t].[BillID], [t].[ChallanNo], [t].[DeliveryNum], [t].[Destination], [t].[DisVid], [t].[DispatchDate], [t].[DispatchQuantity], [t].[FinalPrice], [t].[Lr], [t].[PartyName], [t].[TotalValue], [t].[UnitPrice], [t].[VehicleNo]
      FROM [TblDispatches] AS [t]
      WHERE [t].[ChallanNo] = @__dispatchId_0
info: Microsoft.EntityFrameworkCore.Database.Command[20101]
      Executed DbCommand (8ms) [Parameters=[@__dispatchId_0='?' (Size = 4000)], CommandType='Text', CommandTimeout='120']
      SELECT TOP(1) [t].[DispId], [t].[BillID], [t].[ChallanNo], [t].[DeliveryNum], [t].[Destination], [t].[DisVid], [t].[DispatchDate], [t].[DispatchQuantity], [t].[FinalPrice], [t].[Lr], [t].[PartyName], [t].[TotalValue], [t].[UnitPrice], [t].[VehicleNo]
      FROM [TblDispatches] AS [t]
      WHERE [t].[ChallanNo] = @__dispatchId_0
info: Microsoft.EntityFrameworkCore.Database.Command[20101]
      Executed DbCommand (9ms) [Parameters=[@__dispatchId_0='?' (Size = 4000)], CommandType='Text', CommandTimeout='120']
      SELECT TOP(1) [t].[DispId], [t].[BillID], [t].[ChallanNo], [t].[DeliveryNum], [t].[Destination], [t].[DisVid], [t].[DispatchDate], [t].[DispatchQuantity], [t].[FinalPrice], [t].[Lr], [t].[PartyName], [t].[TotalValue], [t].[UnitPrice], [t].[VehicleNo]
      FROM [TblDispatches] AS [t]
      WHERE [t].[ChallanNo] = @__dispatchId_0
info: Microsoft.EntityFrameworkCore.Database.Command[20101]
      Executed DbCommand (9ms) [Parameters=[@__dispatchId_0='?' (Size = 4000)], CommandType='Text', CommandTimeout='120']
      SELECT TOP(1) [t].[DispId], [t].[BillID], [t].[ChallanNo], [t].[DeliveryNum], [t].[Destination], [t].[DisVid], [t].[DispatchDate], [t].[DispatchQuantity], [t].[FinalPrice], [t].[Lr], [t].[PartyName], [t].[TotalValue], [t].[UnitPrice], [t].[VehicleNo]
      FROM [TblDispatches] AS [t]
      WHERE [t].[ChallanNo] = @__dispatchId_0
info: Microsoft.EntityFrameworkCore.Database.Command[20101]
      Executed DbCommand (11ms) [Parameters=[@__dispatchId_0='?' (Size = 4000)], CommandType='Text', CommandTimeout='120']
      SELECT TOP(1) [t].[DispId], [t].[BillID], [t].[ChallanNo], [t].[DeliveryNum], [t].[Destination], [t].[DisVid], [t].[DispatchDate], [t].[DispatchQuantity], [t].[FinalPrice], [t].[Lr], [t].[PartyName], [t].[TotalValue], [t].[UnitPrice], [t].[VehicleNo]
      FROM [TblDispatches] AS [t]
      WHERE [t].[ChallanNo] = @__dispatchId_0
info: Microsoft.EntityFrameworkCore.Database.Command[20101]
      Executed DbCommand (9ms) [Parameters=[@__dispatchId_0='?' (Size = 4000)], CommandType='Text', CommandTimeout='120']
      SELECT TOP(1) [t].[DispId], [t].[BillID], [t].[ChallanNo], [t].[DeliveryNum], [t].[Destination], [t].[DisVid], [t].[DispatchDate], [t].[DispatchQuantity], [t].[FinalPrice], [t].[Lr], [t].[PartyName], [t].[TotalValue], [t].[UnitPrice], [t].[VehicleNo]
      FROM [TblDispatches] AS [t]
      WHERE [t].[ChallanNo] = @__dispatchId_0
info: Microsoft.EntityFrameworkCore.Database.Command[20101]
      Executed DbCommand (11ms) [Parameters=[@__dispatchId_0='?' (Size = 4000)], CommandType='Text', CommandTimeout='120']
      SELECT TOP(1) [t].[DispId], [t].[BillID], [t].[ChallanNo], [t].[DeliveryNum], [t].[Destination], [t].[DisVid], [t].[DispatchDate], [t].[DispatchQuantity], [t].[FinalPrice], [t].[Lr], [t].[PartyName], [t].[TotalValue], [t].[UnitPrice], [t].[VehicleNo]
      FROM [TblDispatches] AS [t]
      WHERE [t].[ChallanNo] = @__dispatchId_0
info: Microsoft.EntityFrameworkCore.Database.Command[20101]
      Executed DbCommand (14ms) [Parameters=[@__dispatchId_0='?' (Size = 4000)], CommandType='Text', CommandTimeout='120']
      SELECT TOP(1) [t].[DispId], [t].[BillID], [t].[ChallanNo], [t].[DeliveryNum], [t].[Destination], [t].[DisVid], [t].[DispatchDate], [t].[DispatchQuantity], [t].[FinalPrice], [t].[Lr], [t].[PartyName], [t].[TotalValue], [t].[UnitPrice], [t].[VehicleNo]
      FROM [TblDispatches] AS [t]
      WHERE [t].[ChallanNo] = @__dispatchId_0
info: Microsoft.EntityFrameworkCore.Database.Command[20101]
      Executed DbCommand (12ms) [Parameters=[@__dispatchId_0='?' (Size = 4000)], CommandType='Text', CommandTimeout='120']
      SELECT TOP(1) [t].[DispId], [t].[BillID], [t].[ChallanNo], [t].[DeliveryNum], [t].[Destination], [t].[DisVid], [t].[DispatchDate], [t].[DispatchQuantity], [t].[FinalPrice], [t].[Lr], [t].[PartyName], [t].[TotalValue], [t].[UnitPrice], [t].[VehicleNo]
      FROM [TblDispatches] AS [t]
      WHERE [t].[ChallanNo] = @__dispatchId_0
info: Microsoft.EntityFrameworkCore.Database.Command[20101]
      Executed DbCommand (11ms) [Parameters=[@__dispatchId_0='?' (Size = 4000)], CommandType='Text', CommandTimeout='120']
      SELECT TOP(1) [t].[DispId], [t].[BillID], [t].[ChallanNo], [t].[DeliveryNum], [t].[Destination], [t].[DisVid], [t].[DispatchDate], [t].[DispatchQuantity], [t].[FinalPrice], [t].[Lr], [t].[PartyName], [t].[TotalValue], [t].[UnitPrice], [t].[VehicleNo]
      FROM [TblDispatches] AS [t]
      WHERE [t].[ChallanNo] = @__dispatchId_0
info: Microsoft.EntityFrameworkCore.Database.Command[20101]
      Executed DbCommand (14ms) [Parameters=[@__dispatchId_0='?' (Size = 4000)], CommandType='Text', CommandTimeout='120']
      SELECT TOP(1) [t].[DispId], [t].[BillID], [t].[ChallanNo], [t].[DeliveryNum], [t].[Destination], [t].[DisVid], [t].[DispatchDate], [t].[DispatchQuantity], [t].[FinalPrice], [t].[Lr], [t].[PartyName], [t].[TotalValue], [t].[UnitPrice], [t].[VehicleNo]
      FROM [TblDispatches] AS [t]
      WHERE [t].[ChallanNo] = @__dispatchId_0
info: Microsoft.EntityFrameworkCore.Database.Command[20101]
      Executed DbCommand (13ms) [Parameters=[@__dispatchId_0='?' (Size = 4000)], CommandType='Text', CommandTimeout='120']
      SELECT TOP(1) [t].[DispId], [t].[BillID], [t].[ChallanNo], [t].[DeliveryNum], [t].[Destination], [t].[DisVid], [t].[DispatchDate], [t].[DispatchQuantity], [t].[FinalPrice], [t].[Lr], [t].[PartyName], [t].[TotalValue], [t].[UnitPrice], [t].[VehicleNo]
      FROM [TblDispatches] AS [t]
      WHERE [t].[ChallanNo] = @__dispatchId_0
info: Microsoft.EntityFrameworkCore.Database.Command[20101]
      Executed DbCommand (11ms) [Parameters=[@__dispatchId_0='?' (Size = 4000)], CommandType='Text', CommandTimeout='120']
      SELECT TOP(1) [t].[DispId], [t].[BillID], [t].[ChallanNo], [t].[DeliveryNum], [t].[Destination], [t].[DisVid], [t].[DispatchDate], [t].[DispatchQuantity], [t].[FinalPrice], [t].[Lr], [t].[PartyName], [t].[TotalValue], [t].[UnitPrice], [t].[VehicleNo]
      FROM [TblDispatches] AS [t]
      WHERE [t].[ChallanNo] = @__dispatchId_0
info: Microsoft.EntityFrameworkCore.Database.Command[20101]
      Executed DbCommand (7ms) [Parameters=[@__dispatchId_0='?' (Size = 4000)], CommandType='Text', CommandTimeout='120']
      SELECT TOP(1) [t].[DispId], [t].[BillID], [t].[ChallanNo], [t].[DeliveryNum], [t].[Destination], [t].[DisVid], [t].[DispatchDate], [t].[DispatchQuantity], [t].[FinalPrice], [t].[Lr], [t].[PartyName], [t].[TotalValue], [t].[UnitPrice], [t].[VehicleNo]
      FROM [TblDispatches] AS [t]
      WHERE [t].[ChallanNo] = @__dispatchId_0
info: Microsoft.EntityFrameworkCore.Database.Command[20101]
      Executed DbCommand (18ms) [Parameters=[@__dispatchId_0='?' (Size = 4000)], CommandType='Text', CommandTimeout='120']
      SELECT TOP(1) [t].[DispId], [t].[BillID], [t].[ChallanNo], [t].[DeliveryNum], [t].[Destination], [t].[DisVid], [t].[DispatchDate], [t].[DispatchQuantity], [t].[FinalPrice], [t].[Lr], [t].[PartyName], [t].[TotalValue], [t].[UnitPrice], [t].[VehicleNo]
      FROM [TblDispatches] AS [t]
      WHERE [t].[ChallanNo] = @__dispatchId_0
info: Microsoft.EntityFrameworkCore.Database.Command[20101]
      Executed DbCommand (10ms) [Parameters=[@__dispatchId_0='?' (Size = 4000)], CommandType='Text', CommandTimeout='120']
      SELECT TOP(1) [t].[DispId], [t].[BillID], [t].[ChallanNo], [t].[DeliveryNum], [t].[Destination], [t].[DisVid], [t].[DispatchDate], [t].[DispatchQuantity], [t].[FinalPrice], [t].[Lr], [t].[PartyName], [t].[TotalValue], [t].[UnitPrice], [t].[VehicleNo]
      FROM [TblDispatches] AS [t]
      WHERE [t].[ChallanNo] = @__dispatchId_0
info: Microsoft.EntityFrameworkCore.Database.Command[20101]
      Executed DbCommand (6ms) [Parameters=[@__dispatchId_0='?' (Size = 4000)], CommandType='Text', CommandTimeout='120']
      SELECT TOP(1) [t].[DispId], [t].[BillID], [t].[ChallanNo], [t].[DeliveryNum], [t].[Destination], [t].[DisVid], [t].[DispatchDate], [t].[DispatchQuantity], [t].[FinalPrice], [t].[Lr], [t].[PartyName], [t].[TotalValue], [t].[UnitPrice], [t].[VehicleNo]
      FROM [TblDispatches] AS [t]
      WHERE [t].[ChallanNo] = @__dispatchId_0
info: Microsoft.EntityFrameworkCore.Database.Command[20101]
      Executed DbCommand (10ms) [Parameters=[@__dispatchId_0='?' (Size = 4000)], CommandType='Text', CommandTimeout='120']
      SELECT TOP(1) [t].[DispId], [t].[BillID], [t].[ChallanNo], [t].[DeliveryNum], [t].[Destination], [t].[DisVid], [t].[DispatchDate], [t].[DispatchQuantity], [t].[FinalPrice], [t].[Lr], [t].[PartyName], [t].[TotalValue], [t].[UnitPrice], [t].[VehicleNo]
      FROM [TblDispatches] AS [t]
      WHERE [t].[ChallanNo] = @__dispatchId_0
info: Microsoft.EntityFrameworkCore.Database.Command[20101]
      Executed DbCommand (10ms) [Parameters=[@__dispatchId_0='?' (Size = 4000)], CommandType='Text', CommandTimeout='120']
      SELECT TOP(1) [t].[DispId], [t].[BillID], [t].[ChallanNo], [t].[DeliveryNum], [t].[Destination], [t].[DisVid], [t].[DispatchDate], [t].[DispatchQuantity], [t].[FinalPrice], [t].[Lr], [t].[PartyName], [t].[TotalValue], [t].[UnitPrice], [t].[VehicleNo]
      FROM [TblDispatches] AS [t]
      WHERE [t].[ChallanNo] = @__dispatchId_0
info: Microsoft.EntityFrameworkCore.Database.Command[20101]
      Executed DbCommand (11ms) [Parameters=[@__dispatchId_0='?' (Size = 4000)], CommandType='Text', CommandTimeout='120']
      SELECT TOP(1) [t].[DispId], [t].[BillID], [t].[ChallanNo], [t].[DeliveryNum], [t].[Destination], [t].[DisVid], [t].[DispatchDate], [t].[DispatchQuantity], [t].[FinalPrice], [t].[Lr], [t].[PartyName], [t].[TotalValue], [t].[UnitPrice], [t].[VehicleNo]
      FROM [TblDispatches] AS [t]
      WHERE [t].[ChallanNo] = @__dispatchId_0
info: Microsoft.EntityFrameworkCore.Database.Command[20101]
      Executed DbCommand (9ms) [Parameters=[@__dispatchId_0='?' (Size = 4000)], CommandType='Text', CommandTimeout='120']
      SELECT TOP(1) [t].[DispId], [t].[BillID], [t].[ChallanNo], [t].[DeliveryNum], [t].[Destination], [t].[DisVid], [t].[DispatchDate], [t].[DispatchQuantity], [t].[FinalPrice], [t].[Lr], [t].[PartyName], [t].[TotalValue], [t].[UnitPrice], [t].[VehicleNo]
      FROM [TblDispatches] AS [t]
      WHERE [t].[ChallanNo] = @__dispatchId_0
info: Microsoft.EntityFrameworkCore.Database.Command[20101]
      Executed DbCommand (11ms) [Parameters=[@__dispatchId_0='?' (Size = 4000)], CommandType='Text', CommandTimeout='120']
      SELECT TOP(1) [t].[DispId], [t].[BillID], [t].[ChallanNo], [t].[DeliveryNum], [t].[Destination], [t].[DisVid], [t].[DispatchDate], [t].[DispatchQuantity], [t].[FinalPrice], [t].[Lr], [t].[PartyName], [t].[TotalValue], [t].[UnitPrice], [t].[VehicleNo]
      FROM [TblDispatches] AS [t]
      WHERE [t].[ChallanNo] = @__dispatchId_0
info: Microsoft.EntityFrameworkCore.Database.Command[20101]
      Executed DbCommand (14ms) [Parameters=[@__dispatchId_0='?' (Size = 4000)], CommandType='Text', CommandTimeout='120']
      SELECT TOP(1) [t].[DispId], [t].[BillID], [t].[ChallanNo], [t].[DeliveryNum], [t].[Destination], [t].[DisVid], [t].[DispatchDate], [t].[DispatchQuantity], [t].[FinalPrice], [t].[Lr], [t].[PartyName], [t].[TotalValue], [t].[UnitPrice], [t].[VehicleNo]
      FROM [TblDispatches] AS [t]
      WHERE [t].[ChallanNo] = @__dispatchId_0
info: Microsoft.EntityFrameworkCore.Database.Command[20101]
      Executed DbCommand (12ms) [Parameters=[@__dispatchId_0='?' (Size = 4000)], CommandType='Text', CommandTimeout='120']
      SELECT TOP(1) [t].[DispId], [t].[BillID], [t].[ChallanNo], [t].[DeliveryNum], [t].[Destination], [t].[DisVid], [t].[DispatchDate], [t].[DispatchQuantity], [t].[FinalPrice], [t].[Lr], [t].[PartyName], [t].[TotalValue], [t].[UnitPrice], [t].[VehicleNo]
      FROM [TblDispatches] AS [t]
      WHERE [t].[ChallanNo] = @__dispatchId_0
info: Microsoft.EntityFrameworkCore.Database.Command[20101]
      Executed DbCommand (47ms) [Parameters=[@p13='?' (DbType = Int32), @p0='?' (DbType = Int32), @p1='?' (Size = 4000), @p2='?' (Size = 4000), @p3='?' (Size = 4000), @p4='?' (DbType = Int32), @p5='?' (DbType = DateTime2), @p6='?' (DbType = Double), @p7='?' (DbType = Double), @p8='?' (Size = 4000), @p9='?' (Size = 4000), @p10='?' (DbType = Double), @p11='?' (DbType = Double), @p12='?' (Size = 4000), @p27='?' (DbType = Int32), @p14='?' (DbType = Int32), @p15='?' (Size = 4000), @p16='?' (Size = 4000), @p17='?' (Size = 4000), @p18='?' (DbType = Int32), @p19='?' (DbType = DateTime2), @p20='?' (DbType = Double), @p21='?' (DbType = Double), @p22='?' (Size = 4000), @p23='?' (Size = 4000), @p24='?' (DbType = Double), @p25='?' (DbType = Double), @p26='?' (Size = 4000), @p41='?' (DbType = Int32), @p28='?' (DbType = Int32), @p29='?' (Size = 4000), @p30='?' (Size = 4000), @p31='?' (Size = 4000), @p32='?' (DbType = Int32), @p33='?' (DbType = DateTime2), @p34='?' (DbType = Double), @p35='?' (DbType = Double), @p36='?' (Size = 4000), @p37='?' (Size = 4000), @p38='?' (DbType = Double), @p39='?' (DbType = Double), @p40='?' (Size = 4000), @p55='?' (DbType = Int32), @p42='?' (DbType = Int32), @p43='?' (Size = 4000), @p44='?' (Size = 4000), @p45='?' (Size = 4000), @p46='?' (DbType = Int32), @p47='?' (DbType = DateTime2), @p48='?' (DbType = Double), @p49='?' (DbType = Double), @p50='?' (Size = 4000), @p51='?' (Size = 4000), @p52='?' (DbType = Double), @p53='?' (DbType = Double), @p54='?' (Size = 4000), @p69='?' (DbType = Int32), @p56='?' (DbType = Int32), @p57='?' (Size = 4000), @p58='?' (Size = 4000), @p59='?' (Size = 4000), @p60='?' (DbType = Int32), @p61='?' (DbType = DateTime2), @p62='?' (DbType = Double), @p63='?' (DbType = Double), @p64='?' (Size = 4000), @p65='?' (Size = 4000), @p66='?' (DbType = Double), @p67='?' (DbType = Double), @p68='?' (Size = 4000), @p83='?' (DbType = Int32), @p70='?' (DbType = Int32), @p71='?' (Size = 4000), @p72='?' (Size = 4000), @p73='?' (Size = 4000), @p74='?' (DbType = Int32), @p75='?' (DbType = DateTime2), @p76='?' (DbType = Double), @p77='?' (DbType = Double), @p78='?' (Size = 4000), @p79='?' (Size = 4000), @p80='?' (DbType = Double), @p81='?' (DbType = Double), @p82='?' (Size = 4000), @p97='?' (DbType = Int32), @p84='?' (DbType = Int32), @p85='?' (Size = 4000), @p86='?' (Size = 4000), @p87='?' (Size = 4000), @p88='?' (DbType = Int32), @p89='?' (DbType = DateTime2), @p90='?' (DbType = Double), @p91='?' (DbType = Double), @p92='?' (Size = 4000), @p93='?' (Size = 4000), @p94='?' (DbType = Double), @p95='?' (DbType = Double), @p96='?' (Size = 4000), @p111='?' (DbType = Int32), @p98='?' (DbType = Int32), @p99='?' (Size = 4000), @p100='?' (Size = 4000), @p101='?' (Size = 4000), @p102='?' (DbType = Int32), @p103='?' (DbType = DateTime2), @p104='?' (DbType = Double), @p105='?' (DbType = Double), @p106='?' (Size = 4000), @p107='?' (Size = 4000), @p108='?' (DbType = Double), @p109='?' (DbType = Double), @p110='?' (Size = 4000)], CommandType='Text', CommandTimeout='120']
      SET NOCOUNT ON;
      UPDATE [TblDispatches] SET [BillID] = @p0, [ChallanNo] = @p1, [DeliveryNum] = @p2, [Destination] = @p3, [DisVid] = @p4, [DispatchDate] = @p5, [DispatchQuantity] = @p6, [FinalPrice] = @p7, [Lr] = @p8, [PartyName] = @p9, [TotalValue] = @p10, [UnitPrice] = @p11, [VehicleNo] = @p12
      WHERE [DispId] = @p13;
      SELECT @@ROWCOUNT;
      
      UPDATE [TblDispatches] SET [BillID] = @p14, [ChallanNo] = @p15, [DeliveryNum] = @p16, [Destination] = @p17, [DisVid] = @p18, [DispatchDate] = @p19, [DispatchQuantity] = @p20, [FinalPrice] = @p21, [Lr] = @p22, [PartyName] = @p23, [TotalValue] = @p24, [UnitPrice] = @p25, [VehicleNo] = @p26
      WHERE [DispId] = @p27;
      SELECT @@ROWCOUNT;
      
      UPDATE [TblDispatches] SET [BillID] = @p28, [ChallanNo] = @p29, [DeliveryNum] = @p30, [Destination] = @p31, [DisVid] = @p32, [DispatchDate] = @p33, [DispatchQuantity] = @p34, [FinalPrice] = @p35, [Lr] = @p36, [PartyName] = @p37, [TotalValue] = @p38, [UnitPrice] = @p39, [VehicleNo] = @p40
      WHERE [DispId] = @p41;
      SELECT @@ROWCOUNT;
      
      UPDATE [TblDispatches] SET [BillID] = @p42, [ChallanNo] = @p43, [DeliveryNum] = @p44, [Destination] = @p45, [DisVid] = @p46, [DispatchDate] = @p47, [DispatchQuantity] = @p48, [FinalPrice] = @p49, [Lr] = @p50, [PartyName] = @p51, [TotalValue] = @p52, [UnitPrice] = @p53, [VehicleNo] = @p54
      WHERE [DispId] = @p55;
      SELECT @@ROWCOUNT;
      
      UPDATE [TblDispatches] SET [BillID] = @p56, [ChallanNo] = @p57, [DeliveryNum] = @p58, [Destination] = @p59, [DisVid] = @p60, [DispatchDate] = @p61, [DispatchQuantity] = @p62, [FinalPrice] = @p63, [Lr] = @p64, [PartyName] = @p65, [TotalValue] = @p66, [UnitPrice] = @p67, [VehicleNo] = @p68
      WHERE [DispId] = @p69;
      SELECT @@ROWCOUNT;
      
      UPDATE [TblDispatches] SET [BillID] = @p70, [ChallanNo] = @p71, [DeliveryNum] = @p72, [Destination] = @p73, [DisVid] = @p74, [DispatchDate] = @p75, [DispatchQuantity] = @p76, [FinalPrice] = @p77, [Lr] = @p78, [PartyName] = @p79, [TotalValue] = @p80, [UnitPrice] = @p81, [VehicleNo] = @p82
      WHERE [DispId] = @p83;
      SELECT @@ROWCOUNT;
      
      UPDATE [TblDispatches] SET [BillID] = @p84, [ChallanNo] = @p85, [DeliveryNum] = @p86, [Destination] = @p87, [DisVid] = @p88, [DispatchDate] = @p89, [DispatchQuantity] = @p90, [FinalPrice] = @p91, [Lr] = @p92, [PartyName] = @p93, [TotalValue] = @p94, [UnitPrice] = @p95, [VehicleNo] = @p96
      WHERE [DispId] = @p97;
      SELECT @@ROWCOUNT;
      
      UPDATE [TblDispatches] SET [BillID] = @p98, [ChallanNo] = @p99, [DeliveryNum] = @p100, [Destination] = @p101, [DisVid] = @p102, [DispatchDate] = @p103, [DispatchQuantity] = @p104, [FinalPrice] = @p105, [Lr] = @p106, [PartyName] = @p107, [TotalValue] = @p108, [UnitPrice] = @p109, [VehicleNo] = @p110
      WHERE [DispId] = @p111;
      SELECT @@ROWCOUNT;
info: Microsoft.EntityFrameworkCore.Infrastructure[10403]
      Entity Framework Core 6.0.21 initialized 'TransportMgmtContext' using provider 'Microsoft.EntityFrameworkCore.SqlServer:6.0.21' with options: CommandTimeout=120 
info: Microsoft.EntityFrameworkCore.Database.Command[20101]
      Executed DbCommand (3ms) [Parameters=[], CommandType='Text', CommandTimeout='120']
      SELECT [t].[FID], [t].[Address], [t].[Code], [t].[CreatedBy], [t].[CreatedOn], [t].[FactoryName], [t].[Gstin], [t].[IsActive], [t].[ModifiedBy], [t].[ModifiedOn]
      FROM [TblFactories] AS [t]
info: Microsoft.EntityFrameworkCore.Database.Command[20101]
      Executed DbCommand (4ms) [Parameters=[], CommandType='Text', CommandTimeout='120']
      SELECT [t].[FID], [t].[Address], [t].[Code], [t].[CreatedBy], [t].[CreatedOn], [t].[FactoryName], [t].[Gstin], [t].[IsActive], [t].[ModifiedBy], [t].[ModifiedOn]
      FROM [TblFactories] AS [t]
info: Microsoft.EntityFrameworkCore.Database.Command[20101]
      Executed DbCommand (4ms) [Parameters=[], CommandType='Text', CommandTimeout='120']
      SELECT [t].[DispId], [t].[BillID], [t].[ChallanNo], [t].[DeliveryNum], [t].[Destination], [t].[DisVid], [t].[DispatchDate], [t].[DispatchQuantity], [t].[FinalPrice], [t].[Lr], [t].[PartyName], [t].[TotalValue], [t].[UnitPrice], [t].[VehicleNo]
      FROM [TblDispatches] AS [t]
info: Microsoft.EntityFrameworkCore.Infrastructure[10403]
      Entity Framework Core 6.0.21 initialized 'TransportMgmtContext' using provider 'Microsoft.EntityFrameworkCore.SqlServer:6.0.21' with options: CommandTimeout=120 
info: Microsoft.EntityFrameworkCore.Database.Command[20101]
      Executed DbCommand (8ms) [Parameters=[@__dispatchId_0='?' (Size = 4000)], CommandType='Text', CommandTimeout='120']
      SELECT TOP(1) [t].[DispId], [t].[BillID], [t].[ChallanNo], [t].[DeliveryNum], [t].[Destination], [t].[DisVid], [t].[DispatchDate], [t].[DispatchQuantity], [t].[FinalPrice], [t].[Lr], [t].[PartyName], [t].[TotalValue], [t].[UnitPrice], [t].[VehicleNo]
      FROM [TblDispatches] AS [t]
      WHERE [t].[ChallanNo] = @__dispatchId_0
info: Microsoft.EntityFrameworkCore.Database.Command[20101]
      Executed DbCommand (10ms) [Parameters=[@__dispatchId_0='?' (Size = 4000)], CommandType='Text', CommandTimeout='120']
      SELECT TOP(1) [t].[DispId], [t].[BillID], [t].[ChallanNo], [t].[DeliveryNum], [t].[Destination], [t].[DisVid], [t].[DispatchDate], [t].[DispatchQuantity], [t].[FinalPrice], [t].[Lr], [t].[PartyName], [t].[TotalValue], [t].[UnitPrice], [t].[VehicleNo]
      FROM [TblDispatches] AS [t]
      WHERE [t].[ChallanNo] = @__dispatchId_0
info: Microsoft.EntityFrameworkCore.Database.Command[20101]
      Executed DbCommand (5ms) [Parameters=[@__billNumber_0='?' (Size = 4000)], CommandType='Text', CommandTimeout='120']
      SELECT TOP(1) [b].[BillID], [b].[ActualAmount], [b].[BillDate], [b].[BillNum], [b].[BillType], [b].[DeliveryNum], [b].[FID], [b].[Gst], [b].[GstDate], [b].[Lr], [b].[PId], [b].[PartyName], [b].[PaymentReceived], [b].[PaymentTablePId], [b].[Tds], [b].[TotalValue]
      FROM [BillTables] AS [b]
      WHERE [b].[BillNum] = @__billNumber_0
info: Microsoft.EntityFrameworkCore.Database.Command[20101]
      Executed DbCommand (13ms) [Parameters=[@p0='?' (DbType = Double), @p1='?' (DbType = DateTime2), @p2='?' (Size = 4000), @p3='?' (Size = 4000), @p4='?' (Size = 4000), @p5='?' (DbType = Int32), @p6='?' (DbType = Double), @p7='?' (DbType = DateTime2), @p8='?' (Size = 4000), @p9='?' (DbType = Int32), @p10='?' (Size = 4000), @p11='?' (DbType = Double), @p12='?' (DbType = Int32), @p13='?' (DbType = Double), @p14='?' (DbType = Double)], CommandType='Text', CommandTimeout='120']
      SET NOCOUNT ON;
      INSERT INTO [BillTables] ([ActualAmount], [BillDate], [BillNum], [BillType], [DeliveryNum], [FID], [Gst], [GstDate], [Lr], [PId], [PartyName], [PaymentReceived], [PaymentTablePId], [Tds], [TotalValue])
      VALUES (@p0, @p1, @p2, @p3, @p4, @p5, @p6, @p7, @p8, @p9, @p10, @p11, @p12, @p13, @p14);
      SELECT [BillID]
      FROM [BillTables]
      WHERE @@ROWCOUNT = 1 AND [BillID] = scope_identity();
info: Microsoft.EntityFrameworkCore.Database.Command[20101]
      Executed DbCommand (9ms) [Parameters=[@p2='?' (DbType = Int32), @p0='?' (DbType = Double), @p1='?' (DbType = Double)], CommandType='Text', CommandTimeout='120']
      SET NOCOUNT ON;
      UPDATE [TblDispatches] SET [FinalPrice] = @p0, [UnitPrice] = @p1
      WHERE [DispId] = @p2;
      SELECT @@ROWCOUNT;
info: Microsoft.EntityFrameworkCore.Database.Command[20101]
      Executed DbCommand (10ms) [Parameters=[@__dispatchId_0='?' (Size = 4000)], CommandType='Text', CommandTimeout='120']
      SELECT TOP(1) [t].[DispId], [t].[BillID], [t].[ChallanNo], [t].[DeliveryNum], [t].[Destination], [t].[DisVid], [t].[DispatchDate], [t].[DispatchQuantity], [t].[FinalPrice], [t].[Lr], [t].[PartyName], [t].[TotalValue], [t].[UnitPrice], [t].[VehicleNo]
      FROM [TblDispatches] AS [t]
      WHERE [t].[ChallanNo] = @__dispatchId_0
info: Microsoft.EntityFrameworkCore.Database.Command[20101]
      Executed DbCommand (12ms) [Parameters=[@__dispatchId_0='?' (Size = 4000)], CommandType='Text', CommandTimeout='120']
      SELECT TOP(1) [t].[DispId], [t].[BillID], [t].[ChallanNo], [t].[DeliveryNum], [t].[Destination], [t].[DisVid], [t].[DispatchDate], [t].[DispatchQuantity], [t].[FinalPrice], [t].[Lr], [t].[PartyName], [t].[TotalValue], [t].[UnitPrice], [t].[VehicleNo]
      FROM [TblDispatches] AS [t]
      WHERE [t].[ChallanNo] = @__dispatchId_0
info: Microsoft.EntityFrameworkCore.Database.Command[20101]
      Executed DbCommand (14ms) [Parameters=[@__dispatchId_0='?' (Size = 4000)], CommandType='Text', CommandTimeout='120']
      SELECT TOP(1) [t].[DispId], [t].[BillID], [t].[ChallanNo], [t].[DeliveryNum], [t].[Destination], [t].[DisVid], [t].[DispatchDate], [t].[DispatchQuantity], [t].[FinalPrice], [t].[Lr], [t].[PartyName], [t].[TotalValue], [t].[UnitPrice], [t].[VehicleNo]
      FROM [TblDispatches] AS [t]
      WHERE [t].[ChallanNo] = @__dispatchId_0
info: Microsoft.EntityFrameworkCore.Database.Command[20101]
      Executed DbCommand (19ms) [Parameters=[@__dispatchId_0='?' (Size = 4000)], CommandType='Text', CommandTimeout='120']
      SELECT TOP(1) [t].[DispId], [t].[BillID], [t].[ChallanNo], [t].[DeliveryNum], [t].[Destination], [t].[DisVid], [t].[DispatchDate], [t].[DispatchQuantity], [t].[FinalPrice], [t].[Lr], [t].[PartyName], [t].[TotalValue], [t].[UnitPrice], [t].[VehicleNo]
      FROM [TblDispatches] AS [t]
      WHERE [t].[ChallanNo] = @__dispatchId_0
info: Microsoft.EntityFrameworkCore.Database.Command[20101]
      Executed DbCommand (7ms) [Parameters=[@__dispatchId_0='?' (Size = 4000)], CommandType='Text', CommandTimeout='120']
      SELECT TOP(1) [t].[DispId], [t].[BillID], [t].[ChallanNo], [t].[DeliveryNum], [t].[Destination], [t].[DisVid], [t].[DispatchDate], [t].[DispatchQuantity], [t].[FinalPrice], [t].[Lr], [t].[PartyName], [t].[TotalValue], [t].[UnitPrice], [t].[VehicleNo]
      FROM [TblDispatches] AS [t]
      WHERE [t].[ChallanNo] = @__dispatchId_0
info: Microsoft.EntityFrameworkCore.Database.Command[20101]
      Executed DbCommand (10ms) [Parameters=[@__dispatchId_0='?' (Size = 4000)], CommandType='Text', CommandTimeout='120']
      SELECT TOP(1) [t].[DispId], [t].[BillID], [t].[ChallanNo], [t].[DeliveryNum], [t].[Destination], [t].[DisVid], [t].[DispatchDate], [t].[DispatchQuantity], [t].[FinalPrice], [t].[Lr], [t].[PartyName], [t].[TotalValue], [t].[UnitPrice], [t].[VehicleNo]
      FROM [TblDispatches] AS [t]
      WHERE [t].[ChallanNo] = @__dispatchId_0
info: Microsoft.EntityFrameworkCore.Database.Command[20101]
      Executed DbCommand (13ms) [Parameters=[@__dispatchId_0='?' (Size = 4000)], CommandType='Text', CommandTimeout='120']
      SELECT TOP(1) [t].[DispId], [t].[BillID], [t].[ChallanNo], [t].[DeliveryNum], [t].[Destination], [t].[DisVid], [t].[DispatchDate], [t].[DispatchQuantity], [t].[FinalPrice], [t].[Lr], [t].[PartyName], [t].[TotalValue], [t].[UnitPrice], [t].[VehicleNo]
      FROM [TblDispatches] AS [t]
      WHERE [t].[ChallanNo] = @__dispatchId_0
info: Microsoft.EntityFrameworkCore.Database.Command[20101]
      Executed DbCommand (11ms) [Parameters=[@__dispatchId_0='?' (Size = 4000)], CommandType='Text', CommandTimeout='120']
      SELECT TOP(1) [t].[DispId], [t].[BillID], [t].[ChallanNo], [t].[DeliveryNum], [t].[Destination], [t].[DisVid], [t].[DispatchDate], [t].[DispatchQuantity], [t].[FinalPrice], [t].[Lr], [t].[PartyName], [t].[TotalValue], [t].[UnitPrice], [t].[VehicleNo]
      FROM [TblDispatches] AS [t]
      WHERE [t].[ChallanNo] = @__dispatchId_0
info: Microsoft.EntityFrameworkCore.Database.Command[20101]
      Executed DbCommand (7ms) [Parameters=[@__dispatchId_0='?' (Size = 4000)], CommandType='Text', CommandTimeout='120']
      SELECT TOP(1) [t].[DispId], [t].[BillID], [t].[ChallanNo], [t].[DeliveryNum], [t].[Destination], [t].[DisVid], [t].[DispatchDate], [t].[DispatchQuantity], [t].[FinalPrice], [t].[Lr], [t].[PartyName], [t].[TotalValue], [t].[UnitPrice], [t].[VehicleNo]
      FROM [TblDispatches] AS [t]
      WHERE [t].[ChallanNo] = @__dispatchId_0
info: Microsoft.EntityFrameworkCore.Database.Command[20101]
      Executed DbCommand (7ms) [Parameters=[@__dispatchId_0='?' (Size = 4000)], CommandType='Text', CommandTimeout='120']
      SELECT TOP(1) [t].[DispId], [t].[BillID], [t].[ChallanNo], [t].[DeliveryNum], [t].[Destination], [t].[DisVid], [t].[DispatchDate], [t].[DispatchQuantity], [t].[FinalPrice], [t].[Lr], [t].[PartyName], [t].[TotalValue], [t].[UnitPrice], [t].[VehicleNo]
      FROM [TblDispatches] AS [t]
      WHERE [t].[ChallanNo] = @__dispatchId_0
info: Microsoft.EntityFrameworkCore.Database.Command[20101]
      Executed DbCommand (9ms) [Parameters=[@__dispatchId_0='?' (Size = 4000)], CommandType='Text', CommandTimeout='120']
      SELECT TOP(1) [t].[DispId], [t].[BillID], [t].[ChallanNo], [t].[DeliveryNum], [t].[Destination], [t].[DisVid], [t].[DispatchDate], [t].[DispatchQuantity], [t].[FinalPrice], [t].[Lr], [t].[PartyName], [t].[TotalValue], [t].[UnitPrice], [t].[VehicleNo]
      FROM [TblDispatches] AS [t]
      WHERE [t].[ChallanNo] = @__dispatchId_0
info: Microsoft.EntityFrameworkCore.Database.Command[20101]
      Executed DbCommand (6ms) [Parameters=[@__dispatchId_0='?' (Size = 4000)], CommandType='Text', CommandTimeout='120']
      SELECT TOP(1) [t].[DispId], [t].[BillID], [t].[ChallanNo], [t].[DeliveryNum], [t].[Destination], [t].[DisVid], [t].[DispatchDate], [t].[DispatchQuantity], [t].[FinalPrice], [t].[Lr], [t].[PartyName], [t].[TotalValue], [t].[UnitPrice], [t].[VehicleNo]
      FROM [TblDispatches] AS [t]
      WHERE [t].[ChallanNo] = @__dispatchId_0
info: Microsoft.EntityFrameworkCore.Database.Command[20101]
      Executed DbCommand (7ms) [Parameters=[@__dispatchId_0='?' (Size = 4000)], CommandType='Text', CommandTimeout='120']
      SELECT TOP(1) [t].[DispId], [t].[BillID], [t].[ChallanNo], [t].[DeliveryNum], [t].[Destination], [t].[DisVid], [t].[DispatchDate], [t].[DispatchQuantity], [t].[FinalPrice], [t].[Lr], [t].[PartyName], [t].[TotalValue], [t].[UnitPrice], [t].[VehicleNo]
      FROM [TblDispatches] AS [t]
      WHERE [t].[ChallanNo] = @__dispatchId_0
info: Microsoft.EntityFrameworkCore.Database.Command[20101]
      Executed DbCommand (7ms) [Parameters=[@__dispatchId_0='?' (Size = 4000)], CommandType='Text', CommandTimeout='120']
      SELECT TOP(1) [t].[DispId], [t].[BillID], [t].[ChallanNo], [t].[DeliveryNum], [t].[Destination], [t].[DisVid], [t].[DispatchDate], [t].[DispatchQuantity], [t].[FinalPrice], [t].[Lr], [t].[PartyName], [t].[TotalValue], [t].[UnitPrice], [t].[VehicleNo]
      FROM [TblDispatches] AS [t]
      WHERE [t].[ChallanNo] = @__dispatchId_0
info: Microsoft.EntityFrameworkCore.Database.Command[20101]
      Executed DbCommand (9ms) [Parameters=[@__dispatchId_0='?' (Size = 4000)], CommandType='Text', CommandTimeout='120']
      SELECT TOP(1) [t].[DispId], [t].[BillID], [t].[ChallanNo], [t].[DeliveryNum], [t].[Destination], [t].[DisVid], [t].[DispatchDate], [t].[DispatchQuantity], [t].[FinalPrice], [t].[Lr], [t].[PartyName], [t].[TotalValue], [t].[UnitPrice], [t].[VehicleNo]
      FROM [TblDispatches] AS [t]
      WHERE [t].[ChallanNo] = @__dispatchId_0
info: Microsoft.EntityFrameworkCore.Database.Command[20101]
      Executed DbCommand (13ms) [Parameters=[@__dispatchId_0='?' (Size = 4000)], CommandType='Text', CommandTimeout='120']
      SELECT TOP(1) [t].[DispId], [t].[BillID], [t].[ChallanNo], [t].[DeliveryNum], [t].[Destination], [t].[DisVid], [t].[DispatchDate], [t].[DispatchQuantity], [t].[FinalPrice], [t].[Lr], [t].[PartyName], [t].[TotalValue], [t].[UnitPrice], [t].[VehicleNo]
      FROM [TblDispatches] AS [t]
      WHERE [t].[ChallanNo] = @__dispatchId_0
info: Microsoft.EntityFrameworkCore.Database.Command[20101]
      Executed DbCommand (13ms) [Parameters=[@__dispatchId_0='?' (Size = 4000)], CommandType='Text', CommandTimeout='120']
      SELECT TOP(1) [t].[DispId], [t].[BillID], [t].[ChallanNo], [t].[DeliveryNum], [t].[Destination], [t].[DisVid], [t].[DispatchDate], [t].[DispatchQuantity], [t].[FinalPrice], [t].[Lr], [t].[PartyName], [t].[TotalValue], [t].[UnitPrice], [t].[VehicleNo]
      FROM [TblDispatches] AS [t]
      WHERE [t].[ChallanNo] = @__dispatchId_0
info: Microsoft.EntityFrameworkCore.Database.Command[20101]
      Executed DbCommand (10ms) [Parameters=[@__dispatchId_0='?' (Size = 4000)], CommandType='Text', CommandTimeout='120']
      SELECT TOP(1) [t].[DispId], [t].[BillID], [t].[ChallanNo], [t].[DeliveryNum], [t].[Destination], [t].[DisVid], [t].[DispatchDate], [t].[DispatchQuantity], [t].[FinalPrice], [t].[Lr], [t].[PartyName], [t].[TotalValue], [t].[UnitPrice], [t].[VehicleNo]
      FROM [TblDispatches] AS [t]
      WHERE [t].[ChallanNo] = @__dispatchId_0
info: Microsoft.EntityFrameworkCore.Database.Command[20101]
      Executed DbCommand (11ms) [Parameters=[@__dispatchId_0='?' (Size = 4000)], CommandType='Text', CommandTimeout='120']
      SELECT TOP(1) [t].[DispId], [t].[BillID], [t].[ChallanNo], [t].[DeliveryNum], [t].[Destination], [t].[DisVid], [t].[DispatchDate], [t].[DispatchQuantity], [t].[FinalPrice], [t].[Lr], [t].[PartyName], [t].[TotalValue], [t].[UnitPrice], [t].[VehicleNo]
      FROM [TblDispatches] AS [t]
      WHERE [t].[ChallanNo] = @__dispatchId_0
info: Microsoft.EntityFrameworkCore.Database.Command[20101]
      Executed DbCommand (13ms) [Parameters=[@__dispatchId_0='?' (Size = 4000)], CommandType='Text', CommandTimeout='120']
      SELECT TOP(1) [t].[DispId], [t].[BillID], [t].[ChallanNo], [t].[DeliveryNum], [t].[Destination], [t].[DisVid], [t].[DispatchDate], [t].[DispatchQuantity], [t].[FinalPrice], [t].[Lr], [t].[PartyName], [t].[TotalValue], [t].[UnitPrice], [t].[VehicleNo]
      FROM [TblDispatches] AS [t]
      WHERE [t].[ChallanNo] = @__dispatchId_0
info: Microsoft.EntityFrameworkCore.Database.Command[20101]
      Executed DbCommand (11ms) [Parameters=[@__dispatchId_0='?' (Size = 4000)], CommandType='Text', CommandTimeout='120']
      SELECT TOP(1) [t].[DispId], [t].[BillID], [t].[ChallanNo], [t].[DeliveryNum], [t].[Destination], [t].[DisVid], [t].[DispatchDate], [t].[DispatchQuantity], [t].[FinalPrice], [t].[Lr], [t].[PartyName], [t].[TotalValue], [t].[UnitPrice], [t].[VehicleNo]
      FROM [TblDispatches] AS [t]
      WHERE [t].[ChallanNo] = @__dispatchId_0
info: Microsoft.EntityFrameworkCore.Database.Command[20101]
      Executed DbCommand (10ms) [Parameters=[@__dispatchId_0='?' (Size = 4000)], CommandType='Text', CommandTimeout='120']
      SELECT TOP(1) [t].[DispId], [t].[BillID], [t].[ChallanNo], [t].[DeliveryNum], [t].[Destination], [t].[DisVid], [t].[DispatchDate], [t].[DispatchQuantity], [t].[FinalPrice], [t].[Lr], [t].[PartyName], [t].[TotalValue], [t].[UnitPrice], [t].[VehicleNo]
      FROM [TblDispatches] AS [t]
      WHERE [t].[ChallanNo] = @__dispatchId_0
info: Microsoft.EntityFrameworkCore.Database.Command[20101]
      Executed DbCommand (12ms) [Parameters=[@__dispatchId_0='?' (Size = 4000)], CommandType='Text', CommandTimeout='120']
      SELECT TOP(1) [t].[DispId], [t].[BillID], [t].[ChallanNo], [t].[DeliveryNum], [t].[Destination], [t].[DisVid], [t].[DispatchDate], [t].[DispatchQuantity], [t].[FinalPrice], [t].[Lr], [t].[PartyName], [t].[TotalValue], [t].[UnitPrice], [t].[VehicleNo]
      FROM [TblDispatches] AS [t]
      WHERE [t].[ChallanNo] = @__dispatchId_0
info: Microsoft.EntityFrameworkCore.Database.Command[20101]
      Executed DbCommand (9ms) [Parameters=[@__dispatchId_0='?' (Size = 4000)], CommandType='Text', CommandTimeout='120']
      SELECT TOP(1) [t].[DispId], [t].[BillID], [t].[ChallanNo], [t].[DeliveryNum], [t].[Destination], [t].[DisVid], [t].[DispatchDate], [t].[DispatchQuantity], [t].[FinalPrice], [t].[Lr], [t].[PartyName], [t].[TotalValue], [t].[UnitPrice], [t].[VehicleNo]
      FROM [TblDispatches] AS [t]
      WHERE [t].[ChallanNo] = @__dispatchId_0
info: Microsoft.EntityFrameworkCore.Database.Command[20101]
      Executed DbCommand (8ms) [Parameters=[@__dispatchId_0='?' (Size = 4000)], CommandType='Text', CommandTimeout='120']
      SELECT TOP(1) [t].[DispId], [t].[BillID], [t].[ChallanNo], [t].[DeliveryNum], [t].[Destination], [t].[DisVid], [t].[DispatchDate], [t].[DispatchQuantity], [t].[FinalPrice], [t].[Lr], [t].[PartyName], [t].[TotalValue], [t].[UnitPrice], [t].[VehicleNo]
      FROM [TblDispatches] AS [t]
      WHERE [t].[ChallanNo] = @__dispatchId_0
info: Microsoft.EntityFrameworkCore.Database.Command[20101]
      Executed DbCommand (8ms) [Parameters=[@__dispatchId_0='?' (Size = 4000)], CommandType='Text', CommandTimeout='120']
      SELECT TOP(1) [t].[DispId], [t].[BillID], [t].[ChallanNo], [t].[DeliveryNum], [t].[Destination], [t].[DisVid], [t].[DispatchDate], [t].[DispatchQuantity], [t].[FinalPrice], [t].[Lr], [t].[PartyName], [t].[TotalValue], [t].[UnitPrice], [t].[VehicleNo]
      FROM [TblDispatches] AS [t]
      WHERE [t].[ChallanNo] = @__dispatchId_0
info: Microsoft.EntityFrameworkCore.Database.Command[20101]
      Executed DbCommand (7ms) [Parameters=[@__dispatchId_0='?' (Size = 4000)], CommandType='Text', CommandTimeout='120']
      SELECT TOP(1) [t].[DispId], [t].[BillID], [t].[ChallanNo], [t].[DeliveryNum], [t].[Destination], [t].[DisVid], [t].[DispatchDate], [t].[DispatchQuantity], [t].[FinalPrice], [t].[Lr], [t].[PartyName], [t].[TotalValue], [t].[UnitPrice], [t].[VehicleNo]
      FROM [TblDispatches] AS [t]
      WHERE [t].[ChallanNo] = @__dispatchId_0
info: Microsoft.EntityFrameworkCore.Database.Command[20101]
      Executed DbCommand (7ms) [Parameters=[@__dispatchId_0='?' (Size = 4000)], CommandType='Text', CommandTimeout='120']
      SELECT TOP(1) [t].[DispId], [t].[BillID], [t].[ChallanNo], [t].[DeliveryNum], [t].[Destination], [t].[DisVid], [t].[DispatchDate], [t].[DispatchQuantity], [t].[FinalPrice], [t].[Lr], [t].[PartyName], [t].[TotalValue], [t].[UnitPrice], [t].[VehicleNo]
      FROM [TblDispatches] AS [t]
      WHERE [t].[ChallanNo] = @__dispatchId_0
info: Microsoft.EntityFrameworkCore.Database.Command[20101]
      Executed DbCommand (8ms) [Parameters=[@__dispatchId_0='?' (Size = 4000)], CommandType='Text', CommandTimeout='120']
      SELECT TOP(1) [t].[DispId], [t].[BillID], [t].[ChallanNo], [t].[DeliveryNum], [t].[Destination], [t].[DisVid], [t].[DispatchDate], [t].[DispatchQuantity], [t].[FinalPrice], [t].[Lr], [t].[PartyName], [t].[TotalValue], [t].[UnitPrice], [t].[VehicleNo]
      FROM [TblDispatches] AS [t]
      WHERE [t].[ChallanNo] = @__dispatchId_0
info: Microsoft.EntityFrameworkCore.Database.Command[20101]
      Executed DbCommand (7ms) [Parameters=[@__dispatchId_0='?' (Size = 4000)], CommandType='Text', CommandTimeout='120']
      SELECT TOP(1) [t].[DispId], [t].[BillID], [t].[ChallanNo], [t].[DeliveryNum], [t].[Destination], [t].[DisVid], [t].[DispatchDate], [t].[DispatchQuantity], [t].[FinalPrice], [t].[Lr], [t].[PartyName], [t].[TotalValue], [t].[UnitPrice], [t].[VehicleNo]
      FROM [TblDispatches] AS [t]
      WHERE [t].[ChallanNo] = @__dispatchId_0
info: Microsoft.EntityFrameworkCore.Database.Command[20101]
      Executed DbCommand (6ms) [Parameters=[@__dispatchId_0='?' (Size = 4000)], CommandType='Text', CommandTimeout='120']
      SELECT TOP(1) [t].[DispId], [t].[BillID], [t].[ChallanNo], [t].[DeliveryNum], [t].[Destination], [t].[DisVid], [t].[DispatchDate], [t].[DispatchQuantity], [t].[FinalPrice], [t].[Lr], [t].[PartyName], [t].[TotalValue], [t].[UnitPrice], [t].[VehicleNo]
      FROM [TblDispatches] AS [t]
      WHERE [t].[ChallanNo] = @__dispatchId_0
info: Microsoft.EntityFrameworkCore.Database.Command[20101]
      Executed DbCommand (12ms) [Parameters=[@__dispatchId_0='?' (Size = 4000)], CommandType='Text', CommandTimeout='120']
      SELECT TOP(1) [t].[DispId], [t].[BillID], [t].[ChallanNo], [t].[DeliveryNum], [t].[Destination], [t].[DisVid], [t].[DispatchDate], [t].[DispatchQuantity], [t].[FinalPrice], [t].[Lr], [t].[PartyName], [t].[TotalValue], [t].[UnitPrice], [t].[VehicleNo]
      FROM [TblDispatches] AS [t]
      WHERE [t].[ChallanNo] = @__dispatchId_0
info: Microsoft.EntityFrameworkCore.Database.Command[20101]
      Executed DbCommand (12ms) [Parameters=[@__dispatchId_0='?' (Size = 4000)], CommandType='Text', CommandTimeout='120']
      SELECT TOP(1) [t].[DispId], [t].[BillID], [t].[ChallanNo], [t].[DeliveryNum], [t].[Destination], [t].[DisVid], [t].[DispatchDate], [t].[DispatchQuantity], [t].[FinalPrice], [t].[Lr], [t].[PartyName], [t].[TotalValue], [t].[UnitPrice], [t].[VehicleNo]
      FROM [TblDispatches] AS [t]
      WHERE [t].[ChallanNo] = @__dispatchId_0
info: Microsoft.EntityFrameworkCore.Database.Command[20101]
      Executed DbCommand (14ms) [Parameters=[@__dispatchId_0='?' (Size = 4000)], CommandType='Text', CommandTimeout='120']
      SELECT TOP(1) [t].[DispId], [t].[BillID], [t].[ChallanNo], [t].[DeliveryNum], [t].[Destination], [t].[DisVid], [t].[DispatchDate], [t].[DispatchQuantity], [t].[FinalPrice], [t].[Lr], [t].[PartyName], [t].[TotalValue], [t].[UnitPrice], [t].[VehicleNo]
      FROM [TblDispatches] AS [t]
      WHERE [t].[ChallanNo] = @__dispatchId_0
info: Microsoft.EntityFrameworkCore.Database.Command[20101]
      Executed DbCommand (14ms) [Parameters=[@__dispatchId_0='?' (Size = 4000)], CommandType='Text', CommandTimeout='120']
      SELECT TOP(1) [t].[DispId], [t].[BillID], [t].[ChallanNo], [t].[DeliveryNum], [t].[Destination], [t].[DisVid], [t].[DispatchDate], [t].[DispatchQuantity], [t].[FinalPrice], [t].[Lr], [t].[PartyName], [t].[TotalValue], [t].[UnitPrice], [t].[VehicleNo]
      FROM [TblDispatches] AS [t]
      WHERE [t].[ChallanNo] = @__dispatchId_0
info: Microsoft.EntityFrameworkCore.Database.Command[20101]
      Executed DbCommand (145ms) [Parameters=[@p13='?' (DbType = Int32), @p0='?' (DbType = Int32), @p1='?' (Size = 4000), @p2='?' (Size = 4000), @p3='?' (Size = 4000), @p4='?' (DbType = Int32), @p5='?' (DbType = DateTime2), @p6='?' (DbType = Double), @p7='?' (DbType = Double), @p8='?' (Size = 4000), @p9='?' (Size = 4000), @p10='?' (DbType = Double), @p11='?' (DbType = Double), @p12='?' (Size = 4000), @p27='?' (DbType = Int32), @p14='?' (DbType = Int32), @p15='?' (Size = 4000), @p16='?' (Size = 4000), @p17='?' (Size = 4000), @p18='?' (DbType = Int32), @p19='?' (DbType = DateTime2), @p20='?' (DbType = Double), @p21='?' (DbType = Double), @p22='?' (Size = 4000), @p23='?' (Size = 4000), @p24='?' (DbType = Double), @p25='?' (DbType = Double), @p26='?' (Size = 4000), @p41='?' (DbType = Int32), @p28='?' (DbType = Int32), @p29='?' (Size = 4000), @p30='?' (Size = 4000), @p31='?' (Size = 4000), @p32='?' (DbType = Int32), @p33='?' (DbType = DateTime2), @p34='?' (DbType = Double), @p35='?' (DbType = Double), @p36='?' (Size = 4000), @p37='?' (Size = 4000), @p38='?' (DbType = Double), @p39='?' (DbType = Double), @p40='?' (Size = 4000), @p55='?' (DbType = Int32), @p42='?' (DbType = Int32), @p43='?' (Size = 4000), @p44='?' (Size = 4000), @p45='?' (Size = 4000), @p46='?' (DbType = Int32), @p47='?' (DbType = DateTime2), @p48='?' (DbType = Double), @p49='?' (DbType = Double), @p50='?' (Size = 4000), @p51='?' (Size = 4000), @p52='?' (DbType = Double), @p53='?' (DbType = Double), @p54='?' (Size = 4000), @p69='?' (DbType = Int32), @p56='?' (DbType = Int32), @p57='?' (Size = 4000), @p58='?' (Size = 4000), @p59='?' (Size = 4000), @p60='?' (DbType = Int32), @p61='?' (DbType = DateTime2), @p62='?' (DbType = Double), @p63='?' (DbType = Double), @p64='?' (Size = 4000), @p65='?' (Size = 4000), @p66='?' (DbType = Double), @p67='?' (DbType = Double), @p68='?' (Size = 4000), @p83='?' (DbType = Int32), @p70='?' (DbType = Int32), @p71='?' (Size = 4000), @p72='?' (Size = 4000), @p73='?' (Size = 4000), @p74='?' (DbType = Int32), @p75='?' (DbType = DateTime2), @p76='?' (DbType = Double), @p77='?' (DbType = Double), @p78='?' (Size = 4000), @p79='?' (Size = 4000), @p80='?' (DbType = Double), @p81='?' (DbType = Double), @p82='?' (Size = 4000), @p97='?' (DbType = Int32), @p84='?' (DbType = Int32), @p85='?' (Size = 4000), @p86='?' (Size = 4000), @p87='?' (Size = 4000), @p88='?' (DbType = Int32), @p89='?' (DbType = DateTime2), @p90='?' (DbType = Double), @p91='?' (DbType = Double), @p92='?' (Size = 4000), @p93='?' (Size = 4000), @p94='?' (DbType = Double), @p95='?' (DbType = Double), @p96='?' (Size = 4000), @p111='?' (DbType = Int32), @p98='?' (DbType = Int32), @p99='?' (Size = 4000), @p100='?' (Size = 4000), @p101='?' (Size = 4000), @p102='?' (DbType = Int32), @p103='?' (DbType = DateTime2), @p104='?' (DbType = Double), @p105='?' (DbType = Double), @p106='?' (Size = 4000), @p107='?' (Size = 4000), @p108='?' (DbType = Double), @p109='?' (DbType = Double), @p110='?' (Size = 4000), @p125='?' (DbType = Int32), @p112='?' (DbType = Int32), @p113='?' (Size = 4000), @p114='?' (Size = 4000), @p115='?' (Size = 4000), @p116='?' (DbType = Int32), @p117='?' (DbType = DateTime2), @p118='?' (DbType = Double), @p119='?' (DbType = Double), @p120='?' (Size = 4000), @p121='?' (Size = 4000), @p122='?' (DbType = Double), @p123='?' (DbType = Double), @p124='?' (Size = 4000), @p139='?' (DbType = Int32), @p126='?' (DbType = Int32), @p127='?' (Size = 4000), @p128='?' (Size = 4000), @p129='?' (Size = 4000), @p130='?' (DbType = Int32), @p131='?' (DbType = DateTime2), @p132='?' (DbType = Double), @p133='?' (DbType = Double), @p134='?' (Size = 4000), @p135='?' (Size = 4000), @p136='?' (DbType = Double), @p137='?' (DbType = Double), @p138='?' (Size = 4000), @p153='?' (DbType = Int32), @p140='?' (DbType = Int32), @p141='?' (Size = 4000), @p142='?' (Size = 4000), @p143='?' (Size = 4000), @p144='?' (DbType = Int32), @p145='?' (DbType = DateTime2), @p146='?' (DbType = Double), @p147='?' (DbType = Double), @p148='?' (Size = 4000), @p149='?' (Size = 4000), @p150='?' (DbType = Double), @p151='?' (DbType = Double), @p152='?' (Size = 4000), @p167='?' (DbType = Int32), @p154='?' (DbType = Int32), @p155='?' (Size = 4000), @p156='?' (Size = 4000), @p157='?' (Size = 4000), @p158='?' (DbType = Int32), @p159='?' (DbType = DateTime2), @p160='?' (DbType = Double), @p161='?' (DbType = Double), @p162='?' (Size = 4000), @p163='?' (Size = 4000), @p164='?' (DbType = Double), @p165='?' (DbType = Double), @p166='?' (Size = 4000)], CommandType='Text', CommandTimeout='120']
      SET NOCOUNT ON;
      UPDATE [TblDispatches] SET [BillID] = @p0, [ChallanNo] = @p1, [DeliveryNum] = @p2, [Destination] = @p3, [DisVid] = @p4, [DispatchDate] = @p5, [DispatchQuantity] = @p6, [FinalPrice] = @p7, [Lr] = @p8, [PartyName] = @p9, [TotalValue] = @p10, [UnitPrice] = @p11, [VehicleNo] = @p12
      WHERE [DispId] = @p13;
      SELECT @@ROWCOUNT;
      
      UPDATE [TblDispatches] SET [BillID] = @p14, [ChallanNo] = @p15, [DeliveryNum] = @p16, [Destination] = @p17, [DisVid] = @p18, [DispatchDate] = @p19, [DispatchQuantity] = @p20, [FinalPrice] = @p21, [Lr] = @p22, [PartyName] = @p23, [TotalValue] = @p24, [UnitPrice] = @p25, [VehicleNo] = @p26
      WHERE [DispId] = @p27;
      SELECT @@ROWCOUNT;
      
      UPDATE [TblDispatches] SET [BillID] = @p28, [ChallanNo] = @p29, [DeliveryNum] = @p30, [Destination] = @p31, [DisVid] = @p32, [DispatchDate] = @p33, [DispatchQuantity] = @p34, [FinalPrice] = @p35, [Lr] = @p36, [PartyName] = @p37, [TotalValue] = @p38, [UnitPrice] = @p39, [VehicleNo] = @p40
      WHERE [DispId] = @p41;
      SELECT @@ROWCOUNT;
      
      UPDATE [TblDispatches] SET [BillID] = @p42, [ChallanNo] = @p43, [DeliveryNum] = @p44, [Destination] = @p45, [DisVid] = @p46, [DispatchDate] = @p47, [DispatchQuantity] = @p48, [FinalPrice] = @p49, [Lr] = @p50, [PartyName] = @p51, [TotalValue] = @p52, [UnitPrice] = @p53, [VehicleNo] = @p54
      WHERE [DispId] = @p55;
      SELECT @@ROWCOUNT;
      
      UPDATE [TblDispatches] SET [BillID] = @p56, [ChallanNo] = @p57, [DeliveryNum] = @p58, [Destination] = @p59, [DisVid] = @p60, [DispatchDate] = @p61, [DispatchQuantity] = @p62, [FinalPrice] = @p63, [Lr] = @p64, [PartyName] = @p65, [TotalValue] = @p66, [UnitPrice] = @p67, [VehicleNo] = @p68
      WHERE [DispId] = @p69;
      SELECT @@ROWCOUNT;
      
      UPDATE [TblDispatches] SET [BillID] = @p70, [ChallanNo] = @p71, [DeliveryNum] = @p72, [Destination] = @p73, [DisVid] = @p74, [DispatchDate] = @p75, [DispatchQuantity] = @p76, [FinalPrice] = @p77, [Lr] = @p78, [PartyName] = @p79, [TotalValue] = @p80, [UnitPrice] = @p81, [VehicleNo] = @p82
      WHERE [DispId] = @p83;
      SELECT @@ROWCOUNT;
      
      UPDATE [TblDispatches] SET [BillID] = @p84, [ChallanNo] = @p85, [DeliveryNum] = @p86, [Destination] = @p87, [DisVid] = @p88, [DispatchDate] = @p89, [DispatchQuantity] = @p90, [FinalPrice] = @p91, [Lr] = @p92, [PartyName] = @p93, [TotalValue] = @p94, [UnitPrice] = @p95, [VehicleNo] = @p96
      WHERE [DispId] = @p97;
      SELECT @@ROWCOUNT;
      
      UPDATE [TblDispatches] SET [BillID] = @p98, [ChallanNo] = @p99, [DeliveryNum] = @p100, [Destination] = @p101, [DisVid] = @p102, [DispatchDate] = @p103, [DispatchQuantity] = @p104, [FinalPrice] = @p105, [Lr] = @p106, [PartyName] = @p107, [TotalValue] = @p108, [UnitPrice] = @p109, [VehicleNo] = @p110
      WHERE [DispId] = @p111;
      SELECT @@ROWCOUNT;
      
      UPDATE [TblDispatches] SET [BillID] = @p112, [ChallanNo] = @p113, [DeliveryNum] = @p114, [Destination] = @p115, [DisVid] = @p116, [DispatchDate] = @p117, [DispatchQuantity] = @p118, [FinalPrice] = @p119, [Lr] = @p120, [PartyName] = @p121, [TotalValue] = @p122, [UnitPrice] = @p123, [VehicleNo] = @p124
      WHERE [DispId] = @p125;
      SELECT @@ROWCOUNT;
      
      UPDATE [TblDispatches] SET [BillID] = @p126, [ChallanNo] = @p127, [DeliveryNum] = @p128, [Destination] = @p129, [DisVid] = @p130, [DispatchDate] = @p131, [DispatchQuantity] = @p132, [FinalPrice] = @p133, [Lr] = @p134, [PartyName] = @p135, [TotalValue] = @p136, [UnitPrice] = @p137, [VehicleNo] = @p138
      WHERE [DispId] = @p139;
      SELECT @@ROWCOUNT;
      
      UPDATE [TblDispatches] SET [BillID] = @p140, [ChallanNo] = @p141, [DeliveryNum] = @p142, [Destination] = @p143, [DisVid] = @p144, [DispatchDate] = @p145, [DispatchQuantity] = @p146, [FinalPrice] = @p147, [Lr] = @p148, [PartyName] = @p149, [TotalValue] = @p150, [UnitPrice] = @p151, [VehicleNo] = @p152
      WHERE [DispId] = @p153;
      SELECT @@ROWCOUNT;
      
      UPDATE [TblDispatches] SET [BillID] = @p154, [ChallanNo] = @p155, [DeliveryNum] = @p156, [Destination] = @p157, [DisVid] = @p158, [DispatchDate] = @p159, [DispatchQuantity] = @p160, [FinalPrice] = @p161, [Lr] = @p162, [PartyName] = @p163, [TotalValue] = @p164, [UnitPrice] = @p165, [VehicleNo] = @p166
      WHERE [DispId] = @p167;
      SELECT @@ROWCOUNT;
info: Microsoft.EntityFrameworkCore.Infrastructure[10403]
      Entity Framework Core 6.0.21 initialized 'TransportMgmtContext' using provider 'Microsoft.EntityFrameworkCore.SqlServer:6.0.21' with options: CommandTimeout=120 
info: Microsoft.EntityFrameworkCore.Database.Command[20101]
      Executed DbCommand (8ms) [Parameters=[], CommandType='Text', CommandTimeout='120']
      SELECT [t].[FID], [t].[Address], [t].[Code], [t].[CreatedBy], [t].[CreatedOn], [t].[FactoryName], [t].[Gstin], [t].[IsActive], [t].[ModifiedBy], [t].[ModifiedOn]
      FROM [TblFactories] AS [t]
info: Microsoft.EntityFrameworkCore.Database.Command[20101]
      Executed DbCommand (3ms) [Parameters=[], CommandType='Text', CommandTimeout='120']
      SELECT [t].[FID], [t].[Address], [t].[Code], [t].[CreatedBy], [t].[CreatedOn], [t].[FactoryName], [t].[Gstin], [t].[IsActive], [t].[ModifiedBy], [t].[ModifiedOn]
      FROM [TblFactories] AS [t]
info: Microsoft.EntityFrameworkCore.Database.Command[20101]
      Executed DbCommand (65ms) [Parameters=[], CommandType='Text', CommandTimeout='120']
      SELECT [t].[DispId], [t].[BillID], [t].[ChallanNo], [t].[DeliveryNum], [t].[Destination], [t].[DisVid], [t].[DispatchDate], [t].[DispatchQuantity], [t].[FinalPrice], [t].[Lr], [t].[PartyName], [t].[TotalValue], [t].[UnitPrice], [t].[VehicleNo]
      FROM [TblDispatches] AS [t]
info: Microsoft.EntityFrameworkCore.Infrastructure[10403]
      Entity Framework Core 6.0.21 initialized 'TransportMgmtContext' using provider 'Microsoft.EntityFrameworkCore.SqlServer:6.0.21' with options: CommandTimeout=120 
info: Microsoft.EntityFrameworkCore.Database.Command[20101]
      Executed DbCommand (170ms) [Parameters=[@__dispatchId_0='?' (Size = 4000)], CommandType='Text', CommandTimeout='120']
      SELECT TOP(1) [t].[DispId], [t].[BillID], [t].[ChallanNo], [t].[DeliveryNum], [t].[Destination], [t].[DisVid], [t].[DispatchDate], [t].[DispatchQuantity], [t].[FinalPrice], [t].[Lr], [t].[PartyName], [t].[TotalValue], [t].[UnitPrice], [t].[VehicleNo]
      FROM [TblDispatches] AS [t]
      WHERE [t].[ChallanNo] = @__dispatchId_0
info: Microsoft.EntityFrameworkCore.Database.Command[20101]
      Executed DbCommand (11ms) [Parameters=[@__dispatchId_0='?' (Size = 4000)], CommandType='Text', CommandTimeout='120']
      SELECT TOP(1) [t].[DispId], [t].[BillID], [t].[ChallanNo], [t].[DeliveryNum], [t].[Destination], [t].[DisVid], [t].[DispatchDate], [t].[DispatchQuantity], [t].[FinalPrice], [t].[Lr], [t].[PartyName], [t].[TotalValue], [t].[UnitPrice], [t].[VehicleNo]
      FROM [TblDispatches] AS [t]
      WHERE [t].[ChallanNo] = @__dispatchId_0
info: Microsoft.EntityFrameworkCore.Database.Command[20101]
      Executed DbCommand (9ms) [Parameters=[@__billNumber_0='?' (Size = 4000)], CommandType='Text', CommandTimeout='120']
      SELECT TOP(1) [b].[BillID], [b].[ActualAmount], [b].[BillDate], [b].[BillNum], [b].[BillType], [b].[DeliveryNum], [b].[FID], [b].[Gst], [b].[GstDate], [b].[Lr], [b].[PId], [b].[PartyName], [b].[PaymentReceived], [b].[PaymentTablePId], [b].[Tds], [b].[TotalValue]
      FROM [BillTables] AS [b]
      WHERE [b].[BillNum] = @__billNumber_0
info: Microsoft.EntityFrameworkCore.Database.Command[20101]
      Executed DbCommand (17ms) [Parameters=[@p0='?' (DbType = Double), @p1='?' (DbType = DateTime2), @p2='?' (Size = 4000), @p3='?' (Size = 4000), @p4='?' (Size = 4000), @p5='?' (DbType = Int32), @p6='?' (DbType = Double), @p7='?' (DbType = DateTime2), @p8='?' (Size = 4000), @p9='?' (DbType = Int32), @p10='?' (Size = 4000), @p11='?' (DbType = Double), @p12='?' (DbType = Int32), @p13='?' (DbType = Double), @p14='?' (DbType = Double)], CommandType='Text', CommandTimeout='120']
      SET NOCOUNT ON;
      INSERT INTO [BillTables] ([ActualAmount], [BillDate], [BillNum], [BillType], [DeliveryNum], [FID], [Gst], [GstDate], [Lr], [PId], [PartyName], [PaymentReceived], [PaymentTablePId], [Tds], [TotalValue])
      VALUES (@p0, @p1, @p2, @p3, @p4, @p5, @p6, @p7, @p8, @p9, @p10, @p11, @p12, @p13, @p14);
      SELECT [BillID]
      FROM [BillTables]
      WHERE @@ROWCOUNT = 1 AND [BillID] = scope_identity();
info: Microsoft.EntityFrameworkCore.Database.Command[20101]
      Executed DbCommand (22ms) [Parameters=[@p2='?' (DbType = Int32), @p0='?' (DbType = Double), @p1='?' (DbType = Double)], CommandType='Text', CommandTimeout='120']
      SET NOCOUNT ON;
      UPDATE [TblDispatches] SET [FinalPrice] = @p0, [UnitPrice] = @p1
      WHERE [DispId] = @p2;
      SELECT @@ROWCOUNT;
info: Microsoft.EntityFrameworkCore.Database.Command[20101]
      Executed DbCommand (196ms) [Parameters=[@__dispatchId_0='?' (Size = 4000)], CommandType='Text', CommandTimeout='120']
      SELECT TOP(1) [t].[DispId], [t].[BillID], [t].[ChallanNo], [t].[DeliveryNum], [t].[Destination], [t].[DisVid], [t].[DispatchDate], [t].[DispatchQuantity], [t].[FinalPrice], [t].[Lr], [t].[PartyName], [t].[TotalValue], [t].[UnitPrice], [t].[VehicleNo]
      FROM [TblDispatches] AS [t]
      WHERE [t].[ChallanNo] = @__dispatchId_0
info: Microsoft.EntityFrameworkCore.Database.Command[20101]
      Executed DbCommand (17ms) [Parameters=[@__dispatchId_0='?' (Size = 4000)], CommandType='Text', CommandTimeout='120']
      SELECT TOP(1) [t].[DispId], [t].[BillID], [t].[ChallanNo], [t].[DeliveryNum], [t].[Destination], [t].[DisVid], [t].[DispatchDate], [t].[DispatchQuantity], [t].[FinalPrice], [t].[Lr], [t].[PartyName], [t].[TotalValue], [t].[UnitPrice], [t].[VehicleNo]
      FROM [TblDispatches] AS [t]
      WHERE [t].[ChallanNo] = @__dispatchId_0
info: Microsoft.EntityFrameworkCore.Database.Command[20101]
      Executed DbCommand (22ms) [Parameters=[@__dispatchId_0='?' (Size = 4000)], CommandType='Text', CommandTimeout='120']
      SELECT TOP(1) [t].[DispId], [t].[BillID], [t].[ChallanNo], [t].[DeliveryNum], [t].[Destination], [t].[DisVid], [t].[DispatchDate], [t].[DispatchQuantity], [t].[FinalPrice], [t].[Lr], [t].[PartyName], [t].[TotalValue], [t].[UnitPrice], [t].[VehicleNo]
      FROM [TblDispatches] AS [t]
      WHERE [t].[ChallanNo] = @__dispatchId_0
info: Microsoft.EntityFrameworkCore.Database.Command[20101]
      Executed DbCommand (30ms) [Parameters=[@__dispatchId_0='?' (Size = 4000)], CommandType='Text', CommandTimeout='120']
      SELECT TOP(1) [t].[DispId], [t].[BillID], [t].[ChallanNo], [t].[DeliveryNum], [t].[Destination], [t].[DisVid], [t].[DispatchDate], [t].[DispatchQuantity], [t].[FinalPrice], [t].[Lr], [t].[PartyName], [t].[TotalValue], [t].[UnitPrice], [t].[VehicleNo]
      FROM [TblDispatches] AS [t]
      WHERE [t].[ChallanNo] = @__dispatchId_0
info: Microsoft.EntityFrameworkCore.Database.Command[20101]
      Executed DbCommand (193ms) [Parameters=[@__dispatchId_0='?' (Size = 4000)], CommandType='Text', CommandTimeout='120']
      SELECT TOP(1) [t].[DispId], [t].[BillID], [t].[ChallanNo], [t].[DeliveryNum], [t].[Destination], [t].[DisVid], [t].[DispatchDate], [t].[DispatchQuantity], [t].[FinalPrice], [t].[Lr], [t].[PartyName], [t].[TotalValue], [t].[UnitPrice], [t].[VehicleNo]
      FROM [TblDispatches] AS [t]
      WHERE [t].[ChallanNo] = @__dispatchId_0
info: Microsoft.EntityFrameworkCore.Database.Command[20101]
      Executed DbCommand (15ms) [Parameters=[@__dispatchId_0='?' (Size = 4000)], CommandType='Text', CommandTimeout='120']
      SELECT TOP(1) [t].[DispId], [t].[BillID], [t].[ChallanNo], [t].[DeliveryNum], [t].[Destination], [t].[DisVid], [t].[DispatchDate], [t].[DispatchQuantity], [t].[FinalPrice], [t].[Lr], [t].[PartyName], [t].[TotalValue], [t].[UnitPrice], [t].[VehicleNo]
      FROM [TblDispatches] AS [t]
      WHERE [t].[ChallanNo] = @__dispatchId_0
info: Microsoft.EntityFrameworkCore.Database.Command[20101]
      Executed DbCommand (18ms) [Parameters=[@__dispatchId_0='?' (Size = 4000)], CommandType='Text', CommandTimeout='120']
      SELECT TOP(1) [t].[DispId], [t].[BillID], [t].[ChallanNo], [t].[DeliveryNum], [t].[Destination], [t].[DisVid], [t].[DispatchDate], [t].[DispatchQuantity], [t].[FinalPrice], [t].[Lr], [t].[PartyName], [t].[TotalValue], [t].[UnitPrice], [t].[VehicleNo]
      FROM [TblDispatches] AS [t]
      WHERE [t].[ChallanNo] = @__dispatchId_0
info: Microsoft.EntityFrameworkCore.Database.Command[20101]
      Executed DbCommand (25ms) [Parameters=[@__dispatchId_0='?' (Size = 4000)], CommandType='Text', CommandTimeout='120']
      SELECT TOP(1) [t].[DispId], [t].[BillID], [t].[ChallanNo], [t].[DeliveryNum], [t].[Destination], [t].[DisVid], [t].[DispatchDate], [t].[DispatchQuantity], [t].[FinalPrice], [t].[Lr], [t].[PartyName], [t].[TotalValue], [t].[UnitPrice], [t].[VehicleNo]
      FROM [TblDispatches] AS [t]
      WHERE [t].[ChallanNo] = @__dispatchId_0
info: Microsoft.EntityFrameworkCore.Database.Command[20101]
      Executed DbCommand (11ms) [Parameters=[@__dispatchId_0='?' (Size = 4000)], CommandType='Text', CommandTimeout='120']
      SELECT TOP(1) [t].[DispId], [t].[BillID], [t].[ChallanNo], [t].[DeliveryNum], [t].[Destination], [t].[DisVid], [t].[DispatchDate], [t].[DispatchQuantity], [t].[FinalPrice], [t].[Lr], [t].[PartyName], [t].[TotalValue], [t].[UnitPrice], [t].[VehicleNo]
      FROM [TblDispatches] AS [t]
      WHERE [t].[ChallanNo] = @__dispatchId_0
info: Microsoft.EntityFrameworkCore.Database.Command[20101]
      Executed DbCommand (15ms) [Parameters=[@__dispatchId_0='?' (Size = 4000)], CommandType='Text', CommandTimeout='120']
      SELECT TOP(1) [t].[DispId], [t].[BillID], [t].[ChallanNo], [t].[DeliveryNum], [t].[Destination], [t].[DisVid], [t].[DispatchDate], [t].[DispatchQuantity], [t].[FinalPrice], [t].[Lr], [t].[PartyName], [t].[TotalValue], [t].[UnitPrice], [t].[VehicleNo]
      FROM [TblDispatches] AS [t]
      WHERE [t].[ChallanNo] = @__dispatchId_0
info: Microsoft.EntityFrameworkCore.Database.Command[20101]
      Executed DbCommand (12ms) [Parameters=[@__dispatchId_0='?' (Size = 4000)], CommandType='Text', CommandTimeout='120']
      SELECT TOP(1) [t].[DispId], [t].[BillID], [t].[ChallanNo], [t].[DeliveryNum], [t].[Destination], [t].[DisVid], [t].[DispatchDate], [t].[DispatchQuantity], [t].[FinalPrice], [t].[Lr], [t].[PartyName], [t].[TotalValue], [t].[UnitPrice], [t].[VehicleNo]
      FROM [TblDispatches] AS [t]
      WHERE [t].[ChallanNo] = @__dispatchId_0
info: Microsoft.EntityFrameworkCore.Database.Command[20101]
      Executed DbCommand (15ms) [Parameters=[@__dispatchId_0='?' (Size = 4000)], CommandType='Text', CommandTimeout='120']
      SELECT TOP(1) [t].[DispId], [t].[BillID], [t].[ChallanNo], [t].[DeliveryNum], [t].[Destination], [t].[DisVid], [t].[DispatchDate], [t].[DispatchQuantity], [t].[FinalPrice], [t].[Lr], [t].[PartyName], [t].[TotalValue], [t].[UnitPrice], [t].[VehicleNo]
      FROM [TblDispatches] AS [t]
      WHERE [t].[ChallanNo] = @__dispatchId_0
info: Microsoft.EntityFrameworkCore.Database.Command[20101]
      Executed DbCommand (18ms) [Parameters=[@__dispatchId_0='?' (Size = 4000)], CommandType='Text', CommandTimeout='120']
      SELECT TOP(1) [t].[DispId], [t].[BillID], [t].[ChallanNo], [t].[DeliveryNum], [t].[Destination], [t].[DisVid], [t].[DispatchDate], [t].[DispatchQuantity], [t].[FinalPrice], [t].[Lr], [t].[PartyName], [t].[TotalValue], [t].[UnitPrice], [t].[VehicleNo]
      FROM [TblDispatches] AS [t]
      WHERE [t].[ChallanNo] = @__dispatchId_0
info: Microsoft.EntityFrameworkCore.Database.Command[20101]
      Executed DbCommand (27ms) [Parameters=[@__dispatchId_0='?' (Size = 4000)], CommandType='Text', CommandTimeout='120']
      SELECT TOP(1) [t].[DispId], [t].[BillID], [t].[ChallanNo], [t].[DeliveryNum], [t].[Destination], [t].[DisVid], [t].[DispatchDate], [t].[DispatchQuantity], [t].[FinalPrice], [t].[Lr], [t].[PartyName], [t].[TotalValue], [t].[UnitPrice], [t].[VehicleNo]
      FROM [TblDispatches] AS [t]
      WHERE [t].[ChallanNo] = @__dispatchId_0
info: Microsoft.EntityFrameworkCore.Database.Command[20101]
      Executed DbCommand (45ms) [Parameters=[@__dispatchId_0='?' (Size = 4000)], CommandType='Text', CommandTimeout='120']
      SELECT TOP(1) [t].[DispId], [t].[BillID], [t].[ChallanNo], [t].[DeliveryNum], [t].[Destination], [t].[DisVid], [t].[DispatchDate], [t].[DispatchQuantity], [t].[FinalPrice], [t].[Lr], [t].[PartyName], [t].[TotalValue], [t].[UnitPrice], [t].[VehicleNo]
      FROM [TblDispatches] AS [t]
      WHERE [t].[ChallanNo] = @__dispatchId_0
info: Microsoft.EntityFrameworkCore.Database.Command[20101]
      Executed DbCommand (25ms) [Parameters=[@__dispatchId_0='?' (Size = 4000)], CommandType='Text', CommandTimeout='120']
      SELECT TOP(1) [t].[DispId], [t].[BillID], [t].[ChallanNo], [t].[DeliveryNum], [t].[Destination], [t].[DisVid], [t].[DispatchDate], [t].[DispatchQuantity], [t].[FinalPrice], [t].[Lr], [t].[PartyName], [t].[TotalValue], [t].[UnitPrice], [t].[VehicleNo]
      FROM [TblDispatches] AS [t]
      WHERE [t].[ChallanNo] = @__dispatchId_0
info: Microsoft.EntityFrameworkCore.Database.Command[20101]
      Executed DbCommand (34ms) [Parameters=[@__dispatchId_0='?' (Size = 4000)], CommandType='Text', CommandTimeout='120']
      SELECT TOP(1) [t].[DispId], [t].[BillID], [t].[ChallanNo], [t].[DeliveryNum], [t].[Destination], [t].[DisVid], [t].[DispatchDate], [t].[DispatchQuantity], [t].[FinalPrice], [t].[Lr], [t].[PartyName], [t].[TotalValue], [t].[UnitPrice], [t].[VehicleNo]
      FROM [TblDispatches] AS [t]
      WHERE [t].[ChallanNo] = @__dispatchId_0
info: Microsoft.EntityFrameworkCore.Database.Command[20101]
      Executed DbCommand (19ms) [Parameters=[@__dispatchId_0='?' (Size = 4000)], CommandType='Text', CommandTimeout='120']
      SELECT TOP(1) [t].[DispId], [t].[BillID], [t].[ChallanNo], [t].[DeliveryNum], [t].[Destination], [t].[DisVid], [t].[DispatchDate], [t].[DispatchQuantity], [t].[FinalPrice], [t].[Lr], [t].[PartyName], [t].[TotalValue], [t].[UnitPrice], [t].[VehicleNo]
      FROM [TblDispatches] AS [t]
      WHERE [t].[ChallanNo] = @__dispatchId_0
info: Microsoft.EntityFrameworkCore.Database.Command[20101]
      Executed DbCommand (10ms) [Parameters=[@__dispatchId_0='?' (Size = 4000)], CommandType='Text', CommandTimeout='120']
      SELECT TOP(1) [t].[DispId], [t].[BillID], [t].[ChallanNo], [t].[DeliveryNum], [t].[Destination], [t].[DisVid], [t].[DispatchDate], [t].[DispatchQuantity], [t].[FinalPrice], [t].[Lr], [t].[PartyName], [t].[TotalValue], [t].[UnitPrice], [t].[VehicleNo]
      FROM [TblDispatches] AS [t]
      WHERE [t].[ChallanNo] = @__dispatchId_0
info: Microsoft.EntityFrameworkCore.Database.Command[20101]
      Executed DbCommand (11ms) [Parameters=[@__dispatchId_0='?' (Size = 4000)], CommandType='Text', CommandTimeout='120']
      SELECT TOP(1) [t].[DispId], [t].[BillID], [t].[ChallanNo], [t].[DeliveryNum], [t].[Destination], [t].[DisVid], [t].[DispatchDate], [t].[DispatchQuantity], [t].[FinalPrice], [t].[Lr], [t].[PartyName], [t].[TotalValue], [t].[UnitPrice], [t].[VehicleNo]
      FROM [TblDispatches] AS [t]
      WHERE [t].[ChallanNo] = @__dispatchId_0
info: Microsoft.EntityFrameworkCore.Database.Command[20101]
      Executed DbCommand (11ms) [Parameters=[@__dispatchId_0='?' (Size = 4000)], CommandType='Text', CommandTimeout='120']
      SELECT TOP(1) [t].[DispId], [t].[BillID], [t].[ChallanNo], [t].[DeliveryNum], [t].[Destination], [t].[DisVid], [t].[DispatchDate], [t].[DispatchQuantity], [t].[FinalPrice], [t].[Lr], [t].[PartyName], [t].[TotalValue], [t].[UnitPrice], [t].[VehicleNo]
      FROM [TblDispatches] AS [t]
      WHERE [t].[ChallanNo] = @__dispatchId_0
info: Microsoft.EntityFrameworkCore.Database.Command[20101]
      Executed DbCommand (14ms) [Parameters=[@__dispatchId_0='?' (Size = 4000)], CommandType='Text', CommandTimeout='120']
      SELECT TOP(1) [t].[DispId], [t].[BillID], [t].[ChallanNo], [t].[DeliveryNum], [t].[Destination], [t].[DisVid], [t].[DispatchDate], [t].[DispatchQuantity], [t].[FinalPrice], [t].[Lr], [t].[PartyName], [t].[TotalValue], [t].[UnitPrice], [t].[VehicleNo]
      FROM [TblDispatches] AS [t]
      WHERE [t].[ChallanNo] = @__dispatchId_0
info: Microsoft.EntityFrameworkCore.Database.Command[20101]
      Executed DbCommand (17ms) [Parameters=[@__dispatchId_0='?' (Size = 4000)], CommandType='Text', CommandTimeout='120']
      SELECT TOP(1) [t].[DispId], [t].[BillID], [t].[ChallanNo], [t].[DeliveryNum], [t].[Destination], [t].[DisVid], [t].[DispatchDate], [t].[DispatchQuantity], [t].[FinalPrice], [t].[Lr], [t].[PartyName], [t].[TotalValue], [t].[UnitPrice], [t].[VehicleNo]
      FROM [TblDispatches] AS [t]
      WHERE [t].[ChallanNo] = @__dispatchId_0
info: Microsoft.EntityFrameworkCore.Database.Command[20101]
      Executed DbCommand (21ms) [Parameters=[@__dispatchId_0='?' (Size = 4000)], CommandType='Text', CommandTimeout='120']
      SELECT TOP(1) [t].[DispId], [t].[BillID], [t].[ChallanNo], [t].[DeliveryNum], [t].[Destination], [t].[DisVid], [t].[DispatchDate], [t].[DispatchQuantity], [t].[FinalPrice], [t].[Lr], [t].[PartyName], [t].[TotalValue], [t].[UnitPrice], [t].[VehicleNo]
      FROM [TblDispatches] AS [t]
      WHERE [t].[ChallanNo] = @__dispatchId_0
info: Microsoft.EntityFrameworkCore.Database.Command[20101]
      Executed DbCommand (26ms) [Parameters=[@__dispatchId_0='?' (Size = 4000)], CommandType='Text', CommandTimeout='120']
      SELECT TOP(1) [t].[DispId], [t].[BillID], [t].[ChallanNo], [t].[DeliveryNum], [t].[Destination], [t].[DisVid], [t].[DispatchDate], [t].[DispatchQuantity], [t].[FinalPrice], [t].[Lr], [t].[PartyName], [t].[TotalValue], [t].[UnitPrice], [t].[VehicleNo]
      FROM [TblDispatches] AS [t]
      WHERE [t].[ChallanNo] = @__dispatchId_0
info: Microsoft.EntityFrameworkCore.Database.Command[20101]
      Executed DbCommand (22ms) [Parameters=[@__dispatchId_0='?' (Size = 4000)], CommandType='Text', CommandTimeout='120']
      SELECT TOP(1) [t].[DispId], [t].[BillID], [t].[ChallanNo], [t].[DeliveryNum], [t].[Destination], [t].[DisVid], [t].[DispatchDate], [t].[DispatchQuantity], [t].[FinalPrice], [t].[Lr], [t].[PartyName], [t].[TotalValue], [t].[UnitPrice], [t].[VehicleNo]
      FROM [TblDispatches] AS [t]
      WHERE [t].[ChallanNo] = @__dispatchId_0
info: Microsoft.EntityFrameworkCore.Database.Command[20101]
      Executed DbCommand (24ms) [Parameters=[@__dispatchId_0='?' (Size = 4000)], CommandType='Text', CommandTimeout='120']
      SELECT TOP(1) [t].[DispId], [t].[BillID], [t].[ChallanNo], [t].[DeliveryNum], [t].[Destination], [t].[DisVid], [t].[DispatchDate], [t].[DispatchQuantity], [t].[FinalPrice], [t].[Lr], [t].[PartyName], [t].[TotalValue], [t].[UnitPrice], [t].[VehicleNo]
      FROM [TblDispatches] AS [t]
      WHERE [t].[ChallanNo] = @__dispatchId_0
info: Microsoft.EntityFrameworkCore.Database.Command[20101]
      Executed DbCommand (21ms) [Parameters=[@__dispatchId_0='?' (Size = 4000)], CommandType='Text', CommandTimeout='120']
      SELECT TOP(1) [t].[DispId], [t].[BillID], [t].[ChallanNo], [t].[DeliveryNum], [t].[Destination], [t].[DisVid], [t].[DispatchDate], [t].[DispatchQuantity], [t].[FinalPrice], [t].[Lr], [t].[PartyName], [t].[TotalValue], [t].[UnitPrice], [t].[VehicleNo]
      FROM [TblDispatches] AS [t]
      WHERE [t].[ChallanNo] = @__dispatchId_0
info: Microsoft.EntityFrameworkCore.Database.Command[20101]
      Executed DbCommand (19ms) [Parameters=[@__dispatchId_0='?' (Size = 4000)], CommandType='Text', CommandTimeout='120']
      SELECT TOP(1) [t].[DispId], [t].[BillID], [t].[ChallanNo], [t].[DeliveryNum], [t].[Destination], [t].[DisVid], [t].[DispatchDate], [t].[DispatchQuantity], [t].[FinalPrice], [t].[Lr], [t].[PartyName], [t].[TotalValue], [t].[UnitPrice], [t].[VehicleNo]
      FROM [TblDispatches] AS [t]
      WHERE [t].[ChallanNo] = @__dispatchId_0
info: Microsoft.EntityFrameworkCore.Database.Command[20101]
      Executed DbCommand (70ms) [Parameters=[@p13='?' (DbType = Int32), @p0='?' (DbType = Int32), @p1='?' (Size = 4000), @p2='?' (Size = 4000), @p3='?' (Size = 4000), @p4='?' (DbType = Int32), @p5='?' (DbType = DateTime2), @p6='?' (DbType = Double), @p7='?' (DbType = Double), @p8='?' (Size = 4000), @p9='?' (Size = 4000), @p10='?' (DbType = Double), @p11='?' (DbType = Double), @p12='?' (Size = 4000), @p27='?' (DbType = Int32), @p14='?' (DbType = Int32), @p15='?' (Size = 4000), @p16='?' (Size = 4000), @p17='?' (Size = 4000), @p18='?' (DbType = Int32), @p19='?' (DbType = DateTime2), @p20='?' (DbType = Double), @p21='?' (DbType = Double), @p22='?' (Size = 4000), @p23='?' (Size = 4000), @p24='?' (DbType = Double), @p25='?' (DbType = Double), @p26='?' (Size = 4000), @p41='?' (DbType = Int32), @p28='?' (DbType = Int32), @p29='?' (Size = 4000), @p30='?' (Size = 4000), @p31='?' (Size = 4000), @p32='?' (DbType = Int32), @p33='?' (DbType = DateTime2), @p34='?' (DbType = Double), @p35='?' (DbType = Double), @p36='?' (Size = 4000), @p37='?' (Size = 4000), @p38='?' (DbType = Double), @p39='?' (DbType = Double), @p40='?' (Size = 4000), @p55='?' (DbType = Int32), @p42='?' (DbType = Int32), @p43='?' (Size = 4000), @p44='?' (Size = 4000), @p45='?' (Size = 4000), @p46='?' (DbType = Int32), @p47='?' (DbType = DateTime2), @p48='?' (DbType = Double), @p49='?' (DbType = Double), @p50='?' (Size = 4000), @p51='?' (Size = 4000), @p52='?' (DbType = Double), @p53='?' (DbType = Double), @p54='?' (Size = 4000), @p69='?' (DbType = Int32), @p56='?' (DbType = Int32), @p57='?' (Size = 4000), @p58='?' (Size = 4000), @p59='?' (Size = 4000), @p60='?' (DbType = Int32), @p61='?' (DbType = DateTime2), @p62='?' (DbType = Double), @p63='?' (DbType = Double), @p64='?' (Size = 4000), @p65='?' (Size = 4000), @p66='?' (DbType = Double), @p67='?' (DbType = Double), @p68='?' (Size = 4000), @p83='?' (DbType = Int32), @p70='?' (DbType = Int32), @p71='?' (Size = 4000), @p72='?' (Size = 4000), @p73='?' (Size = 4000), @p74='?' (DbType = Int32), @p75='?' (DbType = DateTime2), @p76='?' (DbType = Double), @p77='?' (DbType = Double), @p78='?' (Size = 4000), @p79='?' (Size = 4000), @p80='?' (DbType = Double), @p81='?' (DbType = Double), @p82='?' (Size = 4000), @p97='?' (DbType = Int32), @p84='?' (DbType = Int32), @p85='?' (Size = 4000), @p86='?' (Size = 4000), @p87='?' (Size = 4000), @p88='?' (DbType = Int32), @p89='?' (DbType = DateTime2), @p90='?' (DbType = Double), @p91='?' (DbType = Double), @p92='?' (Size = 4000), @p93='?' (Size = 4000), @p94='?' (DbType = Double), @p95='?' (DbType = Double), @p96='?' (Size = 4000), @p111='?' (DbType = Int32), @p98='?' (DbType = Int32), @p99='?' (Size = 4000), @p100='?' (Size = 4000), @p101='?' (Size = 4000), @p102='?' (DbType = Int32), @p103='?' (DbType = DateTime2), @p104='?' (DbType = Double), @p105='?' (DbType = Double), @p106='?' (Size = 4000), @p107='?' (Size = 4000), @p108='?' (DbType = Double), @p109='?' (DbType = Double), @p110='?' (Size = 4000)], CommandType='Text', CommandTimeout='120']
      SET NOCOUNT ON;
      UPDATE [TblDispatches] SET [BillID] = @p0, [ChallanNo] = @p1, [DeliveryNum] = @p2, [Destination] = @p3, [DisVid] = @p4, [DispatchDate] = @p5, [DispatchQuantity] = @p6, [FinalPrice] = @p7, [Lr] = @p8, [PartyName] = @p9, [TotalValue] = @p10, [UnitPrice] = @p11, [VehicleNo] = @p12
      WHERE [DispId] = @p13;
      SELECT @@ROWCOUNT;
      
      UPDATE [TblDispatches] SET [BillID] = @p14, [ChallanNo] = @p15, [DeliveryNum] = @p16, [Destination] = @p17, [DisVid] = @p18, [DispatchDate] = @p19, [DispatchQuantity] = @p20, [FinalPrice] = @p21, [Lr] = @p22, [PartyName] = @p23, [TotalValue] = @p24, [UnitPrice] = @p25, [VehicleNo] = @p26
      WHERE [DispId] = @p27;
      SELECT @@ROWCOUNT;
      
      UPDATE [TblDispatches] SET [BillID] = @p28, [ChallanNo] = @p29, [DeliveryNum] = @p30, [Destination] = @p31, [DisVid] = @p32, [DispatchDate] = @p33, [DispatchQuantity] = @p34, [FinalPrice] = @p35, [Lr] = @p36, [PartyName] = @p37, [TotalValue] = @p38, [UnitPrice] = @p39, [VehicleNo] = @p40
      WHERE [DispId] = @p41;
      SELECT @@ROWCOUNT;
      
      UPDATE [TblDispatches] SET [BillID] = @p42, [ChallanNo] = @p43, [DeliveryNum] = @p44, [Destination] = @p45, [DisVid] = @p46, [DispatchDate] = @p47, [DispatchQuantity] = @p48, [FinalPrice] = @p49, [Lr] = @p50, [PartyName] = @p51, [TotalValue] = @p52, [UnitPrice] = @p53, [VehicleNo] = @p54
      WHERE [DispId] = @p55;
      SELECT @@ROWCOUNT;
      
      UPDATE [TblDispatches] SET [BillID] = @p56, [ChallanNo] = @p57, [DeliveryNum] = @p58, [Destination] = @p59, [DisVid] = @p60, [DispatchDate] = @p61, [DispatchQuantity] = @p62, [FinalPrice] = @p63, [Lr] = @p64, [PartyName] = @p65, [TotalValue] = @p66, [UnitPrice] = @p67, [VehicleNo] = @p68
      WHERE [DispId] = @p69;
      SELECT @@ROWCOUNT;
      
      UPDATE [TblDispatches] SET [BillID] = @p70, [ChallanNo] = @p71, [DeliveryNum] = @p72, [Destination] = @p73, [DisVid] = @p74, [DispatchDate] = @p75, [DispatchQuantity] = @p76, [FinalPrice] = @p77, [Lr] = @p78, [PartyName] = @p79, [TotalValue] = @p80, [UnitPrice] = @p81, [VehicleNo] = @p82
      WHERE [DispId] = @p83;
      SELECT @@ROWCOUNT;
      
      UPDATE [TblDispatches] SET [BillID] = @p84, [ChallanNo] = @p85, [DeliveryNum] = @p86, [Destination] = @p87, [DisVid] = @p88, [DispatchDate] = @p89, [DispatchQuantity] = @p90, [FinalPrice] = @p91, [Lr] = @p92, [PartyName] = @p93, [TotalValue] = @p94, [UnitPrice] = @p95, [VehicleNo] = @p96
      WHERE [DispId] = @p97;
      SELECT @@ROWCOUNT;
      
      UPDATE [TblDispatches] SET [BillID] = @p98, [ChallanNo] = @p99, [DeliveryNum] = @p100, [Destination] = @p101, [DisVid] = @p102, [DispatchDate] = @p103, [DispatchQuantity] = @p104, [FinalPrice] = @p105, [Lr] = @p106, [PartyName] = @p107, [TotalValue] = @p108, [UnitPrice] = @p109, [VehicleNo] = @p110
      WHERE [DispId] = @p111;
      SELECT @@ROWCOUNT;
info: Microsoft.EntityFrameworkCore.Infrastructure[10403]
      Entity Framework Core 6.0.21 initialized 'TransportMgmtContext' using provider 'Microsoft.EntityFrameworkCore.SqlServer:6.0.21' with options: CommandTimeout=120 
info: Microsoft.EntityFrameworkCore.Database.Command[20101]
      Executed DbCommand (7ms) [Parameters=[], CommandType='Text', CommandTimeout='120']
      SELECT [t].[FID], [t].[Address], [t].[Code], [t].[CreatedBy], [t].[CreatedOn], [t].[FactoryName], [t].[Gstin], [t].[IsActive], [t].[ModifiedBy], [t].[ModifiedOn]
      FROM [TblFactories] AS [t]
info: Microsoft.EntityFrameworkCore.Database.Command[20101]
      Executed DbCommand (2ms) [Parameters=[], CommandType='Text', CommandTimeout='120']
      SELECT [t].[FID], [t].[Address], [t].[Code], [t].[CreatedBy], [t].[CreatedOn], [t].[FactoryName], [t].[Gstin], [t].[IsActive], [t].[ModifiedBy], [t].[ModifiedOn]
      FROM [TblFactories] AS [t]
info: Microsoft.EntityFrameworkCore.Database.Command[20101]
      Executed DbCommand (56ms) [Parameters=[], CommandType='Text', CommandTimeout='120']
      SELECT [t].[DispId], [t].[BillID], [t].[ChallanNo], [t].[DeliveryNum], [t].[Destination], [t].[DisVid], [t].[DispatchDate], [t].[DispatchQuantity], [t].[FinalPrice], [t].[Lr], [t].[PartyName], [t].[TotalValue], [t].[UnitPrice], [t].[VehicleNo]
      FROM [TblDispatches] AS [t]
info: Microsoft.EntityFrameworkCore.Infrastructure[10403]
      Entity Framework Core 6.0.21 initialized 'TransportMgmtContext' using provider 'Microsoft.EntityFrameworkCore.SqlServer:6.0.21' with options: CommandTimeout=120 
info: Microsoft.EntityFrameworkCore.Database.Command[20101]
      Executed DbCommand (8ms) [Parameters=[], CommandType='Text', CommandTimeout='120']
      SELECT [t].[FID] AS [id], [t].[FactoryName] AS [name]
      FROM [TblFactories] AS [t]
info: Microsoft.EntityFrameworkCore.Infrastructure[10403]
      Entity Framework Core 6.0.21 initialized 'TransportMgmtContext' using provider 'Microsoft.EntityFrameworkCore.SqlServer:6.0.21' with options: CommandTimeout=120 
info: Microsoft.EntityFrameworkCore.Database.Command[20101]
      Executed DbCommand (113ms) [Parameters=[p0='?' (DbType = DateTime2), p1='?' (DbType = DateTime2), p2='?' (DbType = Int32)], CommandType='Text', CommandTimeout='120']
      EXEC [dbo].[SpExpoBilldetail] @FromDate = @p0, @ToDate = @p1, @FactoryId = @p2
info: Microsoft.EntityFrameworkCore.Infrastructure[10403]
      Entity Framework Core 6.0.21 initialized 'TransportMgmtContext' using provider 'Microsoft.EntityFrameworkCore.SqlServer:6.0.21' with options: CommandTimeout=120 
info: Microsoft.EntityFrameworkCore.Database.Command[20101]
      Executed DbCommand (100ms) [Parameters=[], CommandType='Text', CommandTimeout='120']
      SELECT [t].[FID] AS [id], [t].[FactoryName] AS [name]
      FROM [TblFactories] AS [t]
info: Microsoft.EntityFrameworkCore.Infrastructure[10403]
      Entity Framework Core 6.0.21 initialized 'TransportMgmtContext' using provider 'Microsoft.EntityFrameworkCore.SqlServer:6.0.21' with options: CommandTimeout=120 
info: Microsoft.EntityFrameworkCore.Database.Command[20101]
      Executed DbCommand (53ms) [Parameters=[p0='?' (DbType = DateTime2), p1='?' (DbType = DateTime2), p2='?' (DbType = Int32)], CommandType='Text', CommandTimeout='120']
      EXEC [dbo].[SpExpoBilldetail] @FromDate = @p0, @ToDate = @p1, @FactoryId = @p2
info: Microsoft.EntityFrameworkCore.Infrastructure[10403]
      Entity Framework Core 6.0.21 initialized 'TransportMgmtContext' using provider 'Microsoft.EntityFrameworkCore.SqlServer:6.0.21' with options: CommandTimeout=120 
info: Microsoft.EntityFrameworkCore.Database.Command[20101]
      Executed DbCommand (26ms) [Parameters=[], CommandType='Text', CommandTimeout='120']
      SELECT [t].[FID], [t].[Address], [t].[Code], [t].[CreatedBy], [t].[CreatedOn], [t].[FactoryName], [t].[Gstin], [t].[IsActive], [t].[ModifiedBy], [t].[ModifiedOn]
      FROM [TblFactories] AS [t]
info: Microsoft.EntityFrameworkCore.Database.Command[20101]
      Executed DbCommand (5ms) [Parameters=[], CommandType='Text', CommandTimeout='120']
      SELECT [t].[FID], [t].[Address], [t].[Code], [t].[CreatedBy], [t].[CreatedOn], [t].[FactoryName], [t].[Gstin], [t].[IsActive], [t].[ModifiedBy], [t].[ModifiedOn]
      FROM [TblFactories] AS [t]
info: Microsoft.EntityFrameworkCore.Database.Command[20101]
      Executed DbCommand (32ms) [Parameters=[], CommandType='Text', CommandTimeout='120']
      SELECT [t].[DispId], [t].[BillID], [t].[ChallanNo], [t].[DeliveryNum], [t].[Destination], [t].[DisVid], [t].[DispatchDate], [t].[DispatchQuantity], [t].[FinalPrice], [t].[Lr], [t].[PartyName], [t].[TotalValue], [t].[UnitPrice], [t].[VehicleNo]
      FROM [TblDispatches] AS [t]
info: Microsoft.EntityFrameworkCore.Infrastructure[10403]
      Entity Framework Core 6.0.21 initialized 'TransportMgmtContext' using provider 'Microsoft.EntityFrameworkCore.SqlServer:6.0.21' with options: CommandTimeout=120 
info: Microsoft.EntityFrameworkCore.Database.Command[20101]
      Executed DbCommand (23ms) [Parameters=[@__dispatchId_0='?' (Size = 4000)], CommandType='Text', CommandTimeout='120']
      SELECT TOP(1) [t].[DispId], [t].[BillID], [t].[ChallanNo], [t].[DeliveryNum], [t].[Destination], [t].[DisVid], [t].[DispatchDate], [t].[DispatchQuantity], [t].[FinalPrice], [t].[Lr], [t].[PartyName], [t].[TotalValue], [t].[UnitPrice], [t].[VehicleNo]
      FROM [TblDispatches] AS [t]
      WHERE [t].[ChallanNo] = @__dispatchId_0
info: Microsoft.EntityFrameworkCore.Database.Command[20101]
      Executed DbCommand (4ms) [Parameters=[@__dispatchId_0='?' (Size = 4000)], CommandType='Text', CommandTimeout='120']
      SELECT TOP(1) [t].[DispId], [t].[BillID], [t].[ChallanNo], [t].[DeliveryNum], [t].[Destination], [t].[DisVid], [t].[DispatchDate], [t].[DispatchQuantity], [t].[FinalPrice], [t].[Lr], [t].[PartyName], [t].[TotalValue], [t].[UnitPrice], [t].[VehicleNo]
      FROM [TblDispatches] AS [t]
      WHERE [t].[ChallanNo] = @__dispatchId_0
info: Microsoft.EntityFrameworkCore.Database.Command[20101]
      Executed DbCommand (17ms) [Parameters=[@__billNumber_0='?' (Size = 4000)], CommandType='Text', CommandTimeout='120']
      SELECT TOP(1) [b].[BillID], [b].[ActualAmount], [b].[BillDate], [b].[BillNum], [b].[BillType], [b].[DeliveryNum], [b].[FID], [b].[Gst], [b].[GstDate], [b].[Lr], [b].[PId], [b].[PartyName], [b].[PaymentReceived], [b].[PaymentTablePId], [b].[Tds], [b].[TotalValue]
      FROM [BillTables] AS [b]
      WHERE [b].[BillNum] = @__billNumber_0
info: Microsoft.EntityFrameworkCore.Database.Command[20101]
      Executed DbCommand (10ms) [Parameters=[@p0='?' (DbType = Double), @p1='?' (DbType = DateTime2), @p2='?' (Size = 4000), @p3='?' (Size = 4000), @p4='?' (Size = 4000), @p5='?' (DbType = Int32), @p6='?' (DbType = Double), @p7='?' (DbType = DateTime2), @p8='?' (Size = 4000), @p9='?' (DbType = Int32), @p10='?' (Size = 4000), @p11='?' (DbType = Double), @p12='?' (DbType = Int32), @p13='?' (DbType = Double), @p14='?' (DbType = Double)], CommandType='Text', CommandTimeout='120']
      SET NOCOUNT ON;
      INSERT INTO [BillTables] ([ActualAmount], [BillDate], [BillNum], [BillType], [DeliveryNum], [FID], [Gst], [GstDate], [Lr], [PId], [PartyName], [PaymentReceived], [PaymentTablePId], [Tds], [TotalValue])
      VALUES (@p0, @p1, @p2, @p3, @p4, @p5, @p6, @p7, @p8, @p9, @p10, @p11, @p12, @p13, @p14);
      SELECT [BillID]
      FROM [BillTables]
      WHERE @@ROWCOUNT = 1 AND [BillID] = scope_identity();
info: Microsoft.EntityFrameworkCore.Database.Command[20101]
      Executed DbCommand (6ms) [Parameters=[@p2='?' (DbType = Int32), @p0='?' (DbType = Double), @p1='?' (DbType = Double)], CommandType='Text', CommandTimeout='120']
      SET NOCOUNT ON;
      UPDATE [TblDispatches] SET [FinalPrice] = @p0, [UnitPrice] = @p1
      WHERE [DispId] = @p2;
      SELECT @@ROWCOUNT;
info: Microsoft.EntityFrameworkCore.Database.Command[20101]
      Executed DbCommand (4ms) [Parameters=[@__dispatchId_0='?' (Size = 4000)], CommandType='Text', CommandTimeout='120']
      SELECT TOP(1) [t].[DispId], [t].[BillID], [t].[ChallanNo], [t].[DeliveryNum], [t].[Destination], [t].[DisVid], [t].[DispatchDate], [t].[DispatchQuantity], [t].[FinalPrice], [t].[Lr], [t].[PartyName], [t].[TotalValue], [t].[UnitPrice], [t].[VehicleNo]
      FROM [TblDispatches] AS [t]
      WHERE [t].[ChallanNo] = @__dispatchId_0
info: Microsoft.EntityFrameworkCore.Database.Command[20101]
      Executed DbCommand (7ms) [Parameters=[@__dispatchId_0='?' (Size = 4000)], CommandType='Text', CommandTimeout='120']
      SELECT TOP(1) [t].[DispId], [t].[BillID], [t].[ChallanNo], [t].[DeliveryNum], [t].[Destination], [t].[DisVid], [t].[DispatchDate], [t].[DispatchQuantity], [t].[FinalPrice], [t].[Lr], [t].[PartyName], [t].[TotalValue], [t].[UnitPrice], [t].[VehicleNo]
      FROM [TblDispatches] AS [t]
      WHERE [t].[ChallanNo] = @__dispatchId_0
info: Microsoft.EntityFrameworkCore.Database.Command[20101]
      Executed DbCommand (7ms) [Parameters=[@__dispatchId_0='?' (Size = 4000)], CommandType='Text', CommandTimeout='120']
      SELECT TOP(1) [t].[DispId], [t].[BillID], [t].[ChallanNo], [t].[DeliveryNum], [t].[Destination], [t].[DisVid], [t].[DispatchDate], [t].[DispatchQuantity], [t].[FinalPrice], [t].[Lr], [t].[PartyName], [t].[TotalValue], [t].[UnitPrice], [t].[VehicleNo]
      FROM [TblDispatches] AS [t]
      WHERE [t].[ChallanNo] = @__dispatchId_0
info: Microsoft.EntityFrameworkCore.Database.Command[20101]
      Executed DbCommand (9ms) [Parameters=[@__dispatchId_0='?' (Size = 4000)], CommandType='Text', CommandTimeout='120']
      SELECT TOP(1) [t].[DispId], [t].[BillID], [t].[ChallanNo], [t].[DeliveryNum], [t].[Destination], [t].[DisVid], [t].[DispatchDate], [t].[DispatchQuantity], [t].[FinalPrice], [t].[Lr], [t].[PartyName], [t].[TotalValue], [t].[UnitPrice], [t].[VehicleNo]
      FROM [TblDispatches] AS [t]
      WHERE [t].[ChallanNo] = @__dispatchId_0
info: Microsoft.EntityFrameworkCore.Database.Command[20101]
      Executed DbCommand (10ms) [Parameters=[@__dispatchId_0='?' (Size = 4000)], CommandType='Text', CommandTimeout='120']
      SELECT TOP(1) [t].[DispId], [t].[BillID], [t].[ChallanNo], [t].[DeliveryNum], [t].[Destination], [t].[DisVid], [t].[DispatchDate], [t].[DispatchQuantity], [t].[FinalPrice], [t].[Lr], [t].[PartyName], [t].[TotalValue], [t].[UnitPrice], [t].[VehicleNo]
      FROM [TblDispatches] AS [t]
      WHERE [t].[ChallanNo] = @__dispatchId_0
info: Microsoft.EntityFrameworkCore.Database.Command[20101]
      Executed DbCommand (12ms) [Parameters=[@__dispatchId_0='?' (Size = 4000)], CommandType='Text', CommandTimeout='120']
      SELECT TOP(1) [t].[DispId], [t].[BillID], [t].[ChallanNo], [t].[DeliveryNum], [t].[Destination], [t].[DisVid], [t].[DispatchDate], [t].[DispatchQuantity], [t].[FinalPrice], [t].[Lr], [t].[PartyName], [t].[TotalValue], [t].[UnitPrice], [t].[VehicleNo]
      FROM [TblDispatches] AS [t]
      WHERE [t].[ChallanNo] = @__dispatchId_0
info: Microsoft.EntityFrameworkCore.Database.Command[20101]
      Executed DbCommand (12ms) [Parameters=[@__dispatchId_0='?' (Size = 4000)], CommandType='Text', CommandTimeout='120']
      SELECT TOP(1) [t].[DispId], [t].[BillID], [t].[ChallanNo], [t].[DeliveryNum], [t].[Destination], [t].[DisVid], [t].[DispatchDate], [t].[DispatchQuantity], [t].[FinalPrice], [t].[Lr], [t].[PartyName], [t].[TotalValue], [t].[UnitPrice], [t].[VehicleNo]
      FROM [TblDispatches] AS [t]
      WHERE [t].[ChallanNo] = @__dispatchId_0
info: Microsoft.EntityFrameworkCore.Database.Command[20101]
      Executed DbCommand (10ms) [Parameters=[@__dispatchId_0='?' (Size = 4000)], CommandType='Text', CommandTimeout='120']
      SELECT TOP(1) [t].[DispId], [t].[BillID], [t].[ChallanNo], [t].[DeliveryNum], [t].[Destination], [t].[DisVid], [t].[DispatchDate], [t].[DispatchQuantity], [t].[FinalPrice], [t].[Lr], [t].[PartyName], [t].[TotalValue], [t].[UnitPrice], [t].[VehicleNo]
      FROM [TblDispatches] AS [t]
      WHERE [t].[ChallanNo] = @__dispatchId_0
info: Microsoft.EntityFrameworkCore.Database.Command[20101]
      Executed DbCommand (6ms) [Parameters=[@__dispatchId_0='?' (Size = 4000)], CommandType='Text', CommandTimeout='120']
      SELECT TOP(1) [t].[DispId], [t].[BillID], [t].[ChallanNo], [t].[DeliveryNum], [t].[Destination], [t].[DisVid], [t].[DispatchDate], [t].[DispatchQuantity], [t].[FinalPrice], [t].[Lr], [t].[PartyName], [t].[TotalValue], [t].[UnitPrice], [t].[VehicleNo]
      FROM [TblDispatches] AS [t]
      WHERE [t].[ChallanNo] = @__dispatchId_0
info: Microsoft.EntityFrameworkCore.Database.Command[20101]
      Executed DbCommand (9ms) [Parameters=[@__dispatchId_0='?' (Size = 4000)], CommandType='Text', CommandTimeout='120']
      SELECT TOP(1) [t].[DispId], [t].[BillID], [t].[ChallanNo], [t].[DeliveryNum], [t].[Destination], [t].[DisVid], [t].[DispatchDate], [t].[DispatchQuantity], [t].[FinalPrice], [t].[Lr], [t].[PartyName], [t].[TotalValue], [t].[UnitPrice], [t].[VehicleNo]
      FROM [TblDispatches] AS [t]
      WHERE [t].[ChallanNo] = @__dispatchId_0
info: Microsoft.EntityFrameworkCore.Database.Command[20101]
      Executed DbCommand (5ms) [Parameters=[@__dispatchId_0='?' (Size = 4000)], CommandType='Text', CommandTimeout='120']
      SELECT TOP(1) [t].[DispId], [t].[BillID], [t].[ChallanNo], [t].[DeliveryNum], [t].[Destination], [t].[DisVid], [t].[DispatchDate], [t].[DispatchQuantity], [t].[FinalPrice], [t].[Lr], [t].[PartyName], [t].[TotalValue], [t].[UnitPrice], [t].[VehicleNo]
      FROM [TblDispatches] AS [t]
      WHERE [t].[ChallanNo] = @__dispatchId_0
info: Microsoft.EntityFrameworkCore.Database.Command[20101]
      Executed DbCommand (5ms) [Parameters=[@__dispatchId_0='?' (Size = 4000)], CommandType='Text', CommandTimeout='120']
      SELECT TOP(1) [t].[DispId], [t].[BillID], [t].[ChallanNo], [t].[DeliveryNum], [t].[Destination], [t].[DisVid], [t].[DispatchDate], [t].[DispatchQuantity], [t].[FinalPrice], [t].[Lr], [t].[PartyName], [t].[TotalValue], [t].[UnitPrice], [t].[VehicleNo]
      FROM [TblDispatches] AS [t]
      WHERE [t].[ChallanNo] = @__dispatchId_0
info: Microsoft.EntityFrameworkCore.Database.Command[20101]
      Executed DbCommand (6ms) [Parameters=[@__dispatchId_0='?' (Size = 4000)], CommandType='Text', CommandTimeout='120']
      SELECT TOP(1) [t].[DispId], [t].[BillID], [t].[ChallanNo], [t].[DeliveryNum], [t].[Destination], [t].[DisVid], [t].[DispatchDate], [t].[DispatchQuantity], [t].[FinalPrice], [t].[Lr], [t].[PartyName], [t].[TotalValue], [t].[UnitPrice], [t].[VehicleNo]
      FROM [TblDispatches] AS [t]
      WHERE [t].[ChallanNo] = @__dispatchId_0
info: Microsoft.EntityFrameworkCore.Database.Command[20101]
      Executed DbCommand (5ms) [Parameters=[@__dispatchId_0='?' (Size = 4000)], CommandType='Text', CommandTimeout='120']
      SELECT TOP(1) [t].[DispId], [t].[BillID], [t].[ChallanNo], [t].[DeliveryNum], [t].[Destination], [t].[DisVid], [t].[DispatchDate], [t].[DispatchQuantity], [t].[FinalPrice], [t].[Lr], [t].[PartyName], [t].[TotalValue], [t].[UnitPrice], [t].[VehicleNo]
      FROM [TblDispatches] AS [t]
      WHERE [t].[ChallanNo] = @__dispatchId_0
info: Microsoft.EntityFrameworkCore.Database.Command[20101]
      Executed DbCommand (4ms) [Parameters=[@__dispatchId_0='?' (Size = 4000)], CommandType='Text', CommandTimeout='120']
      SELECT TOP(1) [t].[DispId], [t].[BillID], [t].[ChallanNo], [t].[DeliveryNum], [t].[Destination], [t].[DisVid], [t].[DispatchDate], [t].[DispatchQuantity], [t].[FinalPrice], [t].[Lr], [t].[PartyName], [t].[TotalValue], [t].[UnitPrice], [t].[VehicleNo]
      FROM [TblDispatches] AS [t]
      WHERE [t].[ChallanNo] = @__dispatchId_0
info: Microsoft.EntityFrameworkCore.Database.Command[20101]
      Executed DbCommand (6ms) [Parameters=[@__dispatchId_0='?' (Size = 4000)], CommandType='Text', CommandTimeout='120']
      SELECT TOP(1) [t].[DispId], [t].[BillID], [t].[ChallanNo], [t].[DeliveryNum], [t].[Destination], [t].[DisVid], [t].[DispatchDate], [t].[DispatchQuantity], [t].[FinalPrice], [t].[Lr], [t].[PartyName], [t].[TotalValue], [t].[UnitPrice], [t].[VehicleNo]
      FROM [TblDispatches] AS [t]
      WHERE [t].[ChallanNo] = @__dispatchId_0
info: Microsoft.EntityFrameworkCore.Database.Command[20101]
      Executed DbCommand (5ms) [Parameters=[@__dispatchId_0='?' (Size = 4000)], CommandType='Text', CommandTimeout='120']
      SELECT TOP(1) [t].[DispId], [t].[BillID], [t].[ChallanNo], [t].[DeliveryNum], [t].[Destination], [t].[DisVid], [t].[DispatchDate], [t].[DispatchQuantity], [t].[FinalPrice], [t].[Lr], [t].[PartyName], [t].[TotalValue], [t].[UnitPrice], [t].[VehicleNo]
      FROM [TblDispatches] AS [t]
      WHERE [t].[ChallanNo] = @__dispatchId_0
info: Microsoft.EntityFrameworkCore.Database.Command[20101]
      Executed DbCommand (8ms) [Parameters=[@__dispatchId_0='?' (Size = 4000)], CommandType='Text', CommandTimeout='120']
      SELECT TOP(1) [t].[DispId], [t].[BillID], [t].[ChallanNo], [t].[DeliveryNum], [t].[Destination], [t].[DisVid], [t].[DispatchDate], [t].[DispatchQuantity], [t].[FinalPrice], [t].[Lr], [t].[PartyName], [t].[TotalValue], [t].[UnitPrice], [t].[VehicleNo]
      FROM [TblDispatches] AS [t]
      WHERE [t].[ChallanNo] = @__dispatchId_0
info: Microsoft.EntityFrameworkCore.Database.Command[20101]
      Executed DbCommand (4ms) [Parameters=[@__dispatchId_0='?' (Size = 4000)], CommandType='Text', CommandTimeout='120']
      SELECT TOP(1) [t].[DispId], [t].[BillID], [t].[ChallanNo], [t].[DeliveryNum], [t].[Destination], [t].[DisVid], [t].[DispatchDate], [t].[DispatchQuantity], [t].[FinalPrice], [t].[Lr], [t].[PartyName], [t].[TotalValue], [t].[UnitPrice], [t].[VehicleNo]
      FROM [TblDispatches] AS [t]
      WHERE [t].[ChallanNo] = @__dispatchId_0
info: Microsoft.EntityFrameworkCore.Database.Command[20101]
      Executed DbCommand (5ms) [Parameters=[@__dispatchId_0='?' (Size = 4000)], CommandType='Text', CommandTimeout='120']
      SELECT TOP(1) [t].[DispId], [t].[BillID], [t].[ChallanNo], [t].[DeliveryNum], [t].[Destination], [t].[DisVid], [t].[DispatchDate], [t].[DispatchQuantity], [t].[FinalPrice], [t].[Lr], [t].[PartyName], [t].[TotalValue], [t].[UnitPrice], [t].[VehicleNo]
      FROM [TblDispatches] AS [t]
      WHERE [t].[ChallanNo] = @__dispatchId_0
info: Microsoft.EntityFrameworkCore.Database.Command[20101]
      Executed DbCommand (1ms) [Parameters=[@__billNumber_0='?' (Size = 4000)], CommandType='Text', CommandTimeout='120']
      SELECT TOP(1) [b].[BillID], [b].[ActualAmount], [b].[BillDate], [b].[BillNum], [b].[BillType], [b].[DeliveryNum], [b].[FID], [b].[Gst], [b].[GstDate], [b].[Lr], [b].[PId], [b].[PartyName], [b].[PaymentReceived], [b].[PaymentTablePId], [b].[Tds], [b].[TotalValue]
      FROM [BillTables] AS [b]
      WHERE [b].[BillNum] = @__billNumber_0
info: Microsoft.EntityFrameworkCore.Database.Command[20101]
      Executed DbCommand (95ms) [Parameters=[@p0='?' (DbType = Double), @p1='?' (DbType = DateTime2), @p2='?' (Size = 4000), @p3='?' (Size = 4000), @p4='?' (Size = 4000), @p5='?' (DbType = Int32), @p6='?' (DbType = Double), @p7='?' (DbType = DateTime2), @p8='?' (Size = 4000), @p9='?' (DbType = Int32), @p10='?' (Size = 4000), @p11='?' (DbType = Double), @p12='?' (DbType = Int32), @p13='?' (DbType = Double), @p14='?' (DbType = Double), @p20='?' (DbType = Int32), @p15='?' (DbType = Int32), @p16='?' (Size = 4000), @p17='?' (DbType = Double), @p18='?' (Size = 4000), @p19='?' (DbType = Double), @p23='?' (DbType = Int32), @p21='?' (DbType = Double), @p22='?' (DbType = Double), @p29='?' (DbType = Int32), @p24='?' (DbType = Int32), @p25='?' (Size = 4000), @p26='?' (DbType = Double), @p27='?' (Size = 4000), @p28='?' (DbType = Double), @p35='?' (DbType = Int32), @p30='?' (DbType = Int32), @p31='?' (Size = 4000), @p32='?' (DbType = Double), @p33='?' (Size = 4000), @p34='?' (DbType = Double), @p41='?' (DbType = Int32), @p36='?' (DbType = Int32), @p37='?' (Size = 4000), @p38='?' (DbType = Double), @p39='?' (Size = 4000), @p40='?' (DbType = Double), @p47='?' (DbType = Int32), @p42='?' (DbType = Int32), @p43='?' (Size = 4000), @p44='?' (DbType = Double), @p45='?' (Size = 4000), @p46='?' (DbType = Double), @p53='?' (DbType = Int32), @p48='?' (DbType = Int32), @p49='?' (Size = 4000), @p50='?' (DbType = Double), @p51='?' (Size = 4000), @p52='?' (DbType = Double), @p57='?' (DbType = Int32), @p54='?' (DbType = Int32), @p55='?' (Size = 4000), @p56='?' (Size = 4000), @p63='?' (DbType = Int32), @p58='?' (DbType = Int32), @p59='?' (Size = 4000), @p60='?' (DbType = Double), @p61='?' (Size = 4000), @p62='?' (DbType = Double), @p69='?' (DbType = Int32), @p64='?' (DbType = Int32), @p65='?' (Size = 4000), @p66='?' (DbType = Double), @p67='?' (Size = 4000), @p68='?' (DbType = Double), @p75='?' (DbType = Int32), @p70='?' (DbType = Int32), @p71='?' (Size = 4000), @p72='?' (DbType = Double), @p73='?' (Size = 4000), @p74='?' (DbType = Double), @p81='?' (DbType = Int32), @p76='?' (DbType = Int32), @p77='?' (Size = 4000), @p78='?' (DbType = Double), @p79='?' (Size = 4000), @p80='?' (DbType = Double), @p87='?' (DbType = Int32), @p82='?' (DbType = Int32), @p83='?' (Size = 4000), @p84='?' (DbType = Double), @p85='?' (Size = 4000), @p86='?' (DbType = Double), @p93='?' (DbType = Int32), @p88='?' (DbType = Int32), @p89='?' (Size = 4000), @p90='?' (DbType = Double), @p91='?' (Size = 4000), @p92='?' (DbType = Double), @p99='?' (DbType = Int32), @p94='?' (DbType = Int32), @p95='?' (Size = 4000), @p96='?' (DbType = Double), @p97='?' (Size = 4000), @p98='?' (DbType = Double), @p105='?' (DbType = Int32), @p100='?' (DbType = Int32), @p101='?' (Size = 4000), @p102='?' (DbType = Double), @p103='?' (Size = 4000), @p104='?' (DbType = Double), @p111='?' (DbType = Int32), @p106='?' (DbType = Int32), @p107='?' (Size = 4000), @p108='?' (DbType = Double), @p109='?' (Size = 4000), @p110='?' (DbType = Double), @p117='?' (DbType = Int32), @p112='?' (DbType = Int32), @p113='?' (Size = 4000), @p114='?' (DbType = Double), @p115='?' (Size = 4000), @p116='?' (DbType = Double), @p123='?' (DbType = Int32), @p118='?' (DbType = Int32), @p119='?' (Size = 4000), @p120='?' (DbType = Double), @p121='?' (Size = 4000), @p122='?' (DbType = Double), @p129='?' (DbType = Int32), @p124='?' (DbType = Int32), @p125='?' (Size = 4000), @p126='?' (DbType = Double), @p127='?' (Size = 4000), @p128='?' (DbType = Double), @p135='?' (DbType = Int32), @p130='?' (DbType = Int32), @p131='?' (Size = 4000), @p132='?' (DbType = Double), @p133='?' (Size = 4000), @p134='?' (DbType = Double)], CommandType='Text', CommandTimeout='120']
      SET NOCOUNT ON;
      INSERT INTO [BillTables] ([ActualAmount], [BillDate], [BillNum], [BillType], [DeliveryNum], [FID], [Gst], [GstDate], [Lr], [PId], [PartyName], [PaymentReceived], [PaymentTablePId], [Tds], [TotalValue])
      VALUES (@p0, @p1, @p2, @p3, @p4, @p5, @p6, @p7, @p8, @p9, @p10, @p11, @p12, @p13, @p14);
      SELECT [BillID]
      FROM [BillTables]
      WHERE @@ROWCOUNT = 1 AND [BillID] = scope_identity();
      
      UPDATE [TblDispatches] SET [BillID] = @p15, [DeliveryNum] = @p16, [FinalPrice] = @p17, [Lr] = @p18, [UnitPrice] = @p19
      WHERE [DispId] = @p20;
      SELECT @@ROWCOUNT;
      
      UPDATE [TblDispatches] SET [FinalPrice] = @p21, [UnitPrice] = @p22
      WHERE [DispId] = @p23;
      SELECT @@ROWCOUNT;
      
      UPDATE [TblDispatches] SET [BillID] = @p24, [DeliveryNum] = @p25, [FinalPrice] = @p26, [Lr] = @p27, [UnitPrice] = @p28
      WHERE [DispId] = @p29;
      SELECT @@ROWCOUNT;
      
      UPDATE [TblDispatches] SET [BillID] = @p30, [DeliveryNum] = @p31, [FinalPrice] = @p32, [Lr] = @p33, [UnitPrice] = @p34
      WHERE [DispId] = @p35;
      SELECT @@ROWCOUNT;
      
      UPDATE [TblDispatches] SET [BillID] = @p36, [DeliveryNum] = @p37, [FinalPrice] = @p38, [Lr] = @p39, [UnitPrice] = @p40
      WHERE [DispId] = @p41;
      SELECT @@ROWCOUNT;
      
      UPDATE [TblDispatches] SET [BillID] = @p42, [DeliveryNum] = @p43, [FinalPrice] = @p44, [Lr] = @p45, [UnitPrice] = @p46
      WHERE [DispId] = @p47;
      SELECT @@ROWCOUNT;
      
      UPDATE [TblDispatches] SET [BillID] = @p48, [DeliveryNum] = @p49, [FinalPrice] = @p50, [Lr] = @p51, [UnitPrice] = @p52
      WHERE [DispId] = @p53;
      SELECT @@ROWCOUNT;
      
      UPDATE [TblDispatches] SET [BillID] = @p54, [DeliveryNum] = @p55, [Lr] = @p56
      WHERE [DispId] = @p57;
      SELECT @@ROWCOUNT;
      
      UPDATE [TblDispatches] SET [BillID] = @p58, [DeliveryNum] = @p59, [FinalPrice] = @p60, [Lr] = @p61, [UnitPrice] = @p62
      WHERE [DispId] = @p63;
      SELECT @@ROWCOUNT;
      
      UPDATE [TblDispatches] SET [BillID] = @p64, [DeliveryNum] = @p65, [FinalPrice] = @p66, [Lr] = @p67, [UnitPrice] = @p68
      WHERE [DispId] = @p69;
      SELECT @@ROWCOUNT;
      
      UPDATE [TblDispatches] SET [BillID] = @p70, [DeliveryNum] = @p71, [FinalPrice] = @p72, [Lr] = @p73, [UnitPrice] = @p74
      WHERE [DispId] = @p75;
      SELECT @@ROWCOUNT;
      
      UPDATE [TblDispatches] SET [BillID] = @p76, [DeliveryNum] = @p77, [FinalPrice] = @p78, [Lr] = @p79, [UnitPrice] = @p80
      WHERE [DispId] = @p81;
      SELECT @@ROWCOUNT;
      
      UPDATE [TblDispatches] SET [BillID] = @p82, [DeliveryNum] = @p83, [FinalPrice] = @p84, [Lr] = @p85, [UnitPrice] = @p86
      WHERE [DispId] = @p87;
      SELECT @@ROWCOUNT;
      
      UPDATE [TblDispatches] SET [BillID] = @p88, [DeliveryNum] = @p89, [FinalPrice] = @p90, [Lr] = @p91, [UnitPrice] = @p92
      WHERE [DispId] = @p93;
      SELECT @@ROWCOUNT;
      
      UPDATE [TblDispatches] SET [BillID] = @p94, [DeliveryNum] = @p95, [FinalPrice] = @p96, [Lr] = @p97, [UnitPrice] = @p98
      WHERE [DispId] = @p99;
      SELECT @@ROWCOUNT;
      
      UPDATE [TblDispatches] SET [BillID] = @p100, [DeliveryNum] = @p101, [FinalPrice] = @p102, [Lr] = @p103, [UnitPrice] = @p104
      WHERE [DispId] = @p105;
      SELECT @@ROWCOUNT;
      
      UPDATE [TblDispatches] SET [BillID] = @p106, [DeliveryNum] = @p107, [FinalPrice] = @p108, [Lr] = @p109, [UnitPrice] = @p110
      WHERE [DispId] = @p111;
      SELECT @@ROWCOUNT;
      
      UPDATE [TblDispatches] SET [BillID] = @p112, [DeliveryNum] = @p113, [FinalPrice] = @p114, [Lr] = @p115, [UnitPrice] = @p116
      WHERE [DispId] = @p117;
      SELECT @@ROWCOUNT;
      
      UPDATE [TblDispatches] SET [BillID] = @p118, [DeliveryNum] = @p119, [FinalPrice] = @p120, [Lr] = @p121, [UnitPrice] = @p122
      WHERE [DispId] = @p123;
      SELECT @@ROWCOUNT;
      
      UPDATE [TblDispatches] SET [BillID] = @p124, [DeliveryNum] = @p125, [FinalPrice] = @p126, [Lr] = @p127, [UnitPrice] = @p128
      WHERE [DispId] = @p129;
      SELECT @@ROWCOUNT;
      
      UPDATE [TblDispatches] SET [BillID] = @p130, [DeliveryNum] = @p131, [FinalPrice] = @p132, [Lr] = @p133, [UnitPrice] = @p134
      WHERE [DispId] = @p135;
      SELECT @@ROWCOUNT;
info: Microsoft.EntityFrameworkCore.Database.Command[20101]
      Executed DbCommand (41ms) [Parameters=[@__dispatchId_0='?' (Size = 4000)], CommandType='Text', CommandTimeout='120']
      SELECT TOP(1) [t].[DispId], [t].[BillID], [t].[ChallanNo], [t].[DeliveryNum], [t].[Destination], [t].[DisVid], [t].[DispatchDate], [t].[DispatchQuantity], [t].[FinalPrice], [t].[Lr], [t].[PartyName], [t].[TotalValue], [t].[UnitPrice], [t].[VehicleNo]
      FROM [TblDispatches] AS [t]
      WHERE [t].[ChallanNo] = @__dispatchId_0
info: Microsoft.EntityFrameworkCore.Database.Command[20101]
      Executed DbCommand (7ms) [Parameters=[@__dispatchId_0='?' (Size = 4000)], CommandType='Text', CommandTimeout='120']
      SELECT TOP(1) [t].[DispId], [t].[BillID], [t].[ChallanNo], [t].[DeliveryNum], [t].[Destination], [t].[DisVid], [t].[DispatchDate], [t].[DispatchQuantity], [t].[FinalPrice], [t].[Lr], [t].[PartyName], [t].[TotalValue], [t].[UnitPrice], [t].[VehicleNo]
      FROM [TblDispatches] AS [t]
      WHERE [t].[ChallanNo] = @__dispatchId_0
info: Microsoft.EntityFrameworkCore.Database.Command[20101]
      Executed DbCommand (7ms) [Parameters=[@__dispatchId_0='?' (Size = 4000)], CommandType='Text', CommandTimeout='120']
      SELECT TOP(1) [t].[DispId], [t].[BillID], [t].[ChallanNo], [t].[DeliveryNum], [t].[Destination], [t].[DisVid], [t].[DispatchDate], [t].[DispatchQuantity], [t].[FinalPrice], [t].[Lr], [t].[PartyName], [t].[TotalValue], [t].[UnitPrice], [t].[VehicleNo]
      FROM [TblDispatches] AS [t]
      WHERE [t].[ChallanNo] = @__dispatchId_0
info: Microsoft.EntityFrameworkCore.Database.Command[20101]
      Executed DbCommand (5ms) [Parameters=[@__dispatchId_0='?' (Size = 4000)], CommandType='Text', CommandTimeout='120']
      SELECT TOP(1) [t].[DispId], [t].[BillID], [t].[ChallanNo], [t].[DeliveryNum], [t].[Destination], [t].[DisVid], [t].[DispatchDate], [t].[DispatchQuantity], [t].[FinalPrice], [t].[Lr], [t].[PartyName], [t].[TotalValue], [t].[UnitPrice], [t].[VehicleNo]
      FROM [TblDispatches] AS [t]
      WHERE [t].[ChallanNo] = @__dispatchId_0
info: Microsoft.EntityFrameworkCore.Database.Command[20101]
      Executed DbCommand (5ms) [Parameters=[@__dispatchId_0='?' (Size = 4000)], CommandType='Text', CommandTimeout='120']
      SELECT TOP(1) [t].[DispId], [t].[BillID], [t].[ChallanNo], [t].[DeliveryNum], [t].[Destination], [t].[DisVid], [t].[DispatchDate], [t].[DispatchQuantity], [t].[FinalPrice], [t].[Lr], [t].[PartyName], [t].[TotalValue], [t].[UnitPrice], [t].[VehicleNo]
      FROM [TblDispatches] AS [t]
      WHERE [t].[ChallanNo] = @__dispatchId_0
info: Microsoft.EntityFrameworkCore.Database.Command[20101]
      Executed DbCommand (5ms) [Parameters=[@__dispatchId_0='?' (Size = 4000)], CommandType='Text', CommandTimeout='120']
      SELECT TOP(1) [t].[DispId], [t].[BillID], [t].[ChallanNo], [t].[DeliveryNum], [t].[Destination], [t].[DisVid], [t].[DispatchDate], [t].[DispatchQuantity], [t].[FinalPrice], [t].[Lr], [t].[PartyName], [t].[TotalValue], [t].[UnitPrice], [t].[VehicleNo]
      FROM [TblDispatches] AS [t]
      WHERE [t].[ChallanNo] = @__dispatchId_0
info: Microsoft.EntityFrameworkCore.Database.Command[20101]
      Executed DbCommand (5ms) [Parameters=[@__dispatchId_0='?' (Size = 4000)], CommandType='Text', CommandTimeout='120']
      SELECT TOP(1) [t].[DispId], [t].[BillID], [t].[ChallanNo], [t].[DeliveryNum], [t].[Destination], [t].[DisVid], [t].[DispatchDate], [t].[DispatchQuantity], [t].[FinalPrice], [t].[Lr], [t].[PartyName], [t].[TotalValue], [t].[UnitPrice], [t].[VehicleNo]
      FROM [TblDispatches] AS [t]
      WHERE [t].[ChallanNo] = @__dispatchId_0
info: Microsoft.EntityFrameworkCore.Database.Command[20101]
      Executed DbCommand (5ms) [Parameters=[@__dispatchId_0='?' (Size = 4000)], CommandType='Text', CommandTimeout='120']
      SELECT TOP(1) [t].[DispId], [t].[BillID], [t].[ChallanNo], [t].[DeliveryNum], [t].[Destination], [t].[DisVid], [t].[DispatchDate], [t].[DispatchQuantity], [t].[FinalPrice], [t].[Lr], [t].[PartyName], [t].[TotalValue], [t].[UnitPrice], [t].[VehicleNo]
      FROM [TblDispatches] AS [t]
      WHERE [t].[ChallanNo] = @__dispatchId_0
info: Microsoft.EntityFrameworkCore.Database.Command[20101]
      Executed DbCommand (6ms) [Parameters=[@__dispatchId_0='?' (Size = 4000)], CommandType='Text', CommandTimeout='120']
      SELECT TOP(1) [t].[DispId], [t].[BillID], [t].[ChallanNo], [t].[DeliveryNum], [t].[Destination], [t].[DisVid], [t].[DispatchDate], [t].[DispatchQuantity], [t].[FinalPrice], [t].[Lr], [t].[PartyName], [t].[TotalValue], [t].[UnitPrice], [t].[VehicleNo]
      FROM [TblDispatches] AS [t]
      WHERE [t].[ChallanNo] = @__dispatchId_0
info: Microsoft.EntityFrameworkCore.Database.Command[20101]
      Executed DbCommand (4ms) [Parameters=[@__dispatchId_0='?' (Size = 4000)], CommandType='Text', CommandTimeout='120']
      SELECT TOP(1) [t].[DispId], [t].[BillID], [t].[ChallanNo], [t].[DeliveryNum], [t].[Destination], [t].[DisVid], [t].[DispatchDate], [t].[DispatchQuantity], [t].[FinalPrice], [t].[Lr], [t].[PartyName], [t].[TotalValue], [t].[UnitPrice], [t].[VehicleNo]
      FROM [TblDispatches] AS [t]
      WHERE [t].[ChallanNo] = @__dispatchId_0
info: Microsoft.EntityFrameworkCore.Database.Command[20101]
      Executed DbCommand (4ms) [Parameters=[@__dispatchId_0='?' (Size = 4000)], CommandType='Text', CommandTimeout='120']
      SELECT TOP(1) [t].[DispId], [t].[BillID], [t].[ChallanNo], [t].[DeliveryNum], [t].[Destination], [t].[DisVid], [t].[DispatchDate], [t].[DispatchQuantity], [t].[FinalPrice], [t].[Lr], [t].[PartyName], [t].[TotalValue], [t].[UnitPrice], [t].[VehicleNo]
      FROM [TblDispatches] AS [t]
      WHERE [t].[ChallanNo] = @__dispatchId_0
info: Microsoft.EntityFrameworkCore.Database.Command[20101]
      Executed DbCommand (6ms) [Parameters=[@__dispatchId_0='?' (Size = 4000)], CommandType='Text', CommandTimeout='120']
      SELECT TOP(1) [t].[DispId], [t].[BillID], [t].[ChallanNo], [t].[DeliveryNum], [t].[Destination], [t].[DisVid], [t].[DispatchDate], [t].[DispatchQuantity], [t].[FinalPrice], [t].[Lr], [t].[PartyName], [t].[TotalValue], [t].[UnitPrice], [t].[VehicleNo]
      FROM [TblDispatches] AS [t]
      WHERE [t].[ChallanNo] = @__dispatchId_0
info: Microsoft.EntityFrameworkCore.Database.Command[20101]
      Executed DbCommand (11ms) [Parameters=[@__dispatchId_0='?' (Size = 4000)], CommandType='Text', CommandTimeout='120']
      SELECT TOP(1) [t].[DispId], [t].[BillID], [t].[ChallanNo], [t].[DeliveryNum], [t].[Destination], [t].[DisVid], [t].[DispatchDate], [t].[DispatchQuantity], [t].[FinalPrice], [t].[Lr], [t].[PartyName], [t].[TotalValue], [t].[UnitPrice], [t].[VehicleNo]
      FROM [TblDispatches] AS [t]
      WHERE [t].[ChallanNo] = @__dispatchId_0
info: Microsoft.EntityFrameworkCore.Database.Command[20101]
      Executed DbCommand (9ms) [Parameters=[@__dispatchId_0='?' (Size = 4000)], CommandType='Text', CommandTimeout='120']
      SELECT TOP(1) [t].[DispId], [t].[BillID], [t].[ChallanNo], [t].[DeliveryNum], [t].[Destination], [t].[DisVid], [t].[DispatchDate], [t].[DispatchQuantity], [t].[FinalPrice], [t].[Lr], [t].[PartyName], [t].[TotalValue], [t].[UnitPrice], [t].[VehicleNo]
      FROM [TblDispatches] AS [t]
      WHERE [t].[ChallanNo] = @__dispatchId_0
info: Microsoft.EntityFrameworkCore.Database.Command[20101]
      Executed DbCommand (187ms) [Parameters=[@p13='?' (DbType = Int32), @p0='?' (DbType = Int32), @p1='?' (Size = 4000), @p2='?' (Size = 4000), @p3='?' (Size = 4000), @p4='?' (DbType = Int32), @p5='?' (DbType = DateTime2), @p6='?' (DbType = Double), @p7='?' (DbType = Double), @p8='?' (Size = 4000), @p9='?' (Size = 4000), @p10='?' (DbType = Double), @p11='?' (DbType = Double), @p12='?' (Size = 4000), @p27='?' (DbType = Int32), @p14='?' (DbType = Int32), @p15='?' (Size = 4000), @p16='?' (Size = 4000), @p17='?' (Size = 4000), @p18='?' (DbType = Int32), @p19='?' (DbType = DateTime2), @p20='?' (DbType = Double), @p21='?' (DbType = Double), @p22='?' (Size = 4000), @p23='?' (Size = 4000), @p24='?' (DbType = Double), @p25='?' (DbType = Double), @p26='?' (Size = 4000), @p41='?' (DbType = Int32), @p28='?' (DbType = Int32), @p29='?' (Size = 4000), @p30='?' (Size = 4000), @p31='?' (Size = 4000), @p32='?' (DbType = Int32), @p33='?' (DbType = DateTime2), @p34='?' (DbType = Double), @p35='?' (DbType = Double), @p36='?' (Size = 4000), @p37='?' (Size = 4000), @p38='?' (DbType = Double), @p39='?' (DbType = Double), @p40='?' (Size = 4000), @p55='?' (DbType = Int32), @p42='?' (DbType = Int32), @p43='?' (Size = 4000), @p44='?' (Size = 4000), @p45='?' (Size = 4000), @p46='?' (DbType = Int32), @p47='?' (DbType = DateTime2), @p48='?' (DbType = Double), @p49='?' (DbType = Double), @p50='?' (Size = 4000), @p51='?' (Size = 4000), @p52='?' (DbType = Double), @p53='?' (DbType = Double), @p54='?' (Size = 4000), @p69='?' (DbType = Int32), @p56='?' (DbType = Int32), @p57='?' (Size = 4000), @p58='?' (Size = 4000), @p59='?' (Size = 4000), @p60='?' (DbType = Int32), @p61='?' (DbType = DateTime2), @p62='?' (DbType = Double), @p63='?' (DbType = Double), @p64='?' (Size = 4000), @p65='?' (Size = 4000), @p66='?' (DbType = Double), @p67='?' (DbType = Double), @p68='?' (Size = 4000), @p83='?' (DbType = Int32), @p70='?' (DbType = Int32), @p71='?' (Size = 4000), @p72='?' (Size = 4000), @p73='?' (Size = 4000), @p74='?' (DbType = Int32), @p75='?' (DbType = DateTime2), @p76='?' (DbType = Double), @p77='?' (DbType = Double), @p78='?' (Size = 4000), @p79='?' (Size = 4000), @p80='?' (DbType = Double), @p81='?' (DbType = Double), @p82='?' (Size = 4000), @p97='?' (DbType = Int32), @p84='?' (DbType = Int32), @p85='?' (Size = 4000), @p86='?' (Size = 4000), @p87='?' (Size = 4000), @p88='?' (DbType = Int32), @p89='?' (DbType = DateTime2), @p90='?' (DbType = Double), @p91='?' (DbType = Double), @p92='?' (Size = 4000), @p93='?' (Size = 4000), @p94='?' (DbType = Double), @p95='?' (DbType = Double), @p96='?' (Size = 4000), @p111='?' (DbType = Int32), @p98='?' (DbType = Int32), @p99='?' (Size = 4000), @p100='?' (Size = 4000), @p101='?' (Size = 4000), @p102='?' (DbType = Int32), @p103='?' (DbType = DateTime2), @p104='?' (DbType = Double), @p105='?' (DbType = Double), @p106='?' (Size = 4000), @p107='?' (Size = 4000), @p108='?' (DbType = Double), @p109='?' (DbType = Double), @p110='?' (Size = 4000), @p125='?' (DbType = Int32), @p112='?' (DbType = Int32), @p113='?' (Size = 4000), @p114='?' (Size = 4000), @p115='?' (Size = 4000), @p116='?' (DbType = Int32), @p117='?' (DbType = DateTime2), @p118='?' (DbType = Double), @p119='?' (DbType = Double), @p120='?' (Size = 4000), @p121='?' (Size = 4000), @p122='?' (DbType = Double), @p123='?' (DbType = Double), @p124='?' (Size = 4000), @p139='?' (DbType = Int32), @p126='?' (DbType = Int32), @p127='?' (Size = 4000), @p128='?' (Size = 4000), @p129='?' (Size = 4000), @p130='?' (DbType = Int32), @p131='?' (DbType = DateTime2), @p132='?' (DbType = Double), @p133='?' (DbType = Double), @p134='?' (Size = 4000), @p135='?' (Size = 4000), @p136='?' (DbType = Double), @p137='?' (DbType = Double), @p138='?' (Size = 4000), @p153='?' (DbType = Int32), @p140='?' (DbType = Int32), @p141='?' (Size = 4000), @p142='?' (Size = 4000), @p143='?' (Size = 4000), @p144='?' (DbType = Int32), @p145='?' (DbType = DateTime2), @p146='?' (DbType = Double), @p147='?' (DbType = Double), @p148='?' (Size = 4000), @p149='?' (Size = 4000), @p150='?' (DbType = Double), @p151='?' (DbType = Double), @p152='?' (Size = 4000), @p167='?' (DbType = Int32), @p154='?' (DbType = Int32), @p155='?' (Size = 4000), @p156='?' (Size = 4000), @p157='?' (Size = 4000), @p158='?' (DbType = Int32), @p159='?' (DbType = DateTime2), @p160='?' (DbType = Double), @p161='?' (DbType = Double), @p162='?' (Size = 4000), @p163='?' (Size = 4000), @p164='?' (DbType = Double), @p165='?' (DbType = Double), @p166='?' (Size = 4000), @p181='?' (DbType = Int32), @p168='?' (DbType = Int32), @p169='?' (Size = 4000), @p170='?' (Size = 4000), @p171='?' (Size = 4000), @p172='?' (DbType = Int32), @p173='?' (DbType = DateTime2), @p174='?' (DbType = Double), @p175='?' (DbType = Double), @p176='?' (Size = 4000), @p177='?' (Size = 4000), @p178='?' (DbType = Double), @p179='?' (DbType = Double), @p180='?' (Size = 4000), @p195='?' (DbType = Int32), @p182='?' (DbType = Int32), @p183='?' (Size = 4000), @p184='?' (Size = 4000), @p185='?' (Size = 4000), @p186='?' (DbType = Int32), @p187='?' (DbType = DateTime2), @p188='?' (DbType = Double), @p189='?' (DbType = Double), @p190='?' (Size = 4000), @p191='?' (Size = 4000), @p192='?' (DbType = Double), @p193='?' (DbType = Double), @p194='?' (Size = 4000), @p209='?' (DbType = Int32), @p196='?' (DbType = Int32), @p197='?' (Size = 4000), @p198='?' (Size = 4000), @p199='?' (Size = 4000), @p200='?' (DbType = Int32), @p201='?' (DbType = DateTime2), @p202='?' (DbType = Double), @p203='?' (DbType = Double), @p204='?' (Size = 4000), @p205='?' (Size = 4000), @p206='?' (DbType = Double), @p207='?' (DbType = Double), @p208='?' (Size = 4000), @p223='?' (DbType = Int32), @p210='?' (DbType = Int32), @p211='?' (Size = 4000), @p212='?' (Size = 4000), @p213='?' (Size = 4000), @p214='?' (DbType = Int32), @p215='?' (DbType = DateTime2), @p216='?' (DbType = Double), @p217='?' (DbType = Double), @p218='?' (Size = 4000), @p219='?' (Size = 4000), @p220='?' (DbType = Double), @p221='?' (DbType = Double), @p222='?' (Size = 4000), @p237='?' (DbType = Int32), @p224='?' (DbType = Int32), @p225='?' (Size = 4000), @p226='?' (Size = 4000), @p227='?' (Size = 4000), @p228='?' (DbType = Int32), @p229='?' (DbType = DateTime2), @p230='?' (DbType = Double), @p231='?' (DbType = Double), @p232='?' (Size = 4000), @p233='?' (Size = 4000), @p234='?' (DbType = Double), @p235='?' (DbType = Double), @p236='?' (Size = 4000), @p251='?' (DbType = Int32), @p238='?' (DbType = Int32), @p239='?' (Size = 4000), @p240='?' (Size = 4000), @p241='?' (Size = 4000), @p242='?' (DbType = Int32), @p243='?' (DbType = DateTime2), @p244='?' (DbType = Double), @p245='?' (DbType = Double), @p246='?' (Size = 4000), @p247='?' (Size = 4000), @p248='?' (DbType = Double), @p249='?' (DbType = Double), @p250='?' (Size = 4000), @p265='?' (DbType = Int32), @p252='?' (DbType = Int32), @p253='?' (Size = 4000), @p254='?' (Size = 4000), @p255='?' (Size = 4000), @p256='?' (DbType = Int32), @p257='?' (DbType = DateTime2), @p258='?' (DbType = Double), @p259='?' (DbType = Double), @p260='?' (Size = 4000), @p261='?' (Size = 4000), @p262='?' (DbType = Double), @p263='?' (DbType = Double), @p264='?' (Size = 4000), @p279='?' (DbType = Int32), @p266='?' (DbType = Int32), @p267='?' (Size = 4000), @p268='?' (Size = 4000), @p269='?' (Size = 4000), @p270='?' (DbType = Int32), @p271='?' (DbType = DateTime2), @p272='?' (DbType = Double), @p273='?' (DbType = Double), @p274='?' (Size = 4000), @p275='?' (Size = 4000), @p276='?' (DbType = Double), @p277='?' (DbType = Double), @p278='?' (Size = 4000), @p293='?' (DbType = Int32), @p280='?' (DbType = Int32), @p281='?' (Size = 4000), @p282='?' (Size = 4000), @p283='?' (Size = 4000), @p284='?' (DbType = Int32), @p285='?' (DbType = DateTime2), @p286='?' (DbType = Double), @p287='?' (DbType = Double), @p288='?' (Size = 4000), @p289='?' (Size = 4000), @p290='?' (DbType = Double), @p291='?' (DbType = Double), @p292='?' (Size = 4000), @p307='?' (DbType = Int32), @p294='?' (DbType = Int32), @p295='?' (Size = 4000), @p296='?' (Size = 4000), @p297='?' (Size = 4000), @p298='?' (DbType = Int32), @p299='?' (DbType = DateTime2), @p300='?' (DbType = Double), @p301='?' (DbType = Double), @p302='?' (Size = 4000), @p303='?' (Size = 4000), @p304='?' (DbType = Double), @p305='?' (DbType = Double), @p306='?' (Size = 4000), @p321='?' (DbType = Int32), @p308='?' (DbType = Int32), @p309='?' (Size = 4000), @p310='?' (Size = 4000), @p311='?' (Size = 4000), @p312='?' (DbType = Int32), @p313='?' (DbType = DateTime2), @p314='?' (DbType = Double), @p315='?' (DbType = Double), @p316='?' (Size = 4000), @p317='?' (Size = 4000), @p318='?' (DbType = Double), @p319='?' (DbType = Double), @p320='?' (Size = 4000), @p335='?' (DbType = Int32), @p322='?' (DbType = Int32), @p323='?' (Size = 4000), @p324='?' (Size = 4000), @p325='?' (Size = 4000), @p326='?' (DbType = Int32), @p327='?' (DbType = DateTime2), @p328='?' (DbType = Double), @p329='?' (DbType = Double), @p330='?' (Size = 4000), @p331='?' (Size = 4000), @p332='?' (DbType = Double), @p333='?' (DbType = Double), @p334='?' (Size = 4000), @p349='?' (DbType = Int32), @p336='?' (DbType = Int32), @p337='?' (Size = 4000), @p338='?' (Size = 4000), @p339='?' (Size = 4000), @p340='?' (DbType = Int32), @p341='?' (DbType = DateTime2), @p342='?' (DbType = Double), @p343='?' (DbType = Double), @p344='?' (Size = 4000), @p345='?' (Size = 4000), @p346='?' (DbType = Double), @p347='?' (DbType = Double), @p348='?' (Size = 4000), @p363='?' (DbType = Int32), @p350='?' (DbType = Int32), @p351='?' (Size = 4000), @p352='?' (Size = 4000), @p353='?' (Size = 4000), @p354='?' (DbType = Int32), @p355='?' (DbType = DateTime2), @p356='?' (DbType = Double), @p357='?' (DbType = Double), @p358='?' (Size = 4000), @p359='?' (Size = 4000), @p360='?' (DbType = Double), @p361='?' (DbType = Double), @p362='?' (Size = 4000), @p377='?' (DbType = Int32), @p364='?' (DbType = Int32), @p365='?' (Size = 4000), @p366='?' (Size = 4000), @p367='?' (Size = 4000), @p368='?' (DbType = Int32), @p369='?' (DbType = DateTime2), @p370='?' (DbType = Double), @p371='?' (DbType = Double), @p372='?' (Size = 4000), @p373='?' (Size = 4000), @p374='?' (DbType = Double), @p375='?' (DbType = Double), @p376='?' (Size = 4000), @p391='?' (DbType = Int32), @p378='?' (DbType = Int32), @p379='?' (Size = 4000), @p380='?' (Size = 4000), @p381='?' (Size = 4000), @p382='?' (DbType = Int32), @p383='?' (DbType = DateTime2), @p384='?' (DbType = Double), @p385='?' (DbType = Double), @p386='?' (Size = 4000), @p387='?' (Size = 4000), @p388='?' (DbType = Double), @p389='?' (DbType = Double), @p390='?' (Size = 4000), @p405='?' (DbType = Int32), @p392='?' (DbType = Int32), @p393='?' (Size = 4000), @p394='?' (Size = 4000), @p395='?' (Size = 4000), @p396='?' (DbType = Int32), @p397='?' (DbType = DateTime2), @p398='?' (DbType = Double), @p399='?' (DbType = Double), @p400='?' (Size = 4000), @p401='?' (Size = 4000), @p402='?' (DbType = Double), @p403='?' (DbType = Double), @p404='?' (Size = 4000), @p419='?' (DbType = Int32), @p406='?' (DbType = Int32), @p407='?' (Size = 4000), @p408='?' (Size = 4000), @p409='?' (Size = 4000), @p410='?' (DbType = Int32), @p411='?' (DbType = DateTime2), @p412='?' (DbType = Double), @p413='?' (DbType = Double), @p414='?' (Size = 4000), @p415='?' (Size = 4000), @p416='?' (DbType = Double), @p417='?' (DbType = Double), @p418='?' (Size = 4000), @p433='?' (DbType = Int32), @p420='?' (DbType = Int32), @p421='?' (Size = 4000), @p422='?' (Size = 4000), @p423='?' (Size = 4000), @p424='?' (DbType = Int32), @p425='?' (DbType = DateTime2), @p426='?' (DbType = Double), @p427='?' (DbType = Double), @p428='?' (Size = 4000), @p429='?' (Size = 4000), @p430='?' (DbType = Double), @p431='?' (DbType = Double), @p432='?' (Size = 4000), @p447='?' (DbType = Int32), @p434='?' (DbType = Int32), @p435='?' (Size = 4000), @p436='?' (Size = 4000), @p437='?' (Size = 4000), @p438='?' (DbType = Int32), @p439='?' (DbType = DateTime2), @p440='?' (DbType = Double), @p441='?' (DbType = Double), @p442='?' (Size = 4000), @p443='?' (Size = 4000), @p444='?' (DbType = Double), @p445='?' (DbType = Double), @p446='?' (Size = 4000), @p461='?' (DbType = Int32), @p448='?' (DbType = Int32), @p449='?' (Size = 4000), @p450='?' (Size = 4000), @p451='?' (Size = 4000), @p452='?' (DbType = Int32), @p453='?' (DbType = DateTime2), @p454='?' (DbType = Double), @p455='?' (DbType = Double), @p456='?' (Size = 4000), @p457='?' (Size = 4000), @p458='?' (DbType = Double), @p459='?' (DbType = Double), @p460='?' (Size = 4000), @p475='?' (DbType = Int32), @p462='?' (DbType = Int32), @p463='?' (Size = 4000), @p464='?' (Size = 4000), @p465='?' (Size = 4000), @p466='?' (DbType = Int32), @p467='?' (DbType = DateTime2), @p468='?' (DbType = Double), @p469='?' (DbType = Double), @p470='?' (Size = 4000), @p471='?' (Size = 4000), @p472='?' (DbType = Double), @p473='?' (DbType = Double), @p474='?' (Size = 4000), @p489='?' (DbType = Int32), @p476='?' (DbType = Int32), @p477='?' (Size = 4000), @p478='?' (Size = 4000), @p479='?' (Size = 4000), @p480='?' (DbType = Int32), @p481='?' (DbType = DateTime2), @p482='?' (DbType = Double), @p483='?' (DbType = Double), @p484='?' (Size = 4000), @p485='?' (Size = 4000), @p486='?' (DbType = Double), @p487='?' (DbType = Double), @p488='?' (Size = 4000)], CommandType='Text', CommandTimeout='120']
      SET NOCOUNT ON;
      UPDATE [TblDispatches] SET [BillID] = @p0, [ChallanNo] = @p1, [DeliveryNum] = @p2, [Destination] = @p3, [DisVid] = @p4, [DispatchDate] = @p5, [DispatchQuantity] = @p6, [FinalPrice] = @p7, [Lr] = @p8, [PartyName] = @p9, [TotalValue] = @p10, [UnitPrice] = @p11, [VehicleNo] = @p12
      WHERE [DispId] = @p13;
      SELECT @@ROWCOUNT;
      
      UPDATE [TblDispatches] SET [BillID] = @p14, [ChallanNo] = @p15, [DeliveryNum] = @p16, [Destination] = @p17, [DisVid] = @p18, [DispatchDate] = @p19, [DispatchQuantity] = @p20, [FinalPrice] = @p21, [Lr] = @p22, [PartyName] = @p23, [TotalValue] = @p24, [UnitPrice] = @p25, [VehicleNo] = @p26
      WHERE [DispId] = @p27;
      SELECT @@ROWCOUNT;
      
      UPDATE [TblDispatches] SET [BillID] = @p28, [ChallanNo] = @p29, [DeliveryNum] = @p30, [Destination] = @p31, [DisVid] = @p32, [DispatchDate] = @p33, [DispatchQuantity] = @p34, [FinalPrice] = @p35, [Lr] = @p36, [PartyName] = @p37, [TotalValue] = @p38, [UnitPrice] = @p39, [VehicleNo] = @p40
      WHERE [DispId] = @p41;
      SELECT @@ROWCOUNT;
      
      UPDATE [TblDispatches] SET [BillID] = @p42, [ChallanNo] = @p43, [DeliveryNum] = @p44, [Destination] = @p45, [DisVid] = @p46, [DispatchDate] = @p47, [DispatchQuantity] = @p48, [FinalPrice] = @p49, [Lr] = @p50, [PartyName] = @p51, [TotalValue] = @p52, [UnitPrice] = @p53, [VehicleNo] = @p54
      WHERE [DispId] = @p55;
      SELECT @@ROWCOUNT;
      
      UPDATE [TblDispatches] SET [BillID] = @p56, [ChallanNo] = @p57, [DeliveryNum] = @p58, [Destination] = @p59, [DisVid] = @p60, [DispatchDate] = @p61, [DispatchQuantity] = @p62, [FinalPrice] = @p63, [Lr] = @p64, [PartyName] = @p65, [TotalValue] = @p66, [UnitPrice] = @p67, [VehicleNo] = @p68
      WHERE [DispId] = @p69;
      SELECT @@ROWCOUNT;
      
      UPDATE [TblDispatches] SET [BillID] = @p70, [ChallanNo] = @p71, [DeliveryNum] = @p72, [Destination] = @p73, [DisVid] = @p74, [DispatchDate] = @p75, [DispatchQuantity] = @p76, [FinalPrice] = @p77, [Lr] = @p78, [PartyName] = @p79, [TotalValue] = @p80, [UnitPrice] = @p81, [VehicleNo] = @p82
      WHERE [DispId] = @p83;
      SELECT @@ROWCOUNT;
      
      UPDATE [TblDispatches] SET [BillID] = @p84, [ChallanNo] = @p85, [DeliveryNum] = @p86, [Destination] = @p87, [DisVid] = @p88, [DispatchDate] = @p89, [DispatchQuantity] = @p90, [FinalPrice] = @p91, [Lr] = @p92, [PartyName] = @p93, [TotalValue] = @p94, [UnitPrice] = @p95, [VehicleNo] = @p96
      WHERE [DispId] = @p97;
      SELECT @@ROWCOUNT;
      
      UPDATE [TblDispatches] SET [BillID] = @p98, [ChallanNo] = @p99, [DeliveryNum] = @p100, [Destination] = @p101, [DisVid] = @p102, [DispatchDate] = @p103, [DispatchQuantity] = @p104, [FinalPrice] = @p105, [Lr] = @p106, [PartyName] = @p107, [TotalValue] = @p108, [UnitPrice] = @p109, [VehicleNo] = @p110
      WHERE [DispId] = @p111;
      SELECT @@ROWCOUNT;
      
      UPDATE [TblDispatches] SET [BillID] = @p112, [ChallanNo] = @p113, [DeliveryNum] = @p114, [Destination] = @p115, [DisVid] = @p116, [DispatchDate] = @p117, [DispatchQuantity] = @p118, [FinalPrice] = @p119, [Lr] = @p120, [PartyName] = @p121, [TotalValue] = @p122, [UnitPrice] = @p123, [VehicleNo] = @p124
      WHERE [DispId] = @p125;
      SELECT @@ROWCOUNT;
      
      UPDATE [TblDispatches] SET [BillID] = @p126, [ChallanNo] = @p127, [DeliveryNum] = @p128, [Destination] = @p129, [DisVid] = @p130, [DispatchDate] = @p131, [DispatchQuantity] = @p132, [FinalPrice] = @p133, [Lr] = @p134, [PartyName] = @p135, [TotalValue] = @p136, [UnitPrice] = @p137, [VehicleNo] = @p138
      WHERE [DispId] = @p139;
      SELECT @@ROWCOUNT;
      
      UPDATE [TblDispatches] SET [BillID] = @p140, [ChallanNo] = @p141, [DeliveryNum] = @p142, [Destination] = @p143, [DisVid] = @p144, [DispatchDate] = @p145, [DispatchQuantity] = @p146, [FinalPrice] = @p147, [Lr] = @p148, [PartyName] = @p149, [TotalValue] = @p150, [UnitPrice] = @p151, [VehicleNo] = @p152
      WHERE [DispId] = @p153;
      SELECT @@ROWCOUNT;
      
      UPDATE [TblDispatches] SET [BillID] = @p154, [ChallanNo] = @p155, [DeliveryNum] = @p156, [Destination] = @p157, [DisVid] = @p158, [DispatchDate] = @p159, [DispatchQuantity] = @p160, [FinalPrice] = @p161, [Lr] = @p162, [PartyName] = @p163, [TotalValue] = @p164, [UnitPrice] = @p165, [VehicleNo] = @p166
      WHERE [DispId] = @p167;
      SELECT @@ROWCOUNT;
      
      UPDATE [TblDispatches] SET [BillID] = @p168, [ChallanNo] = @p169, [DeliveryNum] = @p170, [Destination] = @p171, [DisVid] = @p172, [DispatchDate] = @p173, [DispatchQuantity] = @p174, [FinalPrice] = @p175, [Lr] = @p176, [PartyName] = @p177, [TotalValue] = @p178, [UnitPrice] = @p179, [VehicleNo] = @p180
      WHERE [DispId] = @p181;
      SELECT @@ROWCOUNT;
      
      UPDATE [TblDispatches] SET [BillID] = @p182, [ChallanNo] = @p183, [DeliveryNum] = @p184, [Destination] = @p185, [DisVid] = @p186, [DispatchDate] = @p187, [DispatchQuantity] = @p188, [FinalPrice] = @p189, [Lr] = @p190, [PartyName] = @p191, [TotalValue] = @p192, [UnitPrice] = @p193, [VehicleNo] = @p194
      WHERE [DispId] = @p195;
      SELECT @@ROWCOUNT;
      
      UPDATE [TblDispatches] SET [BillID] = @p196, [ChallanNo] = @p197, [DeliveryNum] = @p198, [Destination] = @p199, [DisVid] = @p200, [DispatchDate] = @p201, [DispatchQuantity] = @p202, [FinalPrice] = @p203, [Lr] = @p204, [PartyName] = @p205, [TotalValue] = @p206, [UnitPrice] = @p207, [VehicleNo] = @p208
      WHERE [DispId] = @p209;
      SELECT @@ROWCOUNT;
      
      UPDATE [TblDispatches] SET [BillID] = @p210, [ChallanNo] = @p211, [DeliveryNum] = @p212, [Destination] = @p213, [DisVid] = @p214, [DispatchDate] = @p215, [DispatchQuantity] = @p216, [FinalPrice] = @p217, [Lr] = @p218, [PartyName] = @p219, [TotalValue] = @p220, [UnitPrice] = @p221, [VehicleNo] = @p222
      WHERE [DispId] = @p223;
      SELECT @@ROWCOUNT;
      
      UPDATE [TblDispatches] SET [BillID] = @p224, [ChallanNo] = @p225, [DeliveryNum] = @p226, [Destination] = @p227, [DisVid] = @p228, [DispatchDate] = @p229, [DispatchQuantity] = @p230, [FinalPrice] = @p231, [Lr] = @p232, [PartyName] = @p233, [TotalValue] = @p234, [UnitPrice] = @p235, [VehicleNo] = @p236
      WHERE [DispId] = @p237;
      SELECT @@ROWCOUNT;
      
      UPDATE [TblDispatches] SET [BillID] = @p238, [ChallanNo] = @p239, [DeliveryNum] = @p240, [Destination] = @p241, [DisVid] = @p242, [DispatchDate] = @p243, [DispatchQuantity] = @p244, [FinalPrice] = @p245, [Lr] = @p246, [PartyName] = @p247, [TotalValue] = @p248, [UnitPrice] = @p249, [VehicleNo] = @p250
      WHERE [DispId] = @p251;
      SELECT @@ROWCOUNT;
      
      UPDATE [TblDispatches] SET [BillID] = @p252, [ChallanNo] = @p253, [DeliveryNum] = @p254, [Destination] = @p255, [DisVid] = @p256, [DispatchDate] = @p257, [DispatchQuantity] = @p258, [FinalPrice] = @p259, [Lr] = @p260, [PartyName] = @p261, [TotalValue] = @p262, [UnitPrice] = @p263, [VehicleNo] = @p264
      WHERE [DispId] = @p265;
      SELECT @@ROWCOUNT;
      
      UPDATE [TblDispatches] SET [BillID] = @p266, [ChallanNo] = @p267, [DeliveryNum] = @p268, [Destination] = @p269, [DisVid] = @p270, [DispatchDate] = @p271, [DispatchQuantity] = @p272, [FinalPrice] = @p273, [Lr] = @p274, [PartyName] = @p275, [TotalValue] = @p276, [UnitPrice] = @p277, [VehicleNo] = @p278
      WHERE [DispId] = @p279;
      SELECT @@ROWCOUNT;
      
      UPDATE [TblDispatches] SET [BillID] = @p280, [ChallanNo] = @p281, [DeliveryNum] = @p282, [Destination] = @p283, [DisVid] = @p284, [DispatchDate] = @p285, [DispatchQuantity] = @p286, [FinalPrice] = @p287, [Lr] = @p288, [PartyName] = @p289, [TotalValue] = @p290, [UnitPrice] = @p291, [VehicleNo] = @p292
      WHERE [DispId] = @p293;
      SELECT @@ROWCOUNT;
      
      UPDATE [TblDispatches] SET [BillID] = @p294, [ChallanNo] = @p295, [DeliveryNum] = @p296, [Destination] = @p297, [DisVid] = @p298, [DispatchDate] = @p299, [DispatchQuantity] = @p300, [FinalPrice] = @p301, [Lr] = @p302, [PartyName] = @p303, [TotalValue] = @p304, [UnitPrice] = @p305, [VehicleNo] = @p306
      WHERE [DispId] = @p307;
      SELECT @@ROWCOUNT;
      
      UPDATE [TblDispatches] SET [BillID] = @p308, [ChallanNo] = @p309, [DeliveryNum] = @p310, [Destination] = @p311, [DisVid] = @p312, [DispatchDate] = @p313, [DispatchQuantity] = @p314, [FinalPrice] = @p315, [Lr] = @p316, [PartyName] = @p317, [TotalValue] = @p318, [UnitPrice] = @p319, [VehicleNo] = @p320
      WHERE [DispId] = @p321;
      SELECT @@ROWCOUNT;
      
      UPDATE [TblDispatches] SET [BillID] = @p322, [ChallanNo] = @p323, [DeliveryNum] = @p324, [Destination] = @p325, [DisVid] = @p326, [DispatchDate] = @p327, [DispatchQuantity] = @p328, [FinalPrice] = @p329, [Lr] = @p330, [PartyName] = @p331, [TotalValue] = @p332, [UnitPrice] = @p333, [VehicleNo] = @p334
      WHERE [DispId] = @p335;
      SELECT @@ROWCOUNT;
      
      UPDATE [TblDispatches] SET [BillID] = @p336, [ChallanNo] = @p337, [DeliveryNum] = @p338, [Destination] = @p339, [DisVid] = @p340, [DispatchDate] = @p341, [DispatchQuantity] = @p342, [FinalPrice] = @p343, [Lr] = @p344, [PartyName] = @p345, [TotalValue] = @p346, [UnitPrice] = @p347, [VehicleNo] = @p348
      WHERE [DispId] = @p349;
      SELECT @@ROWCOUNT;
      
      UPDATE [TblDispatches] SET [BillID] = @p350, [ChallanNo] = @p351, [DeliveryNum] = @p352, [Destination] = @p353, [DisVid] = @p354, [DispatchDate] = @p355, [DispatchQuantity] = @p356, [FinalPrice] = @p357, [Lr] = @p358, [PartyName] = @p359, [TotalValue] = @p360, [UnitPrice] = @p361, [VehicleNo] = @p362
      WHERE [DispId] = @p363;
      SELECT @@ROWCOUNT;
      
      UPDATE [TblDispatches] SET [BillID] = @p364, [ChallanNo] = @p365, [DeliveryNum] = @p366, [Destination] = @p367, [DisVid] = @p368, [DispatchDate] = @p369, [DispatchQuantity] = @p370, [FinalPrice] = @p371, [Lr] = @p372, [PartyName] = @p373, [TotalValue] = @p374, [UnitPrice] = @p375, [VehicleNo] = @p376
      WHERE [DispId] = @p377;
      SELECT @@ROWCOUNT;
      
      UPDATE [TblDispatches] SET [BillID] = @p378, [ChallanNo] = @p379, [DeliveryNum] = @p380, [Destination] = @p381, [DisVid] = @p382, [DispatchDate] = @p383, [DispatchQuantity] = @p384, [FinalPrice] = @p385, [Lr] = @p386, [PartyName] = @p387, [TotalValue] = @p388, [UnitPrice] = @p389, [VehicleNo] = @p390
      WHERE [DispId] = @p391;
      SELECT @@ROWCOUNT;
      
      UPDATE [TblDispatches] SET [BillID] = @p392, [ChallanNo] = @p393, [DeliveryNum] = @p394, [Destination] = @p395, [DisVid] = @p396, [DispatchDate] = @p397, [DispatchQuantity] = @p398, [FinalPrice] = @p399, [Lr] = @p400, [PartyName] = @p401, [TotalValue] = @p402, [UnitPrice] = @p403, [VehicleNo] = @p404
      WHERE [DispId] = @p405;
      SELECT @@ROWCOUNT;
      
      UPDATE [TblDispatches] SET [BillID] = @p406, [ChallanNo] = @p407, [DeliveryNum] = @p408, [Destination] = @p409, [DisVid] = @p410, [DispatchDate] = @p411, [DispatchQuantity] = @p412, [FinalPrice] = @p413, [Lr] = @p414, [PartyName] = @p415, [TotalValue] = @p416, [UnitPrice] = @p417, [VehicleNo] = @p418
      WHERE [DispId] = @p419;
      SELECT @@ROWCOUNT;
      
      UPDATE [TblDispatches] SET [BillID] = @p420, [ChallanNo] = @p421, [DeliveryNum] = @p422, [Destination] = @p423, [DisVid] = @p424, [DispatchDate] = @p425, [DispatchQuantity] = @p426, [FinalPrice] = @p427, [Lr] = @p428, [PartyName] = @p429, [TotalValue] = @p430, [UnitPrice] = @p431, [VehicleNo] = @p432
      WHERE [DispId] = @p433;
      SELECT @@ROWCOUNT;
      
      UPDATE [TblDispatches] SET [BillID] = @p434, [ChallanNo] = @p435, [DeliveryNum] = @p436, [Destination] = @p437, [DisVid] = @p438, [DispatchDate] = @p439, [DispatchQuantity] = @p440, [FinalPrice] = @p441, [Lr] = @p442, [PartyName] = @p443, [TotalValue] = @p444, [UnitPrice] = @p445, [VehicleNo] = @p446
      WHERE [DispId] = @p447;
      SELECT @@ROWCOUNT;
      
      UPDATE [TblDispatches] SET [BillID] = @p448, [ChallanNo] = @p449, [DeliveryNum] = @p450, [Destination] = @p451, [DisVid] = @p452, [DispatchDate] = @p453, [DispatchQuantity] = @p454, [FinalPrice] = @p455, [Lr] = @p456, [PartyName] = @p457, [TotalValue] = @p458, [UnitPrice] = @p459, [VehicleNo] = @p460
      WHERE [DispId] = @p461;
      SELECT @@ROWCOUNT;
      
      UPDATE [TblDispatches] SET [BillID] = @p462, [ChallanNo] = @p463, [DeliveryNum] = @p464, [Destination] = @p465, [DisVid] = @p466, [DispatchDate] = @p467, [DispatchQuantity] = @p468, [FinalPrice] = @p469, [Lr] = @p470, [PartyNam