info: Microsoft.Hosting.Lifetime[0]
      Application started. Press Ctrl+C to shut down.
info: Microsoft.Hosting.Lifetime[0]
      Hosting environment: Production
info: Microsoft.Hosting.Lifetime[0]
      Content root path: C:\Users\Dell\Documents\KTC-APP-FINAL\
info: Microsoft.EntityFrameworkCore.Infrastructure[10403]
      Entity Framework Core 6.0.21 initialized 'TransportMgmtContext' using provider 'Microsoft.EntityFrameworkCore.SqlServer:6.0.21' with options: CommandTimeout=120 
info: Microsoft.EntityFrameworkCore.Database.Command[20101]
      Executed DbCommand (216ms) [Parameters=[@__emailId_0='?' (Size = 4000), @__password_1='?' (Size = 4000)], CommandType='Text', CommandTimeout='120']
      SELECT TOP(1) [t].[UserId], [t].[Address], [t].[City], [t].[Doj], [t].[Email], [t].[LastLogIn], [t].[Password], [t].[Role], [t].[UserName]
      FROM [TblUsers] AS [t]
      WHERE ([t].[Email] = @__emailId_0) AND ([t].[Password] = @__password_1)
info: Microsoft.EntityFrameworkCore.Infrastructure[10403]
      Entity Framework Core 6.0.21 initialized 'TransportMgmtContext' using provider 'Microsoft.EntityFrameworkCore.SqlServer:6.0.21' with options: CommandTimeout=120 
info: Microsoft.EntityFrameworkCore.Database.Command[20101]
      Executed DbCommand (14ms) [Parameters=[], CommandType='Text', CommandTimeout='120']
      SELECT [t].[FID], [t].[Address], [t].[Code], [t].[CreatedBy], [t].[CreatedOn], [t].[FactoryName], [t].[Gstin], [t].[IsActive], [t].[ModifiedBy], [t].[ModifiedOn]
      FROM [TblFactories] AS [t]
info: Microsoft.EntityFrameworkCore.Database.Command[20101]
      Executed DbCommand (19ms) [Parameters=[], CommandType='Text', CommandTimeout='120']
      SELECT [b].[BillID], [b].[BillNum], [b].[BillDate], [b].[BillType], CASE
          WHEN [b].[FID] IS NOT NULL THEN (
              SELECT TOP(1) [t].[FactoryName]
              FROM [TblFactories] AS [t]
              WHERE [t].[FID] = [b].[FID])
          ELSE NULL
      END AS [FactoryName]
      FROM [BillTables] AS [b]
info: Microsoft.EntityFrameworkCore.Infrastructure[10403]
      Entity Framework Core 6.0.21 initialized 'TransportMgmtContext' using provider 'Microsoft.EntityFrameworkCore.SqlServer:6.0.21' with options: CommandTimeout=120 
info: Microsoft.EntityFrameworkCore.Database.Command[20101]
      Executed DbCommand (22ms) [Parameters=[@__id_0='?' (DbType = Int32)], CommandType='Text', CommandTimeout='120']
      SELECT [t].[BillID], [t].[ActualAmount], [t].[BillDate], [t].[BillNum], [t].[BillType], [t].[FID], [t].[Gst], [t].[GstDate], [t].[PId], [t].[PaymentReceived], [t].[PaymentTablePId], [t].[Tds], [t0].[DispId], [t0].[BillID], [t0].[ChallanNo], [t0].[Destination], [t0].[DisVid], [t0].[DispatchDate], [t0].[DispatchQuantity], [t0].[FinalPrice], [t0].[UnitPrice], [t0].[VehicleNo]
      FROM (
          SELECT TOP(1) [b].[BillID], [b].[ActualAmount], [b].[BillDate], [b].[BillNum], [b].[BillType], [b].[FID], [b].[Gst], [b].[GstDate], [b].[PId], [b].[PaymentReceived], [b].[PaymentTablePId], [b].[Tds]
          FROM [BillTables] AS [b]
          WHERE [b].[BillID] = @__id_0
      ) AS [t]
      LEFT JOIN [TblDispatches] AS [t0] ON [t].[BillID] = [t0].[BillID]
      ORDER BY [t].[BillID]
info: Microsoft.EntityFrameworkCore.Database.Command[20101]
      Executed DbCommand (3ms) [Parameters=[@__bill_FID_0='?' (DbType = Int32)], CommandType='Text', CommandTimeout='120']
      SELECT TOP(1) [t].[FID], [t].[Address], [t].[Code], [t].[CreatedBy], [t].[CreatedOn], [t].[FactoryName], [t].[Gstin], [t].[IsActive], [t].[ModifiedBy], [t].[ModifiedOn]
      FROM [TblFactories] AS [t]
      WHERE [t].[FID] = @__bill_FID_0
info: Microsoft.EntityFrameworkCore.Infrastructure[10403]
      Entity Framework Core 6.0.21 initialized 'TransportMgmtContext' using provider 'Microsoft.EntityFrameworkCore.SqlServer:6.0.21' with options: CommandTimeout=120 
info: Microsoft.EntityFrameworkCore.Database.Command[20101]
      Executed DbCommand (5ms) [Parameters=[], CommandType='Text', CommandTimeout='120']
      SELECT [t].[FID] AS [id], [t].[FactoryName] AS [name]
      FROM [TblFactories] AS [t]
info: Microsoft.EntityFrameworkCore.Infrastructure[10403]
      Entity Framework Core 6.0.21 initialized 'TransportMgmtContext' using provider 'Microsoft.EntityFrameworkCore.SqlServer:6.0.21' with options: CommandTimeout=120 
info: Microsoft.EntityFrameworkCore.Database.Command[20101]
      Executed DbCommand (39ms) [Parameters=[p0='?' (DbType = DateTime2), p1='?' (DbType = DateTime2), p2='?' (DbType = Int32)], CommandType='Text', CommandTimeout='120']
      EXEC [dbo].[SpExpoBilldetail] @FromDate = @p0, @ToDate = @p1, @FactoryId = @p2
info: Microsoft.EntityFrameworkCore.Infrastructure[10403]
      Entity Framework Core 6.0.21 initialized 'TransportMgmtContext' using provider 'Microsoft.EntityFrameworkCore.SqlServer:6.0.21' with options: CommandTimeout=120 
info: Microsoft.EntityFrameworkCore.Database.Command[20101]
      Executed DbCommand (8ms) [Parameters=[], CommandType='Text', CommandTimeout='120']
      SELECT [t].[FID] AS [id], [t].[FactoryName] AS [name]
      FROM [TblFactories] AS [t]
info: Microsoft.EntityFrameworkCore.Infrastructure[10403]
      Entity Framework Core 6.0.21 initialized 'TransportMgmtContext' using provider 'Microsoft.EntityFrameworkCore.SqlServer:6.0.21' with options: CommandTimeout=120 
info: Microsoft.EntityFrameworkCore.Database.Command[20101]
      Executed DbCommand (77ms) [Parameters=[p0='?' (DbType = DateTime2), p1='?' (DbType = DateTime2), p2='?' (DbType = Int32)], CommandType='Text', CommandTimeout='120']
      EXEC [dbo].[SpExpoBilldetail] @FromDate = @p0, @ToDate = @p1, @FactoryId = @p2
info: Microsoft.EntityFrameworkCore.Infrastructure[10403]
      Entity Framework Core 6.0.21 initialized 'TransportMgmtContext' using provider 'Microsoft.EntityFrameworkCore.SqlServer:6.0.21' with options: CommandTimeout=120 
info: Microsoft.EntityFrameworkCore.Database.Command[20101]
      Executed DbCommand (4ms) [Parameters=[], CommandType='Text', CommandTimeout='120']
      SELECT [t].[FID], [t].[Address], [t].[Code], [t].[CreatedBy], [t].[CreatedOn], [t].[FactoryName], [t].[Gstin], [t].[IsActive], [t].[ModifiedBy], [t].[ModifiedOn]
      FROM [TblFactories] AS [t]
info: Microsoft.EntityFrameworkCore.Database.Command[20101]
      Executed DbCommand (3ms) [Parameters=[], CommandType='Text', CommandTimeout='120']
      SELECT [b].[BillID], [b].[ActualAmount], [b].[BillDate], [b].[BillNum], [b].[BillType], [b].[FID], [b].[Gst], [b].[GstDate], [b].[PId], [b].[PaymentReceived], [b].[PaymentTablePId], [b].[Tds]
      FROM [BillTables] AS [b]
info: Microsoft.EntityFrameworkCore.Infrastructure[10403]
      Entity Framework Core 6.0.21 initialized 'TransportMgmtContext' using provider 'Microsoft.EntityFrameworkCore.SqlServer:6.0.21' with options: CommandTimeout=120 
info: Microsoft.EntityFrameworkCore.Database.Command[20101]
      Executed DbCommand (6ms) [Parameters=[], CommandType='Text', CommandTimeout='120']
      SELECT [t].[FID], [t].[Address], [t].[Code], [t].[CreatedBy], [t].[CreatedOn], [t].[FactoryName], [t].[Gstin], [t].[IsActive], [t].[ModifiedBy], [t].[ModifiedOn]
      FROM [TblFactories] AS [t]
info: Microsoft.EntityFrameworkCore.Database.Command[20101]
      Executed DbCommand (1ms) [Parameters=[], CommandType='Text', CommandTimeout='120']
      SELECT [t].[FID], [t].[Address], [t].[Code], [t].[CreatedBy], [t].[CreatedOn], [t].[FactoryName], [t].[Gstin], [t].[IsActive], [t].[ModifiedBy], [t].[ModifiedOn]
      FROM [TblFactories] AS [t]
info: Microsoft.EntityFrameworkCore.Database.Command[20101]
      Executed DbCommand (4ms) [Parameters=[], CommandType='Text', CommandTimeout='120']
      SELECT [t].[DispId], [t].[BillID], [t].[ChallanNo], [t].[Destination], [t].[DisVid], [t].[DispatchDate], [t].[DispatchQuantity], [t].[FinalPrice], [t].[UnitPrice], [t].[VehicleNo]
      FROM [TblDispatches] AS [t]
info: Microsoft.EntityFrameworkCore.Infrastructure[10403]
      Entity Framework Core 6.0.21 initialized 'TransportMgmtContext' using provider 'Microsoft.EntityFrameworkCore.SqlServer:6.0.21' with options: CommandTimeout=120 
info: Microsoft.EntityFrameworkCore.Database.Command[20101]
      Executed DbCommand (6ms) [Parameters=[], CommandType='Text', CommandTimeout='120']
      SELECT [t].[FID], [t].[Address], [t].[Code], [t].[CreatedBy], [t].[CreatedOn], [t].[FactoryName], [t].[Gstin], [t].[IsActive], [t].[ModifiedBy], [t].[ModifiedOn]
      FROM [TblFactories] AS [t]
info: Microsoft.EntityFrameworkCore.Database.Command[20101]
      Executed DbCommand (6ms) [Parameters=[], CommandType='Text', CommandTimeout='120']
      SELECT [t].[DispId], [t].[BillID], [t].[ChallanNo], [t].[Destination], [t].[DisVid], [t].[DispatchDate], [t].[DispatchQuantity], [t].[FinalPrice], [t].[UnitPrice], [t].[VehicleNo]
      FROM [TblDispatches] AS [t]
info: Microsoft.EntityFrameworkCore.Infrastructure[10403]
      Entity Framework Core 6.0.21 initialized 'TransportMgmtContext' using provider 'Microsoft.EntityFrameworkCore.SqlServer:6.0.21' with options: CommandTimeout=120 
info: Microsoft.EntityFrameworkCore.Database.Command[20101]
      Executed DbCommand (29ms) [Parameters=[@__cell1_0='?' (Size = 4000)], CommandType='Text', CommandTimeout='120']
      SELECT TOP(1) [t].[DispId], [t].[BillID], [t].[ChallanNo], [t].[Destination], [t].[DisVid], [t].[DispatchDate], [t].[DispatchQuantity], [t].[FinalPrice], [t].[UnitPrice], [t].[VehicleNo]
      FROM [TblDispatches] AS [t]
      WHERE [t].[ChallanNo] = @__cell1_0
info: Microsoft.EntityFrameworkCore.Database.Command[20101]
      Executed DbCommand (5ms) [Parameters=[@__cell1_0='?' (Size = 4000)], CommandType='Text', CommandTimeout='120']
      SELECT TOP(1) [t].[DispId], [t].[BillID], [t].[ChallanNo], [t].[Destination], [t].[DisVid], [t].[DispatchDate], [t].[DispatchQuantity], [t].[FinalPrice], [t].[UnitPrice], [t].[VehicleNo]
      FROM [TblDispatches] AS [t]
      WHERE [t].[ChallanNo] = @__cell1_0
info: Microsoft.EntityFrameworkCore.Database.Command[20101]
      Executed DbCommand (8ms) [Parameters=[@__cell1_0='?' (Size = 4000)], CommandType='Text', CommandTimeout='120']
      SELECT TOP(1) [t].[DispId], [t].[BillID], [t].[ChallanNo], [t].[Destination], [t].[DisVid], [t].[DispatchDate], [t].[DispatchQuantity], [t].[FinalPrice], [t].[UnitPrice], [t].[VehicleNo]
      FROM [TblDispatches] AS [t]
      WHERE [t].[ChallanNo] = @__cell1_0
info: Microsoft.EntityFrameworkCore.Database.Command[20101]
      Executed DbCommand (8ms) [Parameters=[@__cell1_0='?' (Size = 4000)], CommandType='Text', CommandTimeout='120']
      SELECT TOP(1) [t].[DispId], [t].[BillID], [t].[ChallanNo], [t].[Destination], [t].[DisVid], [t].[DispatchDate], [t].[DispatchQuantity], [t].[FinalPrice], [t].[UnitPrice], [t].[VehicleNo]
      FROM [TblDispatches] AS [t]
      WHERE [t].[ChallanNo] = @__cell1_0
info: Microsoft.EntityFrameworkCore.Database.Command[20101]
      Executed DbCommand (8ms) [Parameters=[@__cell1_0='?' (Size = 4000)], CommandType='Text', CommandTimeout='120']
      SELECT TOP(1) [t].[DispId], [t].[BillID], [t].[ChallanNo], [t].[Destination], [t].[DisVid], [t].[DispatchDate], [t].[DispatchQuantity], [t].[FinalPrice], [t].[UnitPrice], [t].[VehicleNo]
      FROM [TblDispatches] AS [t]
      WHERE [t].[ChallanNo] = @__cell1_0
info: Microsoft.EntityFrameworkCore.Database.Command[20101]
      Executed DbCommand (10ms) [Parameters=[@__cell1_0='?' (Size = 4000)], CommandType='Text', CommandTimeout='120']
      SELECT TOP(1) [t].[DispId], [t].[BillID], [t].[ChallanNo], [t].[Destination], [t].[DisVid], [t].[DispatchDate], [t].[DispatchQuantity], [t].[FinalPrice], [t].[UnitPrice], [t].[VehicleNo]
      FROM [TblDispatches] AS [t]
      WHERE [t].[ChallanNo] = @__cell1_0
info: Microsoft.EntityFrameworkCore.Database.Command[20101]
      Executed DbCommand (12ms) [Parameters=[@__cell1_0='?' (Size = 4000)], CommandType='Text', CommandTimeout='120']
      SELECT TOP(1) [t].[DispId], [t].[BillID], [t].[ChallanNo], [t].[Destination], [t].[DisVid], [t].[DispatchDate], [t].[DispatchQuantity], [t].[FinalPrice], [t].[UnitPrice], [t].[VehicleNo]
      FROM [TblDispatches] AS [t]
      WHERE [t].[ChallanNo] = @__cell1_0
info: Microsoft.EntityFrameworkCore.Database.Command[20101]
      Executed DbCommand (8ms) [Parameters=[@__cell1_0='?' (Size = 4000)], CommandType='Text', CommandTimeout='120']
      SELECT TOP(1) [t].[DispId], [t].[BillID], [t].[ChallanNo], [t].[Destination], [t].[DisVid], [t].[DispatchDate], [t].[DispatchQuantity], [t].[FinalPrice], [t].[UnitPrice], [t].[VehicleNo]
      FROM [TblDispatches] AS [t]
      WHERE [t].[ChallanNo] = @__cell1_0
info: Microsoft.EntityFrameworkCore.Database.Command[20101]
      Executed DbCommand (9ms) [Parameters=[@__cell1_0='?' (Size = 4000)], CommandType='Text', CommandTimeout='120']
      SELECT TOP(1) [t].[DispId], [t].[BillID], [t].[ChallanNo], [t].[Destination], [t].[DisVid], [t].[DispatchDate], [t].[DispatchQuantity], [t].[FinalPrice], [t].[UnitPrice], [t].[VehicleNo]
      FROM [TblDispatches] AS [t]
      WHERE [t].[ChallanNo] = @__cell1_0
info: Microsoft.EntityFrameworkCore.Database.Command[20101]
      Executed DbCommand (9ms) [Parameters=[@__cell1_0='?' (Size = 4000)], CommandType='Text', CommandTimeout='120']
      SELECT TOP(1) [t].[DispId], [t].[BillID], [t].[ChallanNo], [t].[Destination], [t].[DisVid], [t].[DispatchDate], [t].[DispatchQuantity], [t].[FinalPrice], [t].[UnitPrice], [t].[VehicleNo]
      FROM [TblDispatches] AS [t]
      WHERE [t].[ChallanNo] = @__cell1_0
info: Microsoft.EntityFrameworkCore.Database.Command[20101]
      Executed DbCommand (10ms) [Parameters=[@__cell1_0='?' (Size = 4000)], CommandType='Text', CommandTimeout='120']
      SELECT TOP(1) [t].[DispId], [t].[BillID], [t].[ChallanNo], [t].[Destination], [t].[DisVid], [t].[DispatchDate], [t].[DispatchQuantity], [t].[FinalPrice], [t].[UnitPrice], [t].[VehicleNo]
      FROM [TblDispatches] AS [t]
      WHERE [t].[ChallanNo] = @__cell1_0
info: Microsoft.EntityFrameworkCore.Database.Command[20101]
      Executed DbCommand (12ms) [Parameters=[@__cell1_0='?' (Size = 4000)], CommandType='Text', CommandTimeout='120']
      SELECT TOP(1) [t].[DispId], [t].[BillID], [t].[ChallanNo], [t].[Destination], [t].[DisVid], [t].[DispatchDate], [t].[DispatchQuantity], [t].[FinalPrice], [t].[UnitPrice], [t].[VehicleNo]
      FROM [TblDispatches] AS [t]
      WHERE [t].[ChallanNo] = @__cell1_0
info: Microsoft.EntityFrameworkCore.Database.Command[20101]
      Executed DbCommand (7ms) [Parameters=[@__cell1_0='?' (Size = 4000)], CommandType='Text', CommandTimeout='120']
      SELECT TOP(1) [t].[DispId], [t].[BillID], [t].[ChallanNo], [t].[Destination], [t].[DisVid], [t].[DispatchDate], [t].[DispatchQuantity], [t].[FinalPrice], [t].[UnitPrice], [t].[VehicleNo]
      FROM [TblDispatches] AS [t]
      WHERE [t].[ChallanNo] = @__cell1_0
info: Microsoft.EntityFrameworkCore.Database.Command[20101]
      Executed DbCommand (8ms) [Parameters=[@__cell1_0='?' (Size = 4000)], CommandType='Text', CommandTimeout='120']
      SELECT TOP(1) [t].[DispId], [t].[BillID], [t].[ChallanNo], [t].[Destination], [t].[DisVid], [t].[DispatchDate], [t].[DispatchQuantity], [t].[FinalPrice], [t].[UnitPrice], [t].[VehicleNo]
      FROM [TblDispatches] AS [t]
      WHERE [t].[ChallanNo] = @__cell1_0
info: Microsoft.EntityFrameworkCore.Database.Command[20101]
      Executed DbCommand (10ms) [Parameters=[@__cell1_0='?' (Size = 4000)], CommandType='Text', CommandTimeout='120']
      SELECT TOP(1) [t].[DispId], [t].[BillID], [t].[ChallanNo], [t].[Destination], [t].[DisVid], [t].[DispatchDate], [t].[DispatchQuantity], [t].[FinalPrice], [t].[UnitPrice], [t].[VehicleNo]
      FROM [TblDispatches] AS [t]
      WHERE [t].[ChallanNo] = @__cell1_0
info: Microsoft.EntityFrameworkCore.Database.Command[20101]
      Executed DbCommand (6ms) [Parameters=[@__cell1_0='?' (Size = 4000)], CommandType='Text', CommandTimeout='120']
      SELECT TOP(1) [t].[DispId], [t].[BillID], [t].[ChallanNo], [t].[Destination], [t].[DisVid], [t].[DispatchDate], [t].[DispatchQuantity], [t].[FinalPrice], [t].[UnitPrice], [t].[VehicleNo]
      FROM [TblDispatches] AS [t]
      WHERE [t].[ChallanNo] = @__cell1_0
info: Microsoft.EntityFrameworkCore.Database.Command[20101]
      Executed DbCommand (9ms) [Parameters=[@__cell1_0='?' (Size = 4000)], CommandType='Text', CommandTimeout='120']
      SELECT TOP(1) [t].[DispId], [t].[BillID], [t].[ChallanNo], [t].[Destination], [t].[DisVid], [t].[DispatchDate], [t].[DispatchQuantity], [t].[FinalPrice], [t].[UnitPrice], [t].[VehicleNo]
      FROM [TblDispatches] AS [t]
      WHERE [t].[ChallanNo] = @__cell1_0
info: Microsoft.EntityFrameworkCore.Database.Command[20101]
      Executed DbCommand (8ms) [Parameters=[@__cell1_0='?' (Size = 4000)], CommandType='Text', CommandTimeout='120']
      SELECT TOP(1) [t].[DispId], [t].[BillID], [t].[ChallanNo], [t].[Destination], [t].[DisVid], [t].[DispatchDate], [t].[DispatchQuantity], [t].[FinalPrice], [t].[UnitPrice], [t].[VehicleNo]
      FROM [TblDispatches] AS [t]
      WHERE [t].[ChallanNo] = @__cell1_0
info: Microsoft.EntityFrameworkCore.Database.Command[20101]
      Executed DbCommand (9ms) [Parameters=[@__cell1_0='?' (Size = 4000)], CommandType='Text', CommandTimeout='120']
      SELECT TOP(1) [t].[DispId], [t].[BillID], [t].[ChallanNo], [t].[Destination], [t].[DisVid], [t].[DispatchDate], [t].[DispatchQuantity], [t].[FinalPrice], [t].[UnitPrice], [t].[VehicleNo]
      FROM [TblDispatches] AS [t]
      WHERE [t].[ChallanNo] = @__cell1_0
info: Microsoft.EntityFrameworkCore.Database.Command[20101]
      Executed DbCommand (9ms) [Parameters=[@__cell1_0='?' (Size = 4000)], CommandType='Text', CommandTimeout='120']
      SELECT TOP(1) [t].[DispId], [t].[BillID], [t].[ChallanNo], [t].[Destination], [t].[DisVid], [t].[DispatchDate], [t].[DispatchQuantity], [t].[FinalPrice], [t].[UnitPrice], [t].[VehicleNo]
      FROM [TblDispatches] AS [t]
      WHERE [t].[ChallanNo] = @__cell1_0
info: Microsoft.EntityFrameworkCore.Database.Command[20101]
      Executed DbCommand (7ms) [Parameters=[@__cell1_0='?' (Size = 4000)], CommandType='Text', CommandTimeout='120']
      SELECT TOP(1) [t].[DispId], [t].[BillID], [t].[ChallanNo], [t].[Destination], [t].[DisVid], [t].[DispatchDate], [t].[DispatchQuantity], [t].[FinalPrice], [t].[UnitPrice], [t].[VehicleNo]
      FROM [TblDispatches] AS [t]
      WHERE [t].[ChallanNo] = @__cell1_0
info: Microsoft.EntityFrameworkCore.Database.Command[20101]
      Executed DbCommand (15ms) [Parameters=[@__cell1_0='?' (Size = 4000)], CommandType='Text', CommandTimeout='120']
      SELECT TOP(1) [t].[DispId], [t].[BillID], [t].[ChallanNo], [t].[Destination], [t].[DisVid], [t].[DispatchDate], [t].[DispatchQuantity], [t].[FinalPrice], [t].[UnitPrice], [t].[VehicleNo]
      FROM [TblDispatches] AS [t]
      WHERE [t].[ChallanNo] = @__cell1_0
info: Microsoft.EntityFrameworkCore.Database.Command[20101]
      Executed DbCommand (23ms) [Parameters=[@__cell1_0='?' (Size = 4000)], CommandType='Text', CommandTimeout='120']
      SELECT TOP(1) [t].[DispId], [t].[BillID], [t].[ChallanNo], [t].[Destination], [t].[DisVid], [t].[DispatchDate], [t].[DispatchQuantity], [t].[FinalPrice], [t].[UnitPrice], [t].[VehicleNo]
      FROM [TblDispatches] AS [t]
      WHERE [t].[ChallanNo] = @__cell1_0
info: Microsoft.EntityFrameworkCore.Database.Command[20101]
      Executed DbCommand (8ms) [Parameters=[@__cell1_0='?' (Size = 4000)], CommandType='Text', CommandTimeout='120']
      SELECT TOP(1) [t].[DispId], [t].[BillID], [t].[ChallanNo], [t].[Destination], [t].[DisVid], [t].[DispatchDate], [t].[DispatchQuantity], [t].[FinalPrice], [t].[UnitPrice], [t].[VehicleNo]
      FROM [TblDispatches] AS [t]
      WHERE [t].[ChallanNo] = @__cell1_0
info: Microsoft.EntityFrameworkCore.Database.Command[20101]
      Executed DbCommand (4ms) [Parameters=[@__cell1_0='?' (Size = 4000)], CommandType='Text', CommandTimeout='120']
      SELECT TOP(1) [t].[DispId], [t].[BillID], [t].[ChallanNo], [t].[Destination], [t].[DisVid], [t].[DispatchDate], [t].[DispatchQuantity], [t].[FinalPrice], [t].[UnitPrice], [t].[VehicleNo]
      FROM [TblDispatches] AS [t]
      WHERE [t].[ChallanNo] = @__cell1_0
info: Microsoft.EntityFrameworkCore.Database.Command[20101]
      Executed DbCommand (45ms) [Parameters=[@p0='?' (DbType = Int32), @p1='?' (Size = 4000), @p2='?' (Size = 4000), @p3='?' (DbType = Int32), @p4='?' (DbType = DateTime2), @p5='?' (DbType = Double), @p6='?' (DbType = Double), @p7='?' (DbType = Double), @p8='?' (Size = 4000), @p9='?' (DbType = Int32), @p10='?' (Size = 4000), @p11='?' (Size = 4000), @p12='?' (DbType = Int32), @p13='?' (DbType = DateTime2), @p14='?' (DbType = Double), @p15='?' (DbType = Double), @p16='?' (DbType = Double), @p17='?' (Size = 4000), @p18='?' (DbType = Int32), @p19='?' (Size = 4000), @p20='?' (Size = 4000), @p21='?' (DbType = Int32), @p22='?' (DbType = DateTime2), @p23='?' (DbType = Double), @p24='?' (DbType = Double), @p25='?' (DbType = Double), @p26='?' (Size = 4000), @p27='?' (DbType = Int32), @p28='?' (Size = 4000), @p29='?' (Size = 4000), @p30='?' (DbType = Int32), @p31='?' (DbType = DateTime2), @p32='?' (DbType = Double), @p33='?' (DbType = Double), @p34='?' (DbType = Double), @p35='?' (Size = 4000), @p36='?' (DbType = Int32), @p37='?' (Size = 4000), @p38='?' (Size = 4000), @p39='?' (DbType = Int32), @p40='?' (DbType = DateTime2), @p41='?' (DbType = Double), @p42='?' (DbType = Double), @p43='?' (DbType = Double), @p44='?' (Size = 4000), @p45='?' (DbType = Int32), @p46='?' (Size = 4000), @p47='?' (Size = 4000), @p48='?' (DbType = Int32), @p49='?' (DbType = DateTime2), @p50='?' (DbType = Double), @p51='?' (DbType = Double), @p52='?' (DbType = Double), @p53='?' (Size = 4000), @p54='?' (DbType = Int32), @p55='?' (Size = 4000), @p56='?' (Size = 4000), @p57='?' (DbType = Int32), @p58='?' (DbType = DateTime2), @p59='?' (DbType = Double), @p60='?' (DbType = Double), @p61='?' (DbType = Double), @p62='?' (Size = 4000), @p63='?' (DbType = Int32), @p64='?' (Size = 4000), @p65='?' (Size = 4000), @p66='?' (DbType = Int32), @p67='?' (DbType = DateTime2), @p68='?' (DbType = Double), @p69='?' (DbType = Double), @p70='?' (DbType = Double), @p71='?' (Size = 4000), @p72='?' (DbType = Int32), @p73='?' (Size = 4000), @p74='?' (Size = 4000), @p75='?' (DbType = Int32), @p76='?' (DbType = DateTime2), @p77='?' (DbType = Double), @p78='?' (DbType = Double), @p79='?' (DbType = Double), @p80='?' (Size = 4000), @p81='?' (DbType = Int32), @p82='?' (Size = 4000), @p83='?' (Size = 4000), @p84='?' (DbType = Int32), @p85='?' (DbType = DateTime2), @p86='?' (DbType = Double), @p87='?' (DbType = Double), @p88='?' (DbType = Double), @p89='?' (Size = 4000), @p90='?' (DbType = Int32), @p91='?' (Size = 4000), @p92='?' (Size = 4000), @p93='?' (DbType = Int32), @p94='?' (DbType = DateTime2), @p95='?' (DbType = Double), @p96='?' (DbType = Double), @p97='?' (DbType = Double), @p98='?' (Size = 4000), @p99='?' (DbType = Int32), @p100='?' (Size = 4000), @p101='?' (Size = 4000), @p102='?' (DbType = Int32), @p103='?' (DbType = DateTime2), @p104='?' (DbType = Double), @p105='?' (DbType = Double), @p106='?' (DbType = Double), @p107='?' (Size = 4000), @p108='?' (DbType = Int32), @p109='?' (Size = 4000), @p110='?' (Size = 4000), @p111='?' (DbType = Int32), @p112='?' (DbType = DateTime2), @p113='?' (DbType = Double), @p114='?' (DbType = Double), @p115='?' (DbType = Double), @p116='?' (Size = 4000), @p117='?' (DbType = Int32), @p118='?' (Size = 4000), @p119='?' (Size = 4000), @p120='?' (DbType = Int32), @p121='?' (DbType = DateTime2), @p122='?' (DbType = Double), @p123='?' (DbType = Double), @p124='?' (DbType = Double), @p125='?' (Size = 4000), @p126='?' (DbType = Int32), @p127='?' (Size = 4000), @p128='?' (Size = 4000), @p129='?' (DbType = Int32), @p130='?' (DbType = DateTime2), @p131='?' (DbType = Double), @p132='?' (DbType = Double), @p133='?' (DbType = Double), @p134='?' (Size = 4000), @p135='?' (DbType = Int32), @p136='?' (Size = 4000), @p137='?' (Size = 4000), @p138='?' (DbType = Int32), @p139='?' (DbType = DateTime2), @p140='?' (DbType = Double), @p141='?' (DbType = Double), @p142='?' (DbType = Double), @p143='?' (Size = 4000), @p144='?' (DbType = Int32), @p145='?' (Size = 4000), @p146='?' (Size = 4000), @p147='?' (DbType = Int32), @p148='?' (DbType = DateTime2), @p149='?' (DbType = Double), @p150='?' (DbType = Double), @p151='?' (DbType = Double), @p152='?' (Size = 4000), @p153='?' (DbType = Int32), @p154='?' (Size = 4000), @p155='?' (Size = 4000), @p156='?' (DbType = Int32), @p157='?' (DbType = DateTime2), @p158='?' (DbType = Double), @p159='?' (DbType = Double), @p160='?' (DbType = Double), @p161='?' (Size = 4000), @p162='?' (DbType = Int32), @p163='?' (Size = 4000), @p164='?' (Size = 4000), @p165='?' (DbType = Int32), @p166='?' (DbType = DateTime2), @p167='?' (DbType = Double), @p168='?' (DbType = Double), @p169='?' (DbType = Double), @p170='?' (Size = 4000), @p171='?' (DbType = Int32), @p172='?' (Size = 4000), @p173='?' (Size = 4000), @p174='?' (DbType = Int32), @p175='?' (DbType = DateTime2), @p176='?' (DbType = Double), @p177='?' (DbType = Double), @p178='?' (DbType = Double), @p179='?' (Size = 4000), @p180='?' (DbType = Int32), @p181='?' (Size = 4000), @p182='?' (Size = 4000), @p183='?' (DbType = Int32), @p184='?' (DbType = DateTime2), @p185='?' (DbType = Double), @p186='?' (DbType = Double), @p187='?' (DbType = Double), @p188='?' (Size = 4000), @p189='?' (DbType = Int32), @p190='?' (Size = 4000), @p191='?' (Size = 4000), @p192='?' (DbType = Int32), @p193='?' (DbType = DateTime2), @p194='?' (DbType = Double), @p195='?' (DbType = Double), @p196='?' (DbType = Double), @p197='?' (Size = 4000), @p198='?' (DbType = Int32), @p199='?' (Size = 4000), @p200='?' (Size = 4000), @p201='?' (DbType = Int32), @p202='?' (DbType = DateTime2), @p203='?' (DbType = Double), @p204='?' (DbType = Double), @p205='?' (DbType = Double), @p206='?' (Size = 4000), @p207='?' (DbType = Int32), @p208='?' (Size = 4000), @p209='?' (Size = 4000), @p210='?' (DbType = Int32), @p211='?' (DbType = DateTime2), @p212='?' (DbType = Double), @p213='?' (DbType = Double), @p214='?' (DbType = Double), @p215='?' (Size = 4000), @p216='?' (DbType = Int32), @p217='?' (Size = 4000), @p218='?' (Size = 4000), @p219='?' (DbType = Int32), @p220='?' (DbType = DateTime2), @p221='?' (DbType = Double), @p222='?' (DbType = Double), @p223='?' (DbType = Double), @p224='?' (Size = 4000)], CommandType='Text', CommandTimeout='120']
      SET NOCOUNT ON;
      DECLARE @inserted0 TABLE ([DispId] int, [_Position] [int]);
      MERGE [TblDispatches] USING (
      VALUES (@p0, @p1, @p2, @p3, @p4, @p5, @p6, @p7, @p8, 0),
      (@p9, @p10, @p11, @p12, @p13, @p14, @p15, @p16, @p17, 1),
      (@p18, @p19, @p20, @p21, @p22, @p23, @p24, @p25, @p26, 2),
      (@p27, @p28, @p29, @p30, @p31, @p32, @p33, @p34, @p35, 3),
      (@p36, @p37, @p38, @p39, @p40, @p41, @p42, @p43, @p44, 4),
      (@p45, @p46, @p47, @p48, @p49, @p50, @p51, @p52, @p53, 5),
      (@p54, @p55, @p56, @p57, @p58, @p59, @p60, @p61, @p62, 6),
      (@p63, @p64, @p65, @p66, @p67, @p68, @p69, @p70, @p71, 7),
      (@p72, @p73, @p74, @p75, @p76, @p77, @p78, @p79, @p80, 8),
      (@p81, @p82, @p83, @p84, @p85, @p86, @p87, @p88, @p89, 9),
      (@p90, @p91, @p92, @p93, @p94, @p95, @p96, @p97, @p98, 10),
      (@p99, @p100, @p101, @p102, @p103, @p104, @p105, @p106, @p107, 11),
      (@p108, @p109, @p110, @p111, @p112, @p113, @p114, @p115, @p116, 12),
      (@p117, @p118, @p119, @p120, @p121, @p122, @p123, @p124, @p125, 13),
      (@p126, @p127, @p128, @p129, @p130, @p131, @p132, @p133, @p134, 14),
      (@p135, @p136, @p137, @p138, @p139, @p140, @p141, @p142, @p143, 15),
      (@p144, @p145, @p146, @p147, @p148, @p149, @p150, @p151, @p152, 16),
      (@p153, @p154, @p155, @p156, @p157, @p158, @p159, @p160, @p161, 17),
      (@p162, @p163, @p164, @p165, @p166, @p167, @p168, @p169, @p170, 18),
      (@p171, @p172, @p173, @p174, @p175, @p176, @p177, @p178, @p179, 19),
      (@p180, @p181, @p182, @p183, @p184, @p185, @p186, @p187, @p188, 20),
      (@p189, @p190, @p191, @p192, @p193, @p194, @p195, @p196, @p197, 21),
      (@p198, @p199, @p200, @p201, @p202, @p203, @p204, @p205, @p206, 22),
      (@p207, @p208, @p209, @p210, @p211, @p212, @p213, @p214, @p215, 23),
      (@p216, @p217, @p218, @p219, @p220, @p221, @p222, @p223, @p224, 24)) AS i ([BillID], [ChallanNo], [Destination], [DisVid], [DispatchDate], [DispatchQuantity], [FinalPrice], [UnitPrice], [VehicleNo], _Position) ON 1=0
      WHEN NOT MATCHED THEN
      INSERT ([BillID], [ChallanNo], [Destination], [DisVid], [DispatchDate], [DispatchQuantity], [FinalPrice], [UnitPrice], [VehicleNo])
      VALUES (i.[BillID], i.[ChallanNo], i.[Destination], i.[DisVid], i.[DispatchDate], i.[DispatchQuantity], i.[FinalPrice], i.[UnitPrice], i.[VehicleNo])
      OUTPUT INSERTED.[DispId], i._Position
      INTO @inserted0;
      
      SELECT [i].[DispId] FROM @inserted0 i
      ORDER BY [i].[_Position];
info: Microsoft.EntityFrameworkCore.Database.Command[20101]
      Executed DbCommand (2ms) [Parameters=[], CommandType='Text', CommandTimeout='120']
      SELECT [t].[FID], [t].[Address], [t].[Code], [t].[CreatedBy], [t].[CreatedOn], [t].[FactoryName], [t].[Gstin], [t].[IsActive], [t].[ModifiedBy], [t].[ModifiedOn]
      FROM [TblFactories] AS [t]
info: Microsoft.EntityFrameworkCore.Database.Command[20101]
      Executed DbCommand (2ms) [Parameters=[], CommandType='Text', CommandTimeout='120']
      SELECT [t].[DispId], [t].[BillID], [t].[ChallanNo], [t].[Destination], [t].[DisVid], [t].[DispatchDate], [t].[DispatchQuantity], [t].[FinalPrice], [t].[UnitPrice], [t].[VehicleNo]
      FROM [TblDispatches] AS [t]
info: Microsoft.EntityFrameworkCore.Infrastructure[10403]
      Entity Framework Core 6.0.21 initialized 'TransportMgmtContext' using provider 'Microsoft.EntityFrameworkCore.SqlServer:6.0.21' with options: CommandTimeout=120 
info: Microsoft.EntityFrameworkCore.Database.Command[20101]
      Executed DbCommand (7ms) [Parameters=[@__cell1_0='?' (Size = 4000)], CommandType='Text', CommandTimeout='120']
      SELECT TOP(1) [t].[DispId], [t].[BillID], [t].[ChallanNo], [t].[Destination], [t].[DisVid], [t].[DispatchDate], [t].[DispatchQuantity], [t].[FinalPrice], [t].[UnitPrice], [t].[VehicleNo]
      FROM [TblDispatches] AS [t]
      WHERE [t].[ChallanNo] = @__cell1_0
info: Microsoft.EntityFrameworkCore.Database.Command[20101]
      Executed DbCommand (4ms) [Parameters=[@__cell1_0='?' (Size = 4000)], CommandType='Text', CommandTimeout='120']
      SELECT TOP(1) [t].[DispId], [t].[BillID], [t].[ChallanNo], [t].[Destination], [t].[DisVid], [t].[DispatchDate], [t].[DispatchQuantity], [t].[FinalPrice], [t].[UnitPrice], [t].[VehicleNo]
      FROM [TblDispatches] AS [t]
      WHERE [t].[ChallanNo] = @__cell1_0
info: Microsoft.EntityFrameworkCore.Database.Command[20101]
      Executed DbCommand (6ms) [Parameters=[@__cell1_0='?' (Size = 4000)], CommandType='Text', CommandTimeout='120']
      SELECT TOP(1) [t].[DispId], [t].[BillID], [t].[ChallanNo], [t].[Destination], [t].[DisVid], [t].[DispatchDate], [t].[DispatchQuantity], [t].[FinalPrice], [t].[UnitPrice], [t].[VehicleNo]
      FROM [TblDispatches] AS [t]
      WHERE [t].[ChallanNo] = @__cell1_0
info: Microsoft.EntityFrameworkCore.Database.Command[20101]
      Executed DbCommand (6ms) [Parameters=[@__cell1_0='?' (Size = 4000)], CommandType='Text', CommandTimeout='120']
      SELECT TOP(1) [t].[DispId], [t].[BillID], [t].[ChallanNo], [t].[Destination], [t].[DisVid], [t].[DispatchDate], [t].[DispatchQuantity], [t].[FinalPrice], [t].[UnitPrice], [t].[VehicleNo]
      FROM [TblDispatches] AS [t]
      WHERE [t].[ChallanNo] = @__cell1_0
info: Microsoft.EntityFrameworkCore.Database.Command[20101]
      Executed DbCommand (10ms) [Parameters=[@__cell1_0='?' (Size = 4000)], CommandType='Text', CommandTimeout='120']
      SELECT TOP(1) [t].[DispId], [t].[BillID], [t].[ChallanNo], [t].[Destination], [t].[DisVid], [t].[DispatchDate], [t].[DispatchQuantity], [t].[FinalPrice], [t].[UnitPrice], [t].[VehicleNo]
      FROM [TblDispatches] AS [t]
      WHERE [t].[ChallanNo] = @__cell1_0
info: Microsoft.EntityFrameworkCore.Database.Command[20101]
      Executed DbCommand (11ms) [Parameters=[@__cell1_0='?' (Size = 4000)], CommandType='Text', CommandTimeout='120']
      SELECT TOP(1) [t].[DispId], [t].[BillID], [t].[ChallanNo], [t].[Destination], [t].[DisVid], [t].[DispatchDate], [t].[DispatchQuantity], [t].[FinalPrice], [t].[UnitPrice], [t].[VehicleNo]
      FROM [TblDispatches] AS [t]
      WHERE [t].[ChallanNo] = @__cell1_0
info: Microsoft.EntityFrameworkCore.Database.Command[20101]
      Executed DbCommand (8ms) [Parameters=[@__cell1_0='?' (Size = 4000)], CommandType='Text', CommandTimeout='120']
      SELECT TOP(1) [t].[DispId], [t].[BillID], [t].[ChallanNo], [t].[Destination], [t].[DisVid], [t].[DispatchDate], [t].[DispatchQuantity], [t].[FinalPrice], [t].[UnitPrice], [t].[VehicleNo]
      FROM [TblDispatches] AS [t]
      WHERE [t].[ChallanNo] = @__cell1_0
info: Microsoft.EntityFrameworkCore.Database.Command[20101]
      Executed DbCommand (8ms) [Parameters=[@__cell1_0='?' (Size = 4000)], CommandType='Text', CommandTimeout='120']
      SELECT TOP(1) [t].[DispId], [t].[BillID], [t].[ChallanNo], [t].[Destination], [t].[DisVid], [t].[DispatchDate], [t].[DispatchQuantity], [t].[FinalPrice], [t].[UnitPrice], [t].[VehicleNo]
      FROM [TblDispatches] AS [t]
      WHERE [t].[ChallanNo] = @__cell1_0
info: Microsoft.EntityFrameworkCore.Database.Command[20101]
      Executed DbCommand (8ms) [Parameters=[@__cell1_0='?' (Size = 4000)], CommandType='Text', CommandTimeout='120']
      SELECT TOP(1) [t].[DispId], [t].[BillID], [t].[ChallanNo], [t].[Destination], [t].[DisVid], [t].[DispatchDate], [t].[DispatchQuantity], [t].[FinalPrice], [t].[UnitPrice], [t].[VehicleNo]
      FROM [TblDispatches] AS [t]
      WHERE [t].[ChallanNo] = @__cell1_0
info: Microsoft.EntityFrameworkCore.Database.Command[20101]
      Executed DbCommand (26ms) [Parameters=[@p0='?' (DbType = Int32), @p1='?' (Size = 4000), @p2='?' (Size = 4000), @p3='?' (DbType = Int32), @p4='?' (DbType = DateTime2), @p5='?' (DbType = Double), @p6='?' (DbType = Double), @p7='?' (DbType = Double), @p8='?' (Size = 4000), @p9='?' (DbType = Int32), @p10='?' (Size = 4000), @p11='?' (Size = 4000), @p12='?' (DbType = Int32), @p13='?' (DbType = DateTime2), @p14='?' (DbType = Double), @p15='?' (DbType = Double), @p16='?' (DbType = Double), @p17='?' (Size = 4000), @p18='?' (DbType = Int32), @p19='?' (Size = 4000), @p20='?' (Size = 4000), @p21='?' (DbType = Int32), @p22='?' (DbType = DateTime2), @p23='?' (DbType = Double), @p24='?' (DbType = Double), @p25='?' (DbType = Double), @p26='?' (Size = 4000), @p27='?' (DbType = Int32), @p28='?' (Size = 4000), @p29='?' (Size = 4000), @p30='?' (DbType = Int32), @p31='?' (DbType = DateTime2), @p32='?' (DbType = Double), @p33='?' (DbType = Double), @p34='?' (DbType = Double), @p35='?' (Size = 4000), @p36='?' (DbType = Int32), @p37='?' (Size = 4000), @p38='?' (Size = 4000), @p39='?' (DbType = Int32), @p40='?' (DbType = DateTime2), @p41='?' (DbType = Double), @p42='?' (DbType = Double), @p43='?' (DbType = Double), @p44='?' (Size = 4000), @p45='?' (DbType = Int32), @p46='?' (Size = 4000), @p47='?' (Size = 4000), @p48='?' (DbType = Int32), @p49='?' (DbType = DateTime2), @p50='?' (DbType = Double), @p51='?' (DbType = Double), @p52='?' (DbType = Double), @p53='?' (Size = 4000), @p54='?' (DbType = Int32), @p55='?' (Size = 4000), @p56='?' (Size = 4000), @p57='?' (DbType = Int32), @p58='?' (DbType = DateTime2), @p59='?' (DbType = Double), @p60='?' (DbType = Double), @p61='?' (DbType = Double), @p62='?' (Size = 4000), @p63='?' (DbType = Int32), @p64='?' (Size = 4000), @p65='?' (Size = 4000), @p66='?' (DbType = Int32), @p67='?' (DbType = DateTime2), @p68='?' (DbType = Double), @p69='?' (DbType = Double), @p70='?' (DbType = Double), @p71='?' (Size = 4000), @p72='?' (DbType = Int32), @p73='?' (Size = 4000), @p74='?' (Size = 4000), @p75='?' (DbType = Int32), @p76='?' (DbType = DateTime2), @p77='?' (DbType = Double), @p78='?' (DbType = Double), @p79='?' (DbType = Double), @p80='?' (Size = 4000)], CommandType='Text', CommandTimeout='120']
      SET NOCOUNT ON;
      DECLARE @inserted0 TABLE ([DispId] int, [_Position] [int]);
      MERGE [TblDispatches] USING (
      VALUES (@p0, @p1, @p2, @p3, @p4, @p5, @p6, @p7, @p8, 0),
      (@p9, @p10, @p11, @p12, @p13, @p14, @p15, @p16, @p17, 1),
      (@p18, @p19, @p20, @p21, @p22, @p23, @p24, @p25, @p26, 2),
      (@p27, @p28, @p29, @p30, @p31, @p32, @p33, @p34, @p35, 3),
      (@p36, @p37, @p38, @p39, @p40, @p41, @p42, @p43, @p44, 4),
      (@p45, @p46, @p47, @p48, @p49, @p50, @p51, @p52, @p53, 5),
      (@p54, @p55, @p56, @p57, @p58, @p59, @p60, @p61, @p62, 6),
      (@p63, @p64, @p65, @p66, @p67, @p68, @p69, @p70, @p71, 7),
      (@p72, @p73, @p74, @p75, @p76, @p77, @p78, @p79, @p80, 8)) AS i ([BillID], [ChallanNo], [Destination], [DisVid], [DispatchDate], [DispatchQuantity], [FinalPrice], [UnitPrice], [VehicleNo], _Position) ON 1=0
      WHEN NOT MATCHED THEN
      INSERT ([BillID], [ChallanNo], [Destination], [DisVid], [DispatchDate], [DispatchQuantity], [FinalPrice], [UnitPrice], [VehicleNo])
      VALUES (i.[BillID], i.[ChallanNo], i.[Destination], i.[DisVid], i.[DispatchDate], i.[DispatchQuantity], i.[FinalPrice], i.[UnitPrice], i.[VehicleNo])
      OUTPUT INSERTED.[DispId], i._Position
      INTO @inserted0;
      
      SELECT [i].[DispId] FROM @inserted0 i
      ORDER BY [i].[_Position];
info: Microsoft.EntityFrameworkCore.Database.Command[20101]
      Executed DbCommand (1ms) [Parameters=[], CommandType='Text', CommandTimeout='120']
      SELECT [t].[FID], [t].[Address], [t].[Code], [t].[CreatedBy], [t].[CreatedOn], [t].[FactoryName], [t].[Gstin], [t].[IsActive], [t].[ModifiedBy], [t].[ModifiedOn]
      FROM [TblFactories] AS [t]
info: Microsoft.EntityFrameworkCore.Database.Command[20101]
      Executed DbCommand (2ms) [Parameters=[], CommandType='Text', CommandTimeout='120']
      SELECT [t].[DispId], [t].[BillID], [t].[ChallanNo], [t].[Destination], [t].[DisVid], [t].[DispatchDate], [t].[DispatchQuantity], [t].[FinalPrice], [t].[UnitPrice], [t].[VehicleNo]
      FROM [TblDispatches] AS [t]
info: Microsoft.EntityFrameworkCore.Infrastructure[10403]
      Entity Framework Core 6.0.21 initialized 'TransportMgmtContext' using provider 'Microsoft.EntityFrameworkCore.SqlServer:6.0.21' with options: CommandTimeout=120 
info: Microsoft.EntityFrameworkCore.Database.Command[20101]
      Executed DbCommand (10ms) [Parameters=[], CommandType='Text', CommandTimeout='120']
      SELECT [t].[FID], [t].[Address], [t].[Code], [t].[CreatedBy], [t].[CreatedOn], [t].[FactoryName], [t].[Gstin], [t].[IsActive], [t].[ModifiedBy], [t].[ModifiedOn]
      FROM [TblFactories] AS [t]
info: Microsoft.EntityFrameworkCore.Database.Command[20101]
      Executed DbCommand (6ms) [Parameters=[], CommandType='Text', CommandTimeout='120']
      SELECT [t].[DispId], [t].[BillID], [t].[ChallanNo], [t].[Destination], [t].[DisVid], [t].[DispatchDate], [t].[DispatchQuantity], [t].[FinalPrice], [t].[UnitPrice], [t].[VehicleNo]
      FROM [TblDispatches] AS [t]
info: Microsoft.EntityFrameworkCore.Infrastructure[10403]
      Entity Framework Core 6.0.21 initialized 'TransportMgmtContext' using provider 'Microsoft.EntityFrameworkCore.SqlServer:6.0.21' with options: CommandTimeout=120 
info: Microsoft.EntityFrameworkCore.Database.Command[20101]
      Executed DbCommand (10ms) [Parameters=[@__cell1_0='?' (Size = 4000)], CommandType='Text', CommandTimeout='120']
      SELECT TOP(1) [t].[DispId], [t].[BillID], [t].[ChallanNo], [t].[Destination], [t].[DisVid], [t].[DispatchDate], [t].[DispatchQuantity], [t].[FinalPrice], [t].[UnitPrice], [t].[VehicleNo]
      FROM [TblDispatches] AS [t]
      WHERE [t].[ChallanNo] = @__cell1_0
info: Microsoft.EntityFrameworkCore.Database.Command[20101]
      Executed DbCommand (8ms) [Parameters=[@__cell1_0='?' (Size = 4000)], CommandType='Text', CommandTimeout='120']
      SELECT TOP(1) [t].[DispId], [t].[BillID], [t].[ChallanNo], [t].[Destination], [t].[DisVid], [t].[DispatchDate], [t].[DispatchQuantity], [t].[FinalPrice], [t].[UnitPrice], [t].[VehicleNo]
      FROM [TblDispatches] AS [t]
      WHERE [t].[ChallanNo] = @__cell1_0
info: Microsoft.EntityFrameworkCore.Database.Command[20101]
      Executed DbCommand (10ms) [Parameters=[@__cell1_0='?' (Size = 4000)], CommandType='Text', CommandTimeout='120']
      SELECT TOP(1) [t].[DispId], [t].[BillID], [t].[ChallanNo], [t].[Destination], [t].[DisVid], [t].[DispatchDate], [t].[DispatchQuantity], [t].[FinalPrice], [t].[UnitPrice], [t].[VehicleNo]
      FROM [TblDispatches] AS [t]
      WHERE [t].[ChallanNo] = @__cell1_0
info: Microsoft.EntityFrameworkCore.Database.Command[20101]
      Executed DbCommand (7ms) [Parameters=[@__cell1_0='?' (Size = 4000)], CommandType='Text', CommandTimeout='120']
      SELECT TOP(1) [t].[DispId], [t].[BillID], [t].[ChallanNo], [t].[Destination], [t].[DisVid], [t].[DispatchDate], [t].[DispatchQuantity], [t].[FinalPrice], [t].[UnitPrice], [t].[VehicleNo]
      FROM [TblDispatches] AS [t]
      WHERE [t].[ChallanNo] = @__cell1_0
info: Microsoft.EntityFrameworkCore.Database.Command[20101]
      Executed DbCommand (5ms) [Parameters=[@__cell1_0='?' (Size = 4000)], CommandType='Text', CommandTimeout='120']
      SELECT TOP(1) [t].[DispId], [t].[BillID], [t].[ChallanNo], [t].[Destination], [t].[DisVid], [t].[DispatchDate], [t].[DispatchQuantity], [t].[FinalPrice], [t].[UnitPrice], [t].[VehicleNo]
      FROM [TblDispatches] AS [t]
      WHERE [t].[ChallanNo] = @__cell1_0
info: Microsoft.EntityFrameworkCore.Database.Command[20101]
      Executed DbCommand (6ms) [Parameters=[@__cell1_0='?' (Size = 4000)], CommandType='Text', CommandTimeout='120']
      SELECT TOP(1) [t].[DispId], [t].[BillID], [t].[ChallanNo], [t].[Destination], [t].[DisVid], [t].[DispatchDate], [t].[DispatchQuantity], [t].[FinalPrice], [t].[UnitPrice], [t].[VehicleNo]
      FROM [TblDispatches] AS [t]
      WHERE [t].[ChallanNo] = @__cell1_0
info: Microsoft.EntityFrameworkCore.Database.Command[20101]
      Executed DbCommand (7ms) [Parameters=[@__cell1_0='?' (Size = 4000)], CommandType='Text', CommandTimeout='120']
      SELECT TOP(1) [t].[DispId], [t].[BillID], [t].[ChallanNo], [t].[Destination], [t].[DisVid], [t].[DispatchDate], [t].[DispatchQuantity], [t].[FinalPrice], [t].[UnitPrice], [t].[VehicleNo]
      FROM [TblDispatches] AS [t]
      WHERE [t].[ChallanNo] = @__cell1_0
info: Microsoft.EntityFrameworkCore.Database.Command[20101]
      Executed DbCommand (7ms) [Parameters=[@__cell1_0='?' (Size = 4000)], CommandType='Text', CommandTimeout='120']
      SELECT TOP(1) [t].[DispId], [t].[BillID], [t].[ChallanNo], [t].[Destination], [t].[DisVid], [t].[DispatchDate], [t].[DispatchQuantity], [t].[FinalPrice], [t].[UnitPrice], [t].[VehicleNo]
      FROM [TblDispatches] AS [t]
      WHERE [t].[ChallanNo] = @__cell1_0
info: Microsoft.EntityFrameworkCore.Database.Command[20101]
      Executed DbCommand (7ms) [Parameters=[@__cell1_0='?' (Size = 4000)], CommandType='Text', CommandTimeout='120']
      SELECT TOP(1) [t].[DispId], [t].[BillID], [t].[ChallanNo], [t].[Destination], [t].[DisVid], [t].[DispatchDate], [t].[DispatchQuantity], [t].[FinalPrice], [t].[UnitPrice], [t].[VehicleNo]
      FROM [TblDispatches] AS [t]
      WHERE [t].[ChallanNo] = @__cell1_0
info: Microsoft.EntityFrameworkCore.Database.Command[20101]
      Executed DbCommand (10ms) [Parameters=[@__cell1_0='?' (Size = 4000)], CommandType='Text', CommandTimeout='120']
      SELECT TOP(1) [t].[DispId], [t].[BillID], [t].[ChallanNo], [t].[Destination], [t].[DisVid], [t].[DispatchDate], [t].[DispatchQuantity], [t].[FinalPrice], [t].[UnitPrice], [t].[VehicleNo]
      FROM [TblDispatches] AS [t]
      WHERE [t].[ChallanNo] = @__cell1_0
info: Microsoft.EntityFrameworkCore.Database.Command[20101]
      Executed DbCommand (15ms) [Parameters=[@__cell1_0='?' (Size = 4000)], CommandType='Text', CommandTimeout='120']
      SELECT TOP(1) [t].[DispId], [t].[BillID], [t].[ChallanNo], [t].[Destination], [t].[DisVid], [t].[DispatchDate], [t].[DispatchQuantity], [t].[FinalPrice], [t].[UnitPrice], [t].[VehicleNo]
      FROM [TblDispatches] AS [t]
      WHERE [t].[ChallanNo] = @__cell1_0
info: Microsoft.EntityFrameworkCore.Database.Command[20101]
      Executed DbCommand (9ms) [Parameters=[@__cell1_0='?' (Size = 4000)], CommandType='Text', CommandTimeout='120']
      SELECT TOP(1) [t].[DispId], [t].[BillID], [t].[ChallanNo], [t].[Destination], [t].[DisVid], [t].[DispatchDate], [t].[DispatchQuantity], [t].[FinalPrice], [t].[UnitPrice], [t].[VehicleNo]
      FROM [TblDispatches] AS [t]
      WHERE [t].[ChallanNo] = @__cell1_0
info: Microsoft.EntityFrameworkCore.Database.Command[20101]
      Executed DbCommand (10ms) [Parameters=[@__cell1_0='?' (Size = 4000)], CommandType='Text', CommandTimeout='120']
      SELECT TOP(1) [t].[DispId], [t].[BillID], [t].[ChallanNo], [t].[Destination], [t].[DisVid], [t].[DispatchDate], [t].[DispatchQuantity], [t].[FinalPrice], [t].[UnitPrice], [t].[VehicleNo]
      FROM [TblDispatches] AS [t]
      WHERE [t].[ChallanNo] = @__cell1_0
info: Microsoft.EntityFrameworkCore.Database.Command[20101]
      Executed DbCommand (7ms) [Parameters=[@__cell1_0='?' (Size = 4000)], CommandType='Text', CommandTimeout='120']
      SELECT TOP(1) [t].[DispId], [t].[BillID], [t].[ChallanNo], [t].[Destination], [t].[DisVid], [t].[DispatchDate], [t].[DispatchQuantity], [t].[FinalPrice], [t].[UnitPrice], [t].[VehicleNo]
      FROM [TblDispatches] AS [t]
      WHERE [t].[ChallanNo] = @__cell1_0
info: Microsoft.EntityFrameworkCore.Database.Command[20101]
      Executed DbCommand (10ms) [Parameters=[@__cell1_0='?' (Size = 4000)], CommandType='Text', CommandTimeout='120']
      SELECT TOP(1) [t].[DispId], [t].[BillID], [t].[ChallanNo], [t].[Destination], [t].[DisVid], [t].[DispatchDate], [t].[DispatchQuantity], [t].[FinalPrice], [t].[UnitPrice], [t].[VehicleNo]
      FROM [TblDispatches] AS [t]
      WHERE [t].[ChallanNo] = @__cell1_0
info: Microsoft.EntityFrameworkCore.Database.Command[20101]
      Executed DbCommand (7ms) [Parameters=[@__cell1_0='?' (Size = 4000)], CommandType='Text', CommandTimeout='120']
      SELECT TOP(1) [t].[DispId], [t].[BillID], [t].[ChallanNo], [t].[Destination], [t].[DisVid], [t].[DispatchDate], [t].[DispatchQuantity], [t].[FinalPrice], [t].[UnitPrice], [t].[VehicleNo]
      FROM [TblDispatches] AS [t]
      WHERE [t].[ChallanNo] = @__cell1_0
info: Microsoft.EntityFrameworkCore.Database.Command[20101]
      Executed DbCommand (9ms) [Parameters=[@__cell1_0='?' (Size = 4000)], CommandType='Text', CommandTimeout='120']
      SELECT TOP(1) [t].[DispId], [t].[BillID], [t].[ChallanNo], [t].[Destination], [t].[DisVid], [t].[DispatchDate], [t].[DispatchQuantity], [t].[FinalPrice], [t].[UnitPrice], [t].[VehicleNo]
      FROM [TblDispatches] AS [t]
      WHERE [t].[ChallanNo] = @__cell1_0
info: Microsoft.EntityFrameworkCore.Database.Command[20101]
      Executed DbCommand (7ms) [Parameters=[@__cell1_0='?' (Size = 4000)], CommandType='Text', CommandTimeout='120']
      SELECT TOP(1) [t].[DispId], [t].[BillID], [t].[ChallanNo], [t].[Destination], [t].[DisVid], [t].[DispatchDate], [t].[DispatchQuantity], [t].[FinalPrice], [t].[UnitPrice], [t].[VehicleNo]
      FROM [TblDispatches] AS [t]
      WHERE [t].[ChallanNo] = @__cell1_0
info: Microsoft.EntityFrameworkCore.Database.Command[20101]
      Executed DbCommand (7ms) [Parameters=[@__cell1_0='?' (Size = 4000)], CommandType='Text', CommandTimeout='120']
      SELECT TOP(1) [t].[DispId], [t].[BillID], [t].[ChallanNo], [t].[Destination], [t].[DisVid], [t].[DispatchDate], [t].[DispatchQuantity], [t].[FinalPrice], [t].[UnitPrice], [t].[VehicleNo]
      FROM [TblDispatches] AS [t]
      WHERE [t].[ChallanNo] = @__cell1_0
info: Microsoft.EntityFrameworkCore.Database.Command[20101]
      Executed DbCommand (8ms) [Parameters=[@__cell1_0='?' (Size = 4000)], CommandType='Text', CommandTimeout='120']
      SELECT TOP(1) [t].[DispId], [t].[BillID], [t].[ChallanNo], [t].[Destination], [t].[DisVid], [t].[DispatchDate], [t].[DispatchQuantity], [t].[FinalPrice], [t].[UnitPrice], [t].[VehicleNo]
      FROM [TblDispatches] AS [t]
      WHERE [t].[ChallanNo] = @__cell1_0
info: Microsoft.EntityFrameworkCore.Database.Command[20101]
      Executed DbCommand (10ms) [Parameters=[@__cell1_0='?' (Size = 4000)], CommandType='Text', CommandTimeout='120']
      SELECT TOP(1) [t].[DispId], [t].[BillID], [t].[ChallanNo], [t].[Destination], [t].[DisVid], [t].[DispatchDate], [t].[DispatchQuantity], [t].[FinalPrice], [t].[UnitPrice], [t].[VehicleNo]
      FROM [TblDispatches] AS [t]
      WHERE [t].[ChallanNo] = @__cell1_0
info: Microsoft.EntityFrameworkCore.Database.Command[20101]
      Executed DbCommand (15ms) [Parameters=[@__cell1_0='?' (Size = 4000)], CommandType='Text', CommandTimeout='120']
      SELECT TOP(1) [t].[DispId], [t].[BillID], [t].[ChallanNo], [t].[Destination], [t].[DisVid], [t].[DispatchDate], [t].[DispatchQuantity], [t].[FinalPrice], [t].[UnitPrice], [t].[VehicleNo]
      FROM [TblDispatches] AS [t]
      WHERE [t].[ChallanNo] = @__cell1_0
info: Microsoft.EntityFrameworkCore.Database.Command[20101]
      Executed DbCommand (7ms) [Parameters=[@__cell1_0='?' (Size = 4000)], CommandType='Text', CommandTimeout='120']
      SELECT TOP(1) [t].[DispId], [t].[BillID], [t].[ChallanNo], [t].[Destination], [t].[DisVid], [t].[DispatchDate], [t].[DispatchQuantity], [t].[FinalPrice], [t].[UnitPrice], [t].[VehicleNo]
      FROM [TblDispatches] AS [t]
      WHERE [t].[ChallanNo] = @__cell1_0
info: Microsoft.EntityFrameworkCore.Database.Command[20101]
      Executed DbCommand (8ms) [Parameters=[@__cell1_0='?' (Size = 4000)], CommandType='Text', CommandTimeout='120']
      SELECT TOP(1) [t].[DispId], [t].[BillID], [t].[ChallanNo], [t].[Destination], [t].[DisVid], [t].[DispatchDate], [t].[DispatchQuantity], [t].[FinalPrice], [t].[UnitPrice], [t].[VehicleNo]
      FROM [TblDispatches] AS [t]
      WHERE [t].[ChallanNo] = @__cell1_0
info: Microsoft.EntityFrameworkCore.Database.Command[20101]
      Executed DbCommand (41ms) [Parameters=[@p0='?' (DbType = Int32), @p1='?' (Size = 4000), @p2='?' (Size = 4000), @p3='?' (DbType = Int32), @p4='?' (DbType = DateTime2), @p5='?' (DbType = Double), @p6='?' (DbType = Double), @p7='?' (DbType = Double), @p8='?' (Size = 4000), @p9='?' (DbType = Int32), @p10='?' (Size = 4000), @p11='?' (Size = 4000), @p12='?' (DbType = Int32), @p13='?' (DbType = DateTime2), @p14='?' (DbType = Double), @p15='?' (DbType = Double), @p16='?' (DbType = Double), @p17='?' (Size = 4000), @p18='?' (DbType = Int32), @p19='?' (Size = 4000), @p20='?' (Size = 4000), @p21='?' (DbType = Int32), @p22='?' (DbType = DateTime2), @p23='?' (DbType = Double), @p24='?' (DbType = Double), @p25='?' (DbType = Double), @p26='?' (Size = 4000), @p27='?' (DbType = Int32), @p28='?' (Size = 4000), @p29='?' (Size = 4000), @p30='?' (DbType = Int32), @p31='?' (DbType = DateTime2), @p32='?' (DbType = Double), @p33='?' (DbType = Double), @p34='?' (DbType = Double), @p35='?' (Size = 4000), @p36='?' (DbType = Int32), @p37='?' (Size = 4000), @p38='?' (Size = 4000), @p39='?' (DbType = Int32), @p40='?' (DbType = DateTime2), @p41='?' (DbType = Double), @p42='?' (DbType = Double), @p43='?' (DbType = Double), @p44='?' (Size = 4000), @p45='?' (DbType = Int32), @p46='?' (Size = 4000), @p47='?' (Size = 4000), @p48='?' (DbType = Int32), @p49='?' (DbType = DateTime2), @p50='?' (DbType = Double), @p51='?' (DbType = Double), @p52='?' (DbType = Double), @p53='?' (Size = 4000), @p54='?' (DbType = Int32), @p55='?' (Size = 4000), @p56='?' (Size = 4000), @p57='?' (DbType = Int32), @p58='?' (DbType = DateTime2), @p59='?' (DbType = Double), @p60='?' (DbType = Double), @p61='?' (DbType = Double), @p62='?' (Size = 4000), @p63='?' (DbType = Int32), @p64='?' (Size = 4000), @p65='?' (Size = 4000), @p66='?' (DbType = Int32), @p67='?' (DbType = DateTime2), @p68='?' (DbType = Double), @p69='?' (DbType = Double), @p70='?' (DbType = Double), @p71='?' (Size = 4000), @p72='?' (DbType = Int32), @p73='?' (Size = 4000), @p74='?' (Size = 4000), @p75='?' (DbType = Int32), @p76='?' (DbType = DateTime2), @p77='?' (DbType = Double), @p78='?' (DbType = Double), @p79='?' (DbType = Double), @p80='?' (Size = 4000), @p81='?' (DbType = Int32), @p82='?' (Size = 4000), @p83='?' (Size = 4000), @p84='?' (DbType = Int32), @p85='?' (DbType = DateTime2), @p86='?' (DbType = Double), @p87='?' (DbType = Double), @p88='?' (DbType = Double), @p89='?' (Size = 4000), @p90='?' (DbType = Int32), @p91='?' (Size = 4000), @p92='?' (Size = 4000), @p93='?' (DbType = Int32), @p94='?' (DbType = DateTime2), @p95='?' (DbType = Double), @p96='?' (DbType = Double), @p97='?' (DbType = Double), @p98='?' (Size = 4000), @p99='?' (DbType = Int32), @p100='?' (Size = 4000), @p101='?' (Size = 4000), @p102='?' (DbType = Int32), @p103='?' (DbType = DateTime2), @p104='?' (DbType = Double), @p105='?' (DbType = Double), @p106='?' (DbType = Double), @p107='?' (Size = 4000), @p108='?' (DbType = Int32), @p109='?' (Size = 4000), @p110='?' (Size = 4000), @p111='?' (DbType = Int32), @p112='?' (DbType = DateTime2), @p113='?' (DbType = Double), @p114='?' (DbType = Double), @p115='?' (DbType = Double), @p116='?' (Size = 4000), @p117='?' (DbType = Int32), @p118='?' (Size = 4000), @p119='?' (Size = 4000), @p120='?' (DbType = Int32), @p121='?' (DbType = DateTime2), @p122='?' (DbType = Double), @p123='?' (DbType = Double), @p124='?' (DbType = Double), @p125='?' (Size = 4000), @p126='?' (DbType = Int32), @p127='?' (Size = 4000), @p128='?' (Size = 4000), @p129='?' (DbType = Int32), @p130='?' (DbType = DateTime2), @p131='?' (DbType = Double), @p132='?' (DbType = Double), @p133='?' (DbType = Double), @p134='?' (Size = 4000), @p135='?' (DbType = Int32), @p136='?' (Size = 4000), @p137='?' (Size = 4000), @p138='?' (DbType = Int32), @p139='?' (DbType = DateTime2), @p140='?' (DbType = Double), @p141='?' (DbType = Double), @p142='?' (DbType = Double), @p143='?' (Size = 4000), @p144='?' (DbType = Int32), @p145='?' (Size = 4000), @p146='?' (Size = 4000), @p147='?' (DbType = Int32), @p148='?' (DbType = DateTime2), @p149='?' (DbType = Double), @p150='?' (DbType = Double), @p151='?' (DbType = Double), @p152='?' (Size = 4000), @p153='?' (DbType = Int32), @p154='?' (Size = 4000), @p155='?' (Size = 4000), @p156='?' (DbType = Int32), @p157='?' (DbType = DateTime2), @p158='?' (DbType = Double), @p159='?' (DbType = Double), @p160='?' (DbType = Double), @p161='?' (Size = 4000), @p162='?' (DbType = Int32), @p163='?' (Size = 4000), @p164='?' (Size = 4000), @p165='?' (DbType = Int32), @p166='?' (DbType = DateTime2), @p167='?' (DbType = Double), @p168='?' (DbType = Double), @p169='?' (DbType = Double), @p170='?' (Size = 4000), @p171='?' (DbType = Int32), @p172='?' (Size = 4000), @p173='?' (Size = 4000), @p174='?' (DbType = Int32), @p175='?' (DbType = DateTime2), @p176='?' (DbType = Double), @p177='?' (DbType = Double), @p178='?' (DbType = Double), @p179='?' (Size = 4000), @p180='?' (DbType = Int32), @p181='?' (Size = 4000), @p182='?' (Size = 4000), @p183='?' (DbType = Int32), @p184='?' (DbType = DateTime2), @p185='?' (DbType = Double), @p186='?' (DbType = Double), @p187='?' (DbType = Double), @p188='?' (Size = 4000), @p189='?' (DbType = Int32), @p190='?' (Size = 4000), @p191='?' (Size = 4000), @p192='?' (DbType = Int32), @p193='?' (DbType = DateTime2), @p194='?' (DbType = Double), @p195='?' (DbType = Double), @p196='?' (DbType = Double), @p197='?' (Size = 4000), @p198='?' (DbType = Int32), @p199='?' (Size = 4000), @p200='?' (Size = 4000), @p201='?' (DbType = Int32), @p202='?' (DbType = DateTime2), @p203='?' (DbType = Double), @p204='?' (DbType = Double), @p205='?' (DbType = Double), @p206='?' (Size = 4000), @p207='?' (DbType = Int32), @p208='?' (Size = 4000), @p209='?' (Size = 4000), @p210='?' (DbType = Int32), @p211='?' (DbType = DateTime2), @p212='?' (DbType = Double), @p213='?' (DbType = Double), @p214='?' (DbType = Double), @p215='?' (Size = 4000)], CommandType='Text', CommandTimeout='120']
      SET NOCOUNT ON;
      DECLARE @inserted0 TABLE ([DispId] int, [_Position] [int]);
      MERGE [TblDispatches] USING (
      VALUES (@p0, @p1, @p2, @p3, @p4, @p5, @p6, @p7, @p8, 0),
      (@p9, @p10, @p11, @p12, @p13, @p14, @p15, @p16, @p17, 1),
      (@p18, @p19, @p20, @p21, @p22, @p23, @p24, @p25, @p26, 2),
      (@p27, @p28, @p29, @p30, @p31, @p32, @p33, @p34, @p35, 3),
      (@p36, @p37, @p38, @p39, @p40, @p41, @p42, @p43, @p44, 4),
      (@p45, @p46, @p47, @p48, @p49, @p50, @p51, @p52, @p53, 5),
      (@p54, @p55, @p56, @p57, @p58, @p59, @p60, @p61, @p62, 6),
      (@p63, @p64, @p65, @p66, @p67, @p68, @p69, @p70, @p71, 7),
      (@p72, @p73, @p74, @p75, @p76, @p77, @p78, @p79, @p80, 8),
      (@p81, @p82, @p83, @p84, @p85, @p86, @p87, @p88, @p89, 9),
      (@p90, @p91, @p92, @p93, @p94, @p95, @p96, @p97, @p98, 10),
      (@p99, @p100, @p101, @p102, @p103, @p104, @p105, @p106, @p107, 11),
      (@p108, @p109, @p110, @p111, @p112, @p113, @p114, @p115, @p116, 12),
      (@p117, @p118, @p119, @p120, @p121, @p122, @p123, @p124, @p125, 13),
      (@p126, @p127, @p128, @p129, @p130, @p131, @p132, @p133, @p134, 14),
      (@p135, @p136, @p137, @p138, @p139, @p140, @p141, @p142, @p143, 15),
      (@p144, @p145, @p146, @p147, @p148, @p149, @p150, @p151, @p152, 16),
      (@p153, @p154, @p155, @p156, @p157, @p158, @p159, @p160, @p161, 17),
      (@p162, @p163, @p164, @p165, @p166, @p167, @p168, @p169, @p170, 18),
      (@p171, @p172, @p173, @p174, @p175, @p176, @p177, @p178, @p179, 19),
      (@p180, @p181, @p182, @p183, @p184, @p185, @p186, @p187, @p188, 20),
      (@p189, @p190, @p191, @p192, @p193, @p194, @p195, @p196, @p197, 21),
      (@p198, @p199, @p200, @p201, @p202, @p203, @p204, @p205, @p206, 22),
      (@p207, @p208, @p209, @p210, @p211, @p212, @p213, @p214, @p215, 23)) AS i ([BillID], [ChallanNo], [Destination], [DisVid], [DispatchDate], [DispatchQuantity], [FinalPrice], [UnitPrice], [VehicleNo], _Position) ON 1=0
      WHEN NOT MATCHED THEN
      INSERT ([BillID], [ChallanNo], [Destination], [DisVid], [DispatchDate], [DispatchQuantity], [FinalPrice], [UnitPrice], [VehicleNo])
      VALUES (i.[BillID], i.[ChallanNo], i.[Destination], i.[DisVid], i.[DispatchDate], i.[DispatchQuantity], i.[FinalPrice], i.[UnitPrice], i.[VehicleNo])
      OUTPUT INSERTED.[DispId], i._Position
      INTO @inserted0;
      
      SELECT [i].[DispId] FROM @inserted0 i
      ORDER BY [i].[_Position];
info: Microsoft.EntityFrameworkCore.Database.Command[20101]
      Executed DbCommand (2ms) [Parameters=[], CommandType='Text', CommandTimeout='120']
      SELECT [t].[FID], [t].[Address], [t].[Code], [t].[CreatedBy], [t].[CreatedOn], [t].[FactoryName], [t].[Gstin], [t].[IsActive], [t].[ModifiedBy], [t].[ModifiedOn]
      FROM [TblFactories] AS [t]
info: Microsoft.EntityFrameworkCore.Database.Command[20101]
      Executed DbCommand (2ms) [Parameters=[], CommandType='Text', CommandTimeout='120']
      SELECT [t].[DispId], [t].[BillID], [t].[ChallanNo], [t].[Destination], [t].[DisVid], [t].[DispatchDate], [t].[DispatchQuantity], [t].[FinalPrice], [t].[UnitPrice], [t].[VehicleNo]
      FROM [TblDispatches] AS [t]
info: Microsoft.EntityFrameworkCore.Infrastructure[10403]
      Entity Framework Core 6.0.21 initialized 'TransportMgmtContext' using provider 'Microsoft.EntityFrameworkCore.SqlServer:6.0.21' with options: CommandTimeout=120 
info: Microsoft.EntityFrameworkCore.Database.Command[20101]
      Executed DbCommand (3ms) [Parameters=[], CommandType='Text', CommandTimeout='120']
      SELECT [t].[FID], [t].[Address], [t].[Code], [t].[CreatedBy], [t].[CreatedOn], [t].[FactoryName], [t].[Gstin], [t].[IsActive], [t].[ModifiedBy], [t].[ModifiedOn]
      FROM [TblFactories] AS [t]
info: Microsoft.EntityFrameworkCore.Database.Command[20101]
      Executed DbCommand (7ms) [Parameters=[], CommandType='Text', CommandTimeout='120']
      SELECT [b].[BillID], [b].[ActualAmount], [b].[BillDate], [b].[BillNum], [b].[BillType], [b].[FID], [b].[Gst], [b].[GstDate], [b].[PId], [b].[PaymentReceived], [b].[PaymentTablePId], [b].[Tds]
      FROM [BillTables] AS [b]
info: Microsoft.EntityFrameworkCore.Infrastructure[10403]
      Entity Framework Core 6.0.21 initialized 'TransportMgmtContext' using provider 'Microsoft.EntityFrameworkCore.SqlServer:6.0.21' with options: CommandTimeout=120 
info: Microsoft.EntityFrameworkCore.Database.Command[20101]
      Executed DbCommand (73ms) [Parameters=[@__p_0='?' (DbType = Int32)], CommandType='Text', CommandTimeout='120']
      SELECT TOP(1) [b].[BillID], [b].[ActualAmount], [b].[BillDate], [b].[BillNum], [b].[BillType], [b].[FID], [b].[Gst], [b].[GstDate], [b].[PId], [b].[PaymentReceived], [b].[PaymentTablePId], [b].[Tds]
      FROM [BillTables] AS [b]
      WHERE [b].[BillID] = @__p_0
info: Microsoft.EntityFrameworkCore.Infrastructure[10403]
      Entity Framework Core 6.0.21 initialized 'TransportMgmtContext' using provider 'Microsoft.EntityFrameworkCore.SqlServer:6.0.21' with options: CommandTimeout=120 
info: Microsoft.EntityFrameworkCore.Database.Command[20101]
      Executed DbCommand (8ms) [Parameters=[@__p_0='?' (DbType = Int32)], CommandType='Text', CommandTimeout='120']
      SELECT TOP(1) [b].[BillID], [b].[ActualAmount], [b].[BillDate], [b].[BillNum], [b].[BillType], [b].[FID], [b].[Gst], [b].[GstDate], [b].[PId], [b].[PaymentReceived], [b].[PaymentTablePId], [b].[Tds]
      FROM [BillTables] AS [b]
      WHERE [b].[BillID] = @__p_0
info: Microsoft.EntityFrameworkCore.Database.Command[20101]
      Executed DbCommand (4ms) [Parameters=[@p1='?' (DbType = Int32), @p0='?' (DbType = DateTime2)], CommandType='Text', CommandTimeout='120']
      SET NOCOUNT ON;
      UPDATE [BillTables] SET [GstDate] = @p0
      WHERE [BillID] = @p1;
      SELECT @@ROWCOUNT;
info: Microsoft.EntityFrameworkCore.Infrastructure[10403]
      Entity Framework Core 6.0.21 initialized 'TransportMgmtContext' using provider 'Microsoft.EntityFrameworkCore.SqlServer:6.0.21' with options: CommandTimeout=120 
info: Microsoft.EntityFrameworkCore.Database.Command[20101]
      Executed DbCommand (2ms) [Parameters=[], CommandType='Text', CommandTimeout='120']
      SELECT [t].[FID], [t].[Address], [t].[Code], [t].[CreatedBy], [t].[CreatedOn], [t].[FactoryName], [t].[Gstin], [t].[IsActive], [t].[ModifiedBy], [t].[ModifiedOn]
      FROM [TblFactories] AS [t]
info: Microsoft.EntityFrameworkCore.Database.Command[20101]
      Executed DbCommand (2ms) [Parameters=[], CommandType='Text', CommandTimeout='120']
      SELECT [b].[BillID], [b].[ActualAmount], [b].[BillDate], [b].[BillNum], [b].[BillType], [b].[FID], [b].[Gst], [b].[GstDate], [b].[PId], [b].[PaymentReceived], [b].[PaymentTablePId], [b].[Tds]
      FROM [BillTables] AS [b]
info: Microsoft.EntityFrameworkCore.Infrastructure[10403]
      Entity Framework Core 6.0.21 initialized 'TransportMgmtContext' using provider 'Microsoft.EntityFrameworkCore.SqlServer:6.0.21' with options: CommandTimeout=120 
info: Microsoft.EntityFrameworkCore.Database.Command[20101]
      Executed DbCommand (9ms) [Parameters=[@__p_0='?' (DbType = Int32)], CommandType='Text', CommandTimeout='120']
      SELECT TOP(1) [b].[BillID], [b].[ActualAmount], [b].[BillDate], [b].[BillNum], [b].[BillType], [b].[FID], [b].[Gst], [b].[GstDate], [b].[PId], [b].[PaymentReceived], [b].[PaymentTablePId], [b].[Tds]
      FROM [BillTables] AS [b]
      WHERE [b].[BillID] = @__p_0
info: Microsoft.EntityFrameworkCore.Infrastructure[10403]
      Entity Framework Core 6.0.21 initialized 'TransportMgmtContext' using provider 'Microsoft.EntityFrameworkCore.SqlServer:6.0.21' with options: CommandTimeout=120 
info: Microsoft.EntityFrameworkCore.Database.Command[20101]
      Executed DbCommand (6ms) [Parameters=[@__p_0='?' (DbType = Int32)], CommandType='Text', CommandTimeout='120']
      SELECT TOP(1) [b].[BillID], [b].[ActualAmount], [b].[BillDate], [b].[BillNum], [b].[BillType], [b].[FID], [b].[Gst], [b].[GstDate], [b].[PId], [b].[PaymentReceived], [b].[PaymentTablePId], [b].[Tds]
      FROM [BillTables] AS [b]
      WHERE [b].[BillID] = @__p_0
info: Microsoft.EntityFrameworkCore.Database.Command[20101]
      Executed DbCommand (9ms) [Parameters=[@p1='?' (DbType = Int32), @p0='?' (DbType = DateTime2)], CommandType='Text', CommandTimeout='120']
      SET NOCOUNT ON;
      UPDATE [BillTables] SET [GstDate] = @p0
      WHERE [BillID] = @p1;
      SELECT @@ROWCOUNT;
info: Microsoft.EntityFrameworkCore.Infrastructure[10403]
      Entity Framework Core 6.0.21 initialized 'TransportMgmtContext' using provider 'Microsoft.EntityFrameworkCore.SqlServer:6.0.21' with options: CommandTimeout=120 
info: Microsoft.EntityFrameworkCore.Database.Command[20101]
      Executed DbCommand (6ms) [Parameters=[], CommandType='Text', CommandTimeout='120']
      SELECT [t].[FID], [t].[Address], [t].[Code], [t].[CreatedBy], [t].[CreatedOn], [t].[FactoryName], [t].[Gstin], [t].[IsActive], [t].[ModifiedBy], [t].[ModifiedOn]
      FROM [TblFactories] AS [t]
info: Microsoft.EntityFrameworkCore.Database.Command[20101]
      Executed DbCommand (3ms) [Parameters=[], CommandType='Text', CommandTimeout='120']
      SELECT [b].[BillID], [b].[ActualAmount], [b].[BillDate], [b].[BillNum], [b].[BillType], [b].[FID], [b].[Gst], [b].[GstDate], [b].[PId], [b].[PaymentReceived], [b].[PaymentTablePId], [b].[Tds]
      FROM [BillTables] AS [b]
info: Microsoft.EntityFrameworkCore.Infrastructure[10403]
      Entity Framework Core 6.0.21 initialized 'TransportMgmtContext' using provider 'Microsoft.EntityFrameworkCore.SqlServer:6.0.21' with options: CommandTimeout=120 
info: Microsoft.EntityFrameworkCore.Database.Command[20101]
      Executed DbCommand (5ms) [Parameters=[@__p_0='?' (DbType = Int32)], CommandType='Text', CommandTimeout='120']
      SELECT TOP(1) [b].[BillID], [b].[ActualAmount], [b].[BillDate], [b].[BillNum], [b].[BillType], [b].[FID], [b].[Gst], [b].[GstDate], [b].[PId], [b].[PaymentReceived], [b].[PaymentTablePId], [b].[Tds]
      FROM [BillTables] AS [b]
      WHERE [b].[BillID] = @__p_0
info: Microsoft.EntityFrameworkCore.Infrastructure[10403]
      Entity Framework Core 6.0.21 initialized 'TransportMgmtContext' using provider 'Microsoft.EntityFrameworkCore.SqlServer:6.0.21' with options: CommandTimeout=120 
info: Microsoft.EntityFrameworkCore.Database.Command[20101]
      Executed DbCommand (2ms) [Parameters=[@__p_0='?' (DbType = Int32)], CommandType='Text', CommandTimeout='120']
      SELECT TOP(1) [b].[BillID], [b].[ActualAmount], [b].[BillDate], [b].[BillNum], [b].[BillType], [b].[FID], [b].[Gst], [b].[GstDate], [b].[PId], [b].[PaymentReceived], [b].[PaymentTablePId], [b].[Tds]
      FROM [BillTables] AS [b]
      WHERE [b].[BillID] = @__p_0
info: Microsoft.EntityFrameworkCore.Database.Command[20101]
      Executed DbCommand (4ms) [Parameters=[@p1='?' (DbType = Int32), @p0='?' (DbType = DateTime2)], CommandType='Text', CommandTimeout='120']
      SET NOCOUNT ON;
      UPDATE [BillTables] SET [GstDate] = @p0
      WHERE [BillID] = @p1;
      SELECT @@ROWCOUNT;
info: Microsoft.EntityFrameworkCore.Infrastructure[10403]
      Entity Framework Core 6.0.21 initialized 'TransportMgmtContext' using provider 'Microsoft.EntityFrameworkCore.SqlServer:6.0.21' with options: CommandTimeout=120 
info: Microsoft.EntityFrameworkCore.Database.Command[20101]
      Executed DbCommand (2ms) [Parameters=[], CommandType='Text', CommandTimeout='120']
      SELECT [t].[FID], [t].[Address], [t].[Code], [t].[CreatedBy], [t].[CreatedOn], [t].[FactoryName], [t].[Gstin], [t].[IsActive], [t].[ModifiedBy], [t].[ModifiedOn]
      FROM [TblFactories] AS [t]
info: Microsoft.EntityFrameworkCore.Database.Command[20101]
      Executed DbCommand (1ms) [Parameters=[], CommandType='Text', CommandTimeout='120']
      SELECT [b].[BillID], [b].[ActualAmount], [b].[BillDate], [b].[BillNum], [b].[BillType], [b].[FID], [b].[Gst], [b].[GstDate], [b].[PId], [b].[PaymentReceived], [b].[PaymentTablePId], [b].[Tds]
      FROM [BillTables] AS [b]
info: Microsoft.EntityFrameworkCore.Infrastructure[10403]
      Entity Framework Core 6.0.21 initialized 'TransportMgmtContext' using provider 'Microsoft.EntityFrameworkCore.SqlServer:6.0.21' with options: CommandTimeout=120 
info: Microsoft.EntityFrameworkCore.Database.Command[20101]
      Executed DbCommand (4ms) [Parameters=[@__p_0='?' (DbType = Int32)], CommandType='Text', CommandTimeout='120']
      SELECT TOP(1) [b].[BillID], [b].[ActualAmount], [b].[BillDate], [b].[BillNum], [b].[BillType], [b].[FID], [b].[Gst], [b].[GstDate], [b].[PId], [b].[PaymentReceived], [b].[PaymentTablePId], [b].[Tds]
      FROM [BillTables] AS [b]
      WHERE [b].[BillID] = @__p_0
info: Microsoft.EntityFrameworkCore.Infrastructure[10403]
      Entity Framework Core 6.0.21 initialized 'TransportMgmtContext' using provider 'Microsoft.EntityFrameworkCore.SqlServer:6.0.21' with options: CommandTimeout=120 
info: Microsoft.EntityFrameworkCore.Database.Command[20101]
      Executed DbCommand (4ms) [Parameters=[@__p_0='?' (DbType = Int32)], CommandType='Text', CommandTimeout='120']
      SELECT TOP(1) [b].[BillID], [b].[ActualAmount], [b].[BillDate], [b].[BillNum], [b].[BillType], [b].[FID], [b].[Gst], [b].[GstDate], [b].[PId], [b].[PaymentReceived], [b].[PaymentTablePId], [b].[Tds]
      FROM [BillTables] AS [b]
      WHERE [b].[BillID] = @__p_0
info: Microsoft.EntityFrameworkCore.Database.Command[20101]
      Executed DbCommand (7ms) [Parameters=[@p1='?' (DbType = Int32), @p0='?' (DbType = DateTime2)], CommandType='Text', CommandTimeout='120']
      SET NOCOUNT ON;
      UPDATE [BillTables] SET [GstDate] = @p0
      WHERE [BillID] = @p1;
      SELECT @@ROWCOUNT;
info: Microsoft.EntityFrameworkCore.Infrastructure[10403]
      Entity Framework Core 6.0.21 initialized 'TransportMgmtContext' using provider 'Microsoft.EntityFrameworkCore.SqlServer:6.0.21' with options: CommandTimeout=120 
info: Microsoft.EntityFrameworkCore.Database.Command[20101]
      Executed DbCommand (3ms) [Parameters=[], CommandType='Text', CommandTimeout='120']
      SELECT [t].[FID], [t].[Address], [t].[Code], [t].[CreatedBy], [t].[CreatedOn], [t].[FactoryName], [t].[Gstin], [t].[IsActive], [t].[ModifiedBy], [t].[ModifiedOn]
      FROM [TblFactories] AS [t]
info: Microsoft.EntityFrameworkCore.Database.Command[20101]
      Executed DbCommand (1ms) [Parameters=[], CommandType='Text', CommandTimeout='120']
      SELECT [b].[BillID], [b].[ActualAmount], [b].[BillDate], [b].[BillNum], [b].[BillType], [b].[FID], [b].[Gst], [b].[GstDate], [b].[PId], [b].[PaymentReceived], [b].[PaymentTablePId], [b].[Tds]
      FROM [BillTables] AS [b]
info: Microsoft.EntityFrameworkCore.Infrastructure[10403]
      Entity Framework Core 6.0.21 initialized 'TransportMgmtContext' using provider 'Microsoft.EntityFrameworkCore.SqlServer:6.0.21' with options: CommandTimeout=120 
info: Microsoft.EntityFrameworkCore.Database.Command[20101]
      Executed DbCommand (2ms) [Parameters=[@__p_0='?' (DbType = Int32)], CommandType='Text', CommandTimeout='120']
      SELECT TOP(1) [b].[BillID], [b].[ActualAmount], [b].[BillDate], [b].[BillNum], [b].[BillType], [b].[FID], [b].[Gst], [b].[GstDate], [b].[PId], [b].[PaymentReceived], [b].[PaymentTablePId], [b].[Tds]
      FROM [BillTables] AS [b]
      WHERE [b].[BillID] = @__p_0
info: Microsoft.EntityFrameworkCore.Infrastructure[10403]
      Entity Framework Core 6.0.21 initialized 'TransportMgmtContext' using provider 'Microsoft.EntityFrameworkCore.SqlServer:6.0.21' with options: CommandTimeout=120 
info: Microsoft.EntityFrameworkCore.Database.Command[20101]
      Executed DbCommand (4ms) [Parameters=[@__p_0='?' (DbType = Int32)], CommandType='Text', CommandTimeout='120']
      SELECT TOP(1) [b].[BillID], [b].[ActualAmount], [b].[BillDate], [b].[BillNum], [b].[BillType], [b].[FID], [b].[Gst], [b].[GstDate], [b].[PId], [b].[PaymentReceived], [b].[PaymentTablePId], [b].[Tds]
      FROM [BillTables] AS [b]
      WHERE [b].[BillID] = @__p_0
info: Microsoft.EntityFrameworkCore.Database.Command[20101]
      Executed DbCommand (2ms) [Parameters=[@p1='?' (DbType = Int32), @p0='?' (DbType = DateTime2)], CommandType='Text', CommandTimeout='120']
      SET NOCOUNT ON;
      UPDATE [BillTables] SET [GstDate] = @p0
      WHERE [BillID] = @p1;
      SELECT @@ROWCOUNT;
info: Microsoft.EntityFrameworkCore.Infrastructure[10403]
      Entity Framework Core 6.0.21 initialized 'TransportMgmtContext' using provider 'Microsoft.EntityFrameworkCore.SqlServer:6.0.21' with options: CommandTimeout=120 
info: Microsoft.EntityFrameworkCore.Database.Command[20101]
      Executed DbCommand (0ms) [Parameters=[], CommandType='Text', CommandTimeout='120']
      SELECT [t].[FID], [t].[Address], [t].[Code], [t].[CreatedBy], [t].[CreatedOn], [t].[FactoryName], [t].[Gstin], [t].[IsActive], [t].[ModifiedBy], [t].[ModifiedOn]
      FROM [TblFactories] AS [t]
info: Microsoft.EntityFrameworkCore.Database.Command[20101]
      Executed DbCommand (1ms) [Parameters=[], CommandType='Text', CommandTimeout='120']
      SELECT [b].[BillID], [b].[ActualAmount], [b].[BillDate], [b].[BillNum], [b].[BillType], [b].[FID], [b].[Gst], [b].[GstDate], [b].[PId], [b].[PaymentReceived], [b].[PaymentTablePId], [b].[Tds]
      FROM [BillTables] AS [b]
info: Microsoft.EntityFrameworkCore.Infrastructure[10403]
      Entity Framework Core 6.0.21 initialized 'TransportMgmtContext' using provider 'Microsoft.EntityFrameworkCore.SqlServer:6.0.21' with options: CommandTimeout=120 
info: Microsoft.EntityFrameworkCore.Database.Command[20101]
      Executed DbCommand (4ms) [Parameters=[@__p_0='?' (DbType = Int32)], CommandType='Text', CommandTimeout='120']
      SELECT TOP(1) [b].[BillID], [b].[ActualAmount], [b].[BillDate], [b].[BillNum], [b].[BillType], [b].[FID], [b].[Gst], [b].[GstDate], [b].[PId], [b].[PaymentReceived], [b].[PaymentTablePId], [b].[Tds]
      FROM [BillTables] AS [b]
      WHERE [b].[BillID] = @__p_0
info: Microsoft.EntityFrameworkCore.Infrastructure[10403]
      Entity Framework Core 6.0.21 initialized 'TransportMgmtContext' using provider 'Microsoft.EntityFrameworkCore.SqlServer:6.0.21' with options: CommandTimeout=120 
info: Microsoft.EntityFrameworkCore.Database.Command[20101]
      Executed DbCommand (2ms) [Parameters=[@__p_0='?' (DbType = Int32)], CommandType='Text', CommandTimeout='120']
      SELECT TOP(1) [b].[BillID], [b].[ActualAmount], [b].[BillDate], [b].[BillNum], [b].[BillType], [b].[FID], [b].[Gst], [b].[GstDate], [b].[PId], [b].[PaymentReceived], [b].[PaymentTablePId], [b].[Tds]
      FROM [BillTables] AS [b]
      WHERE [b].[BillID] = @__p_0
info: Microsoft.EntityFrameworkCore.Database.Command[20101]
      Executed DbCommand (2ms) [Parameters=[@p1='?' (DbType = Int32), @p0='?' (DbType = DateTime2)], CommandType='Text', CommandTimeout='120']
      SET NOCOUNT ON;
      UPDATE [BillTables] SET [GstDate] = @p0
      WHERE [BillID] = @p1;
      SELECT @@ROWCOUNT;
info: Microsoft.EntityFrameworkCore.Infrastructure[10403]
      Entity Framework Core 6.0.21 initialized 'TransportMgmtContext' using provider 'Microsoft.EntityFrameworkCore.SqlServer:6.0.21' with options: CommandTimeout=120 
info: Microsoft.EntityFrameworkCore.Database.Command[20101]
      Executed DbCommand (1ms) [Parameters=[], CommandType='Text', CommandTimeout='120']
      SELECT [t].[FID], [t].[Address], [t].[Code], [t].[CreatedBy], [t].[CreatedOn], [t].[FactoryName], [t].[Gstin], [t].[IsActive], [t].[ModifiedBy], [t].[ModifiedOn]
      FROM [TblFactories] AS [t]
info: Microsoft.EntityFrameworkCore.Database.Command[20101]
      Executed DbCommand (1ms) [Parameters=[], CommandType='Text', CommandTimeout='120']
      SELECT [b].[BillID], [b].[ActualAmount], [b].[BillDate], [b].[BillNum], [b].[BillType], [b].[FID], [b].[Gst], [b].[GstDate], [b].[PId], [b].[PaymentReceived], [b].[PaymentTablePId], [b].[Tds]
      FROM [BillTables] AS [b]
info: Microsoft.EntityFrameworkCore.Infrastructure[10403]
      Entity Framework Core 6.0.21 initialized 'TransportMgmtContext' using provider 'Microsoft.EntityFrameworkCore.SqlServer:6.0.21' with options: CommandTimeout=120 
info: Microsoft.EntityFrameworkCore.Database.Command[20101]
      Executed DbCommand (5ms) [Parameters=[@__p_0='?' (DbType = Int32)], CommandType='Text', CommandTimeout='120']
      SELECT TOP(1) [b].[BillID], [b].[ActualAmount], [b].[BillDate], [b].[BillNum], [b].[BillType], [b].[FID], [b].[Gst], [b].[GstDate], [b].[PId], [b].[PaymentReceived], [b].[PaymentTablePId], [b].[Tds]
      FROM [BillTables] AS [b]
      WHERE [b].[BillID] = @__p_0
info: Microsoft.EntityFrameworkCore.Infrastructure[10403]
      Entity Framework Core 6.0.21 initialized 'TransportMgmtContext' using provider 'Microsoft.EntityFrameworkCore.SqlServer:6.0.21' with options: CommandTimeout=120 
info: Microsoft.EntityFrameworkCore.Database.Command[20101]
      Executed DbCommand (4ms) [Parameters=[@__p_0='?' (DbType = Int32)], CommandType='Text', CommandTimeout='120']
      SELECT TOP(1) [b].[BillID], [b].[ActualAmount], [b].[BillDate], [b].[BillNum], [b].[BillType], [b].[FID], [b].[Gst], [b].[GstDate], [b].[PId], [b].[PaymentReceived], [b].[PaymentTablePId], [b].[Tds]
      FROM [BillTables] AS [b]
      WHERE [b].[BillID] = @__p_0
info: Microsoft.EntityFrameworkCore.Database.Command[20101]
      Executed DbCommand (3ms) [Parameters=[@p1='?' (DbType = Int32), @p0='?' (DbType = DateTime2)], CommandType='Text', CommandTimeout='120']
      SET NOCOUNT ON;
      UPDATE [BillTables] SET [GstDate] = @p0
      WHERE [BillID] = @p1;
      SELECT @@ROWCOUNT;
info: Microsoft.EntityFrameworkCore.Infrastructure[10403]
      Entity Framework Core 6.0.21 initialized 'TransportMgmtContext' using provider 'Microsoft.EntityFrameworkCore.SqlServer:6.0.21' with options: CommandTimeout=120 
info: Microsoft.EntityFrameworkCore.Database.Command[20101]
      Executed DbCommand (2ms) [Parameters=[], CommandType='Text', CommandTimeout='120']
      SELECT [t].[FID], [t].[Address], [t].[Code], [t].[CreatedBy], [t].[CreatedOn], [t].[FactoryName], [t].[Gstin], [t].[IsActive], [t].[ModifiedBy], [t].[ModifiedOn]
      FROM [TblFactories] AS [t]
info: Microsoft.EntityFrameworkCore.Database.Command[20101]
      Executed DbCommand (4ms) [Parameters=[], CommandType='Text', CommandTimeout='120']
      SELECT [b].[BillID], [b].[ActualAmount], [b].[BillDate], [b].[BillNum], [b].[BillType], [b].[FID], [b].[Gst], [b].[GstDate], [b].[PId], [b].[PaymentReceived], [b].[PaymentTablePId], [b].[Tds]
      FROM [BillTables] AS [b]
info: Microsoft.EntityFrameworkCore.Infrastructure[10403]
      Entity Framework Core 6.0.21 initialized 'TransportMgmtContext' using provider 'Microsoft.EntityFrameworkCore.SqlServer:6.0.21' with options: CommandTimeout=120 
info: Microsoft.EntityFrameworkCore.Database.Command[20101]
      Executed DbCommand (2ms) [Parameters=[@__p_0='?' (DbType = Int32)], CommandType='Text', CommandTimeout='120']
      SELECT TOP(1) [b].[BillID], [b].[ActualAmount], [b].[BillDate], [b].[BillNum], [b].[BillType], [b].[FID], [b].[Gst], [b].[GstDate], [b].[PId], [b].[PaymentReceived], [b].[PaymentTablePId], [b].[Tds]
      FROM [BillTables] AS [b]
      WHERE [b].[BillID] = @__p_0
info: Microsoft.EntityFrameworkCore.Infrastructure[10403]
      Entity Framework Core 6.0.21 initialized 'TransportMgmtContext' using provider 'Microsoft.EntityFrameworkCore.SqlServer:6.0.21' with options: CommandTimeout=120 
info: Microsoft.EntityFrameworkCore.Database.Command[20101]
      Executed DbCommand (5ms) [Parameters=[@__p_0='?' (DbType = Int32)], CommandType='Text', CommandTimeout='120']
      SELECT TOP(1) [b].[BillID], [b].[ActualAmount], [b].[BillDate], [b].[BillNum], [b].[BillType], [b].[FID], [b].[Gst], [b].[GstDate], [b].[PId], [b].[PaymentReceived], [b].[PaymentTablePId], [b].[Tds]
      FROM [BillTables] AS [b]
      WHERE [b].[BillID] = @__p_0
info: Microsoft.EntityFrameworkCore.Database.Command[20101]
      Executed DbCommand (3ms) [Parameters=[@p1='?' (DbType = Int32), @p0='?' (DbType = DateTime2)], CommandType='Text', CommandTimeout='120']
      SET NOCOUNT ON;
      UPDATE [BillTables] SET [GstDate] = @p0
      WHERE [BillID] = @p1;
      SELECT @@ROWCOUNT;
info: Microsoft.EntityFrameworkCore.Infrastructure[10403]
      Entity Framework Core 6.0.21 initialized 'TransportMgmtContext' using provider 'Microsoft.EntityFrameworkCore.SqlServer:6.0.21' with options: CommandTimeout=120 
info: Microsoft.EntityFrameworkCore.Database.Command[20101]
      Executed DbCommand (1ms) [Parameters=[], CommandType='Text', CommandTimeout='120']
      SELECT [t].[FID], [t].[Address], [t].[Code], [t].[CreatedBy], [t].[CreatedOn], [t].[FactoryName], [t].[Gstin], [t].[IsActive], [t].[ModifiedBy], [t].[ModifiedOn]
      FROM [TblFactories] AS [t]
info: Microsoft.EntityFrameworkCore.Database.Command[20101]
      Executed DbCommand (4ms) [Parameters=[], CommandType='Text', CommandTimeout='120']
      SELECT [b].[BillID], [b].[ActualAmount], [b].[BillDate], [b].[BillNum], [b].[BillType], [b].[FID], [b].[Gst], [b].[GstDate], [b].[PId], [b].[PaymentReceived], [b].[PaymentTablePId], [b].[Tds]
      FROM [BillTables] AS [b]
info: Microsoft.EntityFrameworkCore.Infrastructure[10403]
      Entity Framework Core 6.0.21 initialized 'TransportMgmtContext' using provider 'Microsoft.EntityFrameworkCore.SqlServer:6.0.21' with options: CommandTimeout=120 
info: Microsoft.EntityFrameworkCore.Database.Command[20101]
      Executed DbCommand (3ms) [Parameters=[@__p_0='?' (DbType = Int32)], CommandType='Text', CommandTimeout='120']
      SELECT TOP(1) [b].[BillID], [b].[ActualAmount], [b].[BillDate], [b].[BillNum], [b].[BillType], [b].[FID], [b].[Gst], [b].[GstDate], [b].[PId], [b].[PaymentReceived], [b].[PaymentTablePId], [b].[Tds]
      FROM [BillTables] AS [b]
      WHERE [b].[BillID] = @__p_0
info: Microsoft.EntityFrameworkCore.Infrastructure[10403]
      Entity Framework Core 6.0.21 initialized 'TransportMgmtContext' using provider 'Microsoft.EntityFrameworkCore.SqlServer:6.0.21' with options: CommandTimeout=120 
info: Microsoft.EntityFrameworkCore.Database.Command[20101]
      Executed DbCommand (2ms) [Parameters=[@__p_0='?' (DbType = Int32)], CommandType='Text', CommandTimeout='120']
      SELECT TOP(1) [b].[BillID], [b].[ActualAmount], [b].[BillDate], [b].[BillNum], [b].[BillType], [b].[FID], [b].[Gst], [b].[GstDate], [b].[PId], [b].[PaymentReceived], [b].[PaymentTablePId], [b].[Tds]
      FROM [BillTables] AS [b]
      WHERE [b].[BillID] = @__p_0
info: Microsoft.EntityFrameworkCore.Database.Command[20101]
      Executed DbCommand (2ms) [Parameters=[@p1='?' (DbType = Int32), @p0='?' (DbType = DateTime2)], CommandType='Text', CommandTimeout='120']
      SET NOCOUNT ON;
      UPDATE [BillTables] SET [GstDate] = @p0
      WHERE [BillID] = @p1;
      SELECT @@ROWCOUNT;
info: Microsoft.EntityFrameworkCore.Infrastructure[10403]
      Entity Framework Core 6.0.21 initialized 'TransportMgmtContext' using provider 'Microsoft.EntityFrameworkCore.SqlServer:6.0.21' with options: CommandTimeout=120 
info: Microsoft.EntityFrameworkCore.Database.Command[20101]
      Executed DbCommand (1ms) [Parameters=[], CommandType='Text', CommandTimeout='120']
      SELECT [t].[FID], [t].[Address], [t].[Code], [t].[CreatedBy], [t].[CreatedOn], [t].[FactoryName], [t].[Gstin], [t].[IsActive], [t].[ModifiedBy], [t].[ModifiedOn]
      FROM [TblFactories] AS [t]
info: Microsoft.EntityFrameworkCore.Database.Command[20101]
      Executed DbCommand (1ms) [Parameters=[], CommandType='Text', CommandTimeout='120']
      SELECT [b].[BillID], [b].[ActualAmount], [b].[BillDate], [b].[BillNum], [b].[BillType], [b].[FID], [b].[Gst], [b].[GstDate], [b].[PId], [b].[PaymentReceived], [b].[PaymentTablePId], [b].[Tds]
      FROM [BillTables] AS [b]
info: Microsoft.EntityFrameworkCore.Infrastructure[10403]
      Entity Framework Core 6.0.21 initialized 'TransportMgmtContext' using provider 'Microsoft.EntityFrameworkCore.SqlServer:6.0.21' with options: CommandTimeout=120 
info: Microsoft.EntityFrameworkCore.Database.Command[20101]
      Executed DbCommand (6ms) [Parameters=[@__p_0='?' (DbType = Int32)], CommandType='Text', CommandTimeout='120']
      SELECT TOP(1) [b].[BillID], [b].[ActualAmount], [b].[BillDate], [b].[BillNum], [b].[BillType], [b].[FID], [b].[Gst], [b].[GstDate], [b].[PId], [b].[PaymentReceived], [b].[PaymentTablePId], [b].[Tds]
      FROM [BillTables] AS [b]
      WHERE [b].[BillID] = @__p_0
info: Microsoft.EntityFrameworkCore.Infrastructure[10403]
      Entity Framework Core 6.0.21 initialized 'TransportMgmtContext' using provider 'Microsoft.EntityFrameworkCore.SqlServer:6.0.21' with options: CommandTimeout=120 
info: Microsoft.EntityFrameworkCore.Database.Command[20101]
      Executed DbCommand (3ms) [Parameters=[@__p_0='?' (DbType = Int32)], CommandType='Text', CommandTimeout='120']
      SELECT TOP(1) [b].[BillID], [b].[ActualAmount], [b].[BillDate], [b].[BillNum], [b].[BillType], [b].[FID], [b].[Gst], [b].[GstDate], [b].[PId], [b].[PaymentReceived], [b].[PaymentTablePId], [b].[Tds]
      FROM [BillTables] AS [b]
      WHERE [b].[BillID] = @__p_0
info: Microsoft.EntityFrameworkCore.Database.Command[20101]
      Executed DbCommand (2ms) [Parameters=[@p1='?' (DbType = Int32), @p0='?' (DbType = DateTime2)], CommandType='Text', CommandTimeout='120']
      SET NOCOUNT ON;
      UPDATE [BillTables] SET [GstDate] = @p0
      WHERE [BillID] = @p1;
      SELECT @@ROWCOUNT;
info: Microsoft.EntityFrameworkCore.Infrastructure[10403]
      Entity Framework Core 6.0.21 initialized 'TransportMgmtContext' using provider 'Microsoft.EntityFrameworkCore.SqlServer:6.0.21' with options: CommandTimeout=120 
info: Microsoft.EntityFrameworkCore.Database.Command[20101]
      Executed DbCommand (1ms) [Parameters=[], CommandType='Text', CommandTimeout='120']
      SELECT [t].[FID], [t].[Address], [t].[Code], [t].[CreatedBy], [t].[CreatedOn], [t].[FactoryName], [t].[Gstin], [t].[IsActive], [t].[ModifiedBy], [t].[ModifiedOn]
      FROM [TblFactories] AS [t]
info: Microsoft.EntityFrameworkCore.Database.Command[20101]
      Executed DbCommand (2ms) [Parameters=[], CommandType='Text', CommandTimeout='120']
      SELECT [b].[BillID], [b].[ActualAmount], [b].[BillDate], [b].[BillNum], [b].[BillType], [b].[FID], [b].[Gst], [b].[GstDate], [b].[PId], [b].[PaymentReceived], [b].[PaymentTablePId], [b].[Tds]
      FROM [BillTables] AS [b]
info: Microsoft.EntityFrameworkCore.Infrastructure[10403]
      Entity Framework Core 6.0.21 initialized 'TransportMgmtContext' using provider 'Microsoft.EntityFrameworkCore.SqlServer:6.0.21' with options: CommandTimeout=120 
info: Microsoft.EntityFrameworkCore.Database.Command[20101]
      Executed DbCommand (5ms) [Parameters=[@__p_0='?' (DbType = Int32)], CommandType='Text', CommandTimeout='120']
      SELECT TOP(1) [b].[BillID], [b].[ActualAmount], [b].[BillDate], [b].[BillNum], [b].[BillType], [b].[FID], [b].[Gst], [b].[GstDate], [b].[PId], [b].[PaymentReceived], [b].[PaymentTablePId], [b].[Tds]
      FROM [BillTables] AS [b]
      WHERE [b].[BillID] = @__p_0
info: Microsoft.EntityFrameworkCore.Infrastructure[10403]
      Entity Framework Core 6.0.21 initialized 'TransportMgmtContext' using provider 'Microsoft.EntityFrameworkCore.SqlServer:6.0.21' with options: CommandTimeout=120 
info: Microsoft.EntityFrameworkCore.Database.Command[20101]
      Executed DbCommand (4ms) [Parameters=[@__p_0='?' (DbType = Int32)], CommandType='Text', CommandTimeout='120']
      SELECT TOP(1) [b].[BillID], [b].[ActualAmount], [b].[BillDate], [b].[BillNum], [b].[BillType], [b].[FID], [b].[Gst], [b].[GstDate], [b].[PId], [b].[PaymentReceived], [b].[PaymentTablePId], [b].[Tds]
      FROM [BillTables] AS [b]
      WHERE [b].[BillID] = @__p_0
info: Microsoft.EntityFrameworkCore.Database.Command[20101]
      Executed DbCommand (2ms) [Parameters=[@p1='?' (DbType = Int32), @p0='?' (DbType = DateTime2)], CommandType='Text', CommandTimeout='120']
      SET NOCOUNT ON;
      UPDATE [BillTables] SET [GstDate] = @p0
      WHERE [BillID] = @p1;
      SELECT @@ROWCOUNT;
info: Microsoft.EntityFrameworkCore.Infrastructure[10403]
      Entity Framework Core 6.0.21 initialized 'TransportMgmtContext' using provider 'Microsoft.EntityFrameworkCore.SqlServer:6.0.21' with options: CommandTimeout=120 
info: Microsoft.EntityFrameworkCore.Database.Command[20101]
      Executed DbCommand (1ms) [Parameters=[], CommandType='Text', CommandTimeout='120']
      SELECT [t].[FID], [t].[Address], [t].[Code], [t].[CreatedBy], [t].[CreatedOn], [t].[FactoryName], [t].[Gstin], [t].[IsActive], [t].[ModifiedBy], [t].[ModifiedOn]
      FROM [TblFactories] AS [t]
info: Microsoft.EntityFrameworkCore.Database.Command[20101]
      Executed DbCommand (1ms) [Parameters=[], CommandType='Text', CommandTimeout='120']
      SELECT [b].[BillID], [b].[ActualAmount], [b].[BillDate], [b].[BillNum], [b].[BillType], [b].[FID], [b].[Gst], [b].[GstDate], [b].[PId], [b].[PaymentReceived], [b].[PaymentTablePId], [b].[Tds]
      FROM [BillTables] AS [b]
info: Microsoft.EntityFrameworkCore.Infrastructure[10403]
      Entity Framework Core 6.0.21 initialized 'TransportMgmtContext' using provider 'Microsoft.EntityFrameworkCore.SqlServer:6.0.21' with options: CommandTimeout=120 
info: Microsoft.EntityFrameworkCore.Database.Command[20101]
      Executed DbCommand (4ms) [Parameters=[@__p_0='?' (DbType = Int32)], CommandType='Text', CommandTimeout='120']
      SELECT TOP(1) [b].[BillID], [b].[ActualAmount], [b].[BillDate], [b].[BillNum], [b].[BillType], [b].[FID], [b].[Gst], [b].[GstDate], [b].[PId], [b].[PaymentReceived], [b].[PaymentTablePId], [b].[Tds]
      FROM [BillTables] AS [b]
      WHERE [b].[BillID] = @__p_0
info: Microsoft.EntityFrameworkCore.Infrastructure[10403]
      Entity Framework Core 6.0.21 initialized 'TransportMgmtContext' using provider 'Microsoft.EntityFrameworkCore.SqlServer:6.0.21' with options: CommandTimeout=120 
info: Microsoft.EntityFrameworkCore.Database.Command[20101]
      Executed DbCommand (4ms) [Parameters=[@__p_0='?' (DbType = Int32)], CommandType='Text', CommandTimeout='120']
      SELECT TOP(1) [b].[BillID], [b].[ActualAmount], [b].[BillDate], [b].[BillNum], [b].[BillType], [b].[FID], [b].[Gst], [b].[GstDate], [b].[PId], [b].[PaymentReceived], [b].[PaymentTablePId], [b].[Tds]
      FROM [BillTables] AS [b]
      WHERE [b].[BillID] = @__p_0
info: Microsoft.EntityFrameworkCore.Database.Command[20101]
      Executed DbCommand (6ms) [Parameters=[@p1='?' (DbType = Int32), @p0='?' (DbType = DateTime2)], CommandType='Text', CommandTimeout='120']
      SET NOCOUNT ON;
      UPDATE [BillTables] SET [GstDate] = @p0
      WHERE [BillID] = @p1;
      SELECT @@ROWCOUNT;
info: Microsoft.EntityFrameworkCore.Infrastructure[10403]
      Entity Framework Core 6.0.21 initialized 'TransportMgmtContext' using provider 'Microsoft.EntityFrameworkCore.SqlServer:6.0.21' with options: CommandTimeout=120 
info: Microsoft.EntityFrameworkCore.Database.Command[20101]
      Executed DbCommand (2ms) [Parameters=[], CommandType='Text', CommandTimeout='120']
      SELECT [t].[FID], [t].[Address], [t].[Code], [t].[CreatedBy], [t].[CreatedOn], [t].[FactoryName], [t].[Gstin], [t].[IsActive], [t].[ModifiedBy], [t].[ModifiedOn]
      FROM [TblFactories] AS [t]
info: Microsoft.EntityFrameworkCore.Database.Command[20101]
      Executed DbCommand (1ms) [Parameters=[], CommandType='Text', CommandTimeout='120']
      SELECT [b].[BillID], [b].[ActualAmount], [b].[BillDate], [b].[BillNum], [b].[BillType], [b].[FID], [b].[Gst], [b].[GstDate], [b].[PId], [b].[PaymentReceived], [b].[PaymentTablePId], [b].[Tds]
      FROM [BillTables] AS [b]
info: Microsoft.EntityFrameworkCore.Infrastructure[10403]
      Entity Framework Core 6.0.21 initialized 'TransportMgmtContext' using provider 'Microsoft.EntityFrameworkCore.SqlServer:6.0.21' with options: CommandTimeout=120 
info: Microsoft.EntityFrameworkCore.Database.Command[20101]
      Executed DbCommand (5ms) [Parameters=[@__p_0='?' (DbType = Int32)], CommandType='Text', CommandTimeout='120']
      SELECT TOP(1) [b].[BillID], [b].[ActualAmount], [b].[BillDate], [b].[BillNum], [b].[BillType], [b].[FID], [b].[Gst], [b].[GstDate], [b].[PId], [b].[PaymentReceived], [b].[PaymentTablePId], [b].[Tds]
      FROM [BillTables] AS [b]
      WHERE [b].[BillID] = @__p_0
info: Microsoft.EntityFrameworkCore.Infrastructure[10403]
      Entity Framework Core 6.0.21 initialized 'TransportMgmtContext' using provider 'Microsoft.EntityFrameworkCore.SqlServer:6.0.21' with options: CommandTimeout=120 
info: Microsoft.EntityFrameworkCore.Database.Command[20101]
      Executed DbCommand (1ms) [Parameters=[@__p_0='?' (DbType = Int32)], CommandType='Text', CommandTimeout='120']
      SELECT TOP(1) [b].[BillID], [b].[ActualAmount], [b].[BillDate], [b].[BillNum], [b].[BillType], [b].[FID], [b].[Gst], [b].[GstDate], [b].[PId], [b].[PaymentReceived], [b].[PaymentTablePId], [b].[Tds]
      FROM [BillTables] AS [b]
      WHERE [b].[BillID] = @__p_0
info: Microsoft.EntityFrameworkCore.Database.Command[20101]
      Executed DbCommand (2ms) [Parameters=[@p1='?' (DbType = Int32), @p0='?' (DbType = DateTime2)], CommandType='Text', CommandTimeout='120']
      SET NOCOUNT ON;
      UPDATE [BillTables] SET [GstDate] = @p0
      WHERE [BillID] = @p1;
      SELECT @@ROWCOUNT;
info: Microsoft.EntityFrameworkCore.Infrastructure[10403]
      Entity Framework Core 6.0.21 initialized 'TransportMgmtContext' using provider 'Microsoft.EntityFrameworkCore.SqlServer:6.0.21' with options: CommandTimeout=120 
info: Microsoft.EntityFrameworkCore.Database.Command[20101]
      Executed DbCommand (1ms) [Parameters=[], CommandType='Text', CommandTimeout='120']
      SELECT [t].[FID], [t].[Address], [t].[Code], [t].[CreatedBy], [t].[CreatedOn], [t].[FactoryName], [t].[Gstin], [t].[IsActive], [t].[ModifiedBy], [t].[ModifiedOn]
      FROM [TblFactories] AS [t]
info: Microsoft.EntityFrameworkCore.Database.Command[20101]
      Executed DbCommand (0ms) [Parameters=[], CommandType='Text', CommandTimeout='120']
      SELECT [b].[BillID], [b].[ActualAmount], [b].[BillDate], [b].[BillNum], [b].[BillType], [b].[FID], [b].[Gst], [b].[GstDate], [b].[PId], [b].[PaymentReceived], [b].[PaymentTablePId], [b].[Tds]
      FROM [BillTables] AS [b]
info: Microsoft.EntityFrameworkCore.Infrastructure[10403]
      Entity Framework Core 6.0.21 initialized 'TransportMgmtContext' using provider 'Microsoft.EntityFrameworkCore.SqlServer:6.0.21' with options: CommandTimeout=120 
info: Microsoft.EntityFrameworkCore.Database.Command[20101]
      Executed DbCommand (3ms) [Parameters=[@__p_0='?' (DbType = Int32)], CommandType='Text', CommandTimeout='120']
      SELECT TOP(1) [b].[BillID], [b].[ActualAmount], [b].[BillDate], [b].[BillNum], [b].[BillType], [b].[FID], [b].[Gst], [b].[GstDate], [b].[PId], [b].[PaymentReceived], [b].[PaymentTablePId], [b].[Tds]
      FROM [BillTables] AS [b]
      WHERE [b].[BillID] = @__p_0
info: Microsoft.EntityFrameworkCore.Infrastructure[10403]
      Entity Framework Core 6.0.21 initialized 'TransportMgmtContext' using provider 'Microsoft.EntityFrameworkCore.SqlServer:6.0.21' with options: CommandTimeout=120 
info: Microsoft.EntityFrameworkCore.Database.Command[20101]
      Executed DbCommand (3ms) [Parameters=[@__p_0='?' (DbType = Int32)], CommandType='Text', CommandTimeout='120']
      SELECT TOP(1) [b].[BillID], [b].[ActualAmount], [b].[BillDate], [b].[BillNum], [b].[BillType], [b].[FID], [b].[Gst], [b].[GstDate], [b].[PId], [b].[PaymentReceived], [b].[PaymentTablePId], [b].[Tds]
      FROM [BillTables] AS [b]
      WHERE [b].[BillID] = @__p_0
info: Microsoft.EntityFrameworkCore.Database.Command[20101]
      Executed DbCommand (8ms) [Parameters=[@p1='?' (DbType = Int32), @p0='?' (DbType = DateTime2)], CommandType='Text', CommandTimeout='120']
      SET NOCOUNT ON;
      UPDATE [BillTables] SET [GstDate] = @p0
      WHERE [BillID] = @p1;
      SELECT @@ROWCOUNT;
info: Microsoft.EntityFrameworkCore.Infrastructure[10403]
      Entity Framework Core 6.0.21 initialized 'TransportMgmtContext' using provider 'Microsoft.EntityFrameworkCore.SqlServer:6.0.21' with options: CommandTimeout=120 
info: Microsoft.EntityFrameworkCore.Database.Command[20101]
      Executed DbCommand (1ms) [Parameters=[], CommandType='Text', CommandTimeout='120']
      SELECT [t].[FID], [t].[Address], [t].[Code], [t].[CreatedBy], [t].[CreatedOn], [t].[FactoryName], [t].[Gstin], [t].[IsActive], [t].[ModifiedBy], [t].[ModifiedOn]
      FROM [TblFactories] AS [t]
info: Microsoft.EntityFrameworkCore.Database.Command[20101]
      Executed DbCommand (1ms) [Parameters=[], CommandType='Text', CommandTimeout='120']
      SELECT [b].[BillID], [b].[ActualAmount], [b].[BillDate], [b].[BillNum], [b].[BillType], [b].[FID], [b].[Gst], [b].[GstDate], [b].[PId], [b].[PaymentReceived], [b].[PaymentTablePId], [b].[Tds]
      FROM [BillTables] AS [b]
info: Microsoft.EntityFrameworkCore.Infrastructure[10403]
      Entity Framework Core 6.0.21 initialized 'TransportMgmtContext' using provider 'Microsoft.EntityFrameworkCore.SqlServer:6.0.21' with options: CommandTimeout=120 
info: Microsoft.EntityFrameworkCore.Database.Command[20101]
      Executed DbCommand (4ms) [Parameters=[@__p_0='?' (DbType = Int32)], CommandType='Text', CommandTimeout='120']
      SELECT TOP(1) [b].[BillID], [b].[ActualAmount], [b].[BillDate], [b].[BillNum], [b].[BillType], [b].[FID], [b].[Gst], [b].[GstDate], [b].[PId], [b].[PaymentReceived], [b].[PaymentTablePId], [b].[Tds]
      FROM [BillTables] AS [b]
      WHERE [b].[BillID] = @__p_0
info: Microsoft.EntityFrameworkCore.Infrastructure[10403]
      Entity Framework Core 6.0.21 initialized 'TransportMgmtContext' using provider 'Microsoft.EntityFrameworkCore.SqlServer:6.0.21' with options: CommandTimeout=120 
info: Microsoft.EntityFrameworkCore.Database.Command[20101]
      Executed DbCommand (4ms) [Parameters=[@__p_0='?' (DbType = Int32)], CommandType='Text', CommandTimeout='120']
      SELECT TOP(1) [b].[BillID], [b].[ActualAmount], [b].[BillDate], [b].[BillNum], [b].[BillType], [b].[FID], [b].[Gst], [b].[GstDate], [b].[PId], [b].[PaymentReceived], [b].[PaymentTablePId], [b].[Tds]
      FROM [BillTables] AS [b]
      WHERE [b].[BillID] = @__p_0
info: Microsoft.EntityFrameworkCore.Database.Command[20101]
      Executed DbCommand (3ms) [Parameters=[@p1='?' (DbType = Int32), @p0='?' (DbType = DateTime2)], CommandType='Text', CommandTimeout='120']
      SET NOCOUNT ON;
      UPDATE [BillTables] SET [GstDate] = @p0
      WHERE [BillID] = @p1;
      SELECT @@ROWCOUNT;
info: Microsoft.EntityFrameworkCore.Infrastructure[10403]
      Entity Framework Core 6.0.21 initialized 'TransportMgmtContext' using provider 'Microsoft.EntityFrameworkCore.SqlServer:6.0.21' with options: CommandTimeout=120 
info: Microsoft.EntityFrameworkCore.Database.Command[20101]
      Executed DbCommand (1ms) [Parameters=[], CommandType='Text', CommandTimeout='120']
      SELECT [t].[FID], [t].[Address], [t].[Code], [t].[CreatedBy], [t].[CreatedOn], [t].[FactoryName], [t].[Gstin], [t].[IsActive], [t].[ModifiedBy], [t].[ModifiedOn]
      FROM [TblFactories] AS [t]
info: Microsoft.EntityFrameworkCore.Database.Command[20101]
      Executed DbCommand (2ms) [Parameters=[], CommandType='Text', CommandTimeout='120']
      SELECT [b].[BillID], [b].[ActualAmount], [b].[BillDate], [b].[BillNum], [b].[BillType], [b].[FID], [b].[Gst], [b].[GstDate], [b].[PId], [b].[PaymentReceived], [b].[PaymentTablePId], [b].[Tds]
      FROM [BillTables] AS [b]
info: Microsoft.EntityFrameworkCore.Infrastructure[10403]
      Entity Framework Core 6.0.21 initialized 'TransportMgmtContext' using provider 'Microsoft.EntityFrameworkCore.SqlServer:6.0.21' with options: CommandTimeout=120 
info: Microsoft.EntityFrameworkCore.Database.Command[20101]
      Executed DbCommand (2ms) [Parameters=[@__p_0='?' (DbType = Int32)], CommandType='Text', CommandTimeout='120']
      SELECT TOP(1) [b].[BillID], [b].[ActualAmount], [b].[BillDate], [b].[BillNum], [b].[BillType], [b].[FID], [b].[Gst], [b].[GstDate], [b].[PId], [b].[PaymentReceived], [b].[PaymentTablePId], [b].[Tds]
      FROM [BillTables] AS [b]
      WHERE [b].[BillID] = @__p_0
info: Microsoft.EntityFrameworkCore.Infrastructure[10403]
      Entity Framework Core 6.0.21 initialized 'TransportMgmtContext' using provider 'Microsoft.EntityFrameworkCore.SqlServer:6.0.21' with options: CommandTimeout=120 
info: Microsoft.EntityFrameworkCore.Database.Command[20101]
      Executed DbCommand (2ms) [Parameters=[@__p_0='?' (DbType = Int32)], CommandType='Text', CommandTimeout='120']
      SELECT TOP(1) [b].[BillID], [b].[ActualAmount], [b].[BillDate], [b].[BillNum], [b].[BillType], [b].[FID], [b].[Gst], [b].[GstDate], [b].[PId], [b].[PaymentReceived], [b].[PaymentTablePId], [b].[Tds]
      FROM [BillTables] AS [b]
      WHERE [b].[BillID] = @__p_0
info: Microsoft.EntityFrameworkCore.Database.Command[20101]
      Executed DbCommand (2ms) [Parameters=[@p1='?' (DbType = Int32), @p0='?' (DbType = DateTime2)], CommandType='Text', CommandTimeout='120']
      SET NOCOUNT ON;
      UPDATE [BillTables] SET [GstDate] = @p0
      WHERE [BillID] = @p1;
      SELECT @@ROWCOUNT;
info: Microsoft.EntityFrameworkCore.Infrastructure[10403]
      Entity Framework Core 6.0.21 initialized 'TransportMgmtContext' using provider 'Microsoft.EntityFrameworkCore.SqlServer:6.0.21' with options: CommandTimeout=120 
info: Microsoft.EntityFrameworkCore.Database.Command[20101]
      Executed DbCommand (0ms) [Parameters=[], CommandType='Text', CommandTimeout='120']
      SELECT [t].[FID], [t].[Address], [t].[Code], [t].[CreatedBy], [t].[CreatedOn], [t].[FactoryName], [t].[Gstin], [t].[IsActive], [t].[ModifiedBy], [t].[ModifiedOn]
      FROM [TblFactories] AS [t]
info: Microsoft.EntityFrameworkCore.Database.Command[20101]
      Executed DbCommand (1ms) [Parameters=[], CommandType='Text', CommandTimeout='120']
      SELECT [b].[BillID], [b].[ActualAmount], [b].[BillDate], [b].[BillNum], [b].[BillType], [b].[FID], [b].[Gst], [b].[GstDate], [b].[PId], [b].[PaymentReceived], [b].[PaymentTablePId], [b].[Tds]
      FROM [BillTables] AS [b]
info: Microsoft.EntityFrameworkCore.Infrastructure[10403]
      Entity Framework Core 6.0.21 initialized 'TransportMgmtContext' using provider 'Microsoft.EntityFrameworkCore.SqlServer:6.0.21' with options: CommandTimeout=120 
info: Microsoft.EntityFrameworkCore.Database.Command[20101]
      Executed DbCommand (3ms) [Parameters=[@__p_0='?' (DbType = Int32)], CommandType='Text', CommandTimeout='120']
      SELECT TOP(1) [b].[BillID], [b].[ActualAmount], [b].[BillDate], [b].[BillNum], [b].[BillType], [b].[FID], [b].[Gst], [b].[GstDate], [b].[PId], [b].[PaymentReceived], [b].[PaymentTablePId], [b].[Tds]
      FROM [BillTables] AS [b]
      WHERE [b].[BillID] = @__p_0
info: Microsoft.EntityFrameworkCore.Infrastructure[10403]
      Entity Framework Core 6.0.21 initialized 'TransportMgmtContext' using provider 'Microsoft.EntityFrameworkCore.SqlServer:6.0.21' with options: CommandTimeout=120 
info: Microsoft.EntityFrameworkCore.Database.Command[20101]
      Executed DbCommand (3ms) [Parameters=[@__p_0='?' (DbType = Int32)], CommandType='Text', CommandTimeout='120']
      SELECT TOP(1) [b].[BillID], [b].[ActualAmount], [b].[BillDate], [b].[BillNum], [b].[BillType], [b].[FID], [b].[Gst], [b].[GstDate], [b].[PId], [b].[PaymentReceived], [b].[PaymentTablePId], [b].[Tds]
      FROM [BillTables] AS [b]
      WHERE [b].[BillID] = @__p_0
info: Microsoft.EntityFrameworkCore.Database.Command[20101]
      Executed DbCommand (3ms) [Parameters=[@p1='?' (DbType = Int32), @p0='?' (DbType = DateTime2)], CommandType='Text', CommandTimeout='120']
      SET NOCOUNT ON;
      UPDATE [BillTables] SET [GstDate] = @p0
      WHERE [BillID] = @p1;
      SELECT @@ROWCOUNT;
info: Microsoft.EntityFrameworkCore.Infrastructure[10403]
      Entity Framework Core 6.0.21 initialized 'TransportMgmtContext' using provider 'Microsoft.EntityFrameworkCore.SqlServer:6.0.21' with options: CommandTimeout=120 
info: Microsoft.EntityFrameworkCore.Database.Command[20101]
      Executed DbCommand (1ms) [Parameters=[], CommandType='Text', CommandTimeout='120']
      SELECT [t].[FID], [t].[Address], [t].[Code], [t].[CreatedBy], [t].[CreatedOn], [t].[FactoryName], [t].[Gstin], [t].[IsActive], [t].[ModifiedBy], [t].[ModifiedOn]
      FROM [TblFactories] AS [t]
info: Microsoft.EntityFrameworkCore.Database.Command[20101]
      Executed DbCommand (1ms) [Parameters=[], CommandType='Text', CommandTimeout='120']
      SELECT [b].[BillID], [b].[ActualAmount], [b].[BillDate], [b].[BillNum], [b].[BillType], [b].[FID], [b].[Gst], [b].[GstDate], [b].[PId], [b].[PaymentReceived], [b].[PaymentTablePId], [b].[Tds]
      FROM [BillTables] AS [b]
info: Microsoft.EntityFrameworkCore.Infrastructure[10403]
      Entity Framework Core 6.0.21 initialized 'TransportMgmtContext' using provider 'Microsoft.EntityFrameworkCore.SqlServer:6.0.21' with options: CommandTimeout=120 
info: Microsoft.EntityFrameworkCore.Database.Command[20101]
      Executed DbCommand (4ms) [Parameters=[@__p_0='?' (DbType = Int32)], CommandType='Text', CommandTimeout='120']
      SELECT TOP(1) [b].[BillID], [b].[ActualAmount], [b].[BillDate], [b].[BillNum], [b].[BillType], [b].[FID], [b].[Gst], [b].[GstDate], [b].[PId], [b].[PaymentReceived], [b].[PaymentTablePId], [b].[Tds]
      FROM [BillTables] AS [b]
      WHERE [b].[BillID] = @__p_0
info: Microsoft.EntityFrameworkCore.Infrastructure[10403]
      Entity Framework Core 6.0.21 initialized 'TransportMgmtContext' using provider 'Microsoft.EntityFrameworkCore.SqlServer:6.0.21' with options: CommandTimeout=120 
info: Microsoft.EntityFrameworkCore.Database.Command[20101]
      Executed DbCommand (3ms) [Parameters=[@__p_0='?' (DbType = Int32)], CommandType='Text', CommandTimeout='120']
      SELECT TOP(1) [b].[BillID], [b].[ActualAmount], [b].[BillDate], [b].[BillNum], [b].[BillType], [b].[FID], [b].[Gst], [b].[GstDate], [b].[PId], [b].[PaymentReceived], [b].[PaymentTablePId], [b].[Tds]
      FROM [BillTables] AS [b]
      WHERE [b].[BillID] = @__p_0
info: Microsoft.EntityFrameworkCore.Database.Command[20101]
      Executed DbCommand (2ms) [Parameters=[@p1='?' (DbType = Int32), @p0='?' (DbType = DateTime2)], CommandType='Text', CommandTimeout='120']
      SET NOCOUNT ON;
      UPDATE [BillTables] SET [GstDate] = @p0
      WHERE [BillID] = @p1;
      SELECT @@ROWCOUNT;
info: Microsoft.EntityFrameworkCore.Infrastructure[10403]
      Entity Framework Core 6.0.21 initialized 'TransportMgmtContext' using provider 'Microsoft.EntityFrameworkCore.SqlServer:6.0.21' with options: CommandTimeout=120 
info: Microsoft.EntityFrameworkCore.Database.Command[20101]
      Executed DbCommand (1ms) [Parameters=[], CommandType='Text', CommandTimeout='120']
      SELECT [t].[FID], [t].[Address], [t].[Code], [t].[CreatedBy], [t].[CreatedOn], [t].[FactoryName], [t].[Gstin], [t].[IsActive], [t].[ModifiedBy], [t].[ModifiedOn]
      FROM [TblFactories] AS [t]
info: Microsoft.EntityFrameworkCore.Database.Command[20101]
      Executed DbCommand (1ms) [Parameters=[], CommandType='Text', CommandTimeout='120']
      SELECT [b].[BillID], [b].[ActualAmount], [b].[BillDate], [b].[BillNum], [b].[BillType], [b].[FID], [b].[Gst], [b].[GstDate], [b].[PId], [b].[PaymentReceived], [b].[PaymentTablePId], [b].[Tds]
      FROM [BillTables] AS [b]
info: Microsoft.EntityFrameworkCore.Infrastructure[10403]
      Entity Framework Core 6.0.21 initialized 'TransportMgmtContext' using provider 'Microsoft.EntityFrameworkCore.SqlServer:6.0.21' with options: CommandTimeout=120 
info: Microsoft.EntityFrameworkCore.Database.Command[20101]
      Executed DbCommand (7ms) [Parameters=[@__p_0='?' (DbType = Int32)], CommandType='Text', CommandTimeout='120']
      SELECT TOP(1) [b].[BillID], [b].[ActualAmount], [b].[BillDate], [b].[BillNum], [b].[BillType], [b].[FID], [b].[Gst], [b].[GstDate], [b].[PId], [b].[PaymentReceived], [b].[PaymentTablePId], [b].[Tds]
      FROM [BillTables] AS [b]
      WHERE [b].[BillID] = @__p_0
info: Microsoft.EntityFrameworkCore.Infrastructure[10403]
      Entity Framework Core 6.0.21 initialized 'TransportMgmtContext' using provider 'Microsoft.EntityFrameworkCore.SqlServer:6.0.21' with options: CommandTimeout=120 
info: Microsoft.EntityFrameworkCore.Database.Command[20101]
      Executed DbCommand (6ms) [Parameters=[@__p_0='?' (DbType = Int32)], CommandType='Text', CommandTimeout='120']
      SELECT TOP(1) [b].[BillID], [b].[ActualAmount], [b].[BillDate], [b].[BillNum], [b].[BillType], [b].[FID], [b].[Gst], [b].[GstDate], [b].[PId], [b].[PaymentReceived], [b].[PaymentTablePId], [b].[Tds]
      FROM [BillTables] AS [b]
      WHERE [b].[BillID] = @__p_0
info: Microsoft.EntityFrameworkCore.Database.Command[20101]
      Executed DbCommand (2ms) [Parameters=[@p1='?' (DbType = Int32), @p0='?' (DbType = DateTime2)], CommandType='Text', CommandTimeout='120']
      SET NOCOUNT ON;
      UPDATE [BillTables] SET [GstDate] = @p0
      WHERE [BillID] = @p1;
      SELECT @@ROWCOUNT;
info: Microsoft.EntityFrameworkCore.Infrastructure[10403]
      Entity Framework Core 6.0.21 initialized 'TransportMgmtContext' using provider 'Microsoft.EntityFrameworkCore.SqlServer:6.0.21' with options: CommandTimeout=120 
info: Microsoft.EntityFrameworkCore.Database.Command[20101]
      Executed DbCommand (0ms) [Parameters=[], CommandType='Text', CommandTimeout='120']
      SELECT [t].[FID], [t].[Address], [t].[Code], [t].[CreatedBy], [t].[CreatedOn], [t].[FactoryName], [t].[Gstin], [t].[IsActive], [t].[ModifiedBy], [t].[ModifiedOn]
      FROM [TblFactories] AS [t]
info: Microsoft.EntityFrameworkCore.Database.Command[20101]
      Executed DbCommand (1ms) [Parameters=[], CommandType='Text', CommandTimeout='120']
      SELECT [b].[BillID], [b].[ActualAmount], [b].[BillDate], [b].[BillNum], [b].[BillType], [b].[FID], [b].[Gst], [b].[GstDate], [b].[PId], [b].[PaymentReceived], [b].[PaymentTablePId], [b].[Tds]
      FROM [BillTables] AS [b]
info: Microsoft.EntityFrameworkCore.Infrastructure[10403]
      Entity Framework Core 6.0.21 initialized 'TransportMgmtContext' using provider 'Microsoft.EntityFrameworkCore.SqlServer:6.0.21' with options: CommandTimeout=120 
info: Microsoft.EntityFrameworkCore.Database.Command[20101]
      Executed DbCommand (3ms) [Parameters=[@__p_0='?' (DbType = Int32)], CommandType='Text', CommandTimeout='120']
      SELECT TOP(1) [b].[BillID], [b].[ActualAmount], [b].[BillDate], [b].[BillNum], [b].[BillType], [b].[FID], [b].[Gst], [b].[GstDate], [b].[PId], [b].[PaymentReceived], [b].[PaymentTablePId], [b].[Tds]
      FROM [BillTables] AS [b]
      WHERE [b].[BillID] = @__p_0
info: Microsoft.EntityFrameworkCore.Infrastructure[10403]
      Entity Framework Core 6.0.21 initialized 'TransportMgmtContext' using provider 'Microsoft.EntityFrameworkCore.SqlServer:6.0.21' with options: CommandTimeout=120 
info: Microsoft.EntityFrameworkCore.Database.Command[20101]
      Executed DbCommand (2ms) [Parameters=[@__p_0='?' (DbType = Int32)], CommandType='Text', CommandTimeout='120']
      SELECT TOP(1) [b].[BillID], [b].[ActualAmount], [b].[BillDate], [b].[BillNum], [b].[BillType], [b].[FID], [b].[Gst], [b].[GstDate], [b].[PId], [b].[PaymentReceived], [b].[PaymentTablePId], [b].[Tds]
      FROM [BillTables] AS [b]
      WHERE [b].[BillID] = @__p_0
info: Microsoft.EntityFrameworkCore.Database.Command[20101]
      Executed DbCommand (2ms) [Parameters=[@p1='?' (DbType = Int32), @p0='?' (DbType = DateTime2)], CommandType='Text', CommandTimeout='120']
      SET NOCOUNT ON;
      UPDATE [BillTables] SET [GstDate] = @p0
      WHERE [BillID] = @p1;
      SELECT @@ROWCOUNT;
info: Microsoft.EntityFrameworkCore.Infrastructure[10403]
      Entity Framework Core 6.0.21 initialized 'TransportMgmtContext' using provider 'Microsoft.EntityFrameworkCore.SqlServer:6.0.21' with options: CommandTimeout=120 
info: Microsoft.EntityFrameworkCore.Database.Command[20101]
      Executed DbCommand (2ms) [Parameters=[], CommandType='Text', CommandTimeout='120']
      SELECT [t].[FID], [t].[Address], [t].[Code], [t].[CreatedBy], [t].[CreatedOn], [t].[FactoryName], [t].[Gstin], [t].[IsActive], [t].[ModifiedBy], [t].[ModifiedOn]
      FROM [TblFactories] AS [t]
info: Microsoft.EntityFrameworkCore.Database.Command[20101]
      Executed DbCommand (1ms) [Parameters=[], CommandType='Text', CommandTimeout='120']
      SELECT [b].[BillID], [b].[ActualAmount], [b].[BillDate], [b].[BillNum], [b].[BillType], [b].[FID], [b].[Gst], [b].[GstDate], [b].[PId], [b].[PaymentReceived], [b].[PaymentTablePId], [b].[Tds]
      FROM [BillTables] AS [b]
info: Microsoft.EntityFrameworkCore.Infrastructure[10403]
      Entity Framework Core 6.0.21 initialized 'TransportMgmtContext' using provider 'Microsoft.EntityFrameworkCore.SqlServer:6.0.21' with options: CommandTimeout=120 
info: Microsoft.EntityFrameworkCore.Database.Command[20101]
      Executed DbCommand (3ms) [Parameters=[@__p_0='?' (DbType = Int32)], CommandType='Text', CommandTimeout='120']
      SELECT TOP(1) [b].[BillID], [b].[ActualAmount], [b].[BillDate], [b].[BillNum], [b].[BillType], [b].[FID], [b].[Gst], [b].[GstDate], [b].[PId], [b].[PaymentReceived], [b].[PaymentTablePId], [b].[Tds]
      FROM [BillTables] AS [b]
      WHERE [b].[BillID] = @__p_0
info: Microsoft.EntityFrameworkCore.Infrastructure[10403]
      Entity Framework Core 6.0.21 initialized 'TransportMgmtContext' using provider 'Microsoft.EntityFrameworkCore.SqlServer:6.0.21' with options: CommandTimeout=120 
info: Microsoft.EntityFrameworkCore.Database.Command[20101]
      Executed DbCommand (2ms) [Parameters=[@__p_0='?' (DbType = Int32)], CommandType='Text', CommandTimeout='120']
      SELECT TOP(1) [b].[BillID], [b].[ActualAmount], [b].[BillDate], [b].[BillNum], [b].[BillType], [b].[FID], [b].[Gst], [b].[GstDate], [b].[PId], [b].[PaymentReceived], [b].[PaymentTablePId], [b].[Tds]
      FROM [BillTables] AS [b]
      WHERE [b].[BillID] = @__p_0
info: Microsoft.EntityFrameworkCore.Database.Command[20101]
      Executed DbCommand (1ms) [Parameters=[@p1='?' (DbType = Int32), @p0='?' (DbType = DateTime2)], CommandType='Text', CommandTimeout='120']
      SET NOCOUNT ON;
      UPDATE [BillTables] SET [GstDate] = @p0
      WHERE [BillID] = @p1;
      SELECT @@ROWCOUNT;
info: Microsoft.EntityFrameworkCore.Infrastructure[10403]
      Entity Framework Core 6.0.21 initialized 'TransportMgmtContext' using provider 'Microsoft.EntityFrameworkCore.SqlServer:6.0.21' with options: CommandTimeout=120 
info: Microsoft.EntityFrameworkCore.Database.Command[20101]
      Executed DbCommand (1ms) [Parameters=[], CommandType='Text', CommandTimeout='120']
      SELECT [t].[FID], [t].[Address], [t].[Code], [t].[CreatedBy], [t].[CreatedOn], [t].[FactoryName], [t].[Gstin], [t].[IsActive], [t].[ModifiedBy], [t].[ModifiedOn]
      FROM [TblFactories] AS [t]
info: Microsoft.EntityFrameworkCore.Database.Command[20101]
      Executed DbCommand (0ms) [Parameters=[], CommandType='Text', CommandTimeout='120']
      SELECT [b].[BillID], [b].[ActualAmount], [b].[BillDate], [b].[BillNum], [b].[BillType], [b].[FID], [b].[Gst], [b].[GstDate], [b].[PId], [b].[PaymentReceived], [b].[PaymentTablePId], [b].[Tds]
      FROM [BillTables] AS [b]
info: Microsoft.EntityFrameworkCore.Infrastructure[10403]
      Entity Framework Core 6.0.21 initialized 'TransportMgmtContext' using provider 'Microsoft.EntityFrameworkCore.SqlServer:6.0.21' with options: CommandTimeout=120 
info: Microsoft.EntityFrameworkCore.Database.Command[20101]
      Executed DbCommand (4ms) [Parameters=[@__p_0='?' (DbType = Int32)], CommandType='Text', CommandTimeout='120']
      SELECT TOP(1) [b].[BillID], [b].[ActualAmount], [b].[BillDate], [b].[BillNum], [b].[BillType], [b].[FID], [b].[Gst], [b].[GstDate], [b].[PId], [b].[PaymentReceived], [b].[PaymentTablePId], [b].[Tds]
      FROM [BillTables] AS [b]
      WHERE [b].[BillID] = @__p_0
info: Microsoft.EntityFrameworkCore.Infrastructure[10403]
      Entity Framework Core 6.0.21 initialized 'TransportMgmtContext' using provider 'Microsoft.EntityFrameworkCore.SqlServer:6.0.21' with options: CommandTimeout=120 
info: Microsoft.EntityFrameworkCore.Database.Command[20101]
      Executed DbCommand (2ms) [Parameters=[@__p_0='?' (DbType = Int32)], CommandType='Text', CommandTimeout='120']
      SELECT TOP(1) [b].[BillID], [b].[ActualAmount], [b].[BillDate], [b].[BillNum], [b].[BillType], [b].[FID], [b].[Gst], [b].[GstDate], [b].[PId], [b].[PaymentReceived], [b].[PaymentTablePId], [b].[Tds]
      FROM [BillTables] AS [b]
      WHERE [b].[BillID] = @__p_0
info: Microsoft.EntityFrameworkCore.Database.Command[20101]
      Executed DbCommand (3ms) [Parameters=[@p1='?' (DbType = Int32), @p0='?' (DbType = DateTime2)], CommandType='Text', CommandTimeout='120']
      SET NOCOUNT ON;
      UPDATE [BillTables] SET [GstDate] = @p0
      WHERE [BillID] = @p1;
      SELECT @@ROWCOUNT;
info: Microsoft.EntityFrameworkCore.Infrastructure[10403]
      Entity Framework Core 6.0.21 initialized 'TransportMgmtContext' using provider 'Microsoft.EntityFrameworkCore.SqlServer:6.0.21' with options: CommandTimeout=120 
info: Microsoft.EntityFrameworkCore.Database.Command[20101]
      Executed DbCommand (1ms) [Parameters=[], CommandType='Text', CommandTimeout='120']
      SELECT [t].[FID], [t].[Address], [t].[Code], [t].[CreatedBy], [t].[CreatedOn], [t].[FactoryName], [t].[Gstin], [t].[IsActive], [t].[ModifiedBy], [t].[ModifiedOn]
      FROM [TblFactories] AS [t]
info: Microsoft.EntityFrameworkCore.Database.Command[20101]
      Executed DbCommand (1ms) [Parameters=[], CommandType='Text', CommandTimeout='120']
      SELECT [b].[BillID], [b].[ActualAmount], [b].[BillDate], [b].[BillNum], [b].[BillType], [b].[FID], [b].[Gst], [b].[GstDate], [b].[PId], [b].[PaymentReceived], [b].[PaymentTablePId], [b].[Tds]
      FROM [BillTables] AS [b]
info: Microsoft.EntityFrameworkCore.Infrastructure[10403]
      Entity Framework Core 6.0.21 initialized 'TransportMgmtContext' using provider 'Microsoft.EntityFrameworkCore.SqlServer:6.0.21' with options: CommandTimeout=120 
info: Microsoft.EntityFrameworkCore.Database.Command[20101]
      Executed DbCommand (4ms) [Parameters=[@__p_0='?' (DbType = Int32)], CommandType='Text', CommandTimeout='120']
      SELECT TOP(1) [b].[BillID], [b].[ActualAmount], [b].[BillDate], [b].[BillNum], [b].[BillType], [b].[FID], [b].[Gst], [b].[GstDate], [b].[PId], [b].[PaymentReceived], [b].[PaymentTablePId], [b].[Tds]
      FROM [BillTables] AS [b]
      WHERE [b].[BillID] = @__p_0
info: Microsoft.EntityFrameworkCore.Infrastructure[10403]
      Entity Framework Core 6.0.21 initialized 'TransportMgmtContext' using provider 'Microsoft.EntityFrameworkCore.SqlServer:6.0.21' with options: CommandTimeout=120 
info: Microsoft.EntityFrameworkCore.Database.Command[20101]
      Executed DbCommand (1ms) [Parameters=[@__p_0='?' (DbType = Int32)], CommandType='Text', CommandTimeout='120']
      SELECT TOP(1) [b].[BillID], [b].[ActualAmount], [b].[BillDate], [b].[BillNum], [b].[BillType], [b].[FID], [b].[Gst], [b].[GstDate], [b].[PId], [b].[PaymentReceived], [b].[PaymentTablePId], [b].[Tds]
      FROM [BillTables] AS [b]
      WHERE [b].[BillID] = @__p_0
info: Microsoft.EntityFrameworkCore.Database.Command[20101]
      Executed DbCommand (3ms) [Parameters=[@p1='?' (DbType = Int32), @p0='?' (DbType = DateTime2)], CommandType='Text', CommandTimeout='120']
      SET NOCOUNT ON;
      UPDATE [BillTables] SET [GstDate] = @p0
      WHERE [BillID] = @p1;
      SELECT @@ROWCOUNT;
info: Microsoft.EntityFrameworkCore.Infrastructure[10403]
      Entity Framework Core 6.0.21 initialized 'TransportMgmtContext' using provider 'Microsoft.EntityFrameworkCore.SqlServer:6.0.21' with options: CommandTimeout=120 
info: Microsoft.EntityFrameworkCore.Database.Command[20101]
      Executed DbCommand (1ms) [Parameters=[], CommandType='Text', CommandTimeout='120']
      SELECT [t].[FID], [t].[Address], [t].[Code], [t].[CreatedBy], [t].[CreatedOn], [t].[FactoryName], [t].[Gstin], [t].[IsActive], [t].[ModifiedBy], [t].[ModifiedOn]
      FROM [TblFactories] AS [t]
info: Microsoft.EntityFrameworkCore.Database.Command[20101]
      Executed DbCommand (3ms) [Parameters=[], CommandType='Text', CommandTimeout='120']
      SELECT [b].[BillID], [b].[ActualAmount], [b].[BillDate], [b].[BillNum], [b].[BillType], [b].[FID], [b].[Gst], [b].[GstDate], [b].[PId], [b].[PaymentReceived], [b].[PaymentTablePId], [b].[Tds]
      FROM [BillTables] AS [b]
info: Microsoft.EntityFrameworkCore.Infrastructure[10403]
      Entity Framework Core 6.0.21 initialized 'TransportMgmtContext' using provider 'Microsoft.EntityFrameworkCore.SqlServer:6.0.21' with options: CommandTimeout=120 
info: Microsoft.EntityFrameworkCore.Database.Command[20101]
      Executed DbCommand (3ms) [Parameters=[@__p_0='?' (DbType = Int32)], CommandType='Text', CommandTimeout='120']
      SELECT TOP(1) [b].[BillID], [b].[ActualAmount], [b].[BillDate], [b].[BillNum], [b].[BillType], [b].[FID], [b].[Gst], [b].[GstDate], [b].[PId], [b].[PaymentReceived], [b].[PaymentTablePId], [b].[Tds]
      FROM [BillTables] AS [b]
      WHERE [b].[BillID] = @__p_0
info: Microsoft.EntityFrameworkCore.Infrastructure[10403]
      Entity Framework Core 6.0.21 initialized 'TransportMgmtContext' using provider 'Microsoft.EntityFrameworkCore.SqlServer:6.0.21' with options: CommandTimeout=120 
info: Microsoft.EntityFrameworkCore.Database.Command[20101]
      Executed DbCommand (3ms) [Parameters=[@__p_0='?' (DbType = Int32)], CommandType='Text', CommandTimeout='120']
      SELECT TOP(1) [b].[BillID], [b].[ActualAmount], [b].[BillDate], [b].[BillNum], [b].[BillType], [b].[FID], [b].[Gst], [b].[GstDate], [b].[PId], [b].[PaymentReceived], [b].[PaymentTablePId], [b].[Tds]
      FROM [BillTables] AS [b]
      WHERE [b].[BillID] = @__p_0
info: Microsoft.EntityFrameworkCore.Database.Command[20101]
      Executed DbCommand (3ms) [Parameters=[@p1='?' (DbType = Int32), @p0='?' (DbType = DateTime2)], CommandType='Text', CommandTimeout='120']
      SET NOCOUNT ON;
      UPDATE [BillTables] SET [GstDate] = @p0
      WHERE [BillID] = @p1;
      SELECT @@ROWCOUNT;
info: Microsoft.EntityFrameworkCore.Infrastructure[10403]
      Entity Framework Core 6.0.21 initialized 'TransportMgmtContext' using provider 'Microsoft.EntityFrameworkCore.SqlServer:6.0.21' with options: CommandTimeout=120 
info: Microsoft.EntityFrameworkCore.Database.Command[20101]
      Executed DbCommand (1ms) [Parameters=[], CommandType='Text', CommandTimeout='120']
      SELECT [t].[FID], [t].[Address], [t].[Code], [t].[CreatedBy], [t].[CreatedOn], [t].[FactoryName], [t].[Gstin], [t].[IsActive], [t].[ModifiedBy], [t].[ModifiedOn]
      FROM [TblFactories] AS [t]
info: Microsoft.EntityFrameworkCore.Database.Command[20101]
      Executed DbCommand (5ms) [Parameters=[], CommandType='Text', CommandTimeout='120']
      SELECT [b].[BillID], [b].[ActualAmount], [b].[BillDate], [b].[BillNum], [b].[BillType], [b].[FID], [b].[Gst], [b].[GstDate], [b].[PId], [b].[PaymentReceived], [b].[PaymentTablePId], [b].[Tds]
      FROM [BillTables] AS [b]
info: Microsoft.EntityFrameworkCore.Infrastructure[10403]
      Entity Framework Core 6.0.21 initialized 'TransportMgmtContext' using provider 'Microsoft.EntityFrameworkCore.SqlServer:6.0.21' with options: CommandTimeout=120 
info: Microsoft.EntityFrameworkCore.Database.Command[20101]
      Executed DbCommand (11ms) [Parameters=[@__p_0='?' (DbType = Int32)], CommandType='Text', CommandTimeout='120']
      SELECT TOP(1) [b].[BillID], [b].[ActualAmount], [b].[BillDate], [b].[BillNum], [b].[BillType], [b].[FID], [b].[Gst], [b].[GstDate], [b].[PId], [b].[PaymentReceived], [b].[PaymentTablePId], [b].[Tds]
      FROM [BillTables] AS [b]
      WHERE [b].[BillID] = @__p_0
info: Microsoft.EntityFrameworkCore.Infrastructure[10403]
      Entity Framework Core 6.0.21 initialized 'TransportMgmtContext' using provider 'Microsoft.EntityFrameworkCore.SqlServer:6.0.21' with options: CommandTimeout=120 
info: Microsoft.EntityFrameworkCore.Database.Command[20101]
      Executed DbCommand (2ms) [Parameters=[@__p_0='?' (DbType = Int32)], CommandType='Text', CommandTimeout='120']
      SELECT TOP(1) [b].[BillID], [b].[ActualAmount], [b].[BillDate], [b].[BillNum], [b].[BillType], [b].[FID], [b].[Gst], [b].[GstDate], [b].[PId], [b].[PaymentReceived], [b].[PaymentTablePId], [b].[Tds]
      FROM [BillTables] AS [b]
      WHERE [b].[BillID] = @__p_0
info: Microsoft.EntityFrameworkCore.Database.Command[20101]
      Executed DbCommand (2ms) [Parameters=[@p1='?' (DbType = Int32), @p0='?' (DbType = DateTime2)], CommandType='Text', CommandTimeout='120']
      SET NOCOUNT ON;
      UPDATE [BillTables] SET [GstDate] = @p0
      WHERE [BillID] = @p1;
      SELECT @@ROWCOUNT;
info: Microsoft.EntityFrameworkCore.Infrastructure[10403]
      Entity Framework Core 6.0.21 initialized 'TransportMgmtContext' using provider 'Microsoft.EntityFrameworkCore.SqlServer:6.0.21' with options: CommandTimeout=120 
info: Microsoft.EntityFrameworkCore.Database.Command[20101]
      Executed DbCommand (2ms) [Parameters=[], CommandType='Text', CommandTimeout='120']
      SELECT [t].[FID], [t].[Address], [t].[Code], [t].[CreatedBy], [t].[CreatedOn], [t].[FactoryName], [t].[Gstin], [t].[IsActive], [t].[ModifiedBy], [t].[ModifiedOn]
      FROM [TblFactories] AS [t]
info: Microsoft.EntityFrameworkCore.Database.Command[20101]
      Executed DbCommand (1ms) [Parameters=[], CommandType='Text', CommandTimeout='120']
      SELECT [b].[BillID], [b].[ActualAmount], [b].[BillDate], [b].[BillNum], [b].[BillType], [b].[FID], [b].[Gst], [b].[GstDate], [b].[PId], [b].[PaymentReceived], [b].[PaymentTablePId], [b].[Tds]
      FROM [BillTables] AS [b]
info: Microsoft.EntityFrameworkCore.Infrastructure[10403]
      Entity Framework Core 6.0.21 initialized 'TransportMgmtContext' using provider 'Microsoft.EntityFrameworkCore.SqlServer:6.0.21' with options: CommandTimeout=120 
info: Microsoft.EntityFrameworkCore.Database.Command[20101]
      Executed DbCommand (6ms) [Parameters=[@__p_0='?' (DbType = Int32)], CommandType='Text', CommandTimeout='120']
      SELECT TOP(1) [b].[BillID], [b].[ActualAmount], [b].[BillDate], [b].[BillNum], [b].[BillType], [b].[FID], [b].[Gst], [b].[GstDate], [b].[PId], [b].[PaymentReceived], [b].[PaymentTablePId], [b].[Tds]
      FROM [BillTables] AS [b]
      WHERE [b].[BillID] = @__p_0
info: Microsoft.EntityFrameworkCore.Infrastructure[10403]
      Entity Framework Core 6.0.21 initialized 'TransportMgmtContext' using provider 'Microsoft.EntityFrameworkCore.SqlServer:6.0.21' with options: CommandTimeout=120 
info: Microsoft.EntityFrameworkCore.Database.Command[20101]
      Executed DbCommand (1ms) [Parameters=[@__p_0='?' (DbType = Int32)], CommandType='Text', CommandTimeout='120']
      SELECT TOP(1) [b].[BillID], [b].[ActualAmount], [b].[BillDate], [b].[BillNum], [b].[BillType], [b].[FID], [b].[Gst], [b].[GstDate], [b].[PId], [b].[PaymentReceived], [b].[PaymentTablePId], [b].[Tds]
      FROM [BillTables] AS [b]
      WHERE [b].[BillID] = @__p_0
info: Microsoft.EntityFrameworkCore.Database.Command[20101]
      Executed DbCommand (4ms) [Parameters=[@p1='?' (DbType = Int32), @p0='?' (DbType = DateTime2)], CommandType='Text', CommandTimeout='120']
      SET NOCOUNT ON;
      UPDATE [BillTables] SET [GstDate] = @p0
      WHERE [BillID] = @p1;
      SELECT @@ROWCOUNT;
info: Microsoft.EntityFrameworkCore.Infrastructure[10403]
      Entity Framework Core 6.0.21 initialized 'TransportMgmtContext' using provider 'Microsoft.EntityFrameworkCore.SqlServer:6.0.21' with options: CommandTimeout=120 
info: Microsoft.EntityFrameworkCore.Database.Command[20101]
      Executed DbCommand (1ms) [Parameters=[], CommandType='Text', CommandTimeout='120']
      SELECT [t].[FID], [t].[Address], [t].[Code], [t].[CreatedBy], [t].[CreatedOn], [t].[FactoryName], [t].[Gstin], [t].[IsActive], [t].[ModifiedBy], [t].[ModifiedOn]
      FROM [TblFactories] AS [t]
info: Microsoft.EntityFrameworkCore.Database.Command[20101]
      Executed DbCommand (2ms) [Parameters=[], CommandType='Text', CommandTimeout='120']
      SELECT [b].[BillID], [b].[ActualAmount], [b].[BillDate], [b].[BillNum], [b].[BillType], [b].[FID], [b].[Gst], [b].[GstDate], [b].[PId], [b].[PaymentReceived], [b].[PaymentTablePId], [b].[Tds]
      FROM [BillTables] AS [b]
info: Microsoft.EntityFrameworkCore.Infrastructure[10403]
      Entity Framework Core 6.0.21 initialized 'TransportMgmtContext' using provider 'Microsoft.EntityFrameworkCore.SqlServer:6.0.21' with options: CommandTimeout=120 
info: Microsoft.EntityFrameworkCore.Database.Command[20101]
      Executed DbCommand (4ms) [Parameters=[@__p_0='?' (DbType = Int32)], CommandType='Text', CommandTimeout='120']
      SELECT TOP(1) [b].[BillID], [b].[ActualAmount], [b].[BillDate], [b].[BillNum], [b].[BillType], [b].[FID], [b].[Gst], [b].[GstDate], [b].[PId], [b].[PaymentReceived], [b].[PaymentTablePId], [b].[Tds]
      FROM [BillTables] AS [b]
      WHERE [b].[BillID] = @__p_0
info: Microsoft.EntityFrameworkCore.Infrastructure[10403]
      Entity Framework Core 6.0.21 initialized 'TransportMgmtContext' using provider 'Microsoft.EntityFrameworkCore.SqlServer:6.0.21' with options: CommandTimeout=120 
info: Microsoft.EntityFrameworkCore.Database.Command[20101]
      Executed DbCommand (3ms) [Parameters=[@__p_0='?' (DbType = Int32)], CommandType='Text', CommandTimeout='120']
      SELECT TOP(1) [b].[BillID], [b].[ActualAmount], [b].[BillDate], [b].[BillNum], [b].[BillType], [b].[FID], [b].[Gst], [b].[GstDate], [b].[PId], [b].[PaymentReceived], [b].[PaymentTablePId], [b].[Tds]
      FROM [BillTables] AS [b]
      WHERE [b].[BillID] = @__p_0
info: Microsoft.EntityFrameworkCore.Database.Command[20101]
      Executed DbCommand (5ms) [Parameters=[@p1='?' (DbType = Int32), @p0='?' (DbType = DateTime2)], CommandType='Text', CommandTimeout='120']
      SET NOCOUNT ON;
      UPDATE [BillTables] SET [GstDate] = @p0
      WHERE [BillID] = @p1;
      SELECT @@ROWCOUNT;
info: Microsoft.EntityFrameworkCore.Infrastructure[10403]
      Entity Framework Core 6.0.21 initialized 'TransportMgmtContext' using provider 'Microsoft.EntityFrameworkCore.SqlServer:6.0.21' with options: CommandTimeout=120 
info: Microsoft.EntityFrameworkCore.Database.Command[20101]
      Executed DbCommand (1ms) [Parameters=[], CommandType='Text', CommandTimeout='120']
      SELECT [t].[FID], [t].[Address], [t].[Code], [t].[CreatedBy], [t].[CreatedOn], [t].[FactoryName], [t].[Gstin], [t].[IsActive], [t].[ModifiedBy], [t].[ModifiedOn]
      FROM [TblFactories] AS [t]
info: Microsoft.EntityFrameworkCore.Database.Command[20101]
      Executed DbCommand (1ms) [Parameters=[], CommandType='Text', CommandTimeout='120']
      SELECT [b].[BillID], [b].[ActualAmount], [b].[BillDate], [b].[BillNum], [b].[BillType], [b].[FID], [b].[Gst], [b].[GstDate], [b].[PId], [b].[PaymentReceived], [b].[PaymentTablePId], [b].[Tds]
      FROM [BillTables] AS [b]
info: Microsoft.EntityFrameworkCore.Infrastructure[10403]
      Entity Framework Core 6.0.21 initialized 'TransportMgmtContext' using provider 'Microsoft.EntityFrameworkCore.SqlServer:6.0.21' with options: CommandTimeout=120 
info: Microsoft.EntityFrameworkCore.Database.Command[20101]
      Executed DbCommand (3ms) [Parameters=[@__p_0='?' (DbType = Int32)], CommandType='Text', CommandTimeout='120']
      SELECT TOP(1) [b].[BillID], [b].[ActualAmount], [b].[BillDate], [b].[BillNum], [b].[BillType], [b].[FID], [b].[Gst], [b].[GstDate], [b].[PId], [b].[PaymentReceived], [b].[PaymentTablePId], [b].[Tds]
      FROM [BillTables] AS [b]
      WHERE [b].[BillID] = @__p_0
info: Microsoft.EntityFrameworkCore.Infrastructure[10403]
      Entity Framework Core 6.0.21 initialized 'TransportMgmtContext' using provider 'Microsoft.EntityFrameworkCore.SqlServer:6.0.21' with options: CommandTimeout=120 
info: Microsoft.EntityFrameworkCore.Database.Command[20101]
      Executed DbCommand (3ms) [Parameters=[@__p_0='?' (DbType = Int32)], CommandType='Text', CommandTimeout='120']
      SELECT TOP(1) [b].[BillID], [b].[ActualAmount], [b].[BillDate], [b].[BillNum], [b].[BillType], [b].[FID], [b].[Gst], [b].[GstDate], [b].[PId], [b].[PaymentReceived], [b].[PaymentTablePId], [b].[Tds]
      FROM [BillTables] AS [b]
      WHERE [b].[BillID] = @__p_0
info: Microsoft.EntityFrameworkCore.Database.Command[20101]
      Executed DbCommand (4ms) [Parameters=[@p1='?' (DbType = Int32), @p0='?' (DbType = DateTime2)], CommandType='Text', CommandTimeout='120']
      SET NOCOUNT ON;
      UPDATE [BillTables] SET [GstDate] = @p0
      WHERE [BillID] = @p1;
      SELECT @@ROWCOUNT;
info: Microsoft.EntityFrameworkCore.Infrastructure[10403]
      Entity Framework Core 6.0.21 initialized 'TransportMgmtContext' using provider 'Microsoft.EntityFrameworkCore.SqlServer:6.0.21' with options: CommandTimeout=120 
info: Microsoft.EntityFrameworkCore.Database.Command[20101]
      Executed DbCommand (2ms) [Parameters=[], CommandType='Text', CommandTimeout='120']
      SELECT [t].[FID], [t].[Address], [t].[Code], [t].[CreatedBy], [t].[CreatedOn], [t].[FactoryName], [t].[Gstin], [t].[IsActive], [t].[ModifiedBy], [t].[ModifiedOn]
      FROM [TblFactories] AS [t]
info: Microsoft.EntityFrameworkCore.Database.Command[20101]
      Executed DbCommand (1ms) [Parameters=[], CommandType='Text', CommandTimeout='120']
      SELECT [b].[BillID], [b].[ActualAmount], [b].[BillDate], [b].[BillNum], [b].[BillType], [b].[FID], [b].[Gst], [b].[GstDate], [b].[PId], [b].[PaymentReceived], [b].[PaymentTablePId], [b].[Tds]
      FROM [BillTables] AS [b]
info: Microsoft.EntityFrameworkCore.Infrastructure[10403]
      Entity Framework Core 6.0.21 initialized 'TransportMgmtContext' using provider 'Microsoft.EntityFrameworkCore.SqlServer:6.0.21' with options: CommandTimeout=120 
info: Microsoft.EntityFrameworkCore.Database.Command[20101]
      Executed DbCommand (4ms) [Parameters=[@__p_0='?' (DbType = Int32)], CommandType='Text', CommandTimeout='120']
      SELECT TOP(1) [b].[BillID], [b].[ActualAmount], [b].[BillDate], [b].[BillNum], [b].[BillType], [b].[FID], [b].[Gst], [b].[GstDate], [b].[PId], [b].[PaymentReceived], [b].[PaymentTablePId], [b].[Tds]
      FROM [BillTables] AS [b]
      WHERE [b].[BillID] = @__p_0
info: Microsoft.EntityFrameworkCore.Infrastructure[10403]
      Entity Framework Core 6.0.21 initialized 'TransportMgmtContext' using provider 'Microsoft.EntityFrameworkCore.SqlServer:6.0.21' with options: CommandTimeout=120 
info: Microsoft.EntityFrameworkCore.Database.Command[20101]
      Executed DbCommand (4ms) [Parameters=[@__p_0='?' (DbType = Int32)], CommandType='Text', CommandTimeout='120']
      SELECT TOP(1) [b].[BillID], [b].[ActualAmount], [b].[BillDate], [b].[BillNum], [b].[BillType], [b].[FID], [b].[Gst], [b].[GstDate], [b].[PId], [b].[PaymentReceived], [b].[PaymentTablePId], [b].[Tds]
      FROM [BillTables] AS [b]
      WHERE [b].[BillID] = @__p_0
info: Microsoft.EntityFrameworkCore.Database.Command[20101]
      Executed DbCommand (2ms) [Parameters=[@p1='?' (DbType = Int32), @p0='?' (DbType = DateTime2)], CommandType='Text', CommandTimeout='120']
      SET NOCOUNT ON;
      UPDATE [BillTables] SET [GstDate] = @p0
      WHERE [BillID] = @p1;
      SELECT @@ROWCOUNT;
info: Microsoft.EntityFrameworkCore.Infrastructure[10403]
      Entity Framework Core 6.0.21 initialized 'TransportMgmtContext' using provider 'Microsoft.EntityFrameworkCore.SqlServer:6.0.21' with options: CommandTimeout=120 
info: Microsoft.EntityFrameworkCore.Database.Command[20101]
      Executed DbCommand (1ms) [Parameters=[], CommandType='Text', CommandTimeout='120']
      SELECT [t].[FID], [t].[Address], [t].[Code], [t].[CreatedBy], [t].[CreatedOn], [t].[FactoryName], [t].[Gstin], [t].[IsActive], [t].[ModifiedBy], [t].[ModifiedOn]
      FROM [TblFactories] AS [t]
info: Microsoft.EntityFrameworkCore.Database.Command[20101]
      Executed DbCommand (2ms) [Parameters=[], CommandType='Text', CommandTimeout='120']
      SELECT [b].[BillID], [b].[ActualAmount], [b].[BillDate], [b].[BillNum], [b].[BillType], [b].[FID], [b].[Gst], [b].[GstDate], [b].[PId], [b].[PaymentReceived], [b].[PaymentTablePId], [b].[Tds]
      FROM [BillTables] AS [b]
info: Microsoft.EntityFrameworkCore.Infrastructure[10403]
      Entity Framework Core 6.0.21 initialized 'TransportMgmtContext' using provider 'Microsoft.EntityFrameworkCore.SqlServer:6.0.21' with options: CommandTimeout=120 
info: Microsoft.EntityFrameworkCore.Database.Command[20101]
      Executed DbCommand (6ms) [Parameters=[@__p_0='?' (DbType = Int32)], CommandType='Text', CommandTimeout='120']
      SELECT TOP(1) [b].[BillID], [b].[ActualAmount], [b].[BillDate], [b].[BillNum], [b].[BillType], [b].[FID], [b].[Gst], [b].[GstDate], [b].[PId], [b].[PaymentReceived], [b].[PaymentTablePId], [b].[Tds]
      FROM [BillTables] AS [b]
      WHERE [b].[BillID] = @__p_0
info: Microsoft.EntityFrameworkCore.Infrastructure[10403]
      Entity Framework Core 6.0.21 initialized 'TransportMgmtContext' using provider 'Microsoft.EntityFrameworkCore.SqlServer:6.0.21' with options: CommandTimeout=120 
info: Microsoft.EntityFrameworkCore.Database.Command[20101]
      Executed DbCommand (7ms) [Parameters=[@__p_0='?' (DbType = Int32)], CommandType='Text', CommandTimeout='120']
      SELECT TOP(1) [b].[BillID], [b].[ActualAmount], [b].[BillDate], [b].[BillNum], [b].[BillType], [b].[FID], [b].[Gst], [b].[GstDate], [b].[PId], [b].[PaymentReceived], [b].[PaymentTablePId], [b].[Tds]
      FROM [BillTables] AS [b]
      WHERE [b].[BillID] = @__p_0
info: Microsoft.EntityFrameworkCore.Database.Command[20101]
      Executed DbCommand (4ms) [Parameters=[@p1='?' (DbType = Int32), @p0='?' (DbType = DateTime2)], CommandType='Text', CommandTimeout='120']
      SET NOCOUNT ON;
      UPDATE [BillTables] SET [GstDate] = @p0
      WHERE [BillID] = @p1;
      SELECT @@ROWCOUNT;
info: Microsoft.EntityFrameworkCore.Infrastructure[10403]
      Entity Framework Core 6.0.21 initialized 'TransportMgmtContext' using provider 'Microsoft.EntityFrameworkCore.SqlServer:6.0.21' with options: CommandTimeout=120 
info: Microsoft.EntityFrameworkCore.Database.Command[20101]
      Executed DbCommand (2ms) [Parameters=[], CommandType='Text', CommandTimeout='120']
      SELECT [t].[FID], [t].[Address], [t].[Code], [t].[CreatedBy], [t].[CreatedOn], [t].[FactoryName], [t].[Gstin], [t].[IsActive], [t].[ModifiedBy], [t].[ModifiedOn]
      FROM [TblFactories] AS [t]
info: Microsoft.EntityFrameworkCore.Database.Command[20101]
      Executed DbCommand (4ms) [Parameters=[], CommandType='Text', CommandTimeout='120']
      SELECT [b].[BillID], [b].[ActualAmount], [b].[BillDate], [b].[BillNum], [b].[BillType], [b].[FID], [b].[Gst], [b].[GstDate], [b].[PId], [b].[PaymentReceived], [b].[PaymentTablePId], [b].[Tds]
      FROM [BillTables] AS [b]
info: Microsoft.EntityFrameworkCore.Infrastructure[10403]
      Entity Framework Core 6.0.21 initialized 'TransportMgmtContext' using provider 'Microsoft.EntityFrameworkCore.SqlServer:6.0.21' with options: CommandTimeout=120 
info: Microsoft.EntityFrameworkCore.Database.Command[20101]
      Executed DbCommand (3ms) [Parameters=[@__p_0='?' (DbType = Int32)], CommandType='Text', CommandTimeout='120']
      SELECT TOP(1) [b].[BillID], [b].[ActualAmount], [b].[BillDate], [b].[BillNum], [b].[BillType], [b].[FID], [b].[Gst], [b].[GstDate], [b].[PId], [b].[PaymentReceived], [b].[PaymentTablePId], [b].[Tds]
      FROM [BillTables] AS [b]
      WHERE [b].[BillID] = @__p_0
info: Microsoft.EntityFrameworkCore.Infrastructure[10403]
      Entity Framework Core 6.0.21 initialized 'TransportMgmtContext' using provider 'Microsoft.EntityFrameworkCore.SqlServer:6.0.21' with options: CommandTimeout=120 
info: Microsoft.EntityFrameworkCore.Database.Command[20101]
      Executed DbCommand (3ms) [Parameters=[@__p_0='?' (DbType = Int32)], CommandType='Text', CommandTimeout='120']
      SELECT TOP(1) [b].[BillID], [b].[ActualAmount], [b].[BillDate], [b].[BillNum], [b].[BillType], [b].[FID], [b].[Gst], [b].[GstDate], [b].[PId], [b].[PaymentReceived], [b].[PaymentTablePId], [b].[Tds]
      FROM [BillTables] AS [b]
      WHERE [b].[BillID] = @__p_0
info: Microsoft.EntityFrameworkCore.Database.Command[20101]
      Executed DbCommand (3ms) [Parameters=[@p1='?' (DbType = Int32), @p0='?' (DbType = DateTime2)], CommandType='Text', CommandTimeout='120']
      SET NOCOUNT ON;
      UPDATE [BillTables] SET [GstDate] = @p0
      WHERE [BillID] = @p1;
      SELECT @@ROWCOUNT;
info: Microsoft.EntityFrameworkCore.Infrastructure[10403]
      Entity Framework Core 6.0.21 initialized 'TransportMgmtContext' using provider 'Microsoft.EntityFrameworkCore.SqlServer:6.0.21' with options: CommandTimeout=120 
info: Microsoft.EntityFrameworkCore.Database.Command[20101]
      Executed DbCommand (5ms) [Parameters=[], CommandType='Text', CommandTimeout='120']
      SELECT [t].[FID], [t].[Address], [t].[Code], [t].[CreatedBy], [t].[CreatedOn], [t].[FactoryName], [t].[Gstin], [t].[IsActive], [t].[ModifiedBy], [t].[ModifiedOn]
      FROM [TblFactories] AS [t]
info: Microsoft.EntityFrameworkCore.Database.Command[20101]
      Executed DbCommand (2ms) [Parameters=[], CommandType='Text', CommandTimeout='120']
      SELECT [b].[BillID], [b].[ActualAmount], [b].[BillDate], [b].[BillNum], [b].[BillType], [b].[FID], [b].[Gst], [b].[GstDate], [b].[PId], [b].[PaymentReceived], [b].[PaymentTablePId], [b].[Tds]
      FROM [BillTables] AS [b]
info: Microsoft.EntityFrameworkCore.Infrastructure[10403]
      Entity Framework Core 6.0.21 initialized 'TransportMgmtContext' using provider 'Microsoft.EntityFrameworkCore.SqlServer:6.0.21' with options: CommandTimeout=120 
info: Microsoft.EntityFrameworkCore.Database.Command[20101]
      Executed DbCommand (4ms) [Parameters=[@__p_0='?' (DbType = Int32)], CommandType='Text', CommandTimeout='120']
      SELECT TOP(1) [b].[BillID], [b].[ActualAmount], [b].[BillDate], [b].[BillNum], [b].[BillType], [b].[FID], [b].[Gst], [b].[GstDate], [b].[PId], [b].[PaymentReceived], [b].[PaymentTablePId], [b].[Tds]
      FROM [BillTables] AS [b]
      WHERE [b].[BillID] = @__p_0
info: Microsoft.EntityFrameworkCore.Infrastructure[10403]
      Entity Framework Core 6.0.21 initialized 'TransportMgmtContext' using provider 'Microsoft.EntityFrameworkCore.SqlServer:6.0.21' with options: CommandTimeout=120 
info: Microsoft.EntityFrameworkCore.Database.Command[20101]
      Executed DbCommand (1ms) [Parameters=[@__p_0='?' (DbType = Int32)], CommandType='Text', CommandTimeout='120']
      SELECT TOP(1) [b].[BillID], [b].[ActualAmount], [b].[BillDate], [b].[BillNum], [b].[BillType], [b].[FID], [b].[Gst], [b].[GstDate], [b].[PId], [b].[PaymentReceived], [b].[PaymentTablePId], [b].[Tds]
      FROM [BillTables] AS [b]
      WHERE [b].[BillID] = @__p_0
info: Microsoft.EntityFrameworkCore.Database.Command[20101]
      Executed DbCommand (3ms) [Parameters=[@p1='?' (DbType = Int32), @p0='?' (DbType = DateTime2)], CommandType='Text', CommandTimeout='120']
      SET NOCOUNT ON;
      UPDATE [BillTables] SET [GstDate] = @p0
      WHERE [BillID] = @p1;
      SELECT @@ROWCOUNT;
info: Microsoft.EntityFrameworkCore.Infrastructure[10403]
      Entity Framework Core 6.0.21 initialized 'TransportMgmtContext' using provider 'Microsoft.EntityFrameworkCore.SqlServer:6.0.21' with options: CommandTimeout=120 
info: Microsoft.EntityFrameworkCore.Database.Command[20101]
      Executed DbCommand (1ms) [Parameters=[], CommandType='Text', CommandTimeout='120']
      SELECT [t].[FID], [t].[Address], [t].[Code], [t].[CreatedBy], [t].[CreatedOn], [t].[FactoryName], [t].[Gstin], [t].[IsActive], [t].[ModifiedBy], [t].[ModifiedOn]
      FROM [TblFactories] AS [t]
info: Microsoft.EntityFrameworkCore.Database.Command[20101]
      Executed DbCommand (1ms) [Parameters=[], CommandType='Text', CommandTimeout='120']
      SELECT [b].[BillID], [b].[ActualAmount], [b].[BillDate], [b].[BillNum], [b].[BillType], [b].[FID], [b].[Gst], [b].[GstDate], [b].[PId], [b].[PaymentReceived], [b].[PaymentTablePId], [b].[Tds]
      FROM [BillTables] AS [b]
info: Microsoft.EntityFrameworkCore.Infrastructure[10403]
      Entity Framework Core 6.0.21 initialized 'TransportMgmtContext' using provider 'Microsoft.EntityFrameworkCore.SqlServer:6.0.21' with options: CommandTimeout=120 
info: Microsoft.EntityFrameworkCore.Database.Command[20101]
      Executed DbCommand (3ms) [Parameters=[@__p_0='?' (DbType = Int32)], CommandType='Text', CommandTimeout='120']
      SELECT TOP(1) [b].[BillID], [b].[ActualAmount], [b].[BillDate], [b].[BillNum], [b].[BillType], [b].[FID], [b].[Gst], [b].[GstDate], [b].[PId], [b].[PaymentReceived], [b].[PaymentTablePId], [b].[Tds]
      FROM [BillTables] AS [b]
      WHERE [b].[BillID] = @__p_0
info: Microsoft.EntityFrameworkCore.Infrastructure[10403]
      Entity Framework Core 6.0.21 initialized 'TransportMgmtContext' using provider 'Microsoft.EntityFrameworkCore.SqlServer:6.0.21' with options: CommandTimeout=120 
info: Microsoft.EntityFrameworkCore.Database.Command[20101]
      Executed DbCommand (3ms) [Parameters=[@__p_0='?' (DbType = Int32)], CommandType='Text', CommandTimeout='120']
      SELECT TOP(1) [b].[BillID], [b].[ActualAmount], [b].[BillDate], [b].[BillNum], [b].[BillType], [b].[FID], [b].[Gst], [b].[GstDate], [b].[PId], [b].[PaymentReceived], [b].[PaymentTablePId], [b].[Tds]
      FROM [BillTables] AS [b]
      WHERE [b].[BillID] = @__p_0
info: Microsoft.EntityFrameworkCore.Database.Command[20101]
      Executed DbCommand (3ms) [Parameters=[@p1='?' (DbType = Int32), @p0='?' (DbType = DateTime2)], CommandType='Text', CommandTimeout='120']
      SET NOCOUNT ON;
      UPDATE [BillTables] SET [GstDate] = @p0
      WHERE [BillID] = @p1;
      SELECT @@ROWCOUNT;
info: Microsoft.EntityFrameworkCore.Infrastructure[10403]
      Entity Framework Core 6.0.21 initialized 'TransportMgmtContext' using provider 'Microsoft.EntityFrameworkCore.SqlServer:6.0.21' with options: CommandTimeout=120 
info: Microsoft.EntityFrameworkCore.Database.Command[20101]
      Executed DbCommand (1ms) [Parameters=[], CommandType='Text', CommandTimeout='120']
      SELECT [t].[FID], [t].[Address], [t].[Code], [t].[CreatedBy], [t].[CreatedOn], [t].[FactoryName], [t].[Gstin], [t].[IsActive], [t].[ModifiedBy], [t].[ModifiedOn]
      FROM [TblFactories] AS [t]
info: Microsoft.EntityFrameworkCore.Database.Command[20101]
      Executed DbCommand (4ms) [Parameters=[], CommandType='Text', CommandTimeout='120']
      SELECT [b].[BillID], [b].[ActualAmount], [b].[BillDate], [b].[BillNum], [b].[BillType], [b].[FID], [b].[Gst], [b].[GstDate], [b].[PId], [b].[PaymentReceived], [b].[PaymentTablePId], [b].[Tds]
      FROM [BillTables] AS [b]
info: Microsoft.EntityFrameworkCore.Infrastructure[10403]
      Entity Framework Core 6.0.21 initialized 'TransportMgmtContext' using provider 'Microsoft.EntityFrameworkCore.SqlServer:6.0.21' with options: CommandTimeout=120 
info: Microsoft.EntityFrameworkCore.Database.Command[20101]
      Executed DbCommand (3ms) [Parameters=[@__p_0='?' (DbType = Int32)], CommandType='Text', CommandTimeout='120']
      SELECT TOP(1) [b].[BillID], [b].[ActualAmount], [b].[BillDate], [b].[BillNum], [b].[BillType], [b].[FID], [b].[Gst], [b].[GstDate], [b].[PId], [b].[PaymentReceived], [b].[PaymentTablePId], [b].[Tds]
      FROM [BillTables] AS [b]
      WHERE [b].[BillID] = @__p_0
info: Microsoft.EntityFrameworkCore.Infrastructure[10403]
      Entity Framework Core 6.0.21 initialized 'TransportMgmtContext' using provider 'Microsoft.EntityFrameworkCore.SqlServer:6.0.21' with options: CommandTimeout=120 
info: Microsoft.EntityFrameworkCore.Database.Command[20101]
      Executed DbCommand (4ms) [Parameters=[@__p_0='?' (DbType = Int32)], CommandType='Text', CommandTimeout='120']
      SELECT TOP(1) [b].[BillID], [b].[ActualAmount], [b].[BillDate], [b].[BillNum], [b].[BillType], [b].[FID], [b].[Gst], [b].[GstDate], [b].[PId], [b].[PaymentReceived], [b].[PaymentTablePId], [b].[Tds]
      FROM [BillTables] AS [b]
      WHERE [b].[BillID] = @__p_0
info: Microsoft.EntityFrameworkCore.Database.Command[20101]
      Executed DbCommand (2ms) [Parameters=[@p1='?' (DbType = Int32), @p0='?' (DbType = DateTime2)], CommandType='Text', CommandTimeout='120']
      SET NOCOUNT ON;
      UPDATE [BillTables] SET [GstDate] = @p0
      WHERE [BillID] = @p1;
      SELECT @@ROWCOUNT;
info: Microsoft.EntityFrameworkCore.Infrastructure[10403]
      Entity Framework Core 6.0.21 initialized 'TransportMgmtContext' using provider 'Microsoft.EntityFrameworkCore.SqlServer:6.0.21' with options: CommandTimeout=120 
info: Microsoft.EntityFrameworkCore.Database.Command[20101]
      Executed DbCommand (1ms) [Parameters=[], CommandType='Text', CommandTimeout='120']
      SELECT [t].[FID], [t].[Address], [t].[Code], [t].[CreatedBy], [t].[CreatedOn], [t].[FactoryName], [t].[Gstin], [t].[IsActive], [t].[ModifiedBy], [t].[ModifiedOn]
      FROM [TblFactories] AS [t]
info: Microsoft.EntityFrameworkCore.Database.Command[20101]
      Executed DbCommand (3ms) [Parameters=[], CommandType='Text', CommandTimeout='120']
      SELECT [b].[BillID], [b].[ActualAmount], [b].[BillDate], [b].[BillNum], [b].[BillType], [b].[FID], [b].[Gst], [b].[GstDate], [b].[PId], [b].[PaymentReceived], [b].[PaymentTablePId], [b].[Tds]
      FROM [BillTables] AS [b]
info: Microsoft.EntityFrameworkCore.Infrastructure[10403]
      Entity Framework Core 6.0.21 initialized 'TransportMgmtContext' using provider 'Microsoft.EntityFrameworkCore.SqlServer:6.0.21' with options: CommandTimeout=120 
info: Microsoft.EntityFrameworkCore.Database.Command[20101]
      Executed DbCommand (6ms) [Parameters=[@__p_0='?' (DbType = Int32)], CommandType='Text', CommandTimeout='120']
      SELECT TOP(1) [b].[BillID], [b].[ActualAmount], [b].[BillDate], [b].[BillNum], [b].[BillType], [b].[FID], [b].[Gst], [b].[GstDate], [b].[PId], [b].[PaymentReceived], [b].[PaymentTablePId], [b].[Tds]
      FROM [BillTables] AS [b]
      WHERE [b].[BillID] = @__p_0
info: Microsoft.EntityFrameworkCore.Infrastructure[10403]
      Entity Framework Core 6.0.21 initialized 'TransportMgmtContext' using provider 'Microsoft.EntityFrameworkCore.SqlServer:6.0.21' with options: CommandTimeout=120 
info: Microsoft.EntityFrameworkCore.Database.Command[20101]
      Executed DbCommand (3ms) [Parameters=[@__p_0='?' (DbType = Int32)], CommandType='Text', CommandTimeout='120']
      SELECT TOP(1) [b].[BillID], [b].[ActualAmount], [b].[BillDate], [b].[BillNum], [b].[BillType], [b].[FID], [b].[Gst], [b].[GstDate], [b].[PId], [b].[PaymentReceived], [b].[PaymentTablePId], [b].[Tds]
      FROM [BillTables] AS [b]
      WHERE [b].[BillID] = @__p_0
info: Microsoft.EntityFrameworkCore.Database.Command[20101]
      Executed DbCommand (2ms) [Parameters=[@p1='?' (DbType = Int32), @p0='?' (DbType = DateTime2)], CommandType='Text', CommandTimeout='120']
      SET NOCOUNT ON;
      UPDATE [BillTables] SET [GstDate] = @p0
      WHERE [BillID] = @p1;
      SELECT @@ROWCOUNT;
info: Microsoft.EntityFrameworkCore.Infrastructure[10403]
      Entity Framework Core 6.0.21 initialized 'TransportMgmtContext' using provider 'Microsoft.EntityFrameworkCore.SqlServer:6.0.21' with options: CommandTimeout=120 
info: Microsoft.EntityFrameworkCore.Database.Command[20101]
      Executed DbCommand (1ms) [Parameters=[], CommandType='Text', CommandTimeout='120']
      SELECT [t].[FID], [t].[Address], [t].[Code], [t].[CreatedBy], [t].[CreatedOn], [t].[FactoryName], [t].[Gstin], [t].[IsActive], [t].[ModifiedBy], [t].[ModifiedOn]
      FROM [TblFactories] AS [t]
info: Microsoft.EntityFrameworkCore.Database.Command[20101]
      Executed DbCommand (2ms) [Parameters=[], CommandType='Text', CommandTimeout='120']
      SELECT [b].[BillID], [b].[ActualAmount], [b].[BillDate], [b].[BillNum], [b].[BillType], [b].[FID], [b].[Gst], [b].[GstDate], [b].[PId], [b].[PaymentReceived], [b].[PaymentTablePId], [b].[Tds]
      FROM [BillTables] AS [b]
info: Microsoft.EntityFrameworkCore.Infrastructure[10403]
      Entity Framework Core 6.0.21 initialized 'TransportMgmtContext' using provider 'Microsoft.EntityFrameworkCore.SqlServer:6.0.21' with options: CommandTimeout=120 
info: Microsoft.EntityFrameworkCore.Database.Command[20101]
      Executed DbCommand (3ms) [Parameters=[@__p_0='?' (DbType = Int32)], CommandType='Text', CommandTimeout='120']
      SELECT TOP(1) [b].[BillID], [b].[ActualAmount], [b].[BillDate], [b].[BillNum], [b].[BillType], [b].[FID], [b].[Gst], [b].[GstDate], [b].[PId], [b].[PaymentReceived], [b].[PaymentTablePId], [b].[Tds]
      FROM [BillTables] AS [b]
      WHERE [b].[BillID] = @__p_0
info: Microsoft.EntityFrameworkCore.Infrastructure[10403]
      Entity Framework Core 6.0.21 initialized 'TransportMgmtContext' using provider 'Microsoft.EntityFrameworkCore.SqlServer:6.0.21' with options: CommandTimeout=120 
info: Microsoft.EntityFrameworkCore.Database.Command[20101]
      Executed DbCommand (7ms) [Parameters=[@__p_0='?' (DbType = Int32)], CommandType='Text', CommandTimeout='120']
      SELECT TOP(1) [b].[BillID], [b].[ActualAmount], [b].[BillDate], [b].[BillNum], [b].[BillType], [b].[FID], [b].[Gst], [b].[GstDate], [b].[PId], [b].[PaymentReceived], [b].[PaymentTablePId], [b].[Tds]
      FROM [BillTables] AS [b]
      WHERE [b].[BillID] = @__p_0
info: Microsoft.EntityFrameworkCore.Database.Command[20101]
      Executed DbCommand (4ms) [Parameters=[@p1='?' (DbType = Int32), @p0='?' (DbType = DateTime2)], CommandType='Text', CommandTimeout='120']
      SET NOCOUNT ON;
      UPDATE [BillTables] SET [GstDate] = @p0
      WHERE [BillID] = @p1;
      SELECT @@ROWCOUNT;
info: Microsoft.EntityFrameworkCore.Infrastructure[10403]
      Entity Framework Core 6.0.21 initialized 'TransportMgmtContext' using provider 'Microsoft.EntityFrameworkCore.SqlServer:6.0.21' with options: CommandTimeout=120 
info: Microsoft.EntityFrameworkCore.Database.Command[20101]
      Executed DbCommand (3ms) [Parameters=[], CommandType='Text', CommandTimeout='120']
      SELECT [t].[FID], [t].[Address], [t].[Code], [t].[CreatedBy], [t].[CreatedOn], [t].[FactoryName], [t].[Gstin], [t].[IsActive], [t].[ModifiedBy], [t].[ModifiedOn]
      FROM [TblFactories] AS [t]
info: Microsoft.EntityFrameworkCore.Database.Command[20101]
      Executed DbCommand (4ms) [Parameters=[], CommandType='Text', CommandTimeout='120']
      SELECT [b].[BillID], [b].[ActualAmount], [b].[BillDate], [b].[BillNum], [b].[BillType], [b].[FID], [b].[Gst], [b].[GstDate], [b].[PId], [b].[PaymentReceived], [b].[PaymentTablePId], [b].[Tds]
      FROM [BillTables] AS [b]
info: Microsoft.EntityFrameworkCore.Infrastructure[10403]
      Entity Framework Core 6.0.21 initialized 'TransportMgmtContext' using provider 'Microsoft.EntityFrameworkCore.SqlServer:6.0.21' with options: CommandTimeout=120 
info: Microsoft.EntityFrameworkCore.Database.Command[20101]
      Executed DbCommand (3ms) [Parameters=[@__p_0='?' (DbType = Int32)], CommandType='Text', CommandTimeout='120']
      SELECT TOP(1) [b].[BillID], [b].[ActualAmount], [b].[BillDate], [b].[BillNum], [b].[BillType], [b].[FID], [b].[Gst], [b].[GstDate], [b].[PId], [b].[PaymentReceived], [b].[PaymentTablePId], [b].[Tds]
      FROM [BillTables] AS [b]
      WHERE [b].[BillID] = @__p_0
info: Microsoft.EntityFrameworkCore.Infrastructure[10403]
      Entity Framework Core 6.0.21 initialized 'TransportMgmtContext' using provider 'Microsoft.EntityFrameworkCore.SqlServer:6.0.21' with options: CommandTimeout=120 
info: Microsoft.EntityFrameworkCore.Database.Command[20101]
      Executed DbCommand (2ms) [Parameters=[@__p_0='?' (DbType = Int32)], CommandType='Text', CommandTimeout='120']
      SELECT TOP(1) [b].[BillID], [b].[ActualAmount], [b].[BillDate], [b].[BillNum], [b].[BillType], [b].[FID], [b].[Gst], [b].[GstDate], [b].[PId], [b].[PaymentReceived], [b].[PaymentTablePId], [b].[Tds]
      FROM [BillTables] AS [b]
      WHERE [b].[BillID] = @__p_0
info: Microsoft.EntityFrameworkCore.Database.Command[20101]
      Executed DbCommand (4ms) [Parameters=[@p1='?' (DbType = Int32), @p0='?' (DbType = DateTime2)], CommandType='Text', CommandTimeout='120']
      SET NOCOUNT ON;
      UPDATE [BillTables] SET [GstDate] = @p0
      WHERE [BillID] = @p1;
      SELECT @@ROWCOUNT;
info: Microsoft.EntityFrameworkCore.Infrastructure[10403]
      Entity Framework Core 6.0.21 initialized 'TransportMgmtContext' using provider 'Microsoft.EntityFrameworkCore.SqlServer:6.0.21' with options: CommandTimeout=120 
info: Microsoft.EntityFrameworkCore.Database.Command[20101]
      Executed DbCommand (1ms) [Parameters=[], CommandType='Text', CommandTimeout='120']
      SELECT [t].[FID], [t].[Address], [t].[Code], [t].[CreatedBy], [t].[CreatedOn], [t].[FactoryName], [t].[Gstin], [t].[IsActive], [t].[ModifiedBy], [t].[ModifiedOn]
      FROM [TblFactories] AS [t]
info: Microsoft.EntityFrameworkCore.Database.Command[20101]
      Executed DbCommand (1ms) [Parameters=[], CommandType='Text', CommandTimeout='120']
      SELECT [b].[BillID], [b].[ActualAmount], [b].[BillDate], [b].[BillNum], [b].[BillType], [b].[FID], [b].[Gst], [b].[GstDate], [b].[PId], [b].[PaymentReceived], [b].[PaymentTablePId], [b].[Tds]
      FROM [BillTables] AS [b]
info: Microsoft.EntityFrameworkCore.Infrastructure[10403]
      Entity Framework Core 6.0.21 initialized 'TransportMgmtContext' using provider 'Microsoft.EntityFrameworkCore.SqlServer:6.0.21' with options: CommandTimeout=120 
info: Microsoft.EntityFrameworkCore.Database.Command[20101]
      Executed DbCommand (3ms) [Parameters=[@__p_0='?' (DbType = Int32)], CommandType='Text', CommandTimeout='120']
      SELECT TOP(1) [b].[BillID], [b].[ActualAmount], [b].[BillDate], [b].[BillNum], [b].[BillType], [b].[FID], [b].[Gst], [b].[GstDate], [b].[PId], [b].[PaymentReceived], [b].[PaymentTablePId], [b].[Tds]
      FROM [BillTables] AS [b]
      WHERE [b].[BillID] = @__p_0
info: Microsoft.EntityFrameworkCore.Infrastructure[10403]
      Entity Framework Core 6.0.21 initialized 'TransportMgmtContext' using provider 'Microsoft.EntityFrameworkCore.SqlServer:6.0.21' with options: CommandTimeout=120 
info: Microsoft.EntityFrameworkCore.Database.Command[20101]
      Executed DbCommand (3ms) [Parameters=[@__p_0='?' (DbType = Int32)], CommandType='Text', CommandTimeout='120']
      SELECT TOP(1) [b].[BillID], [b].[ActualAmount], [b].[BillDate], [b].[BillNum], [b].[BillType], [b].[FID], [b].[Gst], [b].[GstDate], [b].[PId], [b].[PaymentReceived], [b].[PaymentTablePId], [b].[Tds]
      FROM [BillTables] AS [b]
      WHERE [b].[BillID] = @__p_0
info: Microsoft.EntityFrameworkCore.Database.Command[20101]
      Executed DbCommand (3ms) [Parameters=[@p1='?' (DbType = Int32), @p0='?' (DbType = DateTime2)], CommandType='Text', CommandTimeout='120']
      SET NOCOUNT ON;
      UPDATE [BillTables] SET [GstDate] = @p0
      WHERE [BillID] = @p1;
      SELECT @@ROWCOUNT;
info: Microsoft.EntityFrameworkCore.Infrastructure[10403]
      Entity Framework Core 6.0.21 initialized 'TransportMgmtContext' using provider 'Microsoft.EntityFrameworkCore.SqlServer:6.0.21' with options: CommandTimeout=120 
info: Microsoft.EntityFrameworkCore.Database.Command[20101]
      Executed DbCommand (1ms) [Parameters=[], CommandType='Text', CommandTimeout='120']
      SELECT [t].[FID], [t].[Address], [t].[Code], [t].[CreatedBy], [t].[CreatedOn], [t].[FactoryName], [t].[Gstin], [t].[IsActive], [t].[ModifiedBy], [t].[ModifiedOn]
      FROM [TblFactories] AS [t]
info: Microsoft.EntityFrameworkCore.Database.Command[20101]
      Executed DbCommand (1ms) [Parameters=[], CommandType='Text', CommandTimeout='120']
      SELECT [b].[BillID], [b].[ActualAmount], [b].[BillDate], [b].[BillNum], [b].[BillType], [b].[FID], [b].[Gst], [b].[GstDate], [b].[PId], [b].[PaymentReceived], [b].[PaymentTablePId], [b].[Tds]
      FROM [BillTables] AS [b]
info: Microsoft.EntityFrameworkCore.Infrastructure[10403]
      Entity Framework Core 6.0.21 initialized 'TransportMgmtContext' using provider 'Microsoft.EntityFrameworkCore.SqlServer:6.0.21' with options: CommandTimeout=120 
info: Microsoft.EntityFrameworkCore.Database.Command[20101]
      Executed DbCommand (3ms) [Parameters=[@__p_0='?' (DbType = Int32)], CommandType='Text', CommandTimeout='120']
      SELECT TOP(1) [b].[BillID], [b].[ActualAmount], [b].[BillDate], [b].[BillNum], [b].[BillType], [b].[FID], [b].[Gst], [b].[GstDate], [b].[PId], [b].[PaymentReceived], [b].[PaymentTablePId], [b].[Tds]
      FROM [BillTables] AS [b]
      WHERE [b].[BillID] = @__p_0
info: Microsoft.EntityFrameworkCore.Infrastructure[10403]
      Entity Framework Core 6.0.21 initialized 'TransportMgmtContext' using provider 'Microsoft.EntityFrameworkCore.SqlServer:6.0.21' with options: CommandTimeout=120 
info: Microsoft.EntityFrameworkCore.Database.Command[20101]
      Executed DbCommand (5ms) [Parameters=[@__p_0='?' (DbType = Int32)], CommandType='Text', CommandTimeout='120']
      SELECT TOP(1) [b].[BillID], [b].[ActualAmount], [b].[BillDate], [b].[BillNum], [b].[BillType], [b].[FID], [b].[Gst], [b].[GstDate], [b].[PId], [b].[PaymentReceived], [b].[PaymentTablePId], [b].[Tds]
      FROM [BillTables] AS [b]
      WHERE [b].[BillID] = @__p_0
info: Microsoft.EntityFrameworkCore.Database.Command[20101]
      Executed DbCommand (3ms) [Parameters=[@p1='?' (DbType = Int32), @p0='?' (DbType = DateTime2)], CommandType='Text', CommandTimeout='120']
      SET NOCOUNT ON;
      UPDATE [BillTables] SET [GstDate] = @p0
      WHERE [BillID] = @p1;
      SELECT @@ROWCOUNT;
info: Microsoft.EntityFrameworkCore.Infrastructure[10403]
      Entity Framework Core 6.0.21 initialized 'TransportMgmtContext' using provider 'Microsoft.EntityFrameworkCore.SqlServer:6.0.21' with options: CommandTimeout=120 
info: Microsoft.EntityFrameworkCore.Database.Command[20101]
      Executed DbCommand (2ms) [Parameters=[], CommandType='Text', CommandTimeout='120']
      SELECT [t].[FID], [t].[Address], [t].[Code], [t].[CreatedBy], [t].[CreatedOn], [t].[FactoryName], [t].[Gstin], [t].[IsActive], [t].[ModifiedBy], [t].[ModifiedOn]
      FROM [TblFactories] AS [t]
info: Microsoft.EntityFrameworkCore.Database.Command[20101]
      Executed DbCommand (2ms) [Parameters=[], CommandType='Text', CommandTimeout='120']
      SELECT [b].[BillID], [b].[ActualAmount], [b].[BillDate], [b].[BillNum], [b].[BillType], [b].[FID], [b].[Gst], [b].[GstDate], [b].[PId], [b].[PaymentReceived], [b].[PaymentTablePId], [b].[Tds]
      FROM [BillTables] AS [b]
info: Microsoft.EntityFrameworkCore.Infrastructure[10403]
      Entity Framework Core 6.0.21 initialized 'TransportMgmtContext' using provider 'Microsoft.EntityFrameworkCore.SqlServer:6.0.21' with options: CommandTimeout=120 
info: Microsoft.EntityFrameworkCore.Database.Command[20101]
      Executed DbCommand (4ms) [Parameters=[@__p_0='?' (DbType = Int32)], CommandType='Text', CommandTimeout='120']
      SELECT TOP(1) [b].[BillID], [b].[ActualAmount], [b].[BillDate], [b].[BillNum], [b].[BillType], [b].[FID], [b].[Gst], [b].[GstDate], [b].[PId], [b].[PaymentReceived], [b].[PaymentTablePId], [b].[Tds]
      FROM [BillTables] AS [b]
      WHERE [b].[BillID] = @__p_0
info: Microsoft.EntityFrameworkCore.Infrastructure[10403]
      Entity Framework Core 6.0.21 initialized 'TransportMgmtContext' using provider 'Microsoft.EntityFrameworkCore.SqlServer:6.0.21' with options: CommandTimeout=120 
info: Microsoft.EntityFrameworkCore.Database.Command[20101]
      Executed DbCommand (4ms) [Parameters=[@__p_0='?' (DbType = Int32)], CommandType='Text', CommandTimeout='120']
      SELECT TOP(1) [b].[BillID], [b].[ActualAmount], [b].[BillDate], [b].[BillNum], [b].[BillType], [b].[FID], [b].[Gst], [b].[GstDate], [b].[PId], [b].[PaymentReceived], [b].[PaymentTablePId], [b].[Tds]
      FROM [BillTables] AS [b]
      WHERE [b].[BillID] = @__p_0
info: Microsoft.EntityFrameworkCore.Database.Command[20101]
      Executed DbCommand (2ms) [Parameters=[@p1='?' (DbType = Int32), @p0='?' (DbType = DateTime2)], CommandType='Text', CommandTimeout='120']
      SET NOCOUNT ON;
      UPDATE [BillTables] SET [GstDate] = @p0
      WHERE [BillID] = @p1;
      SELECT @@ROWCOUNT;
info: Microsoft.EntityFrameworkCore.Infrastructure[10403]
      Entity Framework Core 6.0.21 initialized 'TransportMgmtContext' using provider 'Microsoft.EntityFrameworkCore.SqlServer:6.0.21' with options: CommandTimeout=120 
info: Microsoft.EntityFrameworkCore.Database.Command[20101]
      Executed DbCommand (1ms) [Parameters=[], CommandType='Text', CommandTimeout='120']
      SELECT [t].[FID], [t].[Address], [t].[Code], [t].[CreatedBy], [t].[CreatedOn], [t].[FactoryName], [t].[Gstin], [t].[IsActive], [t].[ModifiedBy], [t].[ModifiedOn]
      FROM [TblFactories] AS [t]
info: Microsoft.EntityFrameworkCore.Database.Command[20101]
      Executed DbCommand (3ms) [Parameters=[], CommandType='Text', CommandTimeout='120']
      SELECT [b].[BillID], [b].[ActualAmount], [b].[BillDate], [b].[BillNum], [b].[BillType], [b].[FID], [b].[Gst], [b].[GstDate], [b].[PId], [b].[PaymentReceived], [b].[PaymentTablePId], [b].[Tds]
      FROM [BillTables] AS [b]
info: Microsoft.EntityFrameworkCore.Infrastructure[10403]
      Entity Framework Core 6.0.21 initialized 'TransportMgmtContext' using provider 'Microsoft.EntityFrameworkCore.SqlServer:6.0.21' with options: CommandTimeout=120 
info: Microsoft.EntityFrameworkCore.Database.Command[20101]
      Executed DbCommand (7ms) [Parameters=[@__p_0='?' (DbType = Int32)], CommandType='Text', CommandTimeout='120']
      SELECT TOP(1) [b].[BillID], [b].[ActualAmount], [b].[BillDate], [b].[BillNum], [b].[BillType], [b].[FID], [b].[Gst], [b].[GstDate], [b].[PId], [b].[PaymentReceived], [b].[PaymentTablePId], [b].[Tds]
      FROM [BillTables] AS [b]
      WHERE [b].[BillID] = @__p_0
info: Microsoft.EntityFrameworkCore.Infrastructure[10403]
      Entity Framework Core 6.0.21 initialized 'TransportMgmtContext' using provider 'Microsoft.EntityFrameworkCore.SqlServer:6.0.21' with options: CommandTimeout=120 
info: Microsoft.EntityFrameworkCore.Database.Command[20101]
      Executed DbCommand (7ms) [Parameters=[@__p_0='?' (DbType = Int32)], CommandType='Text', CommandTimeout='120']
      SELECT TOP(1) [b].[BillID], [b].[ActualAmount], [b].[BillDate], [b].[BillNum], [b].[BillType], [b].[FID], [b].[Gst], [b].[GstDate], [b].[PId], [b].[PaymentReceived], [b].[PaymentTablePId], [b].[Tds]
      FROM [BillTables] AS [b]
      WHERE [b].[BillID] = @__p_0
info: Microsoft.EntityFrameworkCore.Database.Command[20101]
      Executed DbCommand (3ms) [Parameters=[@p1='?' (DbType = Int32), @p0='?' (DbType = DateTime2)], CommandType='Text', CommandTimeout='120']
      SET NOCOUNT ON;
      UPDATE [BillTables] SET [GstDate] = @p0
      WHERE [BillID] = @p1;
      SELECT @@ROWCOUNT;
info: Microsoft.EntityFrameworkCore.Infrastructure[10403]
      Entity Framework Core 6.0.21 initialized 'TransportMgmtContext' using provider 'Microsoft.EntityFrameworkCore.SqlServer:6.0.21' with options: CommandTimeout=120 
info: Microsoft.EntityFrameworkCore.Database.Command[20101]
      Executed DbCommand (1ms) [Parameters=[], CommandType='Text', CommandTimeout='120']
      SELECT [t].[FID], [t].[Address], [t].[Code], [t].[CreatedBy], [t].[CreatedOn], [t].[FactoryName], [t].[Gstin], [t].[IsActive], [t].[ModifiedBy], [t].[ModifiedOn]
      FROM [TblFactories] AS [t]
info: Microsoft.EntityFrameworkCore.Database.Command[20101]
      Executed DbCommand (4ms) [Parameters=[], CommandType='Text', CommandTimeout='120']
      SELECT [b].[BillID], [b].[ActualAmount], [b].[BillDate], [b].[BillNum], [b].[BillType], [b].[FID], [b].[Gst], [b].[GstDate], [b].[PId], [b].[PaymentReceived], [b].[PaymentTablePId], [b].[Tds]
      FROM [BillTables] AS [b]
info: Microsoft.EntityFrameworkCore.Infrastructure[10403]
      Entity Framework Core 6.0.21 initialized 'TransportMgmtContext' using provider 'Microsoft.EntityFrameworkCore.SqlServer:6.0.21' with options: CommandTimeout=120 
info: Microsoft.EntityFrameworkCore.Database.Command[20101]
      Executed DbCommand (3ms) [Parameters=[@__p_0='?' (DbType = Int32)], CommandType='Text', CommandTimeout='120']
      SELECT TOP(1) [b].[BillID], [b].[ActualAmount], [b].[BillDate], [b].[BillNum], [b].[BillType], [b].[FID], [b].[Gst], [b].[GstDate], [b].[PId], [b].[PaymentReceived], [b].[PaymentTablePId], [b].[Tds]
      FROM [BillTables] AS [b]
      WHERE [b].[BillID] = @__p_0
info: Microsoft.EntityFrameworkCore.Infrastructure[10403]
      Entity Framework Core 6.0.21 initialized 'TransportMgmtContext' using provider 'Microsoft.EntityFrameworkCore.SqlServer:6.0.21' with options: CommandTimeout=120 
info: Microsoft.EntityFrameworkCore.Database.Command[20101]
      Executed DbCommand (7ms) [Parameters=[@__p_0='?' (DbType = Int32)], CommandType='Text', CommandTimeout='120']
      SELECT TOP(1) [b].[BillID], [b].[ActualAmount], [b].[BillDate], [b].[BillNum], [b].[BillType], [b].[FID], [b].[Gst], [b].[GstDate], [b].[PId], [b].[PaymentReceived], [b].[PaymentTablePId], [b].[Tds]
      FROM [BillTables] AS [b]
      WHERE [b].[BillID] = @__p_0
info: Microsoft.EntityFrameworkCore.Database.Command[20101]
      Executed DbCommand (5ms) [Parameters=[@p1='?' (DbType = Int32), @p0='?' (DbType = DateTime2)], CommandType='Text', CommandTimeout='120']
      SET NOCOUNT ON;
      UPDATE [BillTables] SET [GstDate] = @p0
      WHERE [BillID] = @p1;
      SELECT @@ROWCOUNT;
info: Microsoft.EntityFrameworkCore.Infrastructure[10403]
      Entity Framework Core 6.0.21 initialized 'TransportMgmtContext' using provider 'Microsoft.EntityFrameworkCore.SqlServer:6.0.21' with options: CommandTimeout=120 
info: Microsoft.EntityFrameworkCore.Database.Command[20101]
      Executed DbCommand (2ms) [Parameters=[], CommandType='Text', CommandTimeout='120']
      SELECT [t].[FID], [t].[Address], [t].[Code], [t].[CreatedBy], [t].[CreatedOn], [t].[FactoryName], [t].[Gstin], [t].[IsActive], [t].[ModifiedBy], [t].[ModifiedOn]
      FROM [TblFactories] AS [t]
info: Microsoft.EntityFrameworkCore.Database.Command[20101]
      Executed DbCommand (1ms) [Parameters=[], CommandType='Text', CommandTimeout='120']
      SELECT [b].[BillID], [b].[ActualAmount], [b].[BillDate], [b].[BillNum], [b].[BillType], [b].[FID], [b].[Gst], [b].[GstDate], [b].[PId], [b].[PaymentReceived], [b].[PaymentTablePId], [b].[Tds]
      FROM [BillTables] AS [b]
info: Microsoft.EntityFrameworkCore.Infrastructure[10403]
      Entity Framework Core 6.0.21 initialized 'TransportMgmtContext' using provider 'Microsoft.EntityFrameworkCore.SqlServer:6.0.21' with options: CommandTimeout=120 
info: Microsoft.EntityFrameworkCore.Database.Command[20101]
      Executed DbCommand (3ms) [Parameters=[@__p_0='?' (DbType = Int32)], CommandType='Text', CommandTimeout='120']
      SELECT TOP(1) [b].[BillID], [b].[ActualAmount], [b].[BillDate], [b].[BillNum], [b].[BillType], [b].[FID], [b].[Gst], [b].[GstDate], [b].[PId], [b].[PaymentReceived], [b].[PaymentTablePId], [b].[Tds]
      FROM [BillTables] AS [b]
      WHERE [b].[BillID] = @__p_0
info: Microsoft.EntityFrameworkCore.Infrastructure[10403]
      Entity Framework Core 6.0.21 initialized 'TransportMgmtContext' using provider 'Microsoft.EntityFrameworkCore.SqlServer:6.0.21' with options: CommandTimeout=120 
info: Microsoft.EntityFrameworkCore.Database.Command[20101]
      Executed DbCommand (2ms) [Parameters=[@__p_0='?' (DbType = Int32)], CommandType='Text', CommandTimeout='120']
      SELECT TOP(1) [b].[BillID], [b].[ActualAmount], [b].[BillDate], [b].[BillNum], [b].[BillType], [b].[FID], [b].[Gst], [b].[GstDate], [b].[PId], [b].[PaymentReceived], [b].[PaymentTablePId], [b].[Tds]
      FROM [BillTables] AS [b]
      WHERE [b].[BillID] = @__p_0
info: Microsoft.EntityFrameworkCore.Database.Command[20101]
      Executed DbCommand (6ms) [Parameters=[@p1='?' (DbType = Int32), @p0='?' (DbType = DateTime2)], CommandType='Text', CommandTimeout='120']
      SET NOCOUNT ON;
      UPDATE [BillTables] SET [GstDate] = @p0
      WHERE [BillID] = @p1;
      SELECT @@ROWCOUNT;
info: Microsoft.EntityFrameworkCore.Infrastructure[10403]
      Entity Framework Core 6.0.21 initialized 'TransportMgmtContext' using provider 'Microsoft.EntityFrameworkCore.SqlServer:6.0.21' with options: CommandTimeout=120 
info: Microsoft.EntityFrameworkCore.Database.Command[20101]
      Executed DbCommand (3ms) [Parameters=[], CommandType='Text', CommandTimeout='120']
      SELECT [t].[FID], [t].[Address], [t].[Code], [t].[CreatedBy], [t].[CreatedOn], [t].[FactoryName], [t].[Gstin], [t].[IsActive], [t].[ModifiedBy], [t].[ModifiedOn]
      FROM [TblFactories] AS [t]
info: Microsoft.EntityFrameworkCore.Database.Command[20101]
      Executed DbCommand (1ms) [Parameters=[], CommandType='Text', CommandTimeout='120']
      SELECT [b].[BillID], [b].[ActualAmount], [b].[BillDate], [b].[BillNum], [b].[BillType], [b].[FID], [b].[Gst], [b].[GstDate], [b].[PId], [b].[PaymentReceived], [b].[PaymentTablePId], [b].[Tds]
      FROM [BillTables] AS [b]
info: Microsoft.EntityFrameworkCore.Infrastructure[10403]
      Entity Framework Core 6.0.21 initialized 'TransportMgmtContext' using provider 'Microsoft.EntityFrameworkCore.SqlServer:6.0.21' with options: CommandTimeout=120 
info: Microsoft.EntityFrameworkCore.Database.Command[20101]
      Executed DbCommand (2ms) [Parameters=[@__p_0='?' (DbType = Int32)], CommandType='Text', CommandTimeout='120']
      SELECT TOP(1) [b].[BillID], [b].[ActualAmount], [b].[BillDate], [b].[BillNum], [b].[BillType], [b].[FID], [b].[Gst], [b].[GstDate], [b].[PId], [b].[PaymentReceived], [b].[PaymentTablePId], [b].[Tds]
      FROM [BillTables] AS [b]
      WHERE [b].[BillID] = @__p_0
info: Microsoft.EntityFrameworkCore.Infrastructure[10403]
      Entity Framework Core 6.0.21 initialized 'TransportMgmtContext' using provider 'Microsoft.EntityFrameworkCore.SqlServer:6.0.21' with options: CommandTimeout=120 
info: Microsoft.EntityFrameworkCore.Database.Command[20101]
      Executed DbCommand (3ms) [Parameters=[@__p_0='?' (DbType = Int32)], CommandType='Text', CommandTimeout='120']
      SELECT TOP(1) [b].[BillID], [b].[ActualAmount], [b].[BillDate], [b].[BillNum], [b].[BillType], [b].[FID], [b].[Gst], [b].[GstDate], [b].[PId], [b].[PaymentReceived], [b].[PaymentTablePId], [b].[Tds]
      FROM [BillTables] AS [b]
      WHERE [b].[BillID] = @__p_0
info: Microsoft.EntityFrameworkCore.Database.Command[20101]
      Executed DbCommand (5ms) [Parameters=[@p1='?' (DbType = Int32), @p0='?' (DbType = DateTime2)], CommandType='Text', CommandTimeout='120']
      SET NOCOUNT ON;
      UPDATE [BillTables] SET [GstDate] = @p0
      WHERE [BillID] = @p1;
      SELECT @@ROWCOUNT;
info: Microsoft.EntityFrameworkCore.Infrastructure[10403]
      Entity Framework Core 6.0.21 initialized 'TransportMgmtContext' using provider 'Microsoft.EntityFrameworkCore.SqlServer:6.0.21' with options: CommandTimeout=120 
info: Microsoft.EntityFrameworkCore.Database.Command[20101]
      Executed DbCommand (3ms) [Parameters=[], CommandType='Text', CommandTimeout='120']
      SELECT [t].[FID], [t].[Address], [t].[Code], [t].[CreatedBy], [t].[CreatedOn], [t].[FactoryName], [t].[Gstin], [t].[IsActive], [t].[ModifiedBy], [t].[ModifiedOn]
      FROM [TblFactories] AS [t]
info: Microsoft.EntityFrameworkCore.Database.Command[20101]
      Executed DbCommand (1ms) [Parameters=[], CommandType='Text', CommandTimeout='120']
      SELECT [b].[BillID], [b].[ActualAmount], [b].[BillDate], [b].[BillNum], [b].[BillType], [b].[FID], [b].[Gst], [b].[GstDate], [b].[PId], [b].[PaymentReceived], [b].[PaymentTablePId], [b].[Tds]
      FROM [BillTables] AS [b]
info: Microsoft.EntityFrameworkCore.Infrastructure[10403]
      Entity Framework Core 6.0.21 initialized 'TransportMgmtContext' using provider 'Microsoft.EntityFrameworkCore.SqlServer:6.0.21' with options: CommandTimeout=120 
info: Microsoft.EntityFrameworkCore.Database.Command[20101]
      Executed DbCommand (6ms) [Parameters=[@__p_0='?' (DbType = Int32)], CommandType='Text', CommandTimeout='120']
      SELECT TOP(1) [b].[BillID], [b].[ActualAmount], [b].[BillDate], [b].[BillNum], [b].[BillType], [b].[FID], [b].[Gst], [b].[GstDate], [b].[PId], [b].[PaymentReceived], [b].[PaymentTablePId], [b].[Tds]
      FROM [BillTables] AS [b]
      WHERE [b].[BillID] = @__p_0
info: Microsoft.EntityFrameworkCore.Infrastructure[10403]
      Entity Framework Core 6.0.21 initialized 'TransportMgmtContext' using provider 'Microsoft.EntityFrameworkCore.SqlServer:6.0.21' with options: CommandTimeout=120 
info: Microsoft.EntityFrameworkCore.Database.Command[20101]
      Executed DbCommand (2ms) [Parameters=[@__p_0='?' (DbType = Int32)], CommandType='Text', CommandTimeout='120']
      SELECT TOP(1) [b].[BillID], [b].[ActualAmount], [b].[BillDate], [b].[BillNum], [b].[BillType], [b].[FID], [b].[Gst], [b].[GstDate], [b].[PId], [b].[PaymentReceived], [b].[PaymentTablePId], [b].[Tds]
      FROM [BillTables] AS [b]
      WHERE [b].[BillID] = @__p_0
info: Microsoft.EntityFrameworkCore.Database.Command[20101]
      Executed DbCommand (2ms) [Parameters=[@p1='?' (DbType = Int32), @p0='?' (DbType = DateTime2)], CommandType='Text', CommandTimeout='120']
      SET NOCOUNT ON;
      UPDATE [BillTables] SET [GstDate] = @p0
      WHERE [BillID] = @p1;
      SELECT @@ROWCOUNT;
info: Microsoft.EntityFrameworkCore.Infrastructure[10403]
      Entity Framework Core 6.0.21 initialized 'TransportMgmtContext' using provider 'Microsoft.EntityFrameworkCore.SqlServer:6.0.21' with options: CommandTimeout=120 
info: Microsoft.EntityFrameworkCore.Database.Command[20101]
      Executed DbCommand (1ms) [Parameters=[], CommandType='Text', CommandTimeout='120']
      SELECT [t].[FID], [t].[Address], [t].[Code], [t].[CreatedBy], [t].[CreatedOn], [t].[FactoryName], [t].[Gstin], [t].[IsActive], [t].[ModifiedBy], [t].[ModifiedOn]
      FROM [TblFactories] AS [t]
info: Microsoft.EntityFrameworkCore.Database.Command[20101]
      Executed DbCommand (1ms) [Parameters=[], CommandType='Text', CommandTimeout='120']
      SELECT [b].[BillID], [b].[ActualAmount], [b].[BillDate], [b].[BillNum], [b].[BillType], [b].[FID], [b].[Gst], [b].[GstDate], [b].[PId], [b].[PaymentReceived], [b].[PaymentTablePId], [b].[Tds]
      FROM [BillTables] AS [b]
info: Microsoft.EntityFrameworkCore.Infrastructure[10403]
      Entity Framework Core 6.0.21 initialized 'TransportMgmtContext' using provider 'Microsoft.EntityFrameworkCore.SqlServer:6.0.21' with options: CommandTimeout=120 
info: Microsoft.EntityFrameworkCore.Database.Command[20101]
      Executed DbCommand (6ms) [Parameters=[@__p_0='?' (DbType = Int32)], CommandType='Text', CommandTimeout='120']
      SELECT TOP(1) [b].[BillID], [b].[ActualAmount], [b].[BillDate], [b].[BillNum], [b].[BillType], [b].[FID], [b].[Gst], [b].[GstDate], [b].[PId], [b].[PaymentReceived], [b].[PaymentTablePId], [b].[Tds]
      FROM [BillTables] AS [b]
      WHERE [b].[BillID] = @__p_0
info: Microsoft.EntityFrameworkCore.Infrastructure[10403]
      Entity Framework Core 6.0.21 initialized 'TransportMgmtContext' using provider 'Microsoft.EntityFrameworkCore.SqlServer:6.0.21' with options: CommandTimeout=120 
info: Microsoft.EntityFrameworkCore.Database.Command[20101]
      Executed DbCommand (2ms) [Parameters=[@__p_0='?' (DbType = Int32)], CommandType='Text', CommandTimeout='120']
      SELECT TOP(1) [b].[BillID], [b].[ActualAmount], [b].[BillDate], [b].[BillNum], [b].[BillType], [b].[FID], [b].[Gst], [b].[GstDate], [b].[PId], [b].[PaymentReceived], [b].[PaymentTablePId], [b].[Tds]
      FROM [BillTables] AS [b]
      WHERE [b].[BillID] = @__p_0
info: Microsoft.EntityFrameworkCore.Database.Command[20101]
      Executed DbCommand (3ms) [Parameters=[@p1='?' (DbType = Int32), @p0='?' (DbType = DateTime2)], CommandType='Text', CommandTimeout='120']
      SET NOCOUNT ON;
      UPDATE [BillTables] SET [GstDate] = @p0
      WHERE [BillID] = @p1;
      SELECT @@ROWCOUNT;
info: Microsoft.EntityFrameworkCore.Infrastructure[10403]
      Entity Framework Core 6.0.21 initialized 'TransportMgmtContext' using provider 'Microsoft.EntityFrameworkCore.SqlServer:6.0.21' with options: CommandTimeout=120 
info: Microsoft.EntityFrameworkCore.Database.Command[20101]
      Executed DbCommand (2ms) [Parameters=[], CommandType='Text', CommandTimeout='120']
      SELECT [t].[FID], [t].[Address], [t].[Code], [t].[CreatedBy], [t].[CreatedOn], [t].[FactoryName], [t].[Gstin], [t].[IsActive], [t].[ModifiedBy], [t].[ModifiedOn]
      FROM [TblFactories] AS [t]
info: Microsoft.EntityFrameworkCore.Database.Command[20101]
      Executed DbCommand (1ms) [Parameters=[], CommandType='Text', CommandTimeout='120']
      SELECT [b].[BillID], [b].[ActualAmount], [b].[BillDate], [b].[BillNum], [b].[BillType], [b].[FID], [b].[Gst], [b].[GstDate], [b].[PId], [b].[PaymentReceived], [b].[PaymentTablePId], [b].[Tds]
      FROM [BillTables] AS [b]
info: Microsoft.EntityFrameworkCore.Infrastructure[10403]
      Entity Framework Core 6.0.21 initialized 'TransportMgmtContext' using provider 'Microsoft.EntityFrameworkCore.SqlServer:6.0.21' with options: CommandTimeout=120 
info: Microsoft.EntityFrameworkCore.Database.Command[20101]
      Executed DbCommand (13ms) [Parameters=[@__p_0='?' (DbType = Int32)], CommandType='Text', CommandTimeout='120']
      SELECT TOP(1) [b].[BillID], [b].[ActualAmount], [b].[BillDate], [b].[BillNum], [b].[BillType], [b].[FID], [b].[Gst], [b].[GstDate], [b].[PId], [b].[PaymentReceived], [b].[PaymentTablePId], [b].[Tds]
      FROM [BillTables] AS [b]
      WHERE [b].[BillID] = @__p_0
info: Microsoft.EntityFrameworkCore.Infrastructure[10403]
      Entity Framework Core 6.0.21 initialized 'TransportMgmtContext' using provider 'Microsoft.EntityFrameworkCore.SqlServer:6.0.21' with options: CommandTimeout=120 
info: Microsoft.EntityFrameworkCore.Database.Command[20101]
      Executed DbCommand (2ms) [Parameters=[@__p_0='?' (DbType = Int32)], CommandType='Text', CommandTimeout='120']
      SELECT TOP(1) [b].[BillID], [b].[ActualAmount], [b].[BillDate], [b].[BillNum], [b].[BillType], [b].[FID], [b].[Gst], [b].[GstDate], [b].[PId], [b].[PaymentReceived], [b].[PaymentTablePId], [b].[Tds]
      FROM [BillTables] AS [b]
      WHERE [b].[BillID] = @__p_0
info: Microsoft.EntityFrameworkCore.Database.Command[20101]
      Executed DbCommand (3ms) [Parameters=[@p1='?' (DbType = Int32), @p0='?' (DbType = DateTime2)], CommandType='Text', CommandTimeout='120']
      SET NOCOUNT ON;
      UPDATE [BillTables] SET [GstDate] = @p0
      WHERE [BillID] = @p1;
      SELECT @@ROWCOUNT;
info: Microsoft.EntityFrameworkCore.Infrastructure[10403]
      Entity Framework Core 6.0.21 initialized 'TransportMgmtContext' using provider 'Microsoft.EntityFrameworkCore.SqlServer:6.0.21' with options: CommandTimeout=120 
info: Microsoft.EntityFrameworkCore.Database.Command[20101]
      Executed DbCommand (1ms) [Parameters=[], CommandType='Text', CommandTimeout='120']
      SELECT [t].[FID], [t].[Address], [t].[Code], [t].[CreatedBy], [t].[CreatedOn], [t].[FactoryName], [t].[Gstin], [t].[IsActive], [t].[ModifiedBy], [t].[ModifiedOn]
      FROM [TblFactories] AS [t]
info: Microsoft.EntityFrameworkCore.Database.Command[20101]
      Executed DbCommand (3ms) [Parameters=[], CommandType='Text', CommandTimeout='120']
      SELECT [b].[BillID], [b].[ActualAmount], [b].[BillDate], [b].[BillNum], [b].[BillType], [b].[FID], [b].[Gst], [b].[GstDate], [b].[PId], [b].[PaymentReceived], [b].[PaymentTablePId], [b].[Tds]
      FROM [BillTables] AS [b]
info: Microsoft.EntityFrameworkCore.Infrastructure[10403]
      Entity Framework Core 6.0.21 initialized 'TransportMgmtContext' using provider 'Microsoft.EntityFrameworkCore.SqlServer:6.0.21' with options: CommandTimeout=120 
info: Microsoft.EntityFrameworkCore.Database.Command[20101]
      Executed DbCommand (211ms) [Parameters=[], CommandType='Text', CommandTimeout='120']
      EXECUTE [dbo].[Sp_QtyByMonth]
info: Microsoft.EntityFrameworkCore.Infrastructure[10403]
      Entity Framework Core 6.0.21 initialized 'TransportMgmtContext' using provider 'Microsoft.EntityFrameworkCore.SqlServer:6.0.21' with options: CommandTimeout=120 
info: Microsoft.EntityFrameworkCore.Database.Command[20101]
      Executed DbCommand (1ms) [Parameters=[], CommandType='Text', CommandTimeout='120']
      SELECT [t].[FID], [t].[Address], [t].[Code], [t].[CreatedBy], [t].[CreatedOn], [t].[FactoryName], [t].[Gstin], [t].[IsActive], [t].[ModifiedBy], [t].[ModifiedOn]
      FROM [TblFactories] AS [t]
info: Microsoft.EntityFrameworkCore.Database.Command[20101]
      Executed DbCommand (2ms) [Parameters=[], CommandType='Text', CommandTimeout='120']
      SELECT [t].[FID], [t].[Address], [t].[Code], [t].[CreatedBy], [t].[CreatedOn], [t].[FactoryName], [t].[Gstin], [t].[IsActive], [t].[ModifiedBy], [t].[ModifiedOn]
      FROM [TblFactories] AS [t]
info: Microsoft.EntityFrameworkCore.Database.Command[20101]
      Executed DbCommand (2ms) [Parameters=[], CommandType='Text', CommandTimeout='120']
      SELECT [b].[BillID], [b].[ActualAmount], [b].[BillDate], [b].[BillNum], [b].[BillType], [b].[FID], [b].[Gst], [b].[GstDate], [b].[PId], [b].[PaymentReceived], [b].[PaymentTablePId], [b].[Tds]
      FROM [BillTables] AS [b]
info: Microsoft.EntityFrameworkCore.Infrastructure[10403]
      Entity Framework Core 6.0.21 initialized 'TransportMgmtContext' using provider 'Microsoft.EntityFrameworkCore.SqlServer:6.0.21' with options: CommandTimeout=120 
info: Microsoft.EntityFrameworkCore.Database.Command[20101]
      Executed DbCommand (3ms) [Parameters=[], CommandType='Text', CommandTimeout='120']
      SELECT [t].[FID] AS [id], [t].[FactoryName] AS [name]
      FROM [TblFactories] AS [t]
info: Microsoft.EntityFrameworkCore.Infrastructure[10403]
      Entity Framework Core 6.0.21 initialized 'TransportMgmtContext' using provider 'Microsoft.EntityFrameworkCore.SqlServer:6.0.21' with options: CommandTimeout=120 
info: Microsoft.EntityFrameworkCore.Database.Command[20101]
      Executed DbCommand (4ms) [Parameters=[], CommandType='Text', CommandTimeout='120']
      SELECT [t].[FID], [t].[Address], [t].[Code], [t].[CreatedBy], [t].[CreatedOn], [t].[FactoryName], [t].[Gstin], [t].[IsActive], [t].[ModifiedBy], [t].[ModifiedOn]
      FROM [TblFactories] AS [t]
info: Microsoft.EntityFrameworkCore.Database.Command[20101]
      Executed DbCommand (0ms) [Parameters=[], CommandType='Text', CommandTimeout='120']
      SELECT [t].[FID], [t].[Address], [t].[Code], [t].[CreatedBy], [t].[CreatedOn], [t].[FactoryName], [t].[Gstin], [t].[IsActive], [t].[ModifiedBy], [t].[ModifiedOn]
      FROM [TblFactories] AS [t]
info: Microsoft.EntityFrameworkCore.Database.Command[20101]
      Executed DbCommand (2ms) [Parameters=[], CommandType='Text', CommandTimeout='120']
      SELECT [b].[BillID], [b].[ActualAmount], [b].[BillDate], [b].[BillNum], [b].[BillType], [b].[FID], [b].[Gst], [b].[GstDate], [b].[PId], [b].[PaymentReceived], [b].[PaymentTablePId], [b].[Tds]
      FROM [BillTables] AS [b]
info: Microsoft.EntityFrameworkCore.Infrastructure[10403]
      Entity Framework Core 6.0.21 initialized 'TransportMgmtContext' using provider 'Microsoft.EntityFrameworkCore.SqlServer:6.0.21' with options: CommandTimeout=120 
info: Microsoft.EntityFrameworkCore.Database.Command[20101]
      Executed DbCommand (2ms) [Parameters=[], CommandType='Text', CommandTimeout='120']
      SELECT [t].[FID] AS [id], [t].[FactoryName] AS [name]
      FROM [TblFactories] AS [t]
info: Microsoft.EntityFrameworkCore.Infrastructure[10403]
      Entity Framework Core 6.0.21 initialized 'TransportMgmtContext' using provider 'Microsoft.EntityFrameworkCore.SqlServer:6.0.21' with options: CommandTimeout=120 
info: Microsoft.EntityFrameworkCore.Database.Command[20101]
      Executed DbCommand (18ms) [Parameters=[p0='?' (DbType = DateTime2), p1='?' (DbType = DateTime2), p2='?' (DbType = Int32)], CommandType='Text', CommandTimeout='120']
      EXEC [dbo].[SpPaymentByDate] @StartDate = @p0, @EndDate = @p1, @FactoryId = @p2
info: Microsoft.EntityFrameworkCore.Infrastructure[10403]
      Entity Framework Core 6.0.21 initialized 'TransportMgmtContext' using provider 'Microsoft.EntityFrameworkCore.SqlServer:6.0.21' with options: CommandTimeout=120 
info: Microsoft.EntityFrameworkCore.Database.Command[20101]
      Executed DbCommand (2ms) [Parameters=[], CommandType='Text', CommandTimeout='120']
      SELECT [t].[FID] AS [id], [t].[FactoryName] AS [name]
      FROM [TblFactories] AS [t]
info: Microsoft.EntityFrameworkCore.Infrastructure[10403]
      Entity Framework Core 6.0.21 initialized 'TransportMgmtContext' using provider 'Microsoft.EntityFrameworkCore.SqlServer:6.0.21' with options: CommandTimeout=120 
info: Microsoft.EntityFrameworkCore.Database.Command[20101]
      Executed DbCommand (66ms) [Parameters=[p0='?' (DbType = DateTime2), p1='?' (DbType = DateTime2), p2='?' (DbType = Int32)], CommandType='Text', CommandTimeout='120']
      EXEC [dbo].[SpExpoBilldetail] @FromDate = @p0, @ToDate = @p1, @FactoryId = @p2
info: Microsoft.EntityFrameworkCore.Infrastructure[10403]
      Entity Framework Core 6.0.21 initialized 'TransportMgmtContext' using provider 'Microsoft.EntityFrameworkCore.SqlServer:6.0.21' with options: CommandTimeout=120 
info: Microsoft.EntityFrameworkCore.Database.Command[20101]
      Executed DbCommand (2ms) [Parameters=[], CommandType='Text', CommandTimeout='120']
      SELECT [t].[FID] AS [id], [t].[FactoryName] AS [name]
      FROM [TblFactories] AS [t]
info: Microsoft.EntityFrameworkCore.Infrastructure[10403]
      Entity Framework Core 6.0.21 initialized 'TransportMgmtContext' using provider 'Microsoft.EntityFrameworkCore.SqlServer:6.0.21' with options: CommandTimeout=120 
info: Microsoft.EntityFrameworkCore.Database.Command[20101]
      Executed DbCommand (8ms) [Parameters=[p0='?' (DbType = DateTime2), p1='?' (DbType = DateTime2), p2='?' (DbType = Int32)], CommandType='Text', CommandTimeout='120']
      EXEC [dbo].[SpCheckPaymentDetails] @StartDate = @p0, @EndDate = @p1, @FactoryId = @p2
info: Microsoft.EntityFrameworkCore.Infrastructure[10403]
      Entity Framework Core 6.0.21 initialized 'TransportMgmtContext' using provider 'Microsoft.EntityFrameworkCore.SqlServer:6.0.21' with options: CommandTimeout=120 
info: Microsoft.EntityFrameworkCore.Database.Command[20101]
      Executed DbCommand (2ms) [Parameters=[], CommandType='Text', CommandTimeout='120']
      SELECT [t].[FID] AS [id], [t].[FactoryName] AS [name]
      FROM [TblFactories] AS [t]
info: Microsoft.EntityFrameworkCore.Infrastructure[10403]
      Entity Framework Core 6.0.21 initialized 'TransportMgmtContext' using provider 'Microsoft.EntityFrameworkCore.SqlServer:6.0.21' with options: CommandTimeout=120 
info: Microsoft.EntityFrameworkCore.Database.Command[20101]
      Executed DbCommand (85ms) [Parameters=[p0='?' (DbType = DateTime2), p1='?' (DbType = DateTime2), p2='?' (DbType = Int32)], CommandType='Text', CommandTimeout='120']
      EXEC [dbo].[SpOutStanding] @FromDate = @p0, @ToDate = @p1, @FactoryId = @p2
info: Microsoft.EntityFrameworkCore.Infrastructure[10403]
      Entity Framework Core 6.0.21 initialized 'TransportMgmtContext' using provider 'Microsoft.EntityFrameworkCore.SqlServer:6.0.21' with options: CommandTimeout=120 
info: Microsoft.EntityFrameworkCore.Database.Command[20101]
      Executed DbCommand (5ms) [Parameters=[], CommandType='Text', CommandTimeout='120']
      SELECT [t].[FID] AS [id], [t].[FactoryName] AS [name]
      FROM [TblFactories] AS [t]
info: Microsoft.EntityFrameworkCore.Infrastructure[10403]
      Entity Framework Core 6.0.21 initialized 'TransportMgmtContext' using provider 'Microsoft.EntityFrameworkCore.SqlServer:6.0.21' with options: CommandTimeout=120 
info: Microsoft.EntityFrameworkCore.Database.Command[20101]
      Executed DbCommand (41ms) [Parameters=[p0='?' (DbType = DateTime2), p1='?' (DbType = DateTime2), p2='?' (DbType = Int32)], CommandType='Text', CommandTimeout='120']
      EXEC [dbo].[SpOutStanding] @FromDate = @p0, @ToDate = @p1, @FactoryId = @p2
info: Microsoft.EntityFrameworkCore.Infrastructure[10403]
      Entity Framework Core 6.0.21 initialized 'TransportMgmtContext' using provider 'Microsoft.EntityFrameworkCore.SqlServer:6.0.21' with options: CommandTimeout=120 
info: Microsoft.EntityFrameworkCore.Database.Command[20101]
      Executed DbCommand (44ms) [Parameters=[p0='?' (DbType = DateTime2), p1='?' (DbType = DateTime2), p2='?' (DbType = Int32)], CommandType='Text', CommandTimeout='120']
      EXEC [dbo].[SpOutStanding] @FromDate = @p0, @ToDate = @p1, @FactoryId = @p2
info: Microsoft.EntityFrameworkCore.Infrastructure[10403]
      Entity Framework Core 6.0.21 initialized 'TransportMgmtContext' using provider 'Microsoft.EntityFrameworkCore.SqlServer:6.0.21' with options: CommandTimeout=120 
info: Microsoft.EntityFrameworkCore.Database.Command[20101]
      Executed DbCommand (1ms) [Parameters=[], CommandType='Text', CommandTimeout='120']
      SELECT [t].[FID], [t].[Address], [t].[Code], [t].[CreatedBy], [t].[CreatedOn], [t].[FactoryName], [t].[Gstin], [t].[IsActive], [t].[ModifiedBy], [t].[ModifiedOn]
      FROM [TblFactories] AS [t]
info: Microsoft.EntityFrameworkCore.Database.Command[20101]
      Executed DbCommand (2ms) [Parameters=[], CommandType='Text', CommandTimeout='120']
      SELECT [b].[BillID], [b].[ActualAmount], [b].[BillDate], [b].[BillNum], [b].[BillType], [b].[FID], [b].[Gst], [b].[GstDate], [b].[PId], [b].[PaymentReceived], [b].[PaymentTablePId], [b].[Tds]
      FROM [BillTables] AS [b]
info: Microsoft.EntityFrameworkCore.Infrastructure[10403]
      Entity Framework Core 6.0.21 initialized 'TransportMgmtContext' using provider 'Microsoft.EntityFrameworkCore.SqlServer:6.0.21' with options: CommandTimeout=120 
info: Microsoft.EntityFrameworkCore.Database.Command[20101]
      Executed DbCommand (14ms) [Parameters=[@__p_0='?' (DbType = Int32)], CommandType='Text', CommandTimeout='120']
      SELECT TOP(1) [b].[BillID], [b].[ActualAmount], [b].[BillDate], [b].[BillNum], [b].[BillType], [b].[FID], [b].[Gst], [b].[GstDate], [b].[PId], [b].[PaymentReceived], [b].[PaymentTablePId], [b].[Tds]
      FROM [BillTables] AS [b]
      WHERE [b].[BillID] = @__p_0
info: Microsoft.EntityFrameworkCore.Infrastructure[10403]
      Entity Framework Core 6.0.21 initialized 'TransportMgmtContext' using provider 'Microsoft.EntityFrameworkCore.SqlServer:6.0.21' with options: CommandTimeout=120 
info: Microsoft.EntityFrameworkCore.Database.Command[20101]
      Executed DbCommand (3ms) [Parameters=[@__p_0='?' (DbType = Int32)], CommandType='Text', CommandTimeout='120']
      SELECT TOP(1) [b].[BillID], [b].[ActualAmount], [b].[BillDate], [b].[BillNum], [b].[BillType], [b].[FID], [b].[Gst], [b].[GstDate], [b].[PId], [b].[PaymentReceived], [b].[PaymentTablePId], [b].[Tds]
      FROM [BillTables] AS [b]
      WHERE [b].[BillID] = @__p_0
info: Microsoft.EntityFrameworkCore.Database.Command[20101]
      Executed DbCommand (13ms) [Parameters=[@p1='?' (DbType = Int32), @p0='?' (DbType = DateTime2)], CommandType='Text', CommandTimeout='120']
      SET NOCOUNT ON;
      UPDATE [BillTables] SET [GstDate] = @p0
      WHERE [BillID] = @p1;
      SELECT @@ROWCOUNT;
info: Microsoft.EntityFrameworkCore.Infrastructure[10403]
      Entity Framework Core 6.0.21 initialized 'TransportMgmtContext' using provider 'Microsoft.EntityFrameworkCore.SqlServer:6.0.21' with options: CommandTimeout=120 
info: Microsoft.EntityFrameworkCore.Database.Command[20101]
      Executed DbCommand (5ms) [Parameters=[], CommandType='Text', CommandTimeout='120']
      SELECT [t].[FID], [t].[Address], [t].[Code], [t].[CreatedBy], [t].[CreatedOn], [t].[FactoryName], [t].[Gstin], [t].[IsActive], [t].[ModifiedBy], [t].[ModifiedOn]
      FROM [TblFactories] AS [t]
info: Microsoft.EntityFrameworkCore.Database.Command[20101]
      Executed DbCommand (5ms) [Parameters=[], CommandType='Text', CommandTimeout='120']
      SELECT [b].[BillID], [b].[ActualAmount], [b].[BillDate], [b].[BillNum], [b].[BillType], [b].[FID], [b].[Gst], [b].[GstDate], [b].[PId], [b].[PaymentReceived], [b].[PaymentTablePId], [b].[Tds]
      FROM [BillTables] AS [b]
info: Microsoft.EntityFrameworkCore.Infrastructure[10403]
      Entity Framework Core 6.0.21 initialized 'TransportMgmtContext' using provider 'Microsoft.EntityFrameworkCore.SqlServer:6.0.21' with options: CommandTimeout=120 
info: Microsoft.EntityFrameworkCore.Database.Command[20101]
      Executed DbCommand (3ms) [Parameters=[@__p_0='?' (DbType = Int32)], CommandType='Text', CommandTimeout='120']
      SELECT TOP(1) [b].[BillID], [b].[ActualAmount], [b].[BillDate], [b].[BillNum], [b].[BillType], [b].[FID], [b].[Gst], [b].[GstDate], [b].[PId], [b].[PaymentReceived], [b].[PaymentTablePId], [b].[Tds]
      FROM [BillTables] AS [b]
      WHERE [b].[BillID] = @__p_0
info: Microsoft.EntityFrameworkCore.Infrastructure[10403]
      Entity Framework Core 6.0.21 initialized 'TransportMgmtContext' using provider 'Microsoft.EntityFrameworkCore.SqlServer:6.0.21' with options: CommandTimeout=120 
info: Microsoft.EntityFrameworkCore.Database.Command[20101]
      Executed DbCommand (2ms) [Parameters=[@__p_0='?' (DbType = Int32)], CommandType='Text', CommandTimeout='120']
      SELECT TOP(1) [b].[BillID], [b].[ActualAmount], [b].[BillDate], [b].[BillNum], [b].[BillType], [b].[FID], [b].[Gst], [b].[GstDate], [b].[PId], [b].[PaymentReceived], [b].[PaymentTablePId], [b].[Tds]
      FROM [BillTables] AS [b]
      WHERE [b].[BillID] = @__p_0
info: Microsoft.EntityFrameworkCore.Database.Command[20101]
      Executed DbCommand (9ms) [Parameters=[@p1='?' (DbType = Int32), @p0='?' (DbType = DateTime2)], CommandType='Text', CommandTimeout='120']
      SET NOCOUNT ON;
      UPDATE [BillTables] SET [GstDate] = @p0
      WHERE [BillID] = @p1;
      SELECT @@ROWCOUNT;
info: Microsoft.EntityFrameworkCore.Infrastructure[10403]
      Entity Framework Core 6.0.21 initialized 'TransportMgmtContext' using provider 'Microsoft.EntityFrameworkCore.SqlServer:6.0.21' with options: CommandTimeout=120 
info: Microsoft.EntityFrameworkCore.Database.Command[20101]
      Executed DbCommand (2ms) [Parameters=[], CommandType='Text', CommandTimeout='120']
      SELECT [t].[FID], [t].[Address], [t].[Code], [t].[CreatedBy], [t].[CreatedOn], [t].[FactoryName], [t].[Gstin], [t].[IsActive], [t].[ModifiedBy], [t].[ModifiedOn]
      FROM [TblFactories] AS [t]
info: Microsoft.EntityFrameworkCore.Database.Command[20101]
      Executed DbCommand (3ms) [Parameters=[], CommandType='Text', CommandTimeout='120']
      SELECT [b].[BillID], [b].[ActualAmount], [b].[BillDate], [b].[BillNum], [b].[BillType], [b].[FID], [b].[Gst], [b].[GstDate], [b].[PId], [b].[PaymentReceived], [b].[PaymentTablePId], [b].[Tds]
      FROM [BillTables] AS [b]
info: Microsoft.EntityFrameworkCore.Infrastructure[10403]
      Entity Framework Core 6.0.21 initialized 'TransportMgmtContext' using provider 'Microsoft.EntityFrameworkCore.SqlServer:6.0.21' with options: CommandTimeout=120 
info: Microsoft.EntityFrameworkCore.Database.Command[20101]
      Executed DbCommand (4ms) [Parameters=[@__p_0='?' (DbType = Int32)], CommandType='Text', CommandTimeout='120']
      SELECT TOP(1) [b].[BillID], [b].[ActualAmount], [b].[BillDate], [b].[BillNum], [b].[BillType], [b].[FID], [b].[Gst], [b].[GstDate], [b].[PId], [b].[PaymentReceived], [b].[PaymentTablePId], [b].[Tds]
      FROM [BillTables] AS [b]
      WHERE [b].[BillID] = @__p_0
info: Microsoft.EntityFrameworkCore.Infrastructure[10403]
      Entity Framework Core 6.0.21 initialized 'TransportMgmtContext' using provider 'Microsoft.EntityFrameworkCore.SqlServer:6.0.21' with options: CommandTimeout=120 
info: Microsoft.EntityFrameworkCore.Database.Command[20101]
      Executed DbCommand (4ms) [Parameters=[@__p_0='?' (DbType = Int32)], CommandType='Text', CommandTimeout='120']
      SELECT TOP(1) [b].[BillID], [b].[ActualAmount], [b].[BillDate], [b].[BillNum], [b].[BillType], [b].[FID], [b].[Gst], [b].[GstDate], [b].[PId], [b].[PaymentReceived], [b].[PaymentTablePId], [b].[Tds]
      FROM [BillTables] AS [b]
      WHERE [b].[BillID] = @__p_0
info: Microsoft.EntityFrameworkCore.Database.Command[20101]
      Executed DbCommand (3ms) [Parameters=[@p1='?' (DbType = Int32), @p0='?' (DbType = DateTime2)], CommandType='Text', CommandTimeout='120']
      SET NOCOUNT ON;
      UPDATE [BillTables] SET [GstDate] = @p0
      WHERE [BillID] = @p1;
      SELECT @@ROWCOUNT;
info: Microsoft.EntityFrameworkCore.Infrastructure[10403]
      Entity Framework Core 6.0.21 initialized 'TransportMgmtContext' using provider 'Microsoft.EntityFrameworkCore.SqlServer:6.0.21' with options: CommandTimeout=120 
info: Microsoft.EntityFrameworkCore.Database.Command[20101]
      Executed DbCommand (1ms) [Parameters=[], CommandType='Text', CommandTimeout='120']
      SELECT [t].[FID], [t].[Address], [t].[Code], [t].[CreatedBy], [t].[CreatedOn], [t].[FactoryName], [t].[Gstin], [t].[IsActive], [t].[ModifiedBy], [t].[ModifiedOn]
      FROM [TblFactories] AS [t]
info: Microsoft.EntityFrameworkCore.Database.Command[20101]
      Executed DbCommand (4ms) [Parameters=[], CommandType='Text', CommandTimeout='120']
      SELECT [b].[BillID], [b].[ActualAmount], [b].[BillDate], [b].[BillNum], [b].[BillType], [b].[FID], [b].[Gst], [b].[GstDate], [b].[PId], [b].[PaymentReceived], [b].[PaymentTablePId], [b].[Tds]
      FROM [BillTables] AS [b]
info: Microsoft.EntityFrameworkCore.Infrastructure[10403]
      Entity Framework Core 6.0.21 initialized 'TransportMgmtContext' using provider 'Microsoft.EntityFrameworkCore.SqlServer:6.0.21' with options: CommandTimeout=120 
info: Microsoft.EntityFrameworkCore.Database.Command[20101]
      Executed DbCommand (6ms) [Parameters=[@__p_0='?' (DbType = Int32)], CommandType='Text', CommandTimeout='120']
      SELECT TOP(1) [b].[BillID], [b].[ActualAmount], [b].[BillDate], [b].[BillNum], [b].[BillType], [b].[FID], [b].[Gst], [b].[GstDate], [b].[PId], [b].[PaymentReceived], [b].[PaymentTablePId], [b].[Tds]
      FROM [BillTables] AS [b]
      WHERE [b].[BillID] = @__p_0
info: Microsoft.EntityFrameworkCore.Infrastructure[10403]
      Entity Framework Core 6.0.21 initialized 'TransportMgmtContext' using provider 'Microsoft.EntityFrameworkCore.SqlServer:6.0.21' with options: CommandTimeout=120 
info: Microsoft.EntityFrameworkCore.Database.Command[20101]
      Executed DbCommand (4ms) [Parameters=[@__p_0='?' (DbType = Int32)], CommandType='Text', CommandTimeout='120']
      SELECT TOP(1) [b].[BillID], [b].[ActualAmount], [b].[BillDate], [b].[BillNum], [b].[BillType], [b].[FID], [b].[Gst], [b].[GstDate], [b].[PId], [b].[PaymentReceived], [b].[PaymentTablePId], [b].[Tds]
      FROM [BillTables] AS [b]
      WHERE [b].[BillID] = @__p_0
info: Microsoft.EntityFrameworkCore.Database.Command[20101]
      Executed DbCommand (1ms) [Parameters=[@p1='?' (DbType = Int32), @p0='?' (DbType = DateTime2)], CommandType='Text', CommandTimeout='120']
      SET NOCOUNT ON;
      UPDATE [BillTables] SET [GstDate] = @p0
      WHERE [BillID] = @p1;
      SELECT @@ROWCOUNT;
info: Microsoft.EntityFrameworkCore.Infrastructure[10403]
      Entity Framework Core 6.0.21 initialized 'TransportMgmtContext' using provider 'Microsoft.EntityFrameworkCore.SqlServer:6.0.21' with options: CommandTimeout=120 
info: Microsoft.EntityFrameworkCore.Database.Command[20101]
      Executed DbCommand (1ms) [Parameters=[], CommandType='Text', CommandTimeout='120']
      SELECT [t].[FID], [t].[Address], [t].[Code], [t].[CreatedBy], [t].[CreatedOn], [t].[FactoryName], [t].[Gstin], [t].[IsActive], [t].[ModifiedBy], [t].[ModifiedOn]
      FROM [TblFactories] AS [t]
info: Microsoft.EntityFrameworkCore.Database.Command[20101]
      Executed DbCommand (1ms) [Parameters=[], CommandType='Text', CommandTimeout='120']
      SELECT [b].[BillID], [b].[ActualAmount], [b].[BillDate], [b].[BillNum], [b].[BillType], [b].[FID], [b].[Gst], [b].[GstDate], [b].[PId], [b].[PaymentReceived], [b].[PaymentTablePId], [b].[Tds]
      FROM [BillTables] AS [b]
info: Microsoft.EntityFrameworkCore.Infrastructure[10403]
      Entity Framework Core 6.0.21 initialized 'TransportMgmtContext' using provider 'Microsoft.EntityFrameworkCore.SqlServer:6.0.21' with options: CommandTimeout=120 
info: Microsoft.EntityFrameworkCore.Database.Command[20101]
      Executed DbCommand (4ms) [Parameters=[@__p_0='?' (DbType = Int32)], CommandType='Text', CommandTimeout='120']
      SELECT TOP(1) [b].[BillID], [b].[ActualAmount], [b].[BillDate], [b].[BillNum], [b].[BillType], [b].[FID], [b].[Gst], [b].[GstDate], [b].[PId], [b].[PaymentReceived], [b].[PaymentTablePId], [b].[Tds]
      FROM [BillTables] AS [b]
      WHERE [b].[BillID] = @__p_0
info: Microsoft.EntityFrameworkCore.Infrastructure[10403]
      Entity Framework Core 6.0.21 initialized 'TransportMgmtContext' using provider 'Microsoft.EntityFrameworkCore.SqlServer:6.0.21' with options: CommandTimeout=120 
info: Microsoft.EntityFrameworkCore.Database.Command[20101]
      Executed DbCommand (4ms) [Parameters=[@__p_0='?' (DbType = Int32)], CommandType='Text', CommandTimeout='120']
      SELECT TOP(1) [b].[BillID], [b].[ActualAmount], [b].[BillDate], [b].[BillNum], [b].[BillType], [b].[FID], [b].[Gst], [b].[GstDate], [b].[PId], [b].[PaymentReceived], [b].[PaymentTablePId], [b].[Tds]
      FROM [BillTables] AS [b]
      WHERE [b].[BillID] = @__p_0
info: Microsoft.EntityFrameworkCore.Database.Command[20101]
      Executed DbCommand (3ms) [Parameters=[@p1='?' (DbType = Int32), @p0='?' (DbType = DateTime2)], CommandType='Text', CommandTimeout='120']
      SET NOCOUNT ON;
      UPDATE [BillTables] SET [GstDate] = @p0
      WHERE [BillID] = @p1;
      SELECT @@ROWCOUNT;
info: Microsoft.EntityFrameworkCore.Infrastructure[10403]
      Entity Framework Core 6.0.21 initialized 'TransportMgmtContext' using provider 'Microsoft.EntityFrameworkCore.SqlServer:6.0.21' with options: CommandTimeout=120 
info: Microsoft.EntityFrameworkCore.Database.Command[20101]
      Executed DbCommand (2ms) [Parameters=[], CommandType='Text', CommandTimeout='120']
      SELECT [t].[FID], [t].[Address], [t].[Code], [t].[CreatedBy], [t].[CreatedOn], [t].[FactoryName], [t].[Gstin], [t].[IsActive], [t].[ModifiedBy], [t].[ModifiedOn]
      FROM [TblFactories] AS [t]
info: Microsoft.EntityFrameworkCore.Database.Command[20101]
      Executed DbCommand (4ms) [Parameters=[], CommandType='Text', CommandTimeout='120']
      SELECT [b].[BillID], [b].[ActualAmount], [b].[BillDate], [b].[BillNum], [b].[BillType], [b].[FID], [b].[Gst], [b].[GstDate], [b].[PId], [b].[PaymentReceived], [b].[PaymentTablePId], [b].[Tds]
      FROM [BillTables] AS [b]
info: Microsoft.EntityFrameworkCore.Infrastructure[10403]
      Entity Framework Core 6.0.21 initialized 'TransportMgmtContext' using provider 'Microsoft.EntityFrameworkCore.SqlServer:6.0.21' with options: CommandTimeout=120 
info: Microsoft.EntityFrameworkCore.Database.Command[20101]
      Executed DbCommand (3ms) [Parameters=[@__p_0='?' (DbType = Int32)], CommandType='Text', CommandTimeout='120']
      SELECT TOP(1) [b].[BillID], [b].[ActualAmount], [b].[BillDate], [b].[BillNum], [b].[BillType], [b].[FID], [b].[Gst], [b].[GstDate], [b].[PId], [b].[PaymentReceived], [b].[PaymentTablePId], [b].[Tds]
      FROM [BillTables] AS [b]
      WHERE [b].[BillID] = @__p_0
info: Microsoft.EntityFrameworkCore.Infrastructure[10403]
      Entity Framework Core 6.0.21 initialized 'TransportMgmtContext' using provider 'Microsoft.EntityFrameworkCore.SqlServer:6.0.21' with options: CommandTimeout=120 
info: Microsoft.EntityFrameworkCore.Database.Command[20101]
      Executed DbCommand (2ms) [Parameters=[@__p_0='?' (DbType = Int32)], CommandType='Text', CommandTimeout='120']
      SELECT TOP(1) [b].[BillID], [b].[ActualAmount], [b].[BillDate], [b].[BillNum], [b].[BillType], [b].[FID], [b].[Gst], [b].[GstDate], [b].[PId], [b].[PaymentReceived], [b].[PaymentTablePId], [b].[Tds]
      FROM [BillTables] AS [b]
      WHERE [b].[BillID] = @__p_0
info: Microsoft.EntityFrameworkCore.Database.Command[20101]
      Executed DbCommand (2ms) [Parameters=[@p1='?' (DbType = Int32), @p0='?' (DbType = DateTime2)], CommandType='Text', CommandTimeout='120']
      SET NOCOUNT ON;
      UPDATE [BillTables] SET [GstDate] = @p0
      WHERE [BillID] = @p1;
      SELECT @@ROWCOUNT;
info: Microsoft.EntityFrameworkCore.Infrastructure[10403]
      Entity Framework Core 6.0.21 initialized 'TransportMgmtContext' using provider 'Microsoft.EntityFrameworkCore.SqlServer:6.0.21' with options: CommandTimeout=120 
info: Microsoft.EntityFrameworkCore.Database.Command[20101]
      Executed DbCommand (1ms) [Parameters=[], CommandType='Text', CommandTimeout='120']
      SELECT [t].[FID], [t].[Address], [t].[Code], [t].[CreatedBy], [t].[CreatedOn], [t].[FactoryName], [t].[Gstin], [t].[IsActive], [t].[ModifiedBy], [t].[ModifiedOn]
      FROM [TblFactories] AS [t]
info: Microsoft.EntityFrameworkCore.Database.Command[20101]
      Executed DbCommand (0ms) [Parameters=[], CommandType='Text', CommandTimeout='120']
      SELECT [b].[BillID], [b].[ActualAmount], [b].[BillDate], [b].[BillNum], [b].[BillType], [b].[FID], [b].[Gst], [b].[GstDate], [b].[PId], [b].[PaymentReceived], [b].[PaymentTablePId], [b].[Tds]
      FROM [BillTables] AS [b]
info: Microsoft.EntityFrameworkCore.Infrastructure[10403]
      Entity Framework Core 6.0.21 initialized 'TransportMgmtContext' using provider 'Microsoft.EntityFrameworkCore.SqlServer:6.0.21' with options: CommandTimeout=120 
info: Microsoft.EntityFrameworkCore.Database.Command[20101]
      Executed DbCommand (5ms) [Parameters=[@__p_0='?' (DbType = Int32)], CommandType='Text', CommandTimeout='120']
      SELECT TOP(1) [b].[BillID], [b].[ActualAmount], [b].[BillDate], [b].[BillNum], [b].[BillType], [b].[FID], [b].[Gst], [b].[GstDate], [b].[PId], [b].[PaymentReceived], [b].[PaymentTablePId], [b].[Tds]
      FROM [BillTables] AS [b]
      WHERE [b].[BillID] = @__p_0
info: Microsoft.EntityFrameworkCore.Infrastructure[10403]
      Entity Framework Core 6.0.21 initialized 'TransportMgmtContext' using provider 'Microsoft.EntityFrameworkCore.SqlServer:6.0.21' with options: CommandTimeout=120 
info: Microsoft.EntityFrameworkCore.Database.Command[20101]
      Executed DbCommand (5ms) [Parameters=[@__p_0='?' (DbType = Int32)], CommandType='Text', CommandTimeout='120']
      SELECT TOP(1) [b].[BillID], [b].[ActualAmount], [b].[BillDate], [b].[BillNum], [b].[BillType], [b].[FID], [b].[Gst], [b].[GstDate], [b].[PId], [b].[PaymentReceived], [b].[PaymentTablePId], [b].[Tds]
      FROM [BillTables] AS [b]
      WHERE [b].[BillID] = @__p_0
info: Microsoft.EntityFrameworkCore.Database.Command[20101]
      Executed DbCommand (3ms) [Parameters=[@p1='?' (DbType = Int32), @p0='?' (DbType = DateTime2)], CommandType='Text', CommandTimeout='120']
      SET NOCOUNT ON;
      UPDATE [BillTables] SET [GstDate] = @p0
      WHERE [BillID] = @p1;
      SELECT @@ROWCOUNT;
info: Microsoft.EntityFrameworkCore.Infrastructure[10403]
      Entity Framework Core 6.0.21 initialized 'TransportMgmtContext' using provider 'Microsoft.EntityFrameworkCore.SqlServer:6.0.21' with options: CommandTimeout=120 
info: Microsoft.EntityFrameworkCore.Database.Command[20101]
      Executed DbCommand (4ms) [Parameters=[], CommandType='Text', CommandTimeout='120']
      SELECT [t].[FID], [t].[Address], [t].[Code], [t].[CreatedBy], [t].[CreatedOn], [t].[FactoryName], [t].[Gstin], [t].[IsActive], [t].[ModifiedBy], [t].[ModifiedOn]
      FROM [TblFactories] AS [t]
info: Microsoft.EntityFrameworkCore.Database.Command[20101]
      Executed DbCommand (3ms) [Parameters=[], CommandType='Text', CommandTimeout='120']
      SELECT [b].[BillID], [b].[ActualAmount], [b].[BillDate], [b].[BillNum], [b].[BillType], [b].[FID], [b].[Gst], [b].[GstDate], [b].[PId], [b].[PaymentReceived], [b].[PaymentTablePId], [b].[Tds]
      FROM [BillTables] AS [b]
info: Microsoft.EntityFrameworkCore.Infrastructure[10403]
      Entity Framework Core 6.0.21 initialized 'TransportMgmtContext' using provider 'Microsoft.EntityFrameworkCore.SqlServer:6.0.21' with options: CommandTimeout=120 
info: Microsoft.EntityFrameworkCore.Database.Command[20101]
      Executed DbCommand (6ms) [Parameters=[@__p_0='?' (DbType = Int32)], CommandType='Text', CommandTimeout='120']
      SELECT TOP(1) [b].[BillID], [b].[ActualAmount], [b].[BillDate], [b].[BillNum], [b].[BillType], [b].[FID], [b].[Gst], [b].[GstDate], [b].[PId], [b].[PaymentReceived], [b].[PaymentTablePId], [b].[Tds]
      FROM [BillTables] AS [b]
      WHERE [b].[BillID] = @__p_0
info: Microsoft.EntityFrameworkCore.Infrastructure[10403]
      Entity Framework Core 6.0.21 initialized 'TransportMgmtContext' using provider 'Microsoft.EntityFrameworkCore.SqlServer:6.0.21' with options: CommandTimeout=120 
info: Microsoft.EntityFrameworkCore.Database.Command[20101]
      Executed DbCommand (1ms) [Parameters=[@__p_0='?' (DbType = Int32)], CommandType='Text', CommandTimeout='120']
      SELECT TOP(1) [b].[BillID], [b].[ActualAmount], [b].[BillDate], [b].[BillNum], [b].[BillType], [b].[FID], [b].[Gst], [b].[GstDate], [b].[PId], [b].[PaymentReceived], [b].[PaymentTablePId], [b].[Tds]
      FROM [BillTables] AS [b]
      WHERE [b].[BillID] = @__p_0
info: Microsoft.EntityFrameworkCore.Database.Command[20101]
      Executed DbCommand (8ms) [Parameters=[@p1='?' (DbType = Int32), @p0='?' (DbType = DateTime2)], CommandType='Text', CommandTimeout='120']
      SET NOCOUNT ON;
      UPDATE [BillTables] SET [GstDate] = @p0
      WHERE [BillID] = @p1;
      SELECT @@ROWCOUNT;
info: Microsoft.EntityFrameworkCore.Infrastructure[10403]
      Entity Framework Core 6.0.21 initialized 'TransportMgmtContext' using provider 'Microsoft.EntityFrameworkCore.SqlServer:6.0.21' with options: CommandTimeout=120 
info: Microsoft.EntityFrameworkCore.Database.Command[20101]
      Executed DbCommand (2ms) [Parameters=[], CommandType='Text', CommandTimeout='120']
      SELECT [t].[FID], [t].[Address], [t].[Code], [t].[CreatedBy], [t].[CreatedOn], [t].[FactoryName], [t].[Gstin], [t].[IsActive], [t].[ModifiedBy], [t].[ModifiedOn]
      FROM [TblFactories] AS [t]
info: Microsoft.EntityFrameworkCore.Database.Command[20101]
      Executed DbCommand (3ms) [Parameters=[], CommandType='Text', CommandTimeout='120']
      SELECT [b].[BillID], [b].[ActualAmount], [b].[BillDate], [b].[BillNum], [b].[BillType], [b].[FID], [b].[Gst], [b].[GstDate], [b].[PId], [b].[PaymentReceived], [b].[PaymentTablePId], [b].[Tds]
      FROM [BillTables] AS [b]
info: Microsoft.EntityFrameworkCore.Infrastructure[10403]
      Entity Framework Core 6.0.21 initialized 'TransportMgmtContext' using provider 'Microsoft.EntityFrameworkCore.SqlServer:6.0.21' with options: CommandTimeout=120 
info: Microsoft.EntityFrameworkCore.Database.Command[20101]
      Executed DbCommand (8ms) [Parameters=[@__p_0='?' (DbType = Int32)], CommandType='Text', CommandTimeout='120']
      SELECT TOP(1) [b].[BillID], [b].[ActualAmount], [b].[BillDate], [b].[BillNum], [b].[BillType], [b].[FID], [b].[Gst], [b].[GstDate], [b].[PId], [b].[PaymentReceived], [b].[PaymentTablePId], [b].[Tds]
      FROM [BillTables] AS [b]
      WHERE [b].[BillID] = @__p_0
info: Microsoft.EntityFrameworkCore.Infrastructure[10403]
      Entity Framework Core 6.0.21 initialized 'TransportMgmtContext' using provider 'Microsoft.EntityFrameworkCore.SqlServer:6.0.21' with options: CommandTimeout=120 
info: Microsoft.EntityFrameworkCore.Database.Command[20101]
      Executed DbCommand (3ms) [Parameters=[@__p_0='?' (DbType = Int32)], CommandType='Text', CommandTimeout='120']
      SELECT TOP(1) [b].[BillID], [b].[ActualAmount], [b].[BillDate], [b].[BillNum], [b].[BillType], [b].[FID], [b].[Gst], [b].[GstDate], [b].[PId], [b].[PaymentReceived], [b].[PaymentTablePId], [b].[Tds]
      FROM [BillTables] AS [b]
      WHERE [b].[BillID] = @__p_0
info: Microsoft.EntityFrameworkCore.Database.Command[20101]
      Executed DbCommand (3ms) [Parameters=[@p1='?' (DbType = Int32), @p0='?' (DbType = DateTime2)], CommandType='Text', CommandTimeout='120']
      SET NOCOUNT ON;
      UPDATE [BillTables] SET [GstDate] = @p0
      WHERE [BillID] = @p1;
      SELECT @@ROWCOUNT;
info: Microsoft.EntityFrameworkCore.Infrastructure[10403]
      Entity Framework Core 6.0.21 initialized 'TransportMgmtContext' using provider 'Microsoft.EntityFrameworkCore.SqlServer:6.0.21' with options: CommandTimeout=120 
info: Microsoft.EntityFrameworkCore.Database.Command[20101]
      Executed DbCommand (2ms) [Parameters=[], CommandType='Text', CommandTimeout='120']
      SELECT [t].[FID], [t].[Address], [t].[Code], [t].[CreatedBy], [t].[CreatedOn], [t].[FactoryName], [t].[Gstin], [t].[IsActive], [t].[ModifiedBy], [t].[ModifiedOn]
      FROM [TblFactories] AS [t]
info: Microsoft.EntityFrameworkCore.Database.Command[20101]
      Executed DbCommand (2ms) [Parameters=[], CommandType='Text', CommandTimeout='120']
      SELECT [b].[BillID], [b].[ActualAmount], [b].[BillDate], [b].[BillNum], [b].[BillType], [b].[FID], [b].[Gst], [b].[GstDate], [b].[PId], [b].[PaymentReceived], [b].[PaymentTablePId], [b].[Tds]
      FROM [BillTables] AS [b]
info: Microsoft.EntityFrameworkCore.Infrastructure[10403]
      Entity Framework Core 6.0.21 initialized 'TransportMgmtContext' using provider 'Microsoft.EntityFrameworkCore.SqlServer:6.0.21' with options: CommandTimeout=120 
info: Microsoft.EntityFrameworkCore.Database.Command[20101]
      Executed DbCommand (3ms) [Parameters=[@__p_0='?' (DbType = Int32)], CommandType='Text', CommandTimeout='120']
      SELECT TOP(1) [b].[BillID], [b].[ActualAmount], [b].[BillDate], [b].[BillNum], [b].[BillType], [b].[FID], [b].[Gst], [b].[GstDate], [b].[PId], [b].[PaymentReceived], [b].[PaymentTablePId], [b].[Tds]
      FROM [BillTables] AS [b]
      WHERE [b].[BillID] = @__p_0
info: Microsoft.EntityFrameworkCore.Infrastructure[10403]
      Entity Framework Core 6.0.21 initialized 'TransportMgmtContext' using provider 'Microsoft.EntityFrameworkCore.SqlServer:6.0.21' with options: CommandTimeout=120 
info: Microsoft.EntityFrameworkCore.Database.Command[20101]
      Executed DbCommand (3ms) [Parameters=[@__p_0='?' (DbType = Int32)], CommandType='Text', CommandTimeout='120']
      SELECT TOP(1) [b].[BillID], [b].[ActualAmount], [b].[BillDate], [b].[BillNum], [b].[BillType], [b].[FID], [b].[Gst], [b].[GstDate], [b].[PId], [b].[PaymentReceived], [b].[PaymentTablePId], [b].[Tds]
      FROM [BillTables] AS [b]
      WHERE [b].[BillID] = @__p_0
info: Microsoft.EntityFrameworkCore.Database.Command[20101]
      Executed DbCommand (4ms) [Parameters=[@p1='?' (DbType = Int32), @p0='?' (DbType = DateTime2)], CommandType='Text', CommandTimeout='120']
      SET NOCOUNT ON;
      UPDATE [BillTables] SET [GstDate] = @p0
      WHERE [BillID] = @p1;
      SELECT @@ROWCOUNT;
info: Microsoft.EntityFrameworkCore.Infrastructure[10403]
      Entity Framework Core 6.0.21 initialized 'TransportMgmtContext' using provider 'Microsoft.EntityFrameworkCore.SqlServer:6.0.21' with options: CommandTimeout=120 
info: Microsoft.EntityFrameworkCore.Database.Command[20101]
      Executed DbCommand (4ms) [Parameters=[], CommandType='Text', CommandTimeout='120']
      SELECT [t].[FID], [t].[Address], [t].[Code], [t].[CreatedBy], [t].[CreatedOn], [t].[FactoryName], [t].[Gstin], [t].[IsActive], [t].[ModifiedBy], [t].[ModifiedOn]
      FROM [TblFactories] AS [t]
info: Microsoft.EntityFrameworkCore.Database.Command[20101]
      Executed DbCommand (2ms) [Parameters=[], CommandType='Text', CommandTimeout='120']
      SELECT [b].[BillID], [b].[ActualAmount], [b].[BillDate], [b].[BillNum], [b].[BillType], [b].[FID], [b].[Gst], [b].[GstDate], [b].[PId], [b].[PaymentReceived], [b].[PaymentTablePId], [b].[Tds]
      FROM [BillTables] AS [b]
info: Microsoft.EntityFrameworkCore.Infrastructure[10403]
      Entity Framework Core 6.0.21 initialized 'TransportMgmtContext' using provider 'Microsoft.EntityFrameworkCore.SqlServer:6.0.21' with options: CommandTimeout=120 
info: Microsoft.EntityFrameworkCore.Database.Command[20101]
      Executed DbCommand (4ms) [Parameters=[@__p_0='?' (DbType = Int32)], CommandType='Text', CommandTimeout='120']
      SELECT TOP(1) [b].[BillID], [b].[ActualAmount], [b].[BillDate], [b].[BillNum], [b].[BillType], [b].[FID], [b].[Gst], [b].[GstDate], [b].[PId], [b].[PaymentReceived], [b].[PaymentTablePId], [b].[Tds]
      FROM [BillTables] AS [b]
      WHERE [b].[BillID] = @__p_0
info: Microsoft.EntityFrameworkCore.Infrastructure[10403]
      Entity Framework Core 6.0.21 initialized 'TransportMgmtContext' using provider 'Microsoft.EntityFrameworkCore.SqlServer:6.0.21' with options: CommandTimeout=120 
info: Microsoft.EntityFrameworkCore.Database.Command[20101]
      Executed DbCommand (5ms) [Parameters=[@__p_0='?' (DbType = Int32)], CommandType='Text', CommandTimeout='120']
      SELECT TOP(1) [b].[BillID], [b].[ActualAmount], [b].[BillDate], [b].[BillNum], [b].[BillType], [b].[FID], [b].[Gst], [b].[GstDate], [b].[PId], [b].[PaymentReceived], [b].[PaymentTablePId], [b].[Tds]
      FROM [BillTables] AS [b]
      WHERE [b].[BillID] = @__p_0
info: Microsoft.EntityFrameworkCore.Database.Command[20101]
      Executed DbCommand (2ms) [Parameters=[@p1='?' (DbType = Int32), @p0='?' (DbType = DateTime2)], CommandType='Text', CommandTimeout='120']
      SET NOCOUNT ON;
      UPDATE [BillTables] SET [GstDate] = @p0
      WHERE [BillID] = @p1;
      SELECT @@ROWCOUNT;
info: Microsoft.EntityFrameworkCore.Infrastructure[10403]
      Entity Framework Core 6.0.21 initialized 'TransportMgmtContext' using provider 'Microsoft.EntityFrameworkCore.SqlServer:6.0.21' with options: CommandTimeout=120 
info: Microsoft.EntityFrameworkCore.Database.Command[20101]
      Executed DbCommand (1ms) [Parameters=[], CommandType='Text', CommandTimeout='120']
      SELECT [t].[FID], [t].[Address], [t].[Code], [t].[CreatedBy], [t].[CreatedOn], [t].[FactoryName], [t].[Gstin], [t].[IsActive], [t].[ModifiedBy], [t].[ModifiedOn]
      FROM [TblFactories] AS [t]
info: Microsoft.EntityFrameworkCore.Database.Command[20101]
      Executed DbCommand (1ms) [Parameters=[], CommandType='Text', CommandTimeout='120']
      SELECT [b].[BillID], [b].[ActualAmount], [b].[BillDate], [b].[BillNum], [b].[BillType], [b].[FID], [b].[Gst], [b].[GstDate], [b].[PId], [b].[PaymentReceived], [b].[PaymentTablePId], [b].[Tds]
      FROM [BillTables] AS [b]
info: Microsoft.EntityFrameworkCore.Infrastructure[10403]
      Entity Framework Core 6.0.21 initialized 'TransportMgmtContext' using provider 'Microsoft.EntityFrameworkCore.SqlServer:6.0.21' with options: CommandTimeout=120 
info: Microsoft.EntityFrameworkCore.Database.Command[20101]
      Executed DbCommand (4ms) [Parameters=[@__p_0='?' (DbType = Int32)], CommandType='Text', CommandTimeout='120']
      SELECT TOP(1) [b].[BillID], [b].[ActualAmount], [b].[BillDate], [b].[BillNum], [b].[BillType], [b].[FID], [b].[Gst], [b].[GstDate], [b].[PId], [b].[PaymentReceived], [b].[PaymentTablePId], [b].[Tds]
      FROM [BillTables] AS [b]
      WHERE [b].[BillID] = @__p_0
info: Microsoft.EntityFrameworkCore.Infrastructure[10403]
      Entity Framework Core 6.0.21 initialized 'TransportMgmtContext' using provider 'Microsoft.EntityFrameworkCore.SqlServer:6.0.21' with options: CommandTimeout=120 
info: Microsoft.EntityFrameworkCore.Database.Command[20101]
      Executed DbCommand (2ms) [Parameters=[@__p_0='?' (DbType = Int32)], CommandType='Text', CommandTimeout='120']
      SELECT TOP(1) [b].[BillID], [b].[ActualAmount], [b].[BillDate], [b].[BillNum], [b].[BillType], [b].[FID], [b].[Gst], [b].[GstDate], [b].[PId], [b].[PaymentReceived], [b].[PaymentTablePId], [b].[Tds]
      FROM [BillTables] AS [b]
      WHERE [b].[BillID] = @__p_0
info: Microsoft.EntityFrameworkCore.Database.Command[20101]
      Executed DbCommand (4ms) [Parameters=[@p1='?' (DbType = Int32), @p0='?' (DbType = DateTime2)], CommandType='Text', CommandTimeout='120']
      SET NOCOUNT ON;
      UPDATE [BillTables] SET [GstDate] = @p0
      WHERE [BillID] = @p1;
      SELECT @@ROWCOUNT;
info: Microsoft.EntityFrameworkCore.Infrastructure[10403]
      Entity Framework Core 6.0.21 initialized 'TransportMgmtContext' using provider 'Microsoft.EntityFrameworkCore.SqlServer:6.0.21' with options: CommandTimeout=120 
info: Microsoft.EntityFrameworkCore.Database.Command[20101]
      Executed DbCommand (1ms) [Parameters=[], CommandType='Text', CommandTimeout='120']
      SELECT [t].[FID], [t].[Address], [t].[Code], [t].[CreatedBy], [t].[CreatedOn], [t].[FactoryName], [t].[Gstin], [t].[IsActive], [t].[ModifiedBy], [t].[ModifiedOn]
      FROM [TblFactories] AS [t]
info: Microsoft.EntityFrameworkCore.Database.Command[20101]
      Executed DbCommand (2ms) [Parameters=[], CommandType='Text', CommandTimeout='120']
      SELECT [b].[BillID], [b].[ActualAmount], [b].[BillDate], [b].[BillNum], [b].[BillType], [b].[FID], [b].[Gst], [b].[GstDate], [b].[PId], [b].[PaymentReceived], [b].[PaymentTablePId], [b].[Tds]
      FROM [BillTables] AS [b]
info: Microsoft.EntityFrameworkCore.Infrastructure[10403]
      Entity Framework Core 6.0.21 initialized 'TransportMgmtContext' using provider 'Microsoft.EntityFrameworkCore.SqlServer:6.0.21' with options: CommandTimeout=120 
info: Microsoft.EntityFrameworkCore.Database.Command[20101]
      Executed DbCommand (6ms) [Parameters=[@__p_0='?' (DbType = Int32)], CommandType='Text', CommandTimeout='120']
      SELECT TOP(1) [b].[BillID], [b].[ActualAmount], [b].[BillDate], [b].[BillNum], [b].[BillType], [b].[FID], [b].[Gst], [b].[GstDate], [b].[PId], [b].[PaymentReceived], [b].[PaymentTablePId], [b].[Tds]
      FROM [BillTables] AS [b]
      WHERE [b].[BillID] = @__p_0
info: Microsoft.EntityFrameworkCore.Infrastructure[10403]
      Entity Framework Core 6.0.21 initialized 'TransportMgmtContext' using provider 'Microsoft.EntityFrameworkCore.SqlServer:6.0.21' with options: CommandTimeout=120 
info: Microsoft.EntityFrameworkCore.Database.Command[20101]
      Executed DbCommand (4ms) [Parameters=[@__p_0='?' (DbType = Int32)], CommandType='Text', CommandTimeout='120']
      SELECT TOP(1) [b].[BillID], [b].[ActualAmount], [b].[BillDate], [b].[BillNum], [b].[BillType], [b].[FID], [b].[Gst], [b].[GstDate], [b].[PId], [b].[PaymentReceived], [b].[PaymentTablePId], [b].[Tds]
      FROM [BillTables] AS [b]
      WHERE [b].[BillID] = @__p_0
info: Microsoft.EntityFrameworkCore.Database.Command[20101]
      Executed DbCommand (3ms) [Parameters=[@p1='?' (DbType = Int32), @p0='?' (DbType = DateTime2)], CommandType='Text', CommandTimeout='120']
      SET NOCOUNT ON;
      UPDATE [BillTables] SET [GstDate] = @p0
      WHERE [BillID] = @p1;
      SELECT @@ROWCOUNT;
info: Microsoft.EntityFrameworkCore.Infrastructure[10403]
      Entity Framework Core 6.0.21 initialized 'TransportMgmtContext' using provider 'Microsoft.EntityFrameworkCore.SqlServer:6.0.21' with options: CommandTimeout=120 
info: Microsoft.EntityFrameworkCore.Database.Command[20101]
      Executed DbCommand (7ms) [Parameters=[], CommandType='Text', CommandTimeout='120']
      SELECT [t].[FID], [t].[Address], [t].[Code], [t].[CreatedBy], [t].[CreatedOn], [t].[FactoryName], [t].[Gstin], [t].[IsActive], [t].[ModifiedBy], [t].[ModifiedOn]
      FROM [TblFactories] AS [t]
info: Microsoft.EntityFrameworkCore.Database.Command[20101]
      Executed DbCommand (6ms) [Parameters=[], CommandType='Text', CommandTimeout='120']
      SELECT [b].[BillID], [b].[ActualAmount], [b].[BillDate], [b].[BillNum], [b].[BillType], [b].[FID], [b].[Gst], [b].[GstDate], [b].[PId], [b].[PaymentReceived], [b].[PaymentTablePId], [b].[Tds]
      FROM [BillTables] AS [b]
info: Microsoft.EntityFrameworkCore.Infrastructure[10403]
      Entity Framework Core 6.0.21 initialized 'TransportMgmtContext' using provider 'Microsoft.EntityFrameworkCore.SqlServer:6.0.21' with options: CommandTimeout=120 
info: Microsoft.EntityFrameworkCore.Database.Command[20101]
      Executed DbCommand (5ms) [Parameters=[@__p_0='?' (DbType = Int32)], CommandType='Text', CommandTimeout='120']
      SELECT TOP(1) [b].[BillID], [b].[ActualAmount], [b].[BillDate], [b].[BillNum], [b].[BillType], [b].[FID], [b].[Gst], [b].[GstDate], [b].[PId], [b].[PaymentReceived], [b].[PaymentTablePId], [b].[Tds]
      FROM [BillTables] AS [b]
      WHERE [b].[BillID] = @__p_0
info: Microsoft.EntityFrameworkCore.Infrastructure[10403]
      Entity Framework Core 6.0.21 initialized 'TransportMgmtContext' using provider 'Microsoft.EntityFrameworkCore.SqlServer:6.0.21' with options: CommandTimeout=120 
info: Microsoft.EntityFrameworkCore.Database.Command[20101]
      Executed DbCommand (7ms) [Parameters=[@__p_0='?' (DbType = Int32)], CommandType='Text', CommandTimeout='120']
      SELECT TOP(1) [b].[BillID], [b].[ActualAmount], [b].[BillDate], [b].[BillNum], [b].[BillType], [b].[FID], [b].[Gst], [b].[GstDate], [b].[PId], [b].[PaymentReceived], [b].[PaymentTablePId], [b].[Tds]
      FROM [BillTables] AS [b]
      WHERE [b].[BillID] = @__p_0
info: Microsoft.EntityFrameworkCore.Database.Command[20101]
      Executed DbCommand (3ms) [Parameters=[@p1='?' (DbType = Int32), @p0='?' (DbType = DateTime2)], CommandType='Text', CommandTimeout='120']
      SET NOCOUNT ON;
      UPDATE [BillTables] SET [GstDate] = @p0
      WHERE [BillID] = @p1;
      SELECT @@ROWCOUNT;
info: Microsoft.EntityFrameworkCore.Infrastructure[10403]
      Entity Framework Core 6.0.21 initialized 'TransportMgmtContext' using provider 'Microsoft.EntityFrameworkCore.SqlServer:6.0.21' with options: CommandTimeout=120 
info: Microsoft.EntityFrameworkCore.Database.Command[20101]
      Executed DbCommand (4ms) [Parameters=[], CommandType='Text', CommandTimeout='120']
      SELECT [t].[FID], [t].[Address], [t].[Code], [t].[CreatedBy], [t].[CreatedOn], [t].[FactoryName], [t].[Gstin], [t].[IsActive], [t].[ModifiedBy], [t].[ModifiedOn]
      FROM [TblFactories] AS [t]
info: Microsoft.EntityFrameworkCore.Database.Command[20101]
      Executed DbCommand (3ms) [Parameters=[], CommandType='Text', CommandTimeout='120']
      SELECT [b].[BillID], [b].[ActualAmount], [b].[BillDate], [b].[BillNum], [b].[BillType], [b].[FID], [b].[Gst], [b].[GstDate], [b].[PId], [b].[PaymentReceived], [b].[PaymentTablePId], [b].[Tds]
      FROM [BillTables] AS [b]
info: Microsoft.EntityFrameworkCore.Infrastructure[10403]
      Entity Framework Core 6.0.21 initialized 'TransportMgmtContext' using provider 'Microsoft.EntityFrameworkCore.SqlServer:6.0.21' with options: CommandTimeout=120 
info: Microsoft.EntityFrameworkCore.Database.Command[20101]
      Executed DbCommand (3ms) [Parameters=[@__p_0='?' (DbType = Int32)], CommandType='Text', CommandTimeout='120']
      SELECT TOP(1) [b].[BillID], [b].[ActualAmount], [b].[BillDate], [b].[BillNum], [b].[BillType], [b].[FID], [b].[Gst], [b].[GstDate], [b].[PId], [b].[PaymentReceived], [b].[PaymentTablePId], [b].[Tds]
      FROM [BillTables] AS [b]
      WHERE [b].[BillID] = @__p_0
info: Microsoft.EntityFrameworkCore.Infrastructure[10403]
      Entity Framework Core 6.0.21 initialized 'TransportMgmtContext' using provider 'Microsoft.EntityFrameworkCore.SqlServer:6.0.21' with options: CommandTimeout=120 
info: Microsoft.EntityFrameworkCore.Database.Command[20101]
      Executed DbCommand (3ms) [Parameters=[@__p_0='?' (DbType = Int32)], CommandType='Text', CommandTimeout='120']
      SELECT TOP(1) [b].[BillID], [b].[ActualAmount], [b].[BillDate], [b].[BillNum], [b].[BillType], [b].[FID], [b].[Gst], [b].[GstDate], [b].[PId], [b].[PaymentReceived], [b].[PaymentTablePId], [b].[Tds]
      FROM [BillTables] AS [b]
      WHERE [b].[BillID] = @__p_0
info: Microsoft.EntityFrameworkCore.Database.Command[20101]
      Executed DbCommand (2ms) [Parameters=[@p1='?' (DbType = Int32), @p0='?' (DbType = DateTime2)], CommandType='Text', CommandTimeout='120']
      SET NOCOUNT ON;
      UPDATE [BillTables] SET [GstDate] = @p0
      WHERE [BillID] = @p1;
      SELECT @@ROWCOUNT;
info: Microsoft.EntityFrameworkCore.Infrastructure[10403]
      Entity Framework Core 6.0.21 initialized 'TransportMgmtContext' using provider 'Microsoft.EntityFrameworkCore.SqlServer:6.0.21' with options: CommandTimeout=120 
info: Microsoft.EntityFrameworkCore.Database.Command[20101]
      Executed DbCommand (1ms) [Parameters=[], CommandType='Text', CommandTimeout='120']
      SELECT [t].[FID], [t].[Address], [t].[Code], [t].[CreatedBy], [t].[CreatedOn], [t].[FactoryName], [t].[Gstin], [t].[IsActive], [t].[ModifiedBy], [t].[ModifiedOn]
      FROM [TblFactories] AS [t]
info: Microsoft.EntityFrameworkCore.Database.Command[20101]
      Executed DbCommand (1ms) [Parameters=[], CommandType='Text', CommandTimeout='120']
      SELECT [b].[BillID], [b].[ActualAmount], [b].[BillDate], [b].[BillNum], [b].[BillType], [b].[FID], [b].[Gst], [b].[GstDate], [b].[PId], [b].[PaymentReceived], [b].[PaymentTablePId], [b].[Tds]
      FROM [BillTables] AS [b]
info: Microsoft.EntityFrameworkCore.Infrastructure[10403]
      Entity Framework Core 6.0.21 initialized 'TransportMgmtContext' using provider 'Microsoft.EntityFrameworkCore.SqlServer:6.0.21' with options: CommandTimeout=120 
info: Microsoft.EntityFrameworkCore.Database.Command[20101]
      Executed DbCommand (4ms) [Parameters=[@__p_0='?' (DbType = Int32)], CommandType='Text', CommandTimeout='120']
      SELECT TOP(1) [b].[BillID], [b].[ActualAmount], [b].[BillDate], [b].[BillNum], [b].[BillType], [b].[FID], [b].[Gst], [b].[GstDate], [b].[PId], [b].[PaymentReceived], [b].[PaymentTablePId], [b].[Tds]
      FROM [BillTables] AS [b]
      WHERE [b].[BillID] = @__p_0
info: Microsoft.EntityFrameworkCore.Infrastructure[10403]
      Entity Framework Core 6.0.21 initialized 'TransportMgmtContext' using provider 'Microsoft.EntityFrameworkCore.SqlServer:6.0.21' with options: CommandTimeout=120 
info: Microsoft.EntityFrameworkCore.Database.Command[20101]
      Executed DbCommand (1ms) [Parameters=[@__p_0='?' (DbType = Int32)], CommandType='Text', CommandTimeout='120']
      SELECT TOP(1) [b].[BillID], [b].[ActualAmount], [b].[BillDate], [b].[BillNum], [b].[BillType], [b].[FID], [b].[Gst], [b].[GstDate], [b].[PId], [b].[PaymentReceived], [b].[PaymentTablePId], [b].[Tds]
      FROM [BillTables] AS [b]
      WHERE [b].[BillID] = @__p_0
info: Microsoft.EntityFrameworkCore.Database.Command[20101]
      Executed DbCommand (8ms) [Parameters=[@p1='?' (DbType = Int32), @p0='?' (DbType = DateTime2)], CommandType='Text', CommandTimeout='120']
      SET NOCOUNT ON;
      UPDATE [BillTables] SET [GstDate] = @p0
      WHERE [BillID] = @p1;
      SELECT @@ROWCOUNT;
info: Microsoft.EntityFrameworkCore.Infrastructure[10403]
      Entity Framework Core 6.0.21 initialized 'TransportMgmtContext' using provider 'Microsoft.EntityFrameworkCore.SqlServer:6.0.21' with options: CommandTimeout=120 
info: Microsoft.EntityFrameworkCore.Database.Command[20101]
      Executed DbCommand (2ms) [Parameters=[], CommandType='Text', CommandTimeout='120']
      SELECT [t].[FID], [t].[Address], [t].[Code], [t].[CreatedBy], [t].[CreatedOn], [t].[FactoryName], [t].[Gstin], [t].[IsActive], [t].[ModifiedBy], [t].[ModifiedOn]
      FROM [TblFactories] AS [t]
info: Microsoft.EntityFrameworkCore.Database.Command[20101]
      Executed DbCommand (2ms) [Parameters=[], CommandType='Text', CommandTimeout='120']
      SELECT [b].[BillID], [b].[ActualAmount], [b].[BillDate], [b].[BillNum], [b].[BillType], [b].[FID], [b].[Gst], [b].[GstDate], [b].[PId], [b].[PaymentReceived], [b].[PaymentTablePId], [b].[Tds]
      FROM [BillTables] AS [b]
info: Microsoft.EntityFrameworkCore.Infrastructure[10403]
      Entity Framework Core 6.0.21 initialized 'TransportMgmtContext' using provider 'Microsoft.EntityFrameworkCore.SqlServer:6.0.21' with options: CommandTimeout=120 
info: Microsoft.EntityFrameworkCore.Database.Command[20101]
      Executed DbCommand (4ms) [Parameters=[@__p_0='?' (DbType = Int32)], CommandType='Text', CommandTimeout='120']
      SELECT TOP(1) [b].[BillID], [b].[ActualAmount], [b].[BillDate], [b].[BillNum], [b].[BillType], [b].[FID], [b].[Gst], [b].[GstDate], [b].[PId], [b].[PaymentReceived], [b].[PaymentTablePId], [b].[Tds]
      FROM [BillTables] AS [b]
      WHERE [b].[BillID] = @__p_0
info: Microsoft.EntityFrameworkCore.Infrastructure[10403]
      Entity Framework Core 6.0.21 initialized 'TransportMgmtContext' using provider 'Microsoft.EntityFrameworkCore.SqlServer:6.0.21' with options: CommandTimeout=120 
info: Microsoft.EntityFrameworkCore.Database.Command[20101]
      Executed DbCommand (2ms) [Parameters=[@__p_0='?' (DbType = Int32)], CommandType='Text', CommandTimeout='120']
      SELECT TOP(1) [b].[BillID], [b].[ActualAmount], [b].[BillDate], [b].[BillNum], [b].[BillType], [b].[FID], [b].[Gst], [b].[GstDate], [b].[PId], [b].[PaymentReceived], [b].[PaymentTablePId], [b].[Tds]
      FROM [BillTables] AS [b]
      WHERE [b].[BillID] = @__p_0
info: Microsoft.EntityFrameworkCore.Database.Command[20101]
      Executed DbCommand (10ms) [Parameters=[@p1='?' (DbType = Int32), @p0='?' (DbType = DateTime2)], CommandType='Text', CommandTimeout='120']
      SET NOCOUNT ON;
      UPDATE [BillTables] SET [GstDate] = @p0
      WHERE [BillID] = @p1;
      SELECT @@ROWCOUNT;
info: Microsoft.EntityFrameworkCore.Infrastructure[10403]
      Entity Framework Core 6.0.21 initialized 'TransportMgmtContext' using provider 'Microsoft.EntityFrameworkCore.SqlServer:6.0.21' with options: CommandTimeout=120 
info: Microsoft.EntityFrameworkCore.Database.Command[20101]
      Executed DbCommand (1ms) [Parameters=[], CommandType='Text', CommandTimeout='120']
      SELECT [t].[FID], [t].[Address], [t].[Code], [t].[CreatedBy], [t].[CreatedOn], [t].[FactoryName], [t].[Gstin], [t].[IsActive], [t].[ModifiedBy], [t].[ModifiedOn]
      FROM [TblFactories] AS [t]
info: Microsoft.EntityFrameworkCore.Database.Command[20101]
      Executed DbCommand (2ms) [Parameters=[], CommandType='Text', CommandTimeout='120']
      SELECT [b].[BillID], [b].[ActualAmount], [b].[BillDate], [b].[BillNum], [b].[BillType], [b].[FID], [b].[Gst], [b].[GstDate], [b].[PId], [b].[PaymentReceived], [b].[PaymentTablePId], [b].[Tds]
      FROM [BillTables] AS [b]
info: Microsoft.EntityFrameworkCore.Infrastructure[10403]
      Entity Framework Core 6.0.21 initialized 'TransportMgmtContext' using provider 'Microsoft.EntityFrameworkCore.SqlServer:6.0.21' with options: CommandTimeout=120 
info: Microsoft.EntityFrameworkCore.Database.Command[20101]
      Executed DbCommand (6ms) [Parameters=[@__p_0='?' (DbType = Int32)], CommandType='Text', CommandTimeout='120']
      SELECT TOP(1) [b].[BillID], [b].[ActualAmount], [b].[BillDate], [b].[BillNum], [b].[BillType], [b].[FID], [b].[Gst], [b].[GstDate], [b].[PId], [b].[PaymentReceived], [b].[PaymentTablePId], [b].[Tds]
      FROM [BillTables] AS [b]
      WHERE [b].[BillID] = @__p_0
info: Microsoft.EntityFrameworkCore.Infrastructure[10403]
      Entity Framework Core 6.0.21 initialized 'TransportMgmtContext' using provider 'Microsoft.EntityFrameworkCore.SqlServer:6.0.21' with options: CommandTimeout=120 
info: Microsoft.EntityFrameworkCore.Database.Command[20101]
      Executed DbCommand (3ms) [Parameters=[@__p_0='?' (DbType = Int32)], CommandType='Text', CommandTimeout='120']
      SELECT TOP(1) [b].[BillID], [b].[ActualAmount], [b].[BillDate], [b].[BillNum], [b].[BillType], [b].[FID], [b].[Gst], [b].[GstDate], [b].[PId], [b].[PaymentReceived], [b].[PaymentTablePId], [b].[Tds]
      FROM [BillTables] AS [b]
      WHERE [b].[BillID] = @__p_0
info: Microsoft.EntityFrameworkCore.Database.Command[20101]
      Executed DbCommand (5ms) [Parameters=[@p1='?' (DbType = Int32), @p0='?' (DbType = DateTime2)], CommandType='Text', CommandTimeout='120']
      SET NOCOUNT ON;
      UPDATE [BillTables] SET [GstDate] = @p0
      WHERE [BillID] = @p1;
      SELECT @@ROWCOUNT;
info: Microsoft.EntityFrameworkCore.Infrastructure[10403]
      Entity Framework Core 6.0.21 initialized 'TransportMgmtContext' using provider 'Microsoft.EntityFrameworkCore.SqlServer:6.0.21' with options: CommandTimeout=120 
info: Microsoft.EntityFrameworkCore.Database.Command[20101]
      Executed DbCommand (4ms) [Parameters=[], CommandType='Text', CommandTimeout='120']
      SELECT [t].[FID], [t].[Address], [t].[Code], [t].[CreatedBy], [t].[CreatedOn], [t].[FactoryName], [t].[Gstin], [t].[IsActive], [t].[ModifiedBy], [t].[ModifiedOn]
      FROM [TblFactories] AS [t]
info: Microsoft.EntityFrameworkCore.Database.Command[20101]
      Executed DbCommand (2ms) [Parameters=[], CommandType='Text', CommandTimeout='120']
      SELECT [b].[BillID], [b].[ActualAmount], [b].[BillDate], [b].[BillNum], [b].[BillType], [b].[FID], [b].[Gst], [b].[GstDate], [b].[PId], [b].[PaymentReceived], [b].[PaymentTablePId], [b].[Tds]
      FROM [BillTables] AS [b]
info: Microsoft.EntityFrameworkCore.Infrastructure[10403]
      Entity Framework Core 6.0.21 initialized 'TransportMgmtContext' using provider 'Microsoft.EntityFrameworkCore.SqlServer:6.0.21' with options: CommandTimeout=120 
info: Microsoft.EntityFrameworkCore.Database.Command[20101]
      Executed DbCommand (4ms) [Parameters=[@__p_0='?' (DbType = Int32)], CommandType='Text', CommandTimeout='120']
      SELECT TOP(1) [b].[BillID], [b].[ActualAmount], [b].[BillDate], [b].[BillNum], [b].[BillType], [b].[FID], [b].[Gst], [b].[GstDate], [b].[PId], [b].[PaymentReceived], [b].[PaymentTablePId], [b].[Tds]
      FROM [BillTables] AS [b]
      WHERE [b].[BillID] = @__p_0
info: Microsoft.EntityFrameworkCore.Infrastructure[10403]
      Entity Framework Core 6.0.21 initialized 'TransportMgmtContext' using provider 'Microsoft.EntityFrameworkCore.SqlServer:6.0.21' with options: CommandTimeout=120 
info: Microsoft.EntityFrameworkCore.Database.Command[20101]
      Executed DbCommand (3ms) [Parameters=[@__p_0='?' (DbType = Int32)], CommandType='Text', CommandTimeout='120']
      SELECT TOP(1) [b].[BillID], [b].[ActualAmount], [b].[BillDate], [b].[BillNum], [b].[BillType], [b].[FID], [b].[Gst], [b].[GstDate], [b].[PId], [b].[PaymentReceived], [b].[PaymentTablePId], [b].[Tds]
      FROM [BillTables] AS [b]
      WHERE [b].[BillID] = @__p_0
info: Microsoft.EntityFrameworkCore.Database.Command[20101]
      Executed DbCommand (3ms) [Parameters=[@p1='?' (DbType = Int32), @p0='?' (DbType = DateTime2)], CommandType='Text', CommandTimeout='120']
      SET NOCOUNT ON;
      UPDATE [BillTables] SET [GstDate] = @p0
      WHERE [BillID] = @p1;
      SELECT @@ROWCOUNT;
info: Microsoft.EntityFrameworkCore.Infrastructure[10403]
      Entity Framework Core 6.0.21 initialized 'TransportMgmtContext' using provider 'Microsoft.EntityFrameworkCore.SqlServer:6.0.21' with options: CommandTimeout=120 
info: Microsoft.EntityFrameworkCore.Database.Command[20101]
      Executed DbCommand (4ms) [Parameters=[], CommandType='Text', CommandTimeout='120']
      SELECT [t].[FID], [t].[Address], [t].[Code], [t].[CreatedBy], [t].[CreatedOn], [t].[FactoryName], [t].[Gstin], [t].[IsActive], [t].[ModifiedBy], [t].[ModifiedOn]
      FROM [TblFactories] AS [t]
info: Microsoft.EntityFrameworkCore.Database.Command[20101]
      Executed DbCommand (1ms) [Parameters=[], CommandType='Text', CommandTimeout='120']
      SELECT [b].[BillID], [b].[ActualAmount], [b].[BillDate], [b].[BillNum], [b].[BillType], [b].[FID], [b].[Gst], [b].[GstDate], [b].[PId], [b].[PaymentReceived], [b].[PaymentTablePId], [b].[Tds]
      FROM [BillTables] AS [b]
info: Microsoft.EntityFrameworkCore.Infrastructure[10403]
      Entity Framework Core 6.0.21 initialized 'TransportMgmtContext' using provider 'Microsoft.EntityFrameworkCore.SqlServer:6.0.21' with options: CommandTimeout=120 
info: Microsoft.EntityFrameworkCore.Database.Command[20101]
      Executed DbCommand (5ms) [Parameters=[@__p_0='?' (DbType = Int32)], CommandType='Text', CommandTimeout='120']
      SELECT TOP(1) [b].[BillID], [b].[ActualAmount], [b].[BillDate], [b].[BillNum], [b].[BillType], [b].[FID], [b].[Gst], [b].[GstDate], [b].[PId], [b].[PaymentReceived], [b].[PaymentTablePId], [b].[Tds]
      FROM [BillTables] AS [b]
      WHERE [b].[BillID] = @__p_0
info: Microsoft.EntityFrameworkCore.Infrastructure[10403]
      Entity Framework Core 6.0.21 initialized 'TransportMgmtContext' using provider 'Microsoft.EntityFrameworkCore.SqlServer:6.0.21' with options: CommandTimeout=120 
info: Microsoft.EntityFrameworkCore.Database.Command[20101]
      Executed DbCommand (4ms) [Parameters=[@__p_0='?' (DbType = Int32)], CommandType='Text', CommandTimeout='120']
      SELECT TOP(1) [b].[BillID], [b].[ActualAmount], [b].[BillDate], [b].[BillNum], [b].[BillType], [b].[FID], [b].[Gst], [b].[GstDate], [b].[PId], [b].[PaymentReceived], [b].[PaymentTablePId], [b].[Tds]
      FROM [BillTables] AS [b]
      WHERE [b].[BillID] = @__p_0
info: Microsoft.EntityFrameworkCore.Database.Command[20101]
      Executed DbCommand (3ms) [Parameters=[@p1='?' (DbType = Int32), @p0='?' (DbType = DateTime2)], CommandType='Text', CommandTimeout='120']
      SET NOCOUNT ON;
      UPDATE [BillTables] SET [GstDate] = @p0
      WHERE [BillID] = @p1;
      SELECT @@ROWCOUNT;
info: Microsoft.EntityFrameworkCore.Infrastructure[10403]
      Entity Framework Core 6.0.21 initialized 'TransportMgmtContext' using provider 'Microsoft.EntityFrameworkCore.SqlServer:6.0.21' with options: CommandTimeout=120 
info: Microsoft.EntityFrameworkCore.Database.Command[20101]
      Executed DbCommand (2ms) [Parameters=[], CommandType='Text', CommandTimeout='120']
      SELECT [t].[FID], [t].[Address], [t].[Code], [t].[CreatedBy], [t].[CreatedOn], [t].[FactoryName], [t].[Gstin], [t].[IsActive], [t].[ModifiedBy], [t].[ModifiedOn]
      FROM [TblFactories] AS [t]
info: Microsoft.EntityFrameworkCore.Database.Command[20101]
      Executed DbCommand (2ms) [Parameters=[], CommandType='Text', CommandTimeout='120']
      SELECT [b].[BillID], [b].[ActualAmount], [b].[BillDate], [b].[BillNum], [b].[BillType], [b].[FID], [b].[Gst], [b].[GstDate], [b].[PId], [b].[PaymentReceived], [b].[PaymentTablePId], [b].[Tds]
      FROM [BillTables] AS [b]
info: Microsoft.EntityFrameworkCore.Infrastructure[10403]
      Entity Framework Core 6.0.21 initialized 'TransportMgmtContext' using provider 'Microsoft.EntityFrameworkCore.SqlServer:6.0.21' with options: CommandTimeout=120 
info: Microsoft.EntityFrameworkCore.Database.Command[20101]
      Executed DbCommand (4ms) [Parameters=[@__p_0='?' (DbType = Int32)], CommandType='Text', CommandTimeout='120']
      SELECT TOP(1) [b].[BillID], [b].[ActualAmount], [b].[BillDate], [b].[BillNum], [b].[BillType], [b].[FID], [b].[Gst], [b].[GstDate], [b].[PId], [b].[PaymentReceived], [b].[PaymentTablePId], [b].[Tds]
      FROM [BillTables] AS [b]
      WHERE [b].[BillID] = @__p_0
info: Microsoft.EntityFrameworkCore.Infrastructure[10403]
      Entity Framework Core 6.0.21 initialized 'TransportMgmtContext' using provider 'Microsoft.EntityFrameworkCore.SqlServer:6.0.21' with options: CommandTimeout=120 
info: Microsoft.EntityFrameworkCore.Database.Command[20101]
      Executed DbCommand (6ms) [Parameters=[@__p_0='?' (DbType = Int32)], CommandType='Text', CommandTimeout='120']
      SELECT TOP(1) [b].[BillID], [b].[ActualAmount], [b].[BillDate], [b].[BillNum], [b].[BillType], [b].[FID], [b].[Gst], [b].[GstDate], [b].[PId], [b].[PaymentReceived], [b].[PaymentTablePId], [b].[Tds]
      FROM [BillTables] AS [b]
      WHERE [b].[BillID] = @__p_0
info: Microsoft.EntityFrameworkCore.Database.Command[20101]
      Executed DbCommand (2ms) [Parameters=[@p1='?' (DbType = Int32), @p0='?' (DbType = DateTime2)], CommandType='Text', CommandTimeout='120']
      SET NOCOUNT ON;
      UPDATE [BillTables] SET [GstDate] = @p0
      WHERE [BillID] = @p1;
      SELECT @@ROWCOUNT;
info: Microsoft.EntityFrameworkCore.Infrastructure[10403]
      Entity Framework Core 6.0.21 initialized 'TransportMgmtContext' using provider 'Microsoft.EntityFrameworkCore.SqlServer:6.0.21' with options: CommandTimeout=120 
info: Microsoft.EntityFrameworkCore.Database.Command[20101]
      Executed DbCommand (1ms) [Parameters=[], CommandType='Text', CommandTimeout='120']
      SELECT [t].[FID], [t].[Address], [t].[Code], [t].[CreatedBy], [t].[CreatedOn], [t].[FactoryName], [t].[Gstin], [t].[IsActive], [t].[ModifiedBy], [t].[ModifiedOn]
      FROM [TblFactories] AS [t]
info: Microsoft.EntityFrameworkCore.Database.Command[20101]
      Executed DbCommand (1ms) [Parameters=[], CommandType='Text', CommandTimeout='120']
      SELECT [b].[BillID], [b].[ActualAmount], [b].[BillDate], [b].[BillNum], [b].[BillType], [b].[FID], [b].[Gst], [b].[GstDate], [b].[PId], [b].[PaymentReceived], [b].[PaymentTablePId], [b].[Tds]
      FROM [BillTables] AS [b]
info: Microsoft.EntityFrameworkCore.Infrastructure[10403]
      Entity Framework Core 6.0.21 initialized 'TransportMgmtContext' using provider 'Microsoft.EntityFrameworkCore.SqlServer:6.0.21' with options: CommandTimeout=120 
info: Microsoft.EntityFrameworkCore.Database.Command[20101]
      Executed DbCommand (6ms) [Parameters=[@__p_0='?' (DbType = Int32)], CommandType='Text', CommandTimeout='120']
      SELECT TOP(1) [b].[BillID], [b].[ActualAmount], [b].[BillDate], [b].[BillNum], [b].[BillType], [b].[FID], [b].[Gst], [b].[GstDate], [b].[PId], [b].[PaymentReceived], [b].[PaymentTablePId], [b].[Tds]
      FROM [BillTables] AS [b]
      WHERE [b].[BillID] = @__p_0
info: Microsoft.EntityFrameworkCore.Infrastructure[10403]
      Entity Framework Core 6.0.21 initialized 'TransportMgmtContext' using provider 'Microsoft.EntityFrameworkCore.SqlServer:6.0.21' with options: CommandTimeout=120 
info: Microsoft.EntityFrameworkCore.Database.Command[20101]
      Executed DbCommand (5ms) [Parameters=[@__p_0='?' (DbType = Int32)], CommandType='Text', CommandTimeout='120']
      SELECT TOP(1) [b].[BillID], [b].[ActualAmount], [b].[BillDate], [b].[BillNum], [b].[BillType], [b].[FID], [b].[Gst], [b].[GstDate], [b].[PId], [b].[PaymentReceived], [b].[PaymentTablePId], [b].[Tds]
      FROM [BillTables] AS [b]
      WHERE [b].[BillID] = @__p_0
info: Microsoft.EntityFrameworkCore.Database.Command[20101]
      Executed DbCommand (3ms) [Parameters=[@p1='?' (DbType = Int32), @p0='?' (DbType = DateTime2)], CommandType='Text', CommandTimeout='120']
      SET NOCOUNT ON;
      UPDATE [BillTables] SET [GstDate] = @p0
      WHERE [BillID] = @p1;
      SELECT @@ROWCOUNT;
info: Microsoft.EntityFrameworkCore.Infrastructure[10403]
      Entity Framework Core 6.0.21 initialized 'TransportMgmtContext' using provider 'Microsoft.EntityFrameworkCore.SqlServer:6.0.21' with options: CommandTimeout=120 
info: Microsoft.EntityFrameworkCore.Database.Command[20101]
      Executed DbCommand (2ms) [Parameters=[], CommandType='Text', CommandTimeout='120']
      SELECT [t].[FID], [t].[Address], [t].[Code], [t].[CreatedBy], [t].[CreatedOn], [t].[FactoryName], [t].[Gstin], [t].[IsActive], [t].[ModifiedBy], [t].[ModifiedOn]
      FROM [TblFactories] AS [t]
info: Microsoft.EntityFrameworkCore.Database.Command[20101]
      Executed DbCommand (3ms) [Parameters=[], CommandType='Text', CommandTimeout='120']
      SELECT [b].[BillID], [b].[ActualAmount], [b].[BillDate], [b].[BillNum], [b].[BillType], [b].[FID], [b].[Gst], [b].[GstDate], [b].[PId], [b].[PaymentReceived], [b].[PaymentTablePId], [b].[Tds]
      FROM [BillTables] AS [b]
info: Microsoft.EntityFrameworkCore.Infrastructure[10403]
      Entity Framework Core 6.0.21 initialized 'TransportMgmtContext' using provider 'Microsoft.EntityFrameworkCore.SqlServer:6.0.21' with options: CommandTimeout=120 
info: Microsoft.EntityFrameworkCore.Database.Command[20101]
      Executed DbCommand (5ms) [Parameters=[@__p_0='?' (DbType = Int32)], CommandType='Text', CommandTimeout='120']
      SELECT TOP(1) [b].[BillID], [b].[ActualAmount], [b].[BillDate], [b].[BillNum], [b].[BillType], [b].[FID], [b].[Gst], [b].[GstDate], [b].[PId], [b].[PaymentReceived], [b].[PaymentTablePId], [b].[Tds]
      FROM [BillTables] AS [b]
      WHERE [b].[BillID] = @__p_0
info: Microsoft.EntityFrameworkCore.Infrastructure[10403]
      Entity Framework Core 6.0.21 initialized 'TransportMgmtContext' using provider 'Microsoft.EntityFrameworkCore.SqlServer:6.0.21' with options: CommandTimeout=120 
info: Microsoft.EntityFrameworkCore.Database.Command[20101]
      Executed DbCommand (1ms) [Parameters=[@__p_0='?' (DbType = Int32)], CommandType='Text', CommandTimeout='120']
      SELECT TOP(1) [b].[BillID], [b].[ActualAmount], [b].[BillDate], [b].[BillNum], [b].[BillType], [b].[FID], [b].[Gst], [b].[GstDate], [b].[PId], [b].[PaymentReceived], [b].[PaymentTablePId], [b].[Tds]
      FROM [BillTables] AS [b]
      WHERE [b].[BillID] = @__p_0
info: Microsoft.EntityFrameworkCore.Database.Command[20101]
      Executed DbCommand (4ms) [Parameters=[@p1='?' (DbType = Int32), @p0='?' (DbType = DateTime2)], CommandType='Text', CommandTimeout='120']
      SET NOCOUNT ON;
      UPDATE [BillTables] SET [GstDate] = @p0
      WHERE [BillID] = @p1;
      SELECT @@ROWCOUNT;
info: Microsoft.EntityFrameworkCore.Infrastructure[10403]
      Entity Framework Core 6.0.21 initialized 'TransportMgmtContext' using provider 'Microsoft.EntityFrameworkCore.SqlServer:6.0.21' with options: CommandTimeout=120 
info: Microsoft.EntityFrameworkCore.Database.Command[20101]
      Executed DbCommand (2ms) [Parameters=[], CommandType='Text', CommandTimeout='120']
      SELECT [t].[FID], [t].[Address], [t].[Code], [t].[CreatedBy], [t].[CreatedOn], [t].[FactoryName], [t].[Gstin], [t].[IsActive], [t].[ModifiedBy], [t].[ModifiedOn]
      FROM [TblFactories] AS [t]
info: Microsoft.EntityFrameworkCore.Database.Command[20101]
      Executed DbCommand (4ms) [Parameters=[], CommandType='Text', CommandTimeout='120']
      SELECT [b].[BillID], [b].[ActualAmount], [b].[BillDate], [b].[BillNum], [b].[BillType], [b].[FID], [b].[Gst], [b].[GstDate], [b].[PId], [b].[PaymentReceived], [b].[PaymentTablePId], [b].[Tds]
      FROM [BillTables] AS [b]
info: Microsoft.EntityFrameworkCore.Infrastructure[10403]
      Entity Framework Core 6.0.21 initialized 'TransportMgmtContext' using provider 'Microsoft.EntityFrameworkCore.SqlServer:6.0.21' with options: CommandTimeout=120 
info: Microsoft.EntityFrameworkCore.Database.Command[20101]
      Executed DbCommand (5ms) [Parameters=[@__p_0='?' (DbType = Int32)], CommandType='Text', CommandTimeout='120']
      SELECT TOP(1) [b].[BillID], [b].[ActualAmount], [b].[BillDate], [b].[BillNum], [b].[BillType], [b].[FID], [b].[Gst], [b].[GstDate], [b].[PId], [b].[PaymentReceived], [b].[PaymentTablePId], [b].[Tds]
      FROM [BillTables] AS [b]
      WHERE [b].[BillID] = @__p_0
info: Microsoft.EntityFrameworkCore.Infrastructure[10403]
      Entity Framework Core 6.0.21 initialized 'TransportMgmtContext' using provider 'Microsoft.EntityFrameworkCore.SqlServer:6.0.21' with options: CommandTimeout=120 
info: Microsoft.EntityFrameworkCore.Database.Command[20101]
      Executed DbCommand (6ms) [Parameters=[@__p_0='?' (DbType = Int32)], CommandType='Text', CommandTimeout='120']
      SELECT TOP(1) [b].[BillID], [b].[ActualAmount], [b].[BillDate], [b].[BillNum], [b].[BillType], [b].[FID], [b].[Gst], [b].[GstDate], [b].[PId], [b].[PaymentReceived], [b].[PaymentTablePId], [b].[Tds]
      FROM [BillTables] AS [b]
      WHERE [b].[BillID] = @__p_0
info: Microsoft.EntityFrameworkCore.Database.Command[20101]
      Executed DbCommand (3ms) [Parameters=[@p1='?' (DbType = Int32), @p0='?' (DbType = DateTime2)], CommandType='Text', CommandTimeout='120']
      SET NOCOUNT ON;
      UPDATE [BillTables] SET [GstDate] = @p0
      WHERE [BillID] = @p1;
      SELECT @@ROWCOUNT;
info: Microsoft.EntityFrameworkCore.Infrastructure[10403]
      Entity Framework Core 6.0.21 initialized 'TransportMgmtContext' using provider 'Microsoft.EntityFrameworkCore.SqlServer:6.0.21' with options: CommandTimeout=120 
info: Microsoft.EntityFrameworkCore.Database.Command[20101]
      Executed DbCommand (1ms) [Parameters=[], CommandType='Text', CommandTimeout='120']
      SELECT [t].[FID], [t].[Address], [t].[Code], [t].[CreatedBy], [t].[CreatedOn], [t].[FactoryName], [t].[Gstin], [t].[IsActive], [t].[ModifiedBy], [t].[ModifiedOn]
      FROM [TblFactories] AS [t]
info: Microsoft.EntityFrameworkCore.Database.Command[20101]
      Executed DbCommand (0ms) [Parameters=[], CommandType='Text', CommandTimeout='120']
      SELECT [b].[BillID], [b].[ActualAmount], [b].[BillDate], [b].[BillNum], [b].[BillType], [b].[FID], [b].[Gst], [b].[GstDate], [b].[PId], [b].[PaymentReceived], [b].[PaymentTablePId], [b].[Tds]
      FROM [BillTables] AS [b]
info: Microsoft.EntityFrameworkCore.Infrastructure[10403]
      Entity Framework Core 6.0.21 initialized 'TransportMgmtContext' using provider 'Microsoft.EntityFrameworkCore.SqlServer:6.0.21' with options: CommandTimeout=120 
info: Microsoft.EntityFrameworkCore.Database.Command[20101]
      Executed DbCommand (6ms) [Parameters=[@__p_0='?' (DbType = Int32)], CommandType='Text', CommandTimeout='120']
      SELECT TOP(1) [b].[BillID], [b].[ActualAmount], [b].[BillDate], [b].[BillNum], [b].[BillType], [b].[FID], [b].[Gst], [b].[GstDate], [b].[PId], [b].[PaymentReceived], [b].[PaymentTablePId], [b].[Tds]
      FROM [BillTables] AS [b]
      WHERE [b].[BillID] = @__p_0
info: Microsoft.EntityFrameworkCore.Infrastructure[10403]
      Entity Framework Core 6.0.21 initialized 'TransportMgmtContext' using provider 'Microsoft.EntityFrameworkCore.SqlServer:6.0.21' with options: CommandTimeout=120 
info: Microsoft.EntityFrameworkCore.Database.Command[20101]
      Executed DbCommand (2ms) [Parameters=[@__p_0='?' (DbType = Int32)], CommandType='Text', CommandTimeout='120']
      SELECT TOP(1) [b].[BillID], [b].[ActualAmount], [b].[BillDate], [b].[BillNum], [b].[BillType], [b].[FID], [b].[Gst], [b].[GstDate], [b].[PId], [b].[PaymentReceived], [b].[PaymentTablePId], [b].[Tds]
      FROM [BillTables] AS [b]
      WHERE [b].[BillID] = @__p_0
info: Microsoft.EntityFrameworkCore.Database.Command[20101]
      Executed DbCommand (3ms) [Parameters=[@p1='?' (DbType = Int32), @p0='?' (DbType = DateTime2)], CommandType='Text', CommandTimeout='120']
      SET NOCOUNT ON;
      UPDATE [BillTables] SET [GstDate] = @p0
      WHERE [BillID] = @p1;
      SELECT @@ROWCOUNT;
info: Microsoft.EntityFrameworkCore.Infrastructure[10403]
      Entity Framework Core 6.0.21 initialized 'TransportMgmtContext' using provider 'Microsoft.EntityFrameworkCore.SqlServer:6.0.21' with options: CommandTimeout=120 
info: Microsoft.EntityFrameworkCore.Database.Command[20101]
      Executed DbCommand (4ms) [Parameters=[], CommandType='Text', CommandTimeout='120']
      SELECT [t].[FID], [t].[Address], [t].[Code], [t].[CreatedBy], [t].[CreatedOn], [t].[FactoryName], [t].[Gstin], [t].[IsActive], [t].[ModifiedBy], [t].[ModifiedOn]
      FROM [TblFactories] AS [t]
info: Microsoft.EntityFrameworkCore.Database.Command[20101]
      Executed DbCommand (2ms) [Parameters=[], CommandType='Text', CommandTimeout='120']
      SELECT [b].[BillID], [b].[ActualAmount], [b].[BillDate], [b].[BillNum], [b].[BillType], [b].[FID], [b].[Gst], [b].[GstDate], [b].[PId], [b].[PaymentReceived], [b].[PaymentTablePId], [b].[Tds]
      FROM [BillTables] AS [b]
info: Microsoft.EntityFrameworkCore.Infrastructure[10403]
      Entity Framework Core 6.0.21 initialized 'TransportMgmtContext' using provider 'Microsoft.EntityFrameworkCore.SqlServer:6.0.21' with options: CommandTimeout=120 
info: Microsoft.EntityFrameworkCore.Database.Command[20101]
      Executed DbCommand (6ms) [Parameters=[@__p_0='?' (DbType = Int32)], CommandType='Text', CommandTimeout='120']
      SELECT TOP(1) [b].[BillID], [b].[ActualAmount], [b].[BillDate], [b].[BillNum], [b].[BillType], [b].[FID], [b].[Gst], [b].[GstDate], [b].[PId], [b].[PaymentReceived], [b].[PaymentTablePId], [b].[Tds]
      FROM [BillTables] AS [b]
      WHERE [b].[BillID] = @__p_0
info: Microsoft.EntityFrameworkCore.Infrastructure[10403]
      Entity Framework Core 6.0.21 initialized 'TransportMgmtContext' using provider 'Microsoft.EntityFrameworkCore.SqlServer:6.0.21' with options: CommandTimeout=120 
info: Microsoft.EntityFrameworkCore.Database.Command[20101]
      Executed DbCommand (2ms) [Parameters=[@__p_0='?' (DbType = Int32)], CommandType='Text', CommandTimeout='120']
      SELECT TOP(1) [b].[BillID], [b].[ActualAmount], [b].[BillDate], [b].[BillNum], [b].[BillType], [b].[FID], [b].[Gst], [b].[GstDate], [b].[PId], [b].[PaymentReceived], [b].[PaymentTablePId], [b].[Tds]
      FROM [BillTables] AS [b]
      WHERE [b].[BillID] = @__p_0
info: Microsoft.EntityFrameworkCore.Database.Command[20101]
      Executed DbCommand (4ms) [Parameters=[@p1='?' (DbType = Int32), @p0='?' (DbType = DateTime2)], CommandType='Text', CommandTimeout='120']
      SET NOCOUNT ON;
      UPDATE [BillTables] SET [GstDate] = @p0
      WHERE [BillID] = @p1;
      SELECT @@ROWCOUNT;
info: Microsoft.EntityFrameworkCore.Infrastructure[10403]
      Entity Framework Core 6.0.21 initialized 'TransportMgmtContext' using provider 'Microsoft.EntityFrameworkCore.SqlServer:6.0.21' with options: CommandTimeout=120 
info: Microsoft.EntityFrameworkCore.Database.Command[20101]
      Executed DbCommand (1ms) [Parameters=[], CommandType='Text', CommandTimeout='120']
      SELECT [t].[FID], [t].[Address], [t].[Code], [t].[CreatedBy], [t].[CreatedOn], [t].[FactoryName], [t].[Gstin], [t].[IsActive], [t].[ModifiedBy], [t].[ModifiedOn]
      FROM [TblFactories] AS [t]
info: Microsoft.EntityFrameworkCore.Database.Command[20101]
      Executed DbCommand (2ms) [Parameters=[], CommandType='Text', CommandTimeout='120']
      SELECT [b].[BillID], [b].[ActualAmount], [b].[BillDate], [b].[BillNum], [b].[BillType], [b].[FID], [b].[Gst], [b].[GstDate], [b].[PId], [b].[PaymentReceived], [b].[PaymentTablePId], [b].[Tds]
      FROM [BillTables] AS [b]
info: Microsoft.EntityFrameworkCore.Infrastructure[10403]
      Entity Framework Core 6.0.21 initialized 'TransportMgmtContext' using provider 'Microsoft.EntityFrameworkCore.SqlServer:6.0.21' with options: CommandTimeout=120 
info: Microsoft.EntityFrameworkCore.Database.Command[20101]
      Executed DbCommand (4ms) [Parameters=[@__p_0='?' (DbType = Int32)], CommandType='Text', CommandTimeout='120']
      SELECT TOP(1) [b].[BillID], [b].[ActualAmount], [b].[BillDate], [b].[BillNum], [b].[BillType], [b].[FID], [b].[Gst], [b].[GstDate], [b].[PId], [b].[PaymentReceived], [b].[PaymentTablePId], [b].[Tds]
      FROM [BillTables] AS [b]
      WHERE [b].[BillID] = @__p_0
info: Microsoft.EntityFrameworkCore.Infrastructure[10403]
      Entity Framework Core 6.0.21 initialized 'TransportMgmtContext' using provider 'Microsoft.EntityFrameworkCore.SqlServer:6.0.21' with options: CommandTimeout=120 
info: Microsoft.EntityFrameworkCore.Database.Command[20101]
      Executed DbCommand (2ms) [Parameters=[@__p_0='?' (DbType = Int32)], CommandType='Text', CommandTimeout='120']
      SELECT TOP(1) [b].[BillID], [b].[ActualAmount], [b].[BillDate], [b].[BillNum], [b].[BillType], [b].[FID], [b].[Gst], [b].[GstDate], [b].[PId], [b].[PaymentReceived], [b].[PaymentTablePId], [b].[Tds]
      FROM [BillTables] AS [b]
      WHERE [b].[BillID] = @__p_0
info: Microsoft.EntityFrameworkCore.Database.Command[20101]
      Executed DbCommand (1ms) [Parameters=[@p1='?' (DbType = Int32), @p0='?' (DbType = DateTime2)], CommandType='Text', CommandTimeout='120']
      SET NOCOUNT ON;
      UPDATE [BillTables] SET [GstDate] = @p0
      WHERE [BillID] = @p1;
      SELECT @@ROWCOUNT;
info: Microsoft.EntityFrameworkCore.Infrastructure[10403]
      Entity Framework Core 6.0.21 initialized 'TransportMgmtContext' using provider 'Microsoft.EntityFrameworkCore.SqlServer:6.0.21' with options: CommandTimeout=120 
info: Microsoft.EntityFrameworkCore.Database.Command[20101]
      Executed DbCommand (1ms) [Parameters=[], CommandType='Text', CommandTimeout='120']
      SELECT [t].[FID], [t].[Address], [t].[Code], [t].[CreatedBy], [t].[CreatedOn], [t].[FactoryName], [t].[Gstin], [t].[IsActive], [t].[ModifiedBy], [t].[ModifiedOn]
      FROM [TblFactories] AS [t]
info: Microsoft.EntityFrameworkCore.Database.Command[20101]
      Executed DbCommand (0ms) [Parameters=[], CommandType='Text', CommandTimeout='120']
      SELECT [b].[BillID], [b].[ActualAmount], [b].[BillDate], [b].[BillNum], [b].[BillType], [b].[FID], [b].[Gst], [b].[GstDate], [b].[PId], [b].[PaymentReceived], [b].[PaymentTablePId], [b].[Tds]
      FROM [BillTables] AS [b]
info: Microsoft.EntityFrameworkCore.Infrastructure[10403]
      Entity Framework Core 6.0.21 initialized 'TransportMgmtContext' using provider 'Microsoft.EntityFrameworkCore.SqlServer:6.0.21' with options: CommandTimeout=120 
info: Microsoft.EntityFrameworkCore.Database.Command[20101]
      Executed DbCommand (4ms) [Parameters=[@__p_0='?' (DbType = Int32)], CommandType='Text', CommandTimeout='120']
      SELECT TOP(1) [b].[BillID], [b].[ActualAmount], [b].[BillDate], [b].[BillNum], [b].[BillType], [b].[FID], [b].[Gst], [b].[GstDate], [b].[PId], [b].[PaymentReceived], [b].[PaymentTablePId], [b].[Tds]
      FROM [BillTables] AS [b]
      WHERE [b].[BillID] = @__p_0
info: Microsoft.EntityFrameworkCore.Infrastructure[10403]
      Entity Framework Core 6.0.21 initialized 'TransportMgmtContext' using provider 'Microsoft.EntityFrameworkCore.SqlServer:6.0.21' with options: CommandTimeout=120 
info: Microsoft.EntityFrameworkCore.Database.Command[20101]
      Executed DbCommand (3ms) [Parameters=[@__p_0='?' (DbType = Int32)], CommandType='Text', CommandTimeout='120']
      SELECT TOP(1) [b].[BillID], [b].[ActualAmount], [b].[BillDate], [b].[BillNum], [b].[BillType], [b].[FID], [b].[Gst], [b].[GstDate], [b].[PId], [b].[PaymentReceived], [b].[PaymentTablePId], [b].[Tds]
      FROM [BillTables] AS [b]
      WHERE [b].[BillID] = @__p_0
info: Microsoft.EntityFrameworkCore.Database.Command[20101]
      Executed DbCommand (3ms) [Parameters=[@p1='?' (DbType = Int32), @p0='?' (DbType = DateTime2)], CommandType='Text', CommandTimeout='120']
      SET NOCOUNT ON;
      UPDATE [BillTables] SET [GstDate] = @p0
      WHERE [BillID] = @p1;
      SELECT @@ROWCOUNT;
info: Microsoft.EntityFrameworkCore.Infrastructure[10403]
      Entity Framework Core 6.0.21 initialized 'TransportMgmtContext' using provider 'Microsoft.EntityFrameworkCore.SqlServer:6.0.21' with options: CommandTimeout=120 
info: Microsoft.EntityFrameworkCore.Database.Command[20101]
      Executed DbCommand (2ms) [Parameters=[], CommandType='Text', CommandTimeout='120']
      SELECT [t].[FID], [t].[Address], [t].[Code], [t].[CreatedBy], [t].[CreatedOn], [t].[FactoryName], [t].[Gstin], [t].[IsActive], [t].[ModifiedBy], [t].[ModifiedOn]
      FROM [TblFactories] AS [t]
info: Microsoft.EntityFrameworkCore.Database.Command[20101]
      Executed DbCommand (2ms) [Parameters=[], CommandType='Text', CommandTimeout='120']
      SELECT [b].[BillID], [b].[ActualAmount], [b].[BillDate], [b].[BillNum], [b].[BillType], [b].[FID], [b].[Gst], [b].[GstDate], [b].[PId], [b].[PaymentReceived], [b].[PaymentTablePId], [b].[Tds]
      FROM [BillTables] AS [b]
info: Microsoft.EntityFrameworkCore.Infrastructure[10403]
      Entity Framework Core 6.0.21 initialized 'TransportMgmtContext' using provider 'Microsoft.EntityFrameworkCore.SqlServer:6.0.21' with options: CommandTimeout=120 
info: Microsoft.EntityFrameworkCore.Database.Command[20101]
      Executed DbCommand (3ms) [Parameters=[@__p_0='?' (DbType = Int32)], CommandType='Text', CommandTimeout='120']
      SELECT TOP(1) [b].[BillID], [b].[ActualAmount], [b].[BillDate], [b].[BillNum], [b].[BillType], [b].[FID], [b].[Gst], [b].[GstDate], [b].[PId], [b].[PaymentReceived], [b].[PaymentTablePId], [b].[Tds]
      FROM [BillTables] AS [b]
      WHERE [b].[BillID] = @__p_0
info: Microsoft.EntityFrameworkCore.Infrastructure[10403]
      Entity Framework Core 6.0.21 initialized 'TransportMgmtContext' using provider 'Microsoft.EntityFrameworkCore.SqlServer:6.0.21' with options: CommandTimeout=120 
info: Microsoft.EntityFrameworkCore.Database.Command[20101]
      Executed DbCommand (4ms) [Parameters=[@__p_0='?' (DbType = Int32)], CommandType='Text', CommandTimeout='120']
      SELECT TOP(1) [b].[BillID], [b].[ActualAmount], [b].[BillDate], [b].[BillNum], [b].[BillType], [b].[FID], [b].[Gst], [b].[GstDate], [b].[PId], [b].[PaymentReceived], [b].[PaymentTablePId], [b].[Tds]
      FROM [BillTables] AS [b]
      WHERE [b].[BillID] = @__p_0
info: Microsoft.EntityFrameworkCore.Database.Command[20101]
      Executed DbCommand (2ms) [Parameters=[@p1='?' (DbType = Int32), @p0='?' (DbType = DateTime2)], CommandType='Text', CommandTimeout='120']
      SET NOCOUNT ON;
      UPDATE [BillTables] SET [GstDate] = @p0
      WHERE [BillID] = @p1;
      SELECT @@ROWCOUNT;
info: Microsoft.EntityFrameworkCore.Infrastructure[10403]
      Entity Framework Core 6.0.21 initialized 'TransportMgmtContext' using provider 'Microsoft.EntityFrameworkCore.SqlServer:6.0.21' with options: CommandTimeout=120 
info: Microsoft.EntityFrameworkCore.Database.Command[20101]
      Executed DbCommand (2ms) [Parameters=[], CommandType='Text', CommandTimeout='120']
      SELECT [t].[FID], [t].[Address], [t].[Code], [t].[CreatedBy], [t].[CreatedOn], [t].[FactoryName], [t].[Gstin], [t].[IsActive], [t].[ModifiedBy], [t].[ModifiedOn]
      FROM [TblFactories] AS [t]
info: Microsoft.EntityFrameworkCore.Database.Command[20101]
      Executed DbCommand (1ms) [Parameters=[], CommandType='Text', CommandTimeout='120']
      SELECT [b].[BillID], [b].[ActualAmount], [b].[BillDate], [b].[BillNum], [b].[BillType], [b].[FID], [b].[Gst], [b].[GstDate], [b].[PId], [b].[PaymentReceived], [b].[PaymentTablePId], [b].[Tds]
      FROM [BillTables] AS [b]
info: Microsoft.EntityFrameworkCore.Infrastructure[10403]
      Entity Framework Core 6.0.21 initialized 'TransportMgmtContext' using provider 'Microsoft.EntityFrameworkCore.SqlServer:6.0.21' with options: CommandTimeout=120 
info: Microsoft.EntityFrameworkCore.Database.Command[20101]
      Executed DbCommand (5ms) [Parameters=[@__p_0='?' (DbType = Int32)], CommandType='Text', CommandTimeout='120']
      SELECT TOP(1) [b].[BillID], [b].[ActualAmount], [b].[BillDate], [b].[BillNum], [b].[BillType], [b].[FID], [b].[Gst], [b].[GstDate], [b].[PId], [b].[PaymentReceived], [b].[PaymentTablePId], [b].[Tds]
      FROM [BillTables] AS [b]
      WHERE [b].[BillID] = @__p_0
info: Microsoft.EntityFrameworkCore.Infrastructure[10403]
      Entity Framework Core 6.0.21 initialized 'TransportMgmtContext' using provider 'Microsoft.EntityFrameworkCore.SqlServer:6.0.21' with options: CommandTimeout=120 
info: Microsoft.EntityFrameworkCore.Database.Command[20101]
      Executed DbCommand (9ms) [Parameters=[@__p_0='?' (DbType = Int32)], CommandType='Text', CommandTimeout='120']
      SELECT TOP(1) [b].[BillID], [b].[ActualAmount], [b].[BillDate], [b].[BillNum], [b].[BillType], [b].[FID], [b].[Gst], [b].[GstDate], [b].[PId], [b].[PaymentReceived], [b].[PaymentTablePId], [b].[Tds]
      FROM [BillTables] AS [b]
      WHERE [b].[BillID] = @__p_0
info: Microsoft.EntityFrameworkCore.Database.Command[20101]
      Executed DbCommand (3ms) [Parameters=[@p1='?' (DbType = Int32), @p0='?' (DbType = DateTime2)], CommandType='Text', CommandTimeout='120']
      SET NOCOUNT ON;
      UPDATE [BillTables] SET [GstDate] = @p0
      WHERE [BillID] = @p1;
      SELECT @@ROWCOUNT;
info: Microsoft.EntityFrameworkCore.Infrastructure[10403]
      Entity Framework Core 6.0.21 initialized 'TransportMgmtContext' using provider 'Microsoft.EntityFrameworkCore.SqlServer:6.0.21' with options: CommandTimeout=120 
info: Microsoft.EntityFrameworkCore.Database.Command[20101]
      Executed DbCommand (1ms) [Parameters=[], CommandType='Text', CommandTimeout='120']
      SELECT [t].[FID], [t].[Address], [t].[Code], [t].[CreatedBy], [t].[CreatedOn], [t].[FactoryName], [t].[Gstin], [t].[IsActive], [t].[ModifiedBy], [t].[ModifiedOn]
      FROM [TblFactories] AS [t]
info: Microsoft.EntityFrameworkCore.Database.Command[20101]
      Executed DbCommand (1ms) [Parameters=[], CommandType='Text', CommandTimeout='120']
      SELECT [b].[BillID], [b].[ActualAmount], [b].[BillDate], [b].[BillNum], [b].[BillType], [b].[FID], [b].[Gst], [b].[GstDate], [b].[PId], [b].[PaymentReceived], [b].[PaymentTablePId], [b].[Tds]
      FROM [BillTables] AS [b]
info: Microsoft.EntityFrameworkCore.Infrastructure[10403]
      Entity Framework Core 6.0.21 initialized 'TransportMgmtContext' using provider 'Microsoft.EntityFrameworkCore.SqlServer:6.0.21' with options: CommandTimeout=120 
info: Microsoft.EntityFrameworkCore.Database.Command[20101]
      Executed DbCommand (4ms) [Parameters=[@__p_0='?' (DbType = Int32)], CommandType='Text', CommandTimeout='120']
      SELECT TOP(1) [b].[BillID], [b].[ActualAmount], [b].[BillDate], [b].[BillNum], [b].[BillType], [b].[FID], [b].[Gst], [b].[GstDate], [b].[PId], [b].[PaymentReceived], [b].[PaymentTablePId], [b].[Tds]
      FROM [BillTables] AS [b]
      WHERE [b].[BillID] = @__p_0
info: Microsoft.EntityFrameworkCore.Infrastructure[10403]
      Entity Framework Core 6.0.21 initialized 'TransportMgmtContext' using provider 'Microsoft.EntityFrameworkCore.SqlServer:6.0.21' with options: CommandTimeout=120 
info: Microsoft.EntityFrameworkCore.Database.Command[20101]
      Executed DbCommand (5ms) [Parameters=[@__p_0='?' (DbType = Int32)], CommandType='Text', CommandTimeout='120']
      SELECT TOP(1) [b].[BillID], [b].[ActualAmount], [b].[BillDate], [b].[BillNum], [b].[BillType], [b].[FID], [b].[Gst], [b].[GstDate], [b].[PId], [b].[PaymentReceived], [b].[PaymentTablePId], [b].[Tds]
      FROM [BillTables] AS [b]
      WHERE [b].[BillID] = @__p_0
info: Microsoft.EntityFrameworkCore.Database.Command[20101]
      Executed DbCommand (3ms) [Parameters=[@p1='?' (DbType = Int32), @p0='?' (DbType = DateTime2)], CommandType='Text', CommandTimeout='120']
      SET NOCOUNT ON;
      UPDATE [BillTables] SET [GstDate] = @p0
      WHERE [BillID] = @p1;
      SELECT @@ROWCOUNT;
info: Microsoft.EntityFrameworkCore.Infrastructure[10403]
      Entity Framework Core 6.0.21 initialized 'TransportMgmtContext' using provider 'Microsoft.EntityFrameworkCore.SqlServer:6.0.21' with options: CommandTimeout=120 
info: Microsoft.EntityFrameworkCore.Database.Command[20101]
      Executed DbCommand (2ms) [Parameters=[], CommandType='Text', CommandTimeout='120']
      SELECT [t].[FID], [t].[Address], [t].[Code], [t].[CreatedBy], [t].[CreatedOn], [t].[FactoryName], [t].[Gstin], [t].[IsActive], [t].[ModifiedBy], [t].[ModifiedOn]
      FROM [TblFactories] AS [t]
info: Microsoft.EntityFrameworkCore.Database.Command[20101]
      Executed DbCommand (2ms) [Parameters=[], CommandType='Text', CommandTimeout='120']
      SELECT [b].[BillID], [b].[ActualAmount], [b].[BillDate], [b].[BillNum], [b].[BillType], [b].[FID], [b].[Gst], [b].[GstDate], [b].[PId], [b].[PaymentReceived], [b].[PaymentTablePId], [b].[Tds]
      FROM [BillTables] AS [b]
info: Microsoft.EntityFrameworkCore.Infrastructure[10403]
      Entity Framework Core 6.0.21 initialized 'TransportMgmtContext' using provider 'Microsoft.EntityFrameworkCore.SqlServer:6.0.21' with options: CommandTimeout=120 
info: Microsoft.EntityFrameworkCore.Database.Command[20101]
      Executed DbCommand (7ms) [Parameters=[@__p_0='?' (DbType = Int32)], CommandType='Text', CommandTimeout='120']
      SELECT TOP(1) [b].[BillID], [b].[ActualAmount], [b].[BillDate], [b].[BillNum], [b].[BillType], [b].[FID], [b].[Gst], [b].[GstDate], [b].[PId], [b].[PaymentReceived], [b].[PaymentTablePId], [b].[Tds]
      FROM [BillTables] AS [b]
      WHERE [b].[BillID] = @__p_0
info: Microsoft.EntityFrameworkCore.Infrastructure[10403]
      Entity Framework Core 6.0.21 initialized 'TransportMgmtContext' using provider 'Microsoft.EntityFrameworkCore.SqlServer:6.0.21' with options: CommandTimeout=120 
info: Microsoft.EntityFrameworkCore.Database.Command[20101]
      Executed DbCommand (4ms) [Parameters=[@__p_0='?' (DbType = Int32)], CommandType='Text', CommandTimeout='120']
      SELECT TOP(1) [b].[BillID], [b].[ActualAmount], [b].[BillDate], [b].[BillNum], [b].[BillType], [b].[FID], [b].[Gst], [b].[GstDate], [b].[PId], [b].[PaymentReceived], [b].[PaymentTablePId], [b].[Tds]
      FROM [BillTables] AS [b]
      WHERE [b].[BillID] = @__p_0
info: Microsoft.EntityFrameworkCore.Database.Command[20101]
      Executed DbCommand (3ms) [Parameters=[@p1='?' (DbType = Int32), @p0='?' (DbType = DateTime2)], CommandType='Text', CommandTimeout='120']
      SET NOCOUNT ON;
      UPDATE [BillTables] SET [GstDate] = @p0
      WHERE [BillID] = @p1;
      SELECT @@ROWCOUNT;
info: Microsoft.EntityFrameworkCore.Infrastructure[10403]
      Entity Framework Core 6.0.21 initialized 'TransportMgmtContext' using provider 'Microsoft.EntityFrameworkCore.SqlServer:6.0.21' with options: CommandTimeout=120 
info: Microsoft.EntityFrameworkCore.Database.Command[20101]
      Executed DbCommand (6ms) [Parameters=[], CommandType='Text', CommandTimeout='120']
      SELECT [t].[FID], [t].[Address], [t].[Code], [t].[CreatedBy], [t].[CreatedOn], [t].[FactoryName], [t].[Gstin], [t].[IsActive], [t].[ModifiedBy], [t].[ModifiedOn]
      FROM [TblFactories] AS [t]
info: Microsoft.EntityFrameworkCore.Database.Command[20101]
      Executed DbCommand (1ms) [Parameters=[], CommandType='Text', CommandTimeout='120']
      SELECT [b].[BillID], [b].[ActualAmount], [b].[BillDate], [b].[BillNum], [b].[BillType], [b].[FID], [b].[Gst], [b].[GstDate], [b].[PId], [b].[PaymentReceived], [b].[PaymentTablePId], [b].[Tds]
      FROM [BillTables] AS [b]
info: Microsoft.EntityFrameworkCore.Infrastructure[10403]
      Entity Framework Core 6.0.21 initialized 'TransportMgmtContext' using provider 'Microsoft.EntityFrameworkCore.SqlServer:6.0.21' with options: CommandTimeout=120 
info: Microsoft.EntityFrameworkCore.Database.Command[20101]
      Executed DbCommand (2ms) [Parameters=[@__p_0='?' (DbType = Int32)], CommandType='Text', CommandTimeout='120']
      SELECT TOP(1) [b].[BillID], [b].[ActualAmount], [b].[BillDate], [b].[BillNum], [b].[BillType], [b].[FID], [b].[Gst], [b].[GstDate], [b].[PId], [b].[PaymentReceived], [b].[PaymentTablePId], [b].[Tds]
      FROM [BillTables] AS [b]
      WHERE [b].[BillID] = @__p_0
info: Microsoft.EntityFrameworkCore.Infrastructure[10403]
      Entity Framework Core 6.0.21 initialized 'TransportMgmtContext' using provider 'Microsoft.EntityFrameworkCore.SqlServer:6.0.21' with options: CommandTimeout=120 
info: Microsoft.EntityFrameworkCore.Database.Command[20101]
      Executed DbCommand (3ms) [Parameters=[@__p_0='?' (DbType = Int32)], CommandType='Text', CommandTimeout='120']
      SELECT TOP(1) [b].[BillID], [b].[ActualAmount], [b].[BillDate], [b].[BillNum], [b].[BillType], [b].[FID], [b].[Gst], [b].[GstDate], [b].[PId], [b].[PaymentReceived], [b].[PaymentTablePId], [b].[Tds]
      FROM [BillTables] AS [b]
      WHERE [b].[BillID] = @__p_0
info: Microsoft.EntityFrameworkCore.Database.Command[20101]
      Executed DbCommand (3ms) [Parameters=[@p1='?' (DbType = Int32), @p0='?' (DbType = DateTime2)], CommandType='Text', CommandTimeout='120']
      SET NOCOUNT ON;
      UPDATE [BillTables] SET [GstDate] = @p0
      WHERE [BillID] = @p1;
      SELECT @@ROWCOUNT;
info: Microsoft.EntityFrameworkCore.Infrastructure[10403]
      Entity Framework Core 6.0.21 initialized 'TransportMgmtContext' using provider 'Microsoft.EntityFrameworkCore.SqlServer:6.0.21' with options: CommandTimeout=120 
info: Microsoft.EntityFrameworkCore.Database.Command[20101]
      Executed DbCommand (1ms) [Parameters=[], CommandType='Text', CommandTimeout='120']
      SELECT [t].[FID], [t].[Address], [t].[Code], [t].[CreatedBy], [t].[CreatedOn], [t].[FactoryName], [t].[Gstin], [t].[IsActive], [t].[ModifiedBy], [t].[ModifiedOn]
      FROM [TblFactories] AS [t]
info: Microsoft.EntityFrameworkCore.Database.Command[20101]
      Executed DbCommand (1ms) [Parameters=[], CommandType='Text', CommandTimeout='120']
      SELECT [b].[BillID], [b].[ActualAmount], [b].[BillDate], [b].[BillNum], [b].[BillType], [b].[FID], [b].[Gst], [b].[GstDate], [b].[PId], [b].[PaymentReceived], [b].[PaymentTablePId], [b].[Tds]
      FROM [BillTables] AS [b]
info: Microsoft.EntityFrameworkCore.Infrastructure[10403]
      Entity Framework Core 6.0.21 initialized 'TransportMgmtContext' using provider 'Microsoft.EntityFrameworkCore.SqlServer:6.0.21' with options: CommandTimeout=120 
info: Microsoft.EntityFrameworkCore.Database.Command[20101]
      Executed DbCommand (3ms) [Parameters=[@__p_0='?' (DbType = Int32)], CommandType='Text', CommandTimeout='120']
      SELECT TOP(1) [b].[BillID], [b].[ActualAmount], [b].[BillDate], [b].[BillNum], [b].[BillType], [b].[FID], [b].[Gst], [b].[GstDate], [b].[PId], [b].[PaymentReceived], [b].[PaymentTablePId], [b].[Tds]
      FROM [BillTables] AS [b]
      WHERE [b].[BillID] = @__p_0
info: Microsoft.EntityFrameworkCore.Infrastructure[10403]
      Entity Framework Core 6.0.21 initialized 'TransportMgmtContext' using provider 'Microsoft.EntityFrameworkCore.SqlServer:6.0.21' with options: CommandTimeout=120 
info: Microsoft.EntityFrameworkCore.Database.Command[20101]
      Executed DbCommand (3ms) [Parameters=[@__p_0='?' (DbType = Int32)], CommandType='Text', CommandTimeout='120']
      SELECT TOP(1) [b].[BillID], [b].[ActualAmount], [b].[BillDate], [b].[BillNum], [b].[BillType], [b].[FID], [b].[Gst], [b].[GstDate], [b].[PId], [b].[PaymentReceived], [b].[PaymentTablePId], [b].[Tds]
      FROM [BillTables] AS [b]
      WHERE [b].[BillID] = @__p_0
info: Microsoft.EntityFrameworkCore.Database.Command[20101]
      Executed DbCommand (6ms) [Parameters=[@p1='?' (DbType = Int32), @p0='?' (DbType = DateTime2)], CommandType='Text', CommandTimeout='120']
      SET NOCOUNT ON;
      UPDATE [BillTables] SET [GstDate] = @p0
      WHERE [BillID] = @p1;
      SELECT @@ROWCOUNT;
info: Microsoft.EntityFrameworkCore.Infrastructure[10403]
      Entity Framework Core 6.0.21 initialized 'TransportMgmtContext' using provider 'Microsoft.EntityFrameworkCore.SqlServer:6.0.21' with options: CommandTimeout=120 
info: Microsoft.EntityFrameworkCore.Database.Command[20101]
      Executed DbCommand (2ms) [Parameters=[], CommandType='Text', CommandTimeout='120']
      SELECT [t].[FID], [t].[Address], [t].[Code], [t].[CreatedBy], [t].[CreatedOn], [t].[FactoryName], [t].[Gstin], [t].[IsActive], [t].[ModifiedBy], [t].[ModifiedOn]
      FROM [TblFactories] AS [t]
info: Microsoft.EntityFrameworkCore.Database.Command[20101]
      Executed DbCommand (4ms) [Parameters=[], CommandType='Text', CommandTimeout='120']
      SELECT [b].[BillID], [b].[ActualAmount], [b].[BillDate], [b].[BillNum], [b].[BillType], [b].[FID], [b].[Gst], [b].[GstDate], [b].[PId], [b].[PaymentReceived], [b].[PaymentTablePId], [b].[Tds]
      FROM [BillTables] AS [b]
info: Microsoft.EntityFrameworkCore.Infrastructure[10403]
      Entity Framework Core 6.0.21 initialized 'TransportMgmtContext' using provider 'Microsoft.EntityFrameworkCore.SqlServer:6.0.21' with options: CommandTimeout=120 
info: Microsoft.EntityFrameworkCore.Database.Command[20101]
      Executed DbCommand (4ms) [Parameters=[@__p_0='?' (DbType = Int32)], CommandType='Text', CommandTimeout='120']
      SELECT TOP(1) [b].[BillID], [b].[ActualAmount], [b].[BillDate], [b].[BillNum], [b].[BillType], [b].[FID], [b].[Gst], [b].[GstDate], [b].[PId], [b].[PaymentReceived], [b].[PaymentTablePId], [b].[Tds]
      FROM [BillTables] AS [b]
      WHERE [b].[BillID] = @__p_0
info: Microsoft.EntityFrameworkCore.Infrastructure[10403]
      Entity Framework Core 6.0.21 initialized 'TransportMgmtContext' using provider 'Microsoft.EntityFrameworkCore.SqlServer:6.0.21' with options: CommandTimeout=120 
info: Microsoft.EntityFrameworkCore.Database.Command[20101]
      Executed DbCommand (3ms) [Parameters=[@__p_0='?' (DbType = Int32)], CommandType='Text', CommandTimeout='120']
      SELECT TOP(1) [b].[BillID], [b].[ActualAmount], [b].[BillDate], [b].[BillNum], [b].[BillType], [b].[FID], [b].[Gst], [b].[GstDate], [b].[PId], [b].[PaymentReceived], [b].[PaymentTablePId], [b].[Tds]
      FROM [BillTables] AS [b]
      WHERE [b].[BillID] = @__p_0
info: Microsoft.EntityFrameworkCore.Database.Command[20101]
      Executed DbCommand (2ms) [Parameters=[@p1='?' (DbType = Int32), @p0='?' (DbType = DateTime2)], CommandType='Text', CommandTimeout='120']
      SET NOCOUNT ON;
      UPDATE [BillTables] SET [GstDate] = @p0
      WHERE [BillID] = @p1;
      SELECT @@ROWCOUNT;
info: Microsoft.EntityFrameworkCore.Infrastructure[10403]
      Entity Framework Core 6.0.21 initialized 'TransportMgmtContext' using provider 'Microsoft.EntityFrameworkCore.SqlServer:6.0.21' with options: CommandTimeout=120 
info: Microsoft.EntityFrameworkCore.Database.Command[20101]
      Executed DbCommand (1ms) [Parameters=[], CommandType='Text', CommandTimeout='120']
      SELECT [t].[FID], [t].[Address], [t].[Code], [t].[CreatedBy], [t].[CreatedOn], [t].[FactoryName], [t].[Gstin], [t].[IsActive], [t].[ModifiedBy], [t].[ModifiedOn]
      FROM [TblFactories] AS [t]
info: Microsoft.EntityFrameworkCore.Database.Command[20101]
      Executed DbCommand (1ms) [Parameters=[], CommandType='Text', CommandTimeout='120']
      SELECT [b].[BillID], [b].[ActualAmount], [b].[BillDate], [b].[BillNum], [b].[BillType], [b].[FID], [b].[Gst], [b].[GstDate], [b].[PId], [b].[PaymentReceived], [b].[PaymentTablePId], [b].[Tds]
      FROM [BillTables] AS [b]
info: Microsoft.EntityFrameworkCore.Infrastructure[10403]
      Entity Framework Core 6.0.21 initialized 'TransportMgmtContext' using provider 'Microsoft.EntityFrameworkCore.SqlServer:6.0.21' with options: CommandTimeout=120 
info: Microsoft.EntityFrameworkCore.Database.Command[20101]
      Executed DbCommand (4ms) [Parameters=[@__p_0='?' (DbType = Int32)], CommandType='Text', CommandTimeout='120']
      SELECT TOP(1) [b].[BillID], [b].[ActualAmount], [b].[BillDate], [b].[BillNum], [b].[BillType], [b].[FID], [b].[Gst], [b].[GstDate], [b].[PId], [b].[PaymentReceived], [b].[PaymentTablePId], [b].[Tds]
      FROM [BillTables] AS [b]
      WHERE [b].[BillID] = @__p_0
info: Microsoft.EntityFrameworkCore.Infrastructure[10403]
      Entity Framework Core 6.0.21 initialized 'TransportMgmtContext' using provider 'Microsoft.EntityFrameworkCore.SqlServer:6.0.21' with options: CommandTimeout=120 
info: Microsoft.EntityFrameworkCore.Database.Command[20101]
      Executed DbCommand (2ms) [Parameters=[@__p_0='?' (DbType = Int32)], CommandType='Text', CommandTimeout='120']
      SELECT TOP(1) [b].[BillID], [b].[ActualAmount], [b].[BillDate], [b].[BillNum], [b].[BillType], [b].[FID], [b].[Gst], [b].[GstDate], [b].[PId], [b].[PaymentReceived], [b].[PaymentTablePId], [b].[Tds]
      FROM [BillTables] AS [b]
      WHERE [b].[BillID] = @__p_0
info: Microsoft.EntityFrameworkCore.Database.Command[20101]
      Executed DbCommand (6ms) [Parameters=[@p1='?' (DbType = Int32), @p0='?' (DbType = DateTime2)], CommandType='Text', CommandTimeout='120']
      SET NOCOUNT ON;
      UPDATE [BillTables] SET [GstDate] = @p0
      WHERE [BillID] = @p1;
      SELECT @@ROWCOUNT;
info: Microsoft.EntityFrameworkCore.Infrastructure[10403]
      Entity Framework Core 6.0.21 initialized 'TransportMgmtContext' using provider 'Microsoft.EntityFrameworkCore.SqlServer:6.0.21' with options: CommandTimeout=120 
info: Microsoft.EntityFrameworkCore.Database.Command[20101]
      Executed DbCommand (2ms) [Parameters=[], CommandType='Text', CommandTimeout='120']
      SELECT [t].[FID], [t].[Address], [t].[Code], [t].[CreatedBy], [t].[CreatedOn], [t].[FactoryName], [t].[Gstin], [t].[IsActive], [t].[ModifiedBy], [t].[ModifiedOn]
      FROM [TblFactories] AS [t]
info: Microsoft.EntityFrameworkCore.Database.Command[20101]
      Executed DbCommand (1ms) [Parameters=[], CommandType='Text', CommandTimeout='120']
      SELECT [b].[BillID], [b].[ActualAmount], [b].[BillDate], [b].[BillNum], [b].[BillType], [b].[FID], [b].[Gst], [b].[GstDate], [b].[PId], [b].[PaymentReceived], [b].[PaymentTablePId], [b].[Tds]
      FROM [BillTables] AS [b]
info: Microsoft.EntityFrameworkCore.Infrastructure[10403]
      Entity Framework Core 6.0.21 initialized 'TransportMgmtContext' using provider 'Microsoft.EntityFrameworkCore.SqlServer:6.0.21' with options: CommandTimeout=120 
info: Microsoft.EntityFrameworkCore.Database.Command[20101]
      Executed DbCommand (4ms) [Parameters=[@__p_0='?' (DbType = Int32)], CommandType='Text', CommandTimeout='120']
      SELECT TOP(1) [b].[BillID], [b].[ActualAmount], [b].[BillDate], [b].[BillNum], [b].[BillType], [b].[FID], [b].[Gst], [b].[GstDate], [b].[PId], [b].[PaymentReceived], [b].[PaymentTablePId], [b].[Tds]
      FROM [BillTables] AS [b]
      WHERE [b].[BillID] = @__p_0
info: Microsoft.EntityFrameworkCore.Infrastructure[10403]
      Entity Framework Core 6.0.21 initialized 'TransportMgmtContext' using provider 'Microsoft.EntityFrameworkCore.SqlServer:6.0.21' with options: CommandTimeout=120 
info: Microsoft.EntityFrameworkCore.Database.Command[20101]
      Executed DbCommand (4ms) [Parameters=[@__p_0='?' (DbType = Int32)], CommandType='Text', CommandTimeout='120']
      SELECT TOP(1) [b].[BillID], [b].[ActualAmount], [b].[BillDate], [b].[BillNum], [b].[BillType], [b].[FID], [b].[Gst], [b].[GstDate], [b].[PId], [b].[PaymentReceived], [b].[PaymentTablePId], [b].[Tds]
      FROM [BillTables] AS [b]
      WHERE [b].[BillID] = @__p_0
info: Microsoft.EntityFrameworkCore.Database.Command[20101]
      Executed DbCommand (2ms) [Parameters=[@p1='?' (DbType = Int32), @p0='?' (DbType = DateTime2)], CommandType='Text', CommandTimeout='120']
      SET NOCOUNT ON;
      UPDATE [BillTables] SET [GstDate] = @p0
      WHERE [BillID] = @p1;
      SELECT @@ROWCOUNT;
info: Microsoft.EntityFrameworkCore.Infrastructure[10403]
      Entity Framework Core 6.0.21 initialized 'TransportMgmtContext' using provider 'Microsoft.EntityFrameworkCore.SqlServer:6.0.21' with options: CommandTimeout=120 
info: Microsoft.EntityFrameworkCore.Database.Command[20101]
      Executed DbCommand (1ms) [Parameters=[], CommandType='Text', CommandTimeout='120']
      SELECT [t].[FID], [t].[Address], [t].[Code], [t].[CreatedBy], [t].[CreatedOn], [t].[FactoryName], [t].[Gstin], [t].[IsActive], [t].[ModifiedBy], [t].[ModifiedOn]
      FROM [TblFactories] AS [t]
info: Microsoft.EntityFrameworkCore.Database.Command[20101]
      Executed DbCommand (1ms) [Parameters=[], CommandType='Text', CommandTimeout='120']
      SELECT [b].[BillID], [b].[ActualAmount], [b].[BillDate], [b].[BillNum], [b].[BillType], [b].[FID], [b].[Gst], [b].[GstDate], [b].[PId], [b].[PaymentReceived], [b].[PaymentTablePId], [b].[Tds]
      FROM [BillTables] AS [b]
info: Microsoft.EntityFrameworkCore.Infrastructure[10403]
      Entity Framework Core 6.0.21 initialized 'TransportMgmtContext' using provider 'Microsoft.EntityFrameworkCore.SqlServer:6.0.21' with options: CommandTimeout=120 
info: Microsoft.EntityFrameworkCore.Database.Command[20101]
      Executed DbCommand (5ms) [Parameters=[@__p_0='?' (DbType = Int32)], CommandType='Text', CommandTimeout='120']
      SELECT TOP(1) [b].[BillID], [b].[ActualAmount], [b].[BillDate], [b].[BillNum], [b].[BillType], [b].[FID], [b].[Gst], [b].[GstDate], [b].[PId], [b].[PaymentReceived], [b].[PaymentTablePId], [b].[Tds]
      FROM [BillTables] AS [b]
      WHERE [b].[BillID] = @__p_0
info: Microsoft.EntityFrameworkCore.Infrastructure[10403]
      Entity Framework Core 6.0.21 initialized 'TransportMgmtContext' using provider 'Microsoft.EntityFrameworkCore.SqlServer:6.0.21' with options: CommandTimeout=120 
info: Microsoft.EntityFrameworkCore.Database.Command[20101]
      Executed DbCommand (3ms) [Parameters=[@__p_0='?' (DbType = Int32)], CommandType='Text', CommandTimeout='120']
      SELECT TOP(1) [b].[BillID], [b].[ActualAmount], [b].[BillDate], [b].[BillNum], [b].[BillType], [b].[FID], [b].[Gst], [b].[GstDate], [b].[PId], [b].[PaymentReceived], [b].[PaymentTablePId], [b].[Tds]
      FROM [BillTables] AS [b]
      WHERE [b].[BillID] = @__p_0
info: Microsoft.EntityFrameworkCore.Database.Command[20101]
      Executed DbCommand (5ms) [Parameters=[@p1='?' (DbType = Int32), @p0='?' (DbType = DateTime2)], CommandType='Text', CommandTimeout='120']
      SET NOCOUNT ON;
      UPDATE [BillTables] SET [GstDate] = @p0
      WHERE [BillID] = @p1;
      SELECT @@ROWCOUNT;
info: Microsoft.EntityFrameworkCore.Infrastructure[10403]
      Entity Framework Core 6.0.21 initialized 'TransportMgmtContext' using provider 'Microsoft.EntityFrameworkCore.SqlServer:6.0.21' with options: CommandTimeout=120 
info: Microsoft.EntityFrameworkCore.Database.Command[20101]
      Executed DbCommand (1ms) [Parameters=[], CommandType='Text', CommandTimeout='120']
      SELECT [t].[FID], [t].[Address], [t].[Code], [t].[CreatedBy], [t].[CreatedOn], [t].[FactoryName], [t].[Gstin], [t].[IsActive], [t].[ModifiedBy], [t].[ModifiedOn]
      FROM [TblFactories] AS [t]
info: Microsoft.EntityFrameworkCore.Database.Command[20101]
      Executed DbCommand (1ms) [Parameters=[], CommandType='Text', CommandTimeout='120']
      SELECT [b].[BillID], [b].[ActualAmount], [b].[BillDate], [b].[BillNum], [b].[BillType], [b].[FID], [b].[Gst], [b].[GstDate], [b].[PId], [b].[PaymentReceived], [b].[PaymentTablePId], [b].[Tds]
      FROM [BillTables] AS [b]
info: Microsoft.EntityFrameworkCore.Infrastructure[10403]
      Entity Framework Core 6.0.21 initialized 'TransportMgmtContext' using provider 'Microsoft.EntityFrameworkCore.SqlServer:6.0.21' with options: CommandTimeout=120 
info: Microsoft.EntityFrameworkCore.Database.Command[20101]
      Executed DbCommand (4ms) [Parameters=[@__p_0='?' (DbType = Int32)], CommandType='Text', CommandTimeout='120']
      SELECT TOP(1) [b].[BillID], [b].[ActualAmount], [b].[BillDate], [b].[BillNum], [b].[BillType], [b].[FID], [b].[Gst], [b].[GstDate], [b].[PId], [b].[PaymentReceived], [b].[PaymentTablePId], [b].[Tds]
      FROM [BillTables] AS [b]
      WHERE [b].[BillID] = @__p_0
info: Microsoft.EntityFrameworkCore.Infrastructure[10403]
      Entity Framework Core 6.0.21 initialized 'TransportMgmtContext' using provider 'Microsoft.EntityFrameworkCore.SqlServer:6.0.21' with options: CommandTimeout=120 
info: Microsoft.EntityFrameworkCore.Database.Command[20101]
      Executed DbCommand (2ms) [Parameters=[@__p_0='?' (DbType = Int32)], CommandType='Text', CommandTimeout='120']
      SELECT TOP(1) [b].[BillID], [b].[ActualAmount], [b].[BillDate], [b].[BillNum], [b].[BillType], [b].[FID], [b].[Gst], [b].[GstDate], [b].[PId], [b].[PaymentReceived], [b].[PaymentTablePId], [b].[Tds]
      FROM [BillTables] AS [b]
      WHERE [b].[BillID] = @__p_0
info: Microsoft.EntityFrameworkCore.Database.Command[20101]
      Executed DbCommand (1ms) [Parameters=[@p1='?' (DbType = Int32), @p0='?' (DbType = DateTime2)], CommandType='Text', CommandTimeout='120']
      SET NOCOUNT ON;
      UPDATE [BillTables] SET [GstDate] = @p0
      WHERE [BillID] = @p1;
      SELECT @@ROWCOUNT;
info: Microsoft.EntityFrameworkCore.Infrastructure[10403]
      Entity Framework Core 6.0.21 initialized 'TransportMgmtContext' using provider 'Microsoft.EntityFrameworkCore.SqlServer:6.0.21' with options: CommandTimeout=120 
info: Microsoft.EntityFrameworkCore.Database.Command[20101]
      Executed DbCommand (1ms) [Parameters=[], CommandType='Text', CommandTimeout='120']
      SELECT [t].[FID], [t].[Address], [t].[Code], [t].[CreatedBy], [t].[CreatedOn], [t].[FactoryName], [t].[Gstin], [t].[IsActive], [t].[ModifiedBy], [t].[ModifiedOn]
      FROM [TblFactories] AS [t]
info: Microsoft.EntityFrameworkCore.Database.Command[20101]
      Executed DbCommand (1ms) [Parameters=[], CommandType='Text', CommandTimeout='120']
      SELECT [b].[BillID], [b].[ActualAmount], [b].[BillDate], [b].[BillNum], [b].[BillType], [b].[FID], [b].[Gst], [b].[GstDate], [b].[PId], [b].[PaymentReceived], [b].[PaymentTablePId], [b].[Tds]
      FROM [BillTables] AS [b]
info: Microsoft.EntityFrameworkCore.Infrastructure[10403]
      Entity Framework Core 6.0.21 initialized 'TransportMgmtContext' using provider 'Microsoft.EntityFrameworkCore.SqlServer:6.0.21' with options: CommandTimeout=120 
info: Microsoft.EntityFrameworkCore.Database.Command[20101]
      Executed DbCommand (7ms) [Parameters=[@__p_0='?' (DbType = Int32)], CommandType='Text', CommandTimeout='120']
      SELECT TOP(1) [b].[BillID], [b].[ActualAmount], [b].[BillDate], [b].[BillNum], [b].[BillType], [b].[FID], [b].[Gst], [b].[GstDate], [b].[PId], [b].[PaymentReceived], [b].[PaymentTablePId], [b].[Tds]
      FROM [BillTables] AS [b]
      WHERE [b].[BillID] = @__p_0
info: Microsoft.EntityFrameworkCore.Infrastructure[10403]
      Entity Framework Core 6.0.21 initialized 'TransportMgmtContext' using provider 'Microsoft.EntityFrameworkCore.SqlServer:6.0.21' with options: CommandTimeout=120 
info: Microsoft.EntityFrameworkCore.Database.Command[20101]
      Executed DbCommand (5ms) [Parameters=[@__p_0='?' (DbType = Int32)], CommandType='Text', CommandTimeout='120']
      SELECT TOP(1) [b].[BillID], [b].[ActualAmount], [b].[BillDate], [b].[BillNum], [b].[BillType], [b].[FID], [b].[Gst], [b].[GstDate], [b].[PId], [b].[PaymentReceived], [b].[PaymentTablePId], [b].[Tds]
      FROM [BillTables] AS [b]
      WHERE [b].[BillID] = @__p_0
info: Microsoft.EntityFrameworkCore.Database.Command[20101]
      Executed DbCommand (9ms) [Parameters=[@p1='?' (DbType = Int32), @p0='?' (DbType = DateTime2)], CommandType='Text', CommandTimeout='120']
      SET NOCOUNT ON;
      UPDATE [BillTables] SET [GstDate] = @p0
      WHERE [BillID] = @p1;
      SELECT @@ROWCOUNT;
info: Microsoft.EntityFrameworkCore.Infrastructure[10403]
      Entity Framework Core 6.0.21 initialized 'TransportMgmtContext' using provider 'Microsoft.EntityFrameworkCore.SqlServer:6.0.21' with options: CommandTimeout=120 
info: Microsoft.EntityFrameworkCore.Database.Command[20101]
      Executed DbCommand (1ms) [Parameters=[], CommandType='Text', CommandTimeout='120']
      SELECT [t].[FID], [t].[Address], [t].[Code], [t].[CreatedBy], [t].[CreatedOn], [t].[FactoryName], [t].[Gstin], [t].[IsActive], [t].[ModifiedBy], [t].[ModifiedOn]
      FROM [TblFactories] AS [t]
info: Microsoft.EntityFrameworkCore.Database.Command[20101]
      Executed DbCommand (1ms) [Parameters=[], CommandType='Text', CommandTimeout='120']
      SELECT [b].[BillID], [b].[ActualAmount], [b].[BillDate], [b].[BillNum], [b].[BillType], [b].[FID], [b].[Gst], [b].[GstDate], [b].[PId], [b].[PaymentReceived], [b].[PaymentTablePId], [b].[Tds]
      FROM [BillTables] AS [b]
info: Microsoft.EntityFrameworkCore.Infrastructure[10403]
      Entity Framework Core 6.0.21 initialized 'TransportMgmtContext' using provider 'Microsoft.EntityFrameworkCore.SqlServer:6.0.21' with options: CommandTimeout=120 
info: Microsoft.EntityFrameworkCore.Database.Command[20101]
      Executed DbCommand (3ms) [Parameters=[@__p_0='?' (DbType = Int32)], CommandType='Text', CommandTimeout='120']
      SELECT TOP(1) [b].[BillID], [b].[ActualAmount], [b].[BillDate], [b].[BillNum], [b].[BillType], [b].[FID], [b].[Gst], [b].[GstDate], [b].[PId], [b].[PaymentReceived], [b].[PaymentTablePId], [b].[Tds]
      FROM [BillTables] AS [b]
      WHERE [b].[BillID] = @__p_0
info: Microsoft.EntityFrameworkCore.Infrastructure[10403]
      Entity Framework Core 6.0.21 initialized 'TransportMgmtContext' using provider 'Microsoft.EntityFrameworkCore.SqlServer:6.0.21' with options: CommandTimeout=120 
info: Microsoft.EntityFrameworkCore.Database.Command[20101]
      Executed DbCommand (3ms) [Parameters=[@__p_0='?' (DbType = Int32)], CommandType='Text', CommandTimeout='120']
      SELECT TOP(1) [b].[BillID], [b].[ActualAmount], [b].[BillDate], [b].[BillNum], [b].[BillType], [b].[FID], [b].[Gst], [b].[GstDate], [b].[PId], [b].[PaymentReceived], [b].[PaymentTablePId], [b].[Tds]
      FROM [BillTables] AS [b]
      WHERE [b].[BillID] = @__p_0
info: Microsoft.EntityFrameworkCore.Database.Command[20101]
      Executed DbCommand (3ms) [Parameters=[@p1='?' (DbType = Int32), @p0='?' (DbType = DateTime2)], CommandType='Text', CommandTimeout='120']
      SET NOCOUNT ON;
      UPDATE [BillTables] SET [GstDate] = @p0
      WHERE [BillID] = @p1;
      SELECT @@ROWCOUNT;
info: Microsoft.EntityFrameworkCore.Infrastructure[10403]
      Entity Framework Core 6.0.21 initialized 'TransportMgmtContext' using provider 'Microsoft.EntityFrameworkCore.SqlServer:6.0.21' with options: CommandTimeout=120 
info: Microsoft.EntityFrameworkCore.Database.Command[20101]
      Executed DbCommand (1ms) [Parameters=[], CommandType='Text', CommandTimeout='120']
      SELECT [t].[FID], [t].[Address], [t].[Code], [t].[CreatedBy], [t].[CreatedOn], [t].[FactoryName], [t].[Gstin], [t].[IsActive], [t].[ModifiedBy], [t].[ModifiedOn]
      FROM [TblFactories] AS [t]
info: Microsoft.EntityFrameworkCore.Database.Command[20101]
      Executed DbCommand (2ms) [Parameters=[], CommandType='Text', CommandTimeout='120']
      SELECT [b].[BillID], [b].[ActualAmount], [b].[BillDate], [b].[BillNum], [b].[BillType], [b].[FID], [b].[Gst], [b].[GstDate], [b].[PId], [b].[PaymentReceived], [b].[PaymentTablePId], [b].[Tds]
      FROM [BillTables] AS [b]
info: Microsoft.EntityFrameworkCore.Infrastructure[10403]
      Entity Framework Core 6.0.21 initialized 'TransportMgmtContext' using provider 'Microsoft.EntityFrameworkCore.SqlServer:6.0.21' with options: CommandTimeout=120 
info: Microsoft.EntityFrameworkCore.Database.Command[20101]
      Executed DbCommand (5ms) [Parameters=[@__p_0='?' (DbType = Int32)], CommandType='Text', CommandTimeout='120']
      SELECT TOP(1) [b].[BillID], [b].[ActualAmount], [b].[BillDate], [b].[BillNum], [b].[BillType], [b].[FID], [b].[Gst], [b].[GstDate], [b].[PId], [b].[PaymentReceived], [b].[PaymentTablePId], [b].[Tds]
      FROM [BillTables] AS [b]
      WHERE [b].[BillID] = @__p_0
info: Microsoft.EntityFrameworkCore.Infrastructure[10403]
      Entity Framework Core 6.0.21 initialized 'TransportMgmtContext' using provider 'Microsoft.EntityFrameworkCore.SqlServer:6.0.21' with options: CommandTimeout=120 
info: Microsoft.EntityFrameworkCore.Database.Command[20101]
      Executed DbCommand (2ms) [Parameters=[@__p_0='?' (DbType = Int32)], CommandType='Text', CommandTimeout='120']
      SELECT TOP(1) [b].[BillID], [b].[ActualAmount], [b].[BillDate], [b].[BillNum], [b].[BillType], [b].[FID], [b].[Gst], [b].[GstDate], [b].[PId], [b].[PaymentReceived], [b].[PaymentTablePId], [b].[Tds]
      FROM [BillTables] AS [b]
      WHERE [b].[BillID] = @__p_0
info: Microsoft.EntityFrameworkCore.Database.Command[20101]
      Executed DbCommand (4ms) [Parameters=[@p1='?' (DbType = Int32), @p0='?' (DbType = DateTime2)], CommandType='Text', CommandTimeout='120']
      SET NOCOUNT ON;
      UPDATE [BillTables] SET [GstDate] = @p0
      WHERE [BillID] = @p1;
      SELECT @@ROWCOUNT;
info: Microsoft.EntityFrameworkCore.Infrastructure[10403]
      Entity Framework Core 6.0.21 initialized 'TransportMgmtContext' using provider 'Microsoft.EntityFrameworkCore.SqlServer:6.0.21' with options: CommandTimeout=120 
info: Microsoft.EntityFrameworkCore.Database.Command[20101]
      Executed DbCommand (2ms) [Parameters=[], CommandType='Text', CommandTimeout='120']
      SELECT [t].[FID], [t].[Address], [t].[Code], [t].[CreatedBy], [t].[CreatedOn], [t].[FactoryName], [t].[Gstin], [t].[IsActive], [t].[ModifiedBy], [t].[ModifiedOn]
      FROM [TblFactories] AS [t]
info: Microsoft.EntityFrameworkCore.Database.Command[20101]
      Executed DbCommand (1ms) [Parameters=[], CommandType='Text', CommandTimeout='120']
      SELECT [b].[BillID], [b].[ActualAmount], [b].[BillDate], [b].[BillNum], [b].[BillType], [b].[FID], [b].[Gst], [b].[GstDate], [b].[PId], [b].[PaymentReceived], [b].[PaymentTablePId], [b].[Tds]
      FROM [BillTables] AS [b]
info: Microsoft.EntityFrameworkCore.Infrastructure[10403]
      Entity Framework Core 6.0.21 initialized 'TransportMgmtContext' using provider 'Microsoft.EntityFrameworkCore.SqlServer:6.0.21' with options: CommandTimeout=120 
info: Microsoft.EntityFrameworkCore.Database.Command[20101]
      Executed DbCommand (2ms) [Parameters=[@__p_0='?' (DbType = Int32)], CommandType='Text', CommandTimeout='120']
      SELECT TOP(1) [b].[BillID], [b].[ActualAmount], [b].[BillDate], [b].[BillNum], [b].[BillType], [b].[FID], [b].[Gst], [b].[GstDate], [b].[PId], [b].[PaymentReceived], [b].[PaymentTablePId], [b].[Tds]
      FROM [BillTables] AS [b]
      WHERE [b].[BillID] = @__p_0
info: Microsoft.EntityFrameworkCore.Infrastructure[10403]
      Entity Framework Core 6.0.21 initialized 'TransportMgmtContext' using provider 'Microsoft.EntityFrameworkCore.SqlServer:6.0.21' with options: CommandTimeout=120 
info: Microsoft.EntityFrameworkCore.Database.Command[20101]
      Executed DbCommand (1ms) [Parameters=[@__p_0='?' (DbType = Int32)], CommandType='Text', CommandTimeout='120']
      SELECT TOP(1) [b].[BillID], [b].[ActualAmount], [b].[BillDate], [b].[BillNum], [b].[BillType], [b].[FID], [b].[Gst], [b].[GstDate], [b].[PId], [b].[PaymentReceived], [b].[PaymentTablePId], [b].[Tds]
      FROM [BillTables] AS [b]
      WHERE [b].[BillID] = @__p_0
info: Microsoft.EntityFrameworkCore.Database.Command[20101]
      Executed DbCommand (1ms) [Parameters=[@p1='?' (DbType = Int32), @p0='?' (DbType = DateTime2)], CommandType='Text', CommandTimeout='120']
      SET NOCOUNT ON;
      UPDATE [BillTables] SET [GstDate] = @p0
      WHERE [BillID] = @p1;
      SELECT @@ROWCOUNT;
info: Microsoft.EntityFrameworkCore.Infrastructure[10403]
      Entity Framework Core 6.0.21 initialized 'TransportMgmtContext' using provider 'Microsoft.EntityFrameworkCore.SqlServer:6.0.21' with options: CommandTimeout=120 
info: Microsoft.EntityFrameworkCore.Database.Command[20101]
      Executed DbCommand (1ms) [Parameters=[], CommandType='Text', CommandTimeout='120']
      SELECT [t].[FID], [t].[Address], [t].[Code], [t].[CreatedBy], [t].[CreatedOn], [t].[FactoryName], [t].[Gstin], [t].[IsActive], [t].[ModifiedBy], [t].[ModifiedOn]
      FROM [TblFactories] AS [t]
info: Microsoft.EntityFrameworkCore.Database.Command[20101]
      Executed DbCommand (2ms) [Parameters=[], CommandType='Text', CommandTimeout='120']
      SELECT [b].[BillID], [b].[ActualAmount], [b].[BillDate], [b].[BillNum], [b].[BillType], [b].[FID], [b].[Gst], [b].[GstDate], [b].[PId], [b].[PaymentReceived], [b].[PaymentTablePId], [b].[Tds]
      FROM [BillTables] AS [b]
info: Microsoft.EntityFrameworkCore.Infrastructure[10403]
      Entity Framework Core 6.0.21 initialized 'TransportMgmtContext' using provider 'Microsoft.EntityFrameworkCore.SqlServer:6.0.21' with options: CommandTimeout=120 
info: Microsoft.EntityFrameworkCore.Database.Command[20101]
      Executed DbCommand (2ms) [Parameters=[@__p_0='?' (DbType = Int32)], CommandType='Text', CommandTimeout='120']
      SELECT TOP(1) [b].[BillID], [b].[ActualAmount], [b].[BillDate], [b].[BillNum], [b].[BillType], [b].[FID], [b].[Gst], [b].[GstDate], [b].[PId], [b].[PaymentReceived], [b].[PaymentTablePId], [b].[Tds]
      FROM [BillTables] AS [b]
      WHERE [b].[BillID] = @__p_0
info: Microsoft.EntityFrameworkCore.Infrastructure[10403]
      Entity Framework Core 6.0.21 initialized 'TransportMgmtContext' using provider 'Microsoft.EntityFrameworkCore.SqlServer:6.0.21' with options: CommandTimeout=120 
info: Microsoft.EntityFrameworkCore.Database.Command[20101]
      Executed DbCommand (2ms) [Parameters=[@__p_0='?' (DbType = Int32)], CommandType='Text', CommandTimeout='120']
      SELECT TOP(1) [b].[BillID], [b].[ActualAmount], [b].[BillDate], [b].[BillNum], [b].[BillType], [b].[FID], [b].[Gst], [b].[GstDate], [b].[PId], [b].[PaymentReceived], [b].[PaymentTablePId], [b].[Tds]
      FROM [BillTables] AS [b]
      WHERE [b].[BillID] = @__p_0
info: Microsoft.EntityFrameworkCore.Database.Command[20101]
      Executed DbCommand (2ms) [Parameters=[@p1='?' (DbType = Int32), @p0='?' (DbType = DateTime2)], CommandType='Text', CommandTimeout='120']
      SET NOCOUNT ON;
      UPDATE [BillTables] SET [GstDate] = @p0
      WHERE [BillID] = @p1;
      SELECT @@ROWCOUNT;
info: Microsoft.EntityFrameworkCore.Infrastructure[10403]
      Entity Framework Core 6.0.21 initialized 'TransportMgmtContext' using provider 'Microsoft.EntityFrameworkCore.SqlServer:6.0.21' with options: CommandTimeout=120 
info: Microsoft.EntityFrameworkCore.Database.Command[20101]
      Executed DbCommand (4ms) [Parameters=[], CommandType='Text', CommandTimeout='120']
      SELECT [t].[FID], [t].[Address], [t].[Code], [t].[CreatedBy], [t].[CreatedOn], [t].[FactoryName], [t].[Gstin], [t].[IsActive], [t].[ModifiedBy], [t].[ModifiedOn]
      FROM [TblFactories] AS [t]
info: Microsoft.EntityFrameworkCore.Database.Command[20101]
      Executed DbCommand (2ms) [Parameters=[], CommandType='Text', CommandTimeout='120']
      SELECT [b].[BillID], [b].[ActualAmount], [b].[BillDate], [b].[BillNum], [b].[BillType], [b].[FID], [b].[Gst], [b].[GstDate], [b].[PId], [b].[PaymentReceived], [b].[PaymentTablePId], [b].[Tds]
      FROM [BillTables] AS [b]
info: Microsoft.EntityFrameworkCore.Infrastructure[10403]
      Entity Framework Core 6.0.21 initialized 'TransportMgmtContext' using provider 'Microsoft.EntityFrameworkCore.SqlServer:6.0.21' with options: CommandTimeout=120 
info: Microsoft.EntityFrameworkCore.Database.Command[20101]
      Executed DbCommand (4ms) [Parameters=[@__p_0='?' (DbType = Int32)], CommandType='Text', CommandTimeout='120']
      SELECT TOP(1) [b].[BillID], [b].[ActualAmount], [b].[BillDate], [b].[BillNum], [b].[BillType], [b].[FID], [b].[Gst], [b].[GstDate], [b].[PId], [b].[PaymentReceived], [b].[PaymentTablePId], [b].[Tds]
      FROM [BillTables] AS [b]
      WHERE [b].[BillID] = @__p_0
info: Microsoft.EntityFrameworkCore.Infrastructure[10403]
      Entity Framework Core 6.0.21 initialized 'TransportMgmtContext' using provider 'Microsoft.EntityFrameworkCore.SqlServer:6.0.21' with options: CommandTimeout=120 
info: Microsoft.EntityFrameworkCore.Database.Command[20101]
      Executed DbCommand (3ms) [Parameters=[@__p_0='?' (DbType = Int32)], CommandType='Text', CommandTimeout='120']
      SELECT TOP(1) [b].[BillID], [b].[ActualAmount], [b].[BillDate], [b].[BillNum], [b].[BillType], [b].[FID], [b].[Gst], [b].[GstDate], [b].[PId], [b].[PaymentReceived], [b].[PaymentTablePId], [b].[Tds]
      FROM [BillTables] AS [b]
      WHERE [b].[BillID] = @__p_0
info: Microsoft.EntityFrameworkCore.Database.Command[20101]
      Executed DbCommand (2ms) [Parameters=[@p1='?' (DbType = Int32), @p0='?' (DbType = DateTime2)], CommandType='Text', CommandTimeout='120']
      SET NOCOUNT ON;
      UPDATE [BillTables] SET [GstDate] = @p0
      WHERE [BillID] = @p1;
      SELECT @@ROWCOUNT;
info: Microsoft.EntityFrameworkCore.Infrastructure[10403]
      Entity Framework Core 6.0.21 initialized 'TransportMgmtContext' using provider 'Microsoft.EntityFrameworkCore.SqlServer:6.0.21' with options: CommandTimeout=120 
info: Microsoft.EntityFrameworkCore.Database.Command[20101]
      Executed DbCommand (0ms) [Parameters=[], CommandType='Text', CommandTimeout='120']
      SELECT [t].[FID], [t].[Address], [t].[Code], [t].[CreatedBy], [t].[CreatedOn], [t].[FactoryName], [t].[Gstin], [t].[IsActive], [t].[ModifiedBy], [t].[ModifiedOn]
      FROM [TblFactories] AS [t]
info: Microsoft.EntityFrameworkCore.Database.Command[20101]
      Executed DbCommand (1ms) [Parameters=[], CommandType='Text', CommandTimeout='120']
      SELECT [b].[BillID], [b].[ActualAmount], [b].[BillDate], [b].[BillNum], [b].[BillType], [b].[FID], [b].[Gst], [b].[GstDate], [b].[PId], [b].[PaymentReceived], [b].[PaymentTablePId], [b].[Tds]
      FROM [BillTables] AS [b]
info: Microsoft.EntityFrameworkCore.Infrastructure[10403]
      Entity Framework Core 6.0.21 initialized 'TransportMgmtContext' using provider 'Microsoft.EntityFrameworkCore.SqlServer:6.0.21' with options: CommandTimeout=120 
info: Microsoft.EntityFrameworkCore.Database.Command[20101]
      Executed DbCommand (4ms) [Parameters=[@__p_0='?' (DbType = Int32)], CommandType='Text', CommandTimeout='120']
      SELECT TOP(1) [b].[BillID], [b].[ActualAmount], [b].[BillDate], [b].[BillNum], [b].[BillType], [b].[FID], [b].[Gst], [b].[GstDate], [b].[PId], [b].[PaymentReceived], [b].[PaymentTablePId], [b].[Tds]
      FROM [BillTables] AS [b]
      WHERE [b].[BillID] = @__p_0
info: Microsoft.EntityFrameworkCore.Infrastructure[10403]
      Entity Framework Core 6.0.21 initialized 'TransportMgmtContext' using provider 'Microsoft.EntityFrameworkCore.SqlServer:6.0.21' with options: CommandTimeout=120 
info: Microsoft.EntityFrameworkCore.Database.Command[20101]
      Executed DbCommand (5ms) [Parameters=[@__p_0='?' (DbType = Int32)], CommandType='Text', CommandTimeout='120']
      SELECT TOP(1) [b].[BillID], [b].[ActualAmount], [b].[BillDate], [b].[BillNum], [b].[BillType], [b].[FID], [b].[Gst], [b].[GstDate], [b].[PId], [b].[PaymentReceived], [b].[PaymentTablePId], [b].[Tds]
      FROM [BillTables] AS [b]
      WHERE [b].[BillID] = @__p_0
info: Microsoft.EntityFrameworkCore.Database.Command[20101]
      Executed DbCommand (3ms) [Parameters=[@p1='?' (DbType = Int32), @p0='?' (DbType = DateTime2)], CommandType='Text', CommandTimeout='120']
      SET NOCOUNT ON;
      UPDATE [BillTables] SET [GstDate] = @p0
      WHERE [BillID] = @p1;
      SELECT @@ROWCOUNT;
info: Microsoft.EntityFrameworkCore.Infrastructure[10403]
      Entity Framework Core 6.0.21 initialized 'TransportMgmtContext' using provider 'Microsoft.EntityFrameworkCore.SqlServer:6.0.21' with options: CommandTimeout=120 
info: Microsoft.EntityFrameworkCore.Database.Command[20101]
      Executed DbCommand (2ms) [Parameters=[], CommandType='Text', CommandTimeout='120']
      SELECT [t].[FID], [t].[Address], [t].[Code], [t].[CreatedBy], [t].[CreatedOn], [t].[FactoryName], [t].[Gstin], [t].[IsActive], [t].[ModifiedBy], [t].[ModifiedOn]
      FROM [TblFactories] AS [t]
info: Microsoft.EntityFrameworkCore.Database.Command[20101]
      Executed DbCommand (2ms) [Parameters=[], CommandType='Text', CommandTimeout='120']
      SELECT [b].[BillID], [b].[ActualAmount], [b].[BillDate], [b].[BillNum], [b].[BillType], [b].[FID], [b].[Gst], [b].[GstDate], [b].[PId], [b].[PaymentReceived], [b].[PaymentTablePId], [b].[Tds]
      FROM [BillTables] AS [b]
info: Microsoft.EntityFrameworkCore.Infrastructure[10403]
      Entity Framework Core 6.0.21 initialized 'TransportMgmtContext' using provider 'Microsoft.EntityFrameworkCore.SqlServer:6.0.21' with options: CommandTimeout=120 
info: Microsoft.EntityFrameworkCore.Database.Command[20101]
      Executed DbCommand (3ms) [Parameters=[@__p_0='?' (DbType = Int32)], CommandType='Text', CommandTimeout='120']
      SELECT TOP(1) [b].[BillID], [b].[ActualAmount], [b].[BillDate], [b].[BillNum], [b].[BillType], [b].[FID], [b].[Gst], [b].[GstDate], [b].[PId], [b].[PaymentReceived], [b].[PaymentTablePId], [b].[Tds]
      FROM [BillTables] AS [b]
      WHERE [b].[BillID] = @__p_0
info: Microsoft.EntityFrameworkCore.Infrastructure[10403]
      Entity Framework Core 6.0.21 initialized 'TransportMgmtContext' using provider 'Microsoft.EntityFrameworkCore.SqlServer:6.0.21' with options: CommandTimeout=120 
info: Microsoft.EntityFrameworkCore.Database.Command[20101]
      Executed DbCommand (1ms) [Parameters=[@__p_0='?' (DbType = Int32)], CommandType='Text', CommandTimeout='120']
      SELECT TOP(1) [b].[BillID], [b].[ActualAmount], [b].[BillDate], [b].[BillNum], [b].[BillType], [b].[FID], [b].[Gst], [b].[GstDate], [b].[PId], [b].[PaymentReceived], [b].[PaymentTablePId], [b].[Tds]
      FROM [BillTables] AS [b]
      WHERE [b].[BillID] = @__p_0
info: Microsoft.EntityFrameworkCore.Database.Command[20101]
      Executed DbCommand (1ms) [Parameters=[@p1='?' (DbType = Int32), @p0='?' (DbType = DateTime2)], CommandType='Text', CommandTimeout='120']
      SET NOCOUNT ON;
      UPDATE [BillTables] SET [GstDate] = @p0
      WHERE [BillID] = @p1;
      SELECT @@ROWCOUNT;
info: Microsoft.EntityFrameworkCore.Infrastructure[10403]
      Entity Framework Core 6.0.21 initialized 'TransportMgmtContext' using provider 'Microsoft.EntityFrameworkCore.SqlServer:6.0.21' with options: CommandTimeout=120 
info: Microsoft.EntityFrameworkCore.Database.Command[20101]
      Executed DbCommand (1ms) [Parameters=[], CommandType='Text', CommandTimeout='120']
      SELECT [t].[FID], [t].[Address], [t].[Code], [t].[CreatedBy], [t].[CreatedOn], [t].[FactoryName], [t].[Gstin], [t].[IsActive], [t].[ModifiedBy], [t].[ModifiedOn]
      FROM [TblFactories] AS [t]
info: Microsoft.EntityFrameworkCore.Database.Command[20101]
      Executed DbCommand (1ms) [Parameters=[], CommandType='Text', CommandTimeout='120']
      SELECT [b].[BillID], [b].[ActualAmount], [b].[BillDate], [b].[BillNum], [b].[BillType], [b].[FID], [b].[Gst], [b].[GstDate], [b].[PId], [b].[PaymentReceived], [b].[PaymentTablePId], [b].[Tds]
      FROM [BillTables] AS [b]
info: Microsoft.EntityFrameworkCore.Infrastructure[10403]
      Entity Framework Core 6.0.21 initialized 'TransportMgmtContext' using provider 'Microsoft.EntityFrameworkCore.SqlServer:6.0.21' with options: CommandTimeout=120 
info: Microsoft.EntityFrameworkCore.Database.Command[20101]
      Executed DbCommand (3ms) [Parameters=[@__p_0='?' (DbType = Int32)], CommandType='Text', CommandTimeout='120']
      SELECT TOP(1) [b].[BillID], [b].[ActualAmount], [b].[BillDate], [b].[BillNum], [b].[BillType], [b].[FID], [b].[Gst], [b].[GstDate], [b].[PId], [b].[PaymentReceived], [b].[PaymentTablePId], [b].[Tds]
      FROM [BillTables] AS [b]
      WHERE [b].[BillID] = @__p_0
info: Microsoft.EntityFrameworkCore.Infrastructure[10403]
      Entity Framework Core 6.0.21 initialized 'TransportMgmtContext' using provider 'Microsoft.EntityFrameworkCore.SqlServer:6.0.21' with options: CommandTimeout=120 
info: Microsoft.EntityFrameworkCore.Database.Command[20101]
      Executed DbCommand (2ms) [Parameters=[@__p_0='?' (DbType = Int32)], CommandType='Text', CommandTimeout='120']
      SELECT TOP(1) [b].[BillID], [b].[ActualAmount], [b].[BillDate], [b].[BillNum], [b].[BillType], [b].[FID], [b].[Gst], [b].[GstDate], [b].[PId], [b].[PaymentReceived], [b].[PaymentTablePId], [b].[Tds]
      FROM [BillTables] AS [b]
      WHERE [b].[BillID] = @__p_0
info: Microsoft.EntityFrameworkCore.Database.Command[20101]
      Executed DbCommand (2ms) [Parameters=[@p1='?' (DbType = Int32), @p0='?' (DbType = DateTime2)], CommandType='Text', CommandTimeout='120']
      SET NOCOUNT ON;
      UPDATE [BillTables] SET [GstDate] = @p0
      WHERE [BillID] = @p1;
      SELECT @@ROWCOUNT;
info: Microsoft.EntityFrameworkCore.Infrastructure[10403]
      Entity Framework Core 6.0.21 initialized 'TransportMgmtContext' using provider 'Microsoft.EntityFrameworkCore.SqlServer:6.0.21' with options: CommandTimeout=120 
info: Microsoft.EntityFrameworkCore.Database.Command[20101]
      Executed DbCommand (1ms) [Parameters=[], CommandType='Text', CommandTimeout='120']
      SELECT [t].[FID], [t].[Address], [t].[Code], [t].[CreatedBy], [t].[CreatedOn], [t].[FactoryName], [t].[Gstin], [t].[IsActive], [t].[ModifiedBy], [t].[ModifiedOn]
      FROM [TblFactories] AS [t]
info: Microsoft.EntityFrameworkCore.Database.Command[20101]
      Executed DbCommand (1ms) [Parameters=[], CommandType='Text', CommandTimeout='120']
      SELECT [b].[BillID], [b].[ActualAmount], [b].[BillDate], [b].[BillNum], [b].[BillType], [b].[FID], [b].[Gst], [b].[GstDate], [b].[PId], [b].[PaymentReceived], [b].[PaymentTablePId], [b].[Tds]
      FROM [BillTables] AS [b]
info: Microsoft.EntityFrameworkCore.Infrastructure[10403]
      Entity Framework Core 6.0.21 initialized 'TransportMgmtContext' using provider 'Microsoft.EntityFrameworkCore.SqlServer:6.0.21' with options: CommandTimeout=120 
info: Microsoft.EntityFrameworkCore.Database.Command[20101]
      Executed DbCommand (2ms) [Parameters=[@__p_0='?' (DbType = Int32)], CommandType='Text', CommandTimeout='120']
      SELECT TOP(1) [b].[BillID], [b].[ActualAmount], [b].[BillDate], [b].[BillNum], [b].[BillType], [b].[FID], [b].[Gst], [b].[GstDate], [b].[PId], [b].[PaymentReceived], [b].[PaymentTablePId], [b].[Tds]
      FROM [BillTables] AS [b]
      WHERE [b].[BillID] = @__p_0
info: Microsoft.EntityFrameworkCore.Infrastructure[10403]
      Entity Framework Core 6.0.21 initialized 'TransportMgmtContext' using provider 'Microsoft.EntityFrameworkCore.SqlServer:6.0.21' with options: CommandTimeout=120 
info: Microsoft.EntityFrameworkCore.Database.Command[20101]
      Executed DbCommand (2ms) [Parameters=[@__p_0='?' (DbType = Int32)], CommandType='Text', CommandTimeout='120']
      SELECT TOP(1) [b].[BillID], [b].[ActualAmount], [b].[BillDate], [b].[BillNum], [b].[BillType], [b].[FID], [b].[Gst], [b].[GstDate], [b].[PId], [b].[PaymentReceived], [b].[PaymentTablePId], [b].[Tds]
      FROM [BillTables] AS [b]
      WHERE [b].[BillID] = @__p_0
info: Microsoft.EntityFrameworkCore.Database.Command[20101]
      Executed DbCommand (2ms) [Parameters=[@p1='?' (DbType = Int32), @p0='?' (DbType = DateTime2)], CommandType='Text', CommandTimeout='120']
      SET NOCOUNT ON;
      UPDATE [BillTables] SET [GstDate] = @p0
      WHERE [BillID] = @p1;
      SELECT @@ROWCOUNT;
info: Microsoft.EntityFrameworkCore.Infrastructure[10403]
      Entity Framework Core 6.0.21 initialized 'TransportMgmtContext' using provider 'Microsoft.EntityFrameworkCore.SqlServer:6.0.21' with options: CommandTimeout=120 
info: Microsoft.EntityFrameworkCore.Database.Command[20101]
      Executed DbCommand (3ms) [Parameters=[], CommandType='Text', CommandTimeout='120']
      SELECT [t].[FID], [t].[Address], [t].[Code], [t].[CreatedBy], [t].[CreatedOn], [t].[FactoryName], [t].[Gstin], [t].[IsActive], [t].[ModifiedBy], [t].[ModifiedOn]
      FROM [TblFactories] AS [t]
info: Microsoft.EntityFrameworkCore.Database.Command[20101]
      Executed DbCommand (1ms) [Parameters=[], CommandType='Text', CommandTimeout='120']
      SELECT [b].[BillID], [b].[ActualAmount], [b].[BillDate], [b].[BillNum], [b].[BillType], [b].[FID], [b].[Gst], [b].[GstDate], [b].[PId], [b].[PaymentReceived], [b].[PaymentTablePId], [b].[Tds]
      FROM [BillTables] AS [b]
info: Microsoft.EntityFrameworkCore.Infrastructure[10403]
      Entity Framework Core 6.0.21 initialized 'TransportMgmtContext' using provider 'Microsoft.EntityFrameworkCore.SqlServer:6.0.21' with options: CommandTimeout=120 
info: Microsoft.EntityFrameworkCore.Database.Command[20101]
      Executed DbCommand (4ms) [Parameters=[@__p_0='?' (DbType = Int32)], CommandType='Text', CommandTimeout='120']
      SELECT TOP(1) [b].[BillID], [b].[ActualAmount], [b].[BillDate], [b].[BillNum], [b].[BillType], [b].[FID], [b].[Gst], [b].[GstDate], [b].[PId], [b].[PaymentReceived], [b].[PaymentTablePId], [b].[Tds]
      FROM [BillTables] AS [b]
      WHERE [b].[BillID] = @__p_0
info: Microsoft.EntityFrameworkCore.Infrastructure[10403]
      Entity Framework Core 6.0.21 initialized 'TransportMgmtContext' using provider 'Microsoft.EntityFrameworkCore.SqlServer:6.0.21' with options: CommandTimeout=120 
info: Microsoft.EntityFrameworkCore.Database.Command[20101]
      Executed DbCommand (8ms) [Parameters=[@__p_0='?' (DbType = Int32)], CommandType='Text', CommandTimeout='120']
      SELECT TOP(1) [b].[BillID], [b].[ActualAmount], [b].[BillDate], [b].[BillNum], [b].[BillType], [b].[FID], [b].[Gst], [b].[GstDate], [b].[PId], [b].[PaymentReceived], [b].[PaymentTablePId], [b].[Tds]
      FROM [BillTables] AS [b]
      WHERE [b].[BillID] = @__p_0
info: Microsoft.EntityFrameworkCore.Database.Command[20101]
      Executed DbCommand (4ms) [Parameters=[@p1='?' (DbType = Int32), @p0='?' (DbType = DateTime2)], CommandType='Text', CommandTimeout='120']
      SET NOCOUNT ON;
      UPDATE [BillTables] SET [GstDate] = @p0
      WHERE [BillID] = @p1;
      SELECT @@ROWCOUNT;
info: Microsoft.EntityFrameworkCore.Infrastructure[10403]
      Entity Framework Core 6.0.21 initialized 'TransportMgmtContext' using provider 'Microsoft.EntityFrameworkCore.SqlServer:6.0.21' with options: CommandTimeout=120 
info: Microsoft.EntityFrameworkCore.Database.Command[20101]
      Executed DbCommand (3ms) [Parameters=[], CommandType='Text', CommandTimeout='120']
      SELECT [t].[FID], [t].[Address], [t].[Code], [t].[CreatedBy], [t].[CreatedOn], [t].[FactoryName], [t].[Gstin], [t].[IsActive], [t].[ModifiedBy], [t].[ModifiedOn]
      FROM [TblFactories] AS [t]
info: Microsoft.EntityFrameworkCore.Database.Command[20101]
      Executed DbCommand (2ms) [Parameters=[], CommandType='Text', CommandTimeout='120']
      SELECT [b].[BillID], [b].[ActualAmount], [b].[BillDate], [b].[BillNum], [b].[BillType], [b].[FID], [b].[Gst], [b].[GstDate], [b].[PId], [b].[PaymentReceived], [b].[PaymentTablePId], [b].[Tds]
      FROM [BillTables] AS [b]
info: Microsoft.EntityFrameworkCore.Infrastructure[10403]
      Entity Framework Core 6.0.21 initialized 'TransportMgmtContext' using provider 'Microsoft.EntityFrameworkCore.SqlServer:6.0.21' with options: CommandTimeout=120 
info: Microsoft.EntityFrameworkCore.Database.Command[20101]
      Executed DbCommand (3ms) [Parameters=[@__p_0='?' (DbType = Int32)], CommandType='Text', CommandTimeout='120']
      SELECT TOP(1) [b].[BillID], [b].[ActualAmount], [b].[BillDate], [b].[BillNum], [b].[BillType], [b].[FID], [b].[Gst], [b].[GstDate], [b].[PId], [b].[PaymentReceived], [b].[PaymentTablePId], [b].[Tds]
      FROM [BillTables] AS [b]
      WHERE [b].[BillID] = @__p_0
info: Microsoft.EntityFrameworkCore.Infrastructure[10403]
      Entity Framework Core 6.0.21 initialized 'TransportMgmtContext' using provider 'Microsoft.EntityFrameworkCore.SqlServer:6.0.21' with options: CommandTimeout=120 
info: Microsoft.EntityFrameworkCore.Database.Command[20101]
      Executed DbCommand (2ms) [Parameters=[@__p_0='?' (DbType = Int32)], CommandType='Text', CommandTimeout='120']
      SELECT TOP(1) [b].[BillID], [b].[ActualAmount], [b].[BillDate], [b].[BillNum], [b].[BillType], [b].[FID], [b].[Gst], [b].[GstDate], [b].[PId], [b].[PaymentReceived], [b].[PaymentTablePId], [b].[Tds]
      FROM [BillTables] AS [b]
      WHERE [b].[BillID] = @__p_0
info: Microsoft.EntityFrameworkCore.Database.Command[20101]
      Executed DbCommand (2ms) [Parameters=[@p1='?' (DbType = Int32), @p0='?' (DbType = DateTime2)], CommandType='Text', CommandTimeout='120']
      SET NOCOUNT ON;
      UPDATE [BillTables] SET [GstDate] = @p0
      WHERE [BillID] = @p1;
      SELECT @@ROWCOUNT;
info: Microsoft.EntityFrameworkCore.Infrastructure[10403]
      Entity Framework Core 6.0.21 initialized 'TransportMgmtContext' using provider 'Microsoft.EntityFrameworkCore.SqlServer:6.0.21' with options: CommandTimeout=120 
info: Microsoft.EntityFrameworkCore.Database.Command[20101]
      Executed DbCommand (0ms) [Parameters=[], CommandType='Text', CommandTimeout='120']
      SELECT [t].[FID], [t].[Address], [t].[Code], [t].[CreatedBy], [t].[CreatedOn], [t].[FactoryName], [t].[Gstin], [t].[IsActive], [t].[ModifiedBy], [t].[ModifiedOn]
      FROM [TblFactories] AS [t]
info: Microsoft.EntityFrameworkCore.Database.Command[20101]
      Executed DbCommand (1ms) [Parameters=[], CommandType='Text', CommandTimeout='120']
      SELECT [b].[BillID], [b].[ActualAmount], [b].[BillDate], [b].[BillNum], [b].[BillType], [b].[FID], [b].[Gst], [b].[GstDate], [b].[PId], [b].[PaymentReceived], [b].[PaymentTablePId], [b].[Tds]
      FROM [BillTables] AS [b]
info: Microsoft.EntityFrameworkCore.Infrastructure[10403]
      Entity Framework Core 6.0.21 initialized 'TransportMgmtContext' using provider 'Microsoft.EntityFrameworkCore.SqlServer:6.0.21' with options: CommandTimeout=120 
info: Microsoft.EntityFrameworkCore.Database.Command[20101]
      Executed DbCommand (2ms) [Parameters=[@__p_0='?' (DbType = Int32)], CommandType='Text', CommandTimeout='120']
      SELECT TOP(1) [b].[BillID], [b].[ActualAmount], [b].[BillDate], [b].[BillNum], [b].[BillType], [b].[FID], [b].[Gst], [b].[GstDate], [b].[PId], [b].[PaymentReceived], [b].[PaymentTablePId], [b].[Tds]
      FROM [BillTables] AS [b]
      WHERE [b].[BillID] = @__p_0
info: Microsoft.EntityFrameworkCore.Infrastructure[10403]
      Entity Framework Core 6.0.21 initialized 'TransportMgmtContext' using provider 'Microsoft.EntityFrameworkCore.SqlServer:6.0.21' with options: CommandTimeout=120 
info: Microsoft.EntityFrameworkCore.Database.Command[20101]
      Executed DbCommand (4ms) [Parameters=[@__p_0='?' (DbType = Int32)], CommandType='Text', CommandTimeout='120']
      SELECT TOP(1) [b].[BillID], [b].[ActualAmount], [b].[BillDate], [b].[BillNum], [b].[BillType], [b].[FID], [b].[Gst], [b].[GstDate], [b].[PId], [b].[PaymentReceived], [b].[PaymentTablePId], [b].[Tds]
      FROM [BillTables] AS [b]
      WHERE [b].[BillID] = @__p_0
info: Microsoft.EntityFrameworkCore.Database.Command[20101]
      Executed DbCommand (2ms) [Parameters=[@p1='?' (DbType = Int32), @p0='?' (DbType = DateTime2)], CommandType='Text', CommandTimeout='120']
      SET NOCOUNT ON;
      UPDATE [BillTables] SET [GstDate] = @p0
      WHERE [BillID] = @p1;
      SELECT @@ROWCOUNT;
info: Microsoft.EntityFrameworkCore.Infrastructure[10403]
      Entity Framework Core 6.0.21 initialized 'TransportMgmtContext' using provider 'Microsoft.EntityFrameworkCore.SqlServer:6.0.21' with options: CommandTimeout=120 
info: Microsoft.EntityFrameworkCore.Database.Command[20101]
      Executed DbCommand (1ms) [Parameters=[], CommandType='Text', CommandTimeout='120']
      SELECT [t].[FID], [t].[Address], [t].[Code], [t].[CreatedBy], [t].[CreatedOn], [t].[FactoryName], [t].[Gstin], [t].[IsActive], [t].[ModifiedBy], [t].[ModifiedOn]
      FROM [TblFactories] AS [t]
info: Microsoft.EntityFrameworkCore.Database.Command[20101]
      Executed DbCommand (2ms) [Parameters=[], CommandType='Text', CommandTimeout='120']
      SELECT [b].[BillID], [b].[ActualAmount], [b].[BillDate], [b].[BillNum], [b].[BillType], [b].[FID], [b].[Gst], [b].[GstDate], [b].[PId], [b].[PaymentReceived], [b].[PaymentTablePId], [b].[Tds]
      FROM [BillTables] AS [b]
info: Microsoft.EntityFrameworkCore.Infrastructure[10403]
      Entity Framework Core 6.0.21 initialized 'TransportMgmtContext' using provider 'Microsoft.EntityFrameworkCore.SqlServer:6.0.21' with options: CommandTimeout=120 
info: Microsoft.EntityFrameworkCore.Database.Command[20101]
      Executed DbCommand (3ms) [Parameters=[@__p_0='?' (DbType = Int32)], CommandType='Text', CommandTimeout='120']
      SELECT TOP(1) [b].[BillID], [b].[ActualAmount], [b].[BillDate], [b].[BillNum], [b].[BillType], [b].[FID], [b].[Gst], [b].[GstDate], [b].[PId], [b].[PaymentReceived], [b].[PaymentTablePId], [b].[Tds]
      FROM [BillTables] AS [b]
      WHERE [b].[BillID] = @__p_0
info: Microsoft.EntityFrameworkCore.Infrastructure[10403]
      Entity Framework Core 6.0.21 initialized 'TransportMgmtContext' using provider 'Microsoft.EntityFrameworkCore.SqlServer:6.0.21' with options: CommandTimeout=120 
info: Microsoft.EntityFrameworkCore.Database.Command[20101]
      Executed DbCommand (2ms) [Parameters=[@__p_0='?' (DbType = Int32)], CommandType='Text', CommandTimeout='120']
      SELECT TOP(1) [b].[BillID], [b].[ActualAmount], [b].[BillDate], [b].[BillNum], [b].[BillType], [b].[FID], [b].[Gst], [b].[GstDate], [b].[PId], [b].[PaymentReceived], [b].[PaymentTablePId], [b].[Tds]
      FROM [BillTables] AS [b]
      WHERE [b].[BillID] = @__p_0
info: Microsoft.EntityFrameworkCore.Database.Command[20101]
      Executed DbCommand (3ms) [Parameters=[@p1='?' (DbType = Int32), @p0='?' (DbType = DateTime2)], CommandType='Text', CommandTimeout='120']
      SET NOCOUNT ON;
      UPDATE [BillTables] SET [GstDate] = @p0
      WHERE [BillID] = @p1;
      SELECT @@ROWCOUNT;
info: Microsoft.EntityFrameworkCore.Infrastructure[10403]
      Entity Framework Core 6.0.21 initialized 'TransportMgmtContext' using provider 'Microsoft.EntityFrameworkCore.SqlServer:6.0.21' with options: CommandTimeout=120 
info: Microsoft.EntityFrameworkCore.Database.Command[20101]
      Executed DbCommand (1ms) [Parameters=[], CommandType='Text', CommandTimeout='120']
      SELECT [t].[FID], [t].[Address], [t].[Code], [t].[CreatedBy], [t].[CreatedOn], [t].[FactoryName], [t].[Gstin], [t].[IsActive], [t].[ModifiedBy], [t].[ModifiedOn]
      FROM [TblFactories] AS [t]
info: Microsoft.EntityFrameworkCore.Database.Command[20101]
      Executed DbCommand (1ms) [Parameters=[], CommandType='Text', CommandTimeout='120']
      SELECT [b].[BillID], [b].[ActualAmount], [b].[BillDate], [b].[BillNum], [b].[BillType], [b].[FID], [b].[Gst], [b].[GstDate], [b].[PId], [b].[PaymentReceived], [b].[PaymentTablePId], [b].[Tds]
      FROM [BillTables] AS [b]
info: Microsoft.EntityFrameworkCore.Infrastructure[10403]
      Entity Framework Core 6.0.21 initialized 'TransportMgmtContext' using provider 'Microsoft.EntityFrameworkCore.SqlServer:6.0.21' with options: CommandTimeout=120 
info: Microsoft.EntityFrameworkCore.Database.Command[20101]
      Executed DbCommand (3ms) [Parameters=[@__p_0='?' (DbType = Int32)], CommandType='Text', CommandTimeout='120']
      SELECT TOP(1) [b].[BillID], [b].[ActualAmount], [b].[BillDate], [b].[BillNum], [b].[BillType], [b].[FID], [b].[Gst], [b].[GstDate], [b].[PId], [b].[PaymentReceived], [b].[PaymentTablePId], [b].[Tds]
      FROM [BillTables] AS [b]
      WHERE [b].[BillID] = @__p_0
info: Microsoft.EntityFrameworkCore.Infrastructure[10403]
      Entity Framework Core 6.0.21 initialized 'TransportMgmtContext' using provider 'Microsoft.EntityFrameworkCore.SqlServer:6.0.21' with options: CommandTimeout=120 
info: Microsoft.EntityFrameworkCore.Database.Command[20101]
      Executed DbCommand (1ms) [Parameters=[@__p_0='?' (DbType = Int32)], CommandType='Text', CommandTimeout='120']
      SELECT TOP(1) [b].[BillID], [b].[ActualAmount], [b].[BillDate], [b].[BillNum], [b].[BillType], [b].[FID], [b].[Gst], [b].[GstDate], [b].[PId], [b].[PaymentReceived], [b].[PaymentTablePId], [b].[Tds]
      FROM [BillTables] AS [b]
      WHERE [b].[BillID] = @__p_0
info: Microsoft.EntityFrameworkCore.Database.Command[20101]
      Executed DbCommand (4ms) [Parameters=[@p1='?' (DbType = Int32), @p0='?' (DbType = DateTime2)], CommandType='Text', CommandTimeout='120']
      SET NOCOUNT ON;
      UPDATE [BillTables] SET [GstDate] = @p0
      WHERE [BillID] = @p1;
      SELECT @@ROWCOUNT;
info: Microsoft.EntityFrameworkCore.Infrastructure[10403]
      Entity Framework Core 6.0.21 initialized 'TransportMgmtContext' using provider 'Microsoft.EntityFrameworkCore.SqlServer:6.0.21' with options: CommandTimeout=120 
info: Microsoft.EntityFrameworkCore.Database.Command[20101]
      Executed DbCommand (1ms) [Parameters=[], CommandType='Text', CommandTimeout='120']
      SELECT [t].[FID], [t].[Address], [t].[Code], [t].[CreatedBy], [t].[CreatedOn], [t].[FactoryName], [t].[Gstin], [t].[IsActive], [t].[ModifiedBy], [t].[ModifiedOn]
      FROM [TblFactories] AS [t]
info: Microsoft.EntityFrameworkCore.Database.Command[20101]
      Executed DbCommand (1ms) [Parameters=[], CommandType='Text', CommandTimeout='120']
      SELECT [b].[BillID], [b].[ActualAmount], [b].[BillDate], [b].[BillNum], [b].[BillType], [b].[FID], [b].[Gst], [b].[GstDate], [b].[PId], [b].[PaymentReceived], [b].[PaymentTablePId], [b].[Tds]
      FROM [BillTables] AS [b]
info: Microsoft.EntityFrameworkCore.Infrastructure[10403]
      Entity Framework Core 6.0.21 initialized 'TransportMgmtContext' using provider 'Microsoft.EntityFrameworkCore.SqlServer:6.0.21' with options: CommandTimeout=120 
info: Microsoft.EntityFrameworkCore.Database.Command[20101]
      Executed DbCommand (5ms) [Parameters=[@__p_0='?' (DbType = Int32)], CommandType='Text', CommandTimeout='120']
      SELECT TOP(1) [b].[BillID], [b].[ActualAmount], [b].[BillDate], [b].[BillNum], [b].[BillType], [b].[FID], [b].[Gst], [b].[GstDate], [b].[PId], [b].[PaymentReceived], [b].[PaymentTablePId], [b].[Tds]
      FROM [BillTables] AS [b]
      WHERE [b].[BillID] = @__p_0
info: Microsoft.EntityFrameworkCore.Infrastructure[10403]
      Entity Framework Core 6.0.21 initialized 'TransportMgmtContext' using provider 'Microsoft.EntityFrameworkCore.SqlServer:6.0.21' with options: CommandTimeout=120 
info: Microsoft.EntityFrameworkCore.Database.Command[20101]
      Executed DbCommand (4ms) [Parameters=[@__p_0='?' (DbType = Int32)], CommandType='Text', CommandTimeout='120']
      SELECT TOP(1) [b].[BillID], [b].[ActualAmount], [b].[BillDate], [b].[BillNum], [b].[BillType], [b].[FID], [b].[Gst], [b].[GstDate], [b].[PId], [b].[PaymentReceived], [b].[PaymentTablePId], [b].[Tds]
      FROM [BillTables] AS [b]
      WHERE [b].[BillID] = @__p_0
info: Microsoft.EntityFrameworkCore.Database.Command[20101]
      Executed DbCommand (4ms) [Parameters=[@p1='?' (DbType = Int32), @p0='?' (DbType = DateTime2)], CommandType='Text', CommandTimeout='120']
      SET NOCOUNT ON;
      UPDATE [BillTables] SET [GstDate] = @p0
      WHERE [BillID] = @p1;
      SELECT @@ROWCOUNT;
info: Microsoft.EntityFrameworkCore.Infrastructure[10403]
      Entity Framework Core 6.0.21 initialized 'TransportMgmtContext' using provider 'Microsoft.EntityFrameworkCore.SqlServer:6.0.21' with options: CommandTimeout=120 
info: Microsoft.EntityFrameworkCore.Database.Command[20101]
      Executed DbCommand (2ms) [Parameters=[], CommandType='Text', CommandTimeout='120']
      SELECT [t].[FID], [t].[Address], [t].[Code], [t].[CreatedBy], [t].[CreatedOn], [t].[FactoryName], [t].[Gstin], [t].[IsActive], [t].[ModifiedBy], [t].[ModifiedOn]
      FROM [TblFactories] AS [t]
info: Microsoft.EntityFrameworkCore.Database.Command[20101]
      Executed DbCommand (1ms) [Parameters=[], CommandType='Text', CommandTimeout='120']
      SELECT [b].[BillID], [b].[ActualAmount], [b].[BillDate], [b].[BillNum], [b].[BillType], [b].[FID], [b].[Gst], [b].[GstDate], [b].[PId], [b].[PaymentReceived], [b].[PaymentTablePId], [b].[Tds]
      FROM [BillTables] AS [b]
info: Microsoft.EntityFrameworkCore.Infrastructure[10403]
      Entity Framework Core 6.0.21 initialized 'TransportMgmtContext' using provider 'Microsoft.EntityFrameworkCore.SqlServer:6.0.21' with options: CommandTimeout=120 
info: Microsoft.EntityFrameworkCore.Database.Command[20101]
      Executed DbCommand (2ms) [Parameters=[@__p_0='?' (DbType = Int32)], CommandType='Text', CommandTimeout='120']
      SELECT TOP(1) [b].[BillID], [b].[ActualAmount], [b].[BillDate], [b].[BillNum], [b].[BillType], [b].[FID], [b].[Gst], [b].[GstDate], [b].[PId], [b].[PaymentReceived], [b].[PaymentTablePId], [b].[Tds]
      FROM [BillTables] AS [b]
      WHERE [b].[BillID] = @__p_0
info: Microsoft.EntityFrameworkCore.Infrastructure[10403]
      Entity Framework Core 6.0.21 initialized 'TransportMgmtContext' using provider 'Microsoft.EntityFrameworkCore.SqlServer:6.0.21' with options: CommandTimeout=120 
info: Microsoft.EntityFrameworkCore.Database.Command[20101]
      Executed DbCommand (2ms) [Parameters=[@__p_0='?' (DbType = Int32)], CommandType='Text', CommandTimeout='120']
      SELECT TOP(1) [b].[BillID], [b].[ActualAmount], [b].[BillDate], [b].[BillNum], [b].[BillType], [b].[FID], [b].[Gst], [b].[GstDate], [b].[PId], [b].[PaymentReceived], [b].[PaymentTablePId], [b].[Tds]
      FROM [BillTables] AS [b]
      WHERE [b].[BillID] = @__p_0
info: Microsoft.EntityFrameworkCore.Database.Command[20101]
      Executed DbCommand (3ms) [Parameters=[@p1='?' (DbType = Int32), @p0='?' (DbType = DateTime2)], CommandType='Text', CommandTimeout='120']
      SET NOCOUNT ON;
      UPDATE [BillTables] SET [GstDate] = @p0
      WHERE [BillID] = @p1;
      SELECT @@ROWCOUNT;
info: Microsoft.EntityFrameworkCore.Infrastructure[10403]
      Entity Framework Core 6.0.21 initialized 'TransportMgmtContext' using provider 'Microsoft.EntityFrameworkCore.SqlServer:6.0.21' with options: CommandTimeout=120 
info: Microsoft.EntityFrameworkCore.Database.Command[20101]
      Executed DbCommand (1ms) [Parameters=[], CommandType='Text', CommandTimeout='120']
      SELECT [t].[FID], [t].[Address], [t].[Code], [t].[CreatedBy], [t].[CreatedOn], [t].[FactoryName], [t].[Gstin], [t].[IsActive], [t].[ModifiedBy], [t].[ModifiedOn]
      FROM [TblFactories] AS [t]
info: Microsoft.EntityFrameworkCore.Database.Command[20101]
      Executed DbCommand (1ms) [Parameters=[], CommandType='Text', CommandTimeout='120']
      SELECT [b].[BillID], [b].[ActualAmount], [b].[BillDate], [b].[BillNum], [b].[BillType], [b].[FID], [b].[Gst], [b].[GstDate], [b].[PId], [b].[PaymentReceived], [b].[PaymentTablePId], [b].[Tds]
      FROM [BillTables] AS [b]
info: Microsoft.EntityFrameworkCore.Infrastructure[10403]
      Entity Framework Core 6.0.21 initialized 'TransportMgmtContext' using provider 'Microsoft.EntityFrameworkCore.SqlServer:6.0.21' with options: CommandTimeout=120 
info: Microsoft.EntityFrameworkCore.Database.Command[20101]
      Executed DbCommand (4ms) [Parameters=[@__p_0='?' (DbType = Int32)], CommandType='Text', CommandTimeout='120']
      SELECT TOP(1) [b].[BillID], [b].[ActualAmount], [b].[BillDate], [b].[BillNum], [b].[BillType], [b].[FID], [b].[Gst], [b].[GstDate], [b].[PId], [b].[PaymentReceived], [b].[PaymentTablePId], [b].[Tds]
      FROM [BillTables] AS [b]
      WHERE [b].[BillID] = @__p_0
info: Microsoft.EntityFrameworkCore.Infrastructure[10403]
      Entity Framework Core 6.0.21 initialized 'TransportMgmtContext' using provider 'Microsoft.EntityFrameworkCore.SqlServer:6.0.21' with options: CommandTimeout=120 
info: Microsoft.EntityFrameworkCore.Database.Command[20101]
      Executed DbCommand (2ms) [Parameters=[@__p_0='?' (DbType = Int32)], CommandType='Text', CommandTimeout='120']
      SELECT TOP(1) [b].[BillID], [b].[ActualAmount], [b].[BillDate], [b].[BillNum], [b].[BillType], [b].[FID], [b].[Gst], [b].[GstDate], [b].[PId], [b].[PaymentReceived], [b].[PaymentTablePId], [b].[Tds]
      FROM [BillTables] AS [b]
      WHERE [b].[BillID] = @__p_0
info: Microsoft.EntityFrameworkCore.Database.Command[20101]
      Executed DbCommand (2ms) [Parameters=[@p1='?' (DbType = Int32), @p0='?' (DbType = DateTime2)], CommandType='Text', CommandTimeout='120']
      SET NOCOUNT ON;
      UPDATE [BillTables] SET [GstDate] = @p0
      WHERE [BillID] = @p1;
      SELECT @@ROWCOUNT;
info: Microsoft.EntityFrameworkCore.Infrastructure[10403]
      Entity Framework Core 6.0.21 initialized 'TransportMgmtContext' using provider 'Microsoft.EntityFrameworkCore.SqlServer:6.0.21' with options: CommandTimeout=120 
info: Microsoft.EntityFrameworkCore.Database.Command[20101]
      Executed DbCommand (1ms) [Parameters=[], CommandType='Text', CommandTimeout='120']
      SELECT [t].[FID], [t].[Address], [t].[Code], [t].[CreatedBy], [t].[CreatedOn], [t].[FactoryName], [t].[Gstin], [t].[IsActive], [t].[ModifiedBy], [t].[ModifiedOn]
      FROM [TblFactories] AS [t]
info: Microsoft.EntityFrameworkCore.Database.Command[20101]
      Executed DbCommand (1ms) [Parameters=[], CommandType='Text', CommandTimeout='120']
      SELECT [b].[BillID], [b].[ActualAmount], [b].[BillDate], [b].[BillNum], [b].[BillType], [b].[FID], [b].[Gst], [b].[GstDate], [b].[PId], [b].[PaymentReceived], [b].[PaymentTablePId], [b].[Tds]
      FROM [BillTables] AS [b]
info: Microsoft.EntityFrameworkCore.Infrastructure[10403]
      Entity Framework Core 6.0.21 initialized 'TransportMgmtContext' using provider 'Microsoft.EntityFrameworkCore.SqlServer:6.0.21' with options: CommandTimeout=120 
info: Microsoft.EntityFrameworkCore.Database.Command[20101]
      Executed DbCommand (3ms) [Parameters=[@__p_0='?' (DbType = Int32)], CommandType='Text', CommandTimeout='120']
      SELECT TOP(1) [b].[BillID], [b].[ActualAmount], [b].[BillDate], [b].[BillNum], [b].[BillType], [b].[FID], [b].[Gst], [b].[GstDate], [b].[PId], [b].[PaymentReceived], [b].[PaymentTablePId], [b].[Tds]
      FROM [BillTables] AS [b]
      WHERE [b].[BillID] = @__p_0
info: Microsoft.EntityFrameworkCore.Infrastructure[10403]
      Entity Framework Core 6.0.21 initialized 'TransportMgmtContext' using provider 'Microsoft.EntityFrameworkCore.SqlServer:6.0.21' with options: CommandTimeout=120 
info: Microsoft.EntityFrameworkCore.Database.Command[20101]
      Executed DbCommand (2ms) [Parameters=[@__p_0='?' (DbType = Int32)], CommandType='Text', CommandTimeout='120']
      SELECT TOP(1) [b].[BillID], [b].[ActualAmount], [b].[BillDate], [b].[BillNum], [b].[BillType], [b].[FID], [b].[Gst], [b].[GstDate], [b].[PId], [b].[PaymentReceived], [b].[PaymentTablePId], [b].[Tds]
      FROM [BillTables] AS [b]
      WHERE [b].[BillID] = @__p_0
info: Microsoft.EntityFrameworkCore.Database.Command[20101]
      Executed DbCommand (2ms) [Parameters=[@p1='?' (DbType = Int32), @p0='?' (DbType = DateTime2)], CommandType='Text', CommandTimeout='120']
      SET NOCOUNT ON;
      UPDATE [BillTables] SET [GstDate] = @p0
      WHERE [BillID] = @p1;
      SELECT @@ROWCOUNT;
info: Microsoft.EntityFrameworkCore.Infrastructure[10403]
      Entity Framework Core 6.0.21 initialized 'TransportMgmtContext' using provider 'Microsoft.EntityFrameworkCore.SqlServer:6.0.21' with options: CommandTimeout=120 
info: Microsoft.EntityFrameworkCore.Database.Command[20101]
      Executed DbCommand (1ms) [Parameters=[], CommandType='Text', CommandTimeout='120']
      SELECT [t].[FID], [t].[Address], [t].[Code], [t].[CreatedBy], [t].[CreatedOn], [t].[FactoryName], [t].[Gstin], [t].[IsActive], [t].[ModifiedBy], [t].[ModifiedOn]
      FROM [TblFactories] AS [t]
info: Microsoft.EntityFrameworkCore.Database.Command[20101]
      Executed DbCommand (1ms) [Parameters=[], CommandType='Text', CommandTimeout='120']
      SELECT [b].[BillID], [b].[ActualAmount], [b].[BillDate], [b].[BillNum], [b].[BillType], [b].[FID], [b].[Gst], [b].[GstDate], [b].[PId], [b].[PaymentReceived], [b].[PaymentTablePId], [b].[Tds]
      FROM [BillTables] AS [b]
info: Microsoft.EntityFrameworkCore.Infrastructure[10403]
      Entity Framework Core 6.0.21 initialized 'TransportMgmtContext' using provider 'Microsoft.EntityFrameworkCore.SqlServer:6.0.21' with options: CommandTimeout=120 
info: Microsoft.EntityFrameworkCore.Database.Command[20101]
      Executed DbCommand (5ms) [Parameters=[@__p_0='?' (DbType = Int32)], CommandType='Text', CommandTimeout='120']
      SELECT TOP(1) [b].[BillID], [b].[ActualAmount], [b].[BillDate], [b].[BillNum], [b].[BillType], [b].[FID], [b].[Gst], [b].[GstDate], [b].[PId], [b].[PaymentReceived], [b].[PaymentTablePId], [b].[Tds]
      FROM [BillTables] AS [b]
      WHERE [b].[BillID] = @__p_0
info: Microsoft.EntityFrameworkCore.Infrastructure[10403]
      Entity Framework Core 6.0.21 initialized 'TransportMgmtContext' using provider 'Microsoft.EntityFrameworkCore.SqlServer:6.0.21' with options: CommandTimeout=120 
info: Microsoft.EntityFrameworkCore.Database.Command[20101]
      Executed DbCommand (2ms) [Parameters=[@__p_0='?' (DbType = Int32)], CommandType='Text', CommandTimeout='120']
      SELECT TOP(1) [b].[BillID], [b].[ActualAmount], [b].[BillDate], [b].[BillNum], [b].[BillType], [b].[FID], [b].[Gst], [b].[GstDate], [b].[PId], [b].[PaymentReceived], [b].[PaymentTablePId], [b].[Tds]
      FROM [BillTables] AS [b]
      WHERE [b].[BillID] = @__p_0
info: Microsoft.EntityFrameworkCore.Database.Command[20101]
      Executed DbCommand (8ms) [Parameters=[@p1='?' (DbType = Int32), @p0='?' (DbType = DateTime2)], CommandType='Text', CommandTimeout='120']
      SET NOCOUNT ON;
      UPDATE [BillTables] SET [GstDate] = @p0
      WHERE [BillID] = @p1;
      SELECT @@ROWCOUNT;
info: Microsoft.EntityFrameworkCore.Infrastructure[10403]
      Entity Framework Core 6.0.21 initialized 'TransportMgmtContext' using provider 'Microsoft.EntityFrameworkCore.SqlServer:6.0.21' with options: CommandTimeout=120 
info: Microsoft.EntityFrameworkCore.Database.Command[20101]
      Executed DbCommand (2ms) [Parameters=[], CommandType='Text', CommandTimeout='120']
      SELECT [t].[FID], [t].[Address], [t].[Code], [t].[CreatedBy], [t].[CreatedOn], [t].[FactoryName], [t].[Gstin], [t].[IsActive], [t].[ModifiedBy], [t].[ModifiedOn]
      FROM [TblFactories] AS [t]
info: Microsoft.EntityFrameworkCore.Database.Command[20101]
      Executed DbCommand (5ms) [Parameters=[], CommandType='Text', CommandTimeout='120']
      SELECT [b].[BillID], [b].[ActualAmount], [b].[BillDate], [b].[BillNum], [b].[BillType], [b].[FID], [b].[Gst], [b].[GstDate], [b].[PId], [b].[PaymentReceived], [b].[PaymentTablePId], [b].[Tds]
      FROM [BillTables] AS [b]
info: Microsoft.EntityFrameworkCore.Infrastructure[10403]
      Entity Framework Core 6.0.21 initialized 'TransportMgmtContext' using provider 'Microsoft.EntityFrameworkCore.SqlServer:6.0.21' with options: CommandTimeout=120 
info: Microsoft.EntityFrameworkCore.Database.Command[20101]
      Executed DbCommand (2ms) [Parameters=[@__p_0='?' (DbType = Int32)], CommandType='Text', CommandTimeout='120']
      SELECT TOP(1) [b].[BillID], [b].[ActualAmount], [b].[BillDate], [b].[BillNum], [b].[BillType], [b].[FID], [b].[Gst], [b].[GstDate], [b].[PId], [b].[PaymentReceived], [b].[PaymentTablePId], [b].[Tds]
      FROM [BillTables] AS [b]
      WHERE [b].[BillID] = @__p_0
info: Microsoft.EntityFrameworkCore.Infrastructure[10403]
      Entity Framework Core 6.0.21 initialized 'TransportMgmtContext' using provider 'Microsoft.EntityFrameworkCore.SqlServer:6.0.21' with options: CommandTimeout=120 
info: Microsoft.EntityFrameworkCore.Database.Command[20101]
      Executed DbCommand (5ms) [Parameters=[@__p_0='?' (DbType = Int32)], CommandType='Text', CommandTimeout='120']
      SELECT TOP(1) [b].[BillID], [b].[ActualAmount], [b].[BillDate], [b].[BillNum], [b].[BillType], [b].[FID], [b].[Gst], [b].[GstDate], [b].[PId], [b].[PaymentReceived], [b].[PaymentTablePId], [b].[Tds]
      FROM [BillTables] AS [b]
      WHERE [b].[BillID] = @__p_0
info: Microsoft.EntityFrameworkCore.Database.Command[20101]
      Executed DbCommand (2ms) [Parameters=[@p1='?' (DbType = Int32), @p0='?' (DbType = DateTime2)], CommandType='Text', CommandTimeout='120']
      SET NOCOUNT ON;
      UPDATE [BillTables] SET [GstDate] = @p0
      WHERE [BillID] = @p1;
      SELECT @@ROWCOUNT;
info: Microsoft.EntityFrameworkCore.Infrastructure[10403]
      Entity Framework Core 6.0.21 initialized 'TransportMgmtContext' using provider 'Microsoft.EntityFrameworkCore.SqlServer:6.0.21' with options: CommandTimeout=120 
info: Microsoft.EntityFrameworkCore.Database.Command[20101]
      Executed DbCommand (1ms) [Parameters=[], CommandType='Text', CommandTimeout='120']
      SELECT [t].[FID], [t].[Address], [t].[Code], [t].[CreatedBy], [t].[CreatedOn], [t].[FactoryName], [t].[Gstin], [t].[IsActive], [t].[ModifiedBy], [t].[ModifiedOn]
      FROM [TblFactories] AS [t]
info: Microsoft.EntityFrameworkCore.Database.Command[20101]
      Executed DbCommand (1ms) [Parameters=[], CommandType='Text', CommandTimeout='120']
      SELECT [b].[BillID], [b].[ActualAmount], [b].[BillDate], [b].[BillNum], [b].[BillType], [b].[FID], [b].[Gst], [b].[GstDate], [b].[PId], [b].[PaymentReceived], [b].[PaymentTablePId], [b].[Tds]
      FROM [BillTables] AS [b]
info: Microsoft.EntityFrameworkCore.Infrastructure[10403]
      Entity Framework Core 6.0.21 initialized 'TransportMgmtContext' using provider 'Microsoft.EntityFrameworkCore.SqlServer:6.0.21' with options: CommandTimeout=120 
info: Microsoft.EntityFrameworkCore.Database.Command[20101]
      Executed DbCommand (1ms) [Parameters=[@__p_0='?' (DbType = Int32)], CommandType='Text', CommandTimeout='120']
      SELECT TOP(1) [b].[BillID], [b].[ActualAmount], [b].[BillDate], [b].[BillNum], [b].[BillType], [b].[FID], [b].[Gst], [b].[GstDate], [b].[PId], [b].[PaymentReceived], [b].[PaymentTablePId], [b].[Tds]
      FROM [BillTables] AS [b]
      WHERE [b].[BillID] = @__p_0
info: Microsoft.EntityFrameworkCore.Infrastructure[10403]
      Entity Framework Core 6.0.21 initialized 'TransportMgmtContext' using provider 'Microsoft.EntityFrameworkCore.SqlServer:6.0.21' with options: CommandTimeout=120 
info: Microsoft.EntityFrameworkCore.Database.Command[20101]
      Executed DbCommand (1ms) [Parameters=[@__p_0='?' (DbType = Int32)], CommandType='Text', CommandTimeout='120']
      SELECT TOP(1) [b].[BillID], [b].[ActualAmount], [b].[BillDate], [b].[BillNum], [b].[BillType], [b].[FID], [b].[Gst], [b].[GstDate], [b].[PId], [b].[PaymentReceived], [b].[PaymentTablePId], [b].[Tds]
      FROM [BillTables] AS [b]
      WHERE [b].[BillID] = @__p_0
info: Microsoft.EntityFrameworkCore.Database.Command[20101]
      Executed DbCommand (1ms) [Parameters=[@p1='?' (DbType = Int32), @p0='?' (DbType = DateTime2)], CommandType='Text', CommandTimeout='120']
      SET NOCOUNT ON;
      UPDATE [BillTables] SET [GstDate] = @p0
      WHERE [BillID] = @p1;
      SELECT @@ROWCOUNT;
info: Microsoft.EntityFrameworkCore.Infrastructure[10403]
      Entity Framework Core 6.0.21 initialized 'TransportMgmtContext' using provider 'Microsoft.EntityFrameworkCore.SqlServer:6.0.21' with options: CommandTimeout=120 
info: Microsoft.EntityFrameworkCore.Database.Command[20101]
      Executed DbCommand (1ms) [Parameters=[], CommandType='Text', CommandTimeout='120']
      SELECT [t].[FID], [t].[Address], [t].[Code], [t].[CreatedBy], [t].[CreatedOn], [t].[FactoryName], [t].[Gstin], [t].[IsActive], [t].[ModifiedBy], [t].[ModifiedOn]
      FROM [TblFactories] AS [t]
info: Microsoft.EntityFrameworkCore.Database.Command[20101]
      Executed DbCommand (1ms) [Parameters=[], CommandType='Text', CommandTimeout='120']
      SELECT [b].[BillID], [b].[ActualAmount], [b].[BillDate], [b].[BillNum], [b].[BillType], [b].[FID], [b].[Gst], [b].[GstDate], [b].[PId], [b].[PaymentReceived], [b].[PaymentTablePId], [b].[Tds]
      FROM [BillTables] AS [b]
info: Microsoft.EntityFrameworkCore.Infrastructure[10403]
      Entity Framework Core 6.0.21 initialized 'TransportMgmtContext' using provider 'Microsoft.EntityFrameworkCore.SqlServer:6.0.21' with options: CommandTimeout=120 
info: Microsoft.EntityFrameworkCore.Database.Command[20101]
      Executed DbCommand (2ms) [Parameters=[@__p_0='?' (DbType = Int32)], CommandType='Text', CommandTimeout='120']
      SELECT TOP(1) [b].[BillID], [b].[ActualAmount], [b].[BillDate], [b].[BillNum], [b].[BillType], [b].[FID], [b].[Gst], [b].[GstDate], [b].[PId], [b].[PaymentReceived], [b].[PaymentTablePId], [b].[Tds]
      FROM [BillTables] AS [b]
      WHERE [b].[BillID] = @__p_0
info: Microsoft.EntityFrameworkCore.Infrastructure[10403]
      Entity Framework Core 6.0.21 initialized 'TransportMgmtContext' using provider 'Microsoft.EntityFrameworkCore.SqlServer:6.0.21' with options: CommandTimeout=120 
info: Microsoft.EntityFrameworkCore.Database.Command[20101]
      Executed DbCommand (3ms) [Parameters=[@__p_0='?' (DbType = Int32)], CommandType='Text', CommandTimeout='120']
      SELECT TOP(1) [b].[BillID], [b].[ActualAmount], [b].[BillDate], [b].[BillNum], [b].[BillType], [b].[FID], [b].[Gst], [b].[GstDate], [b].[PId], [b].[PaymentReceived], [b].[PaymentTablePId], [b].[Tds]
      FROM [BillTables] AS [b]
      WHERE [b].[BillID] = @__p_0
info: Microsoft.EntityFrameworkCore.Database.Command[20101]
      Executed DbCommand (2ms) [Parameters=[@p1='?' (DbType = Int32), @p0='?' (DbType = DateTime2)], CommandType='Text', CommandTimeout='120']
      SET NOCOUNT ON;
      UPDATE [BillTables] SET [GstDate] = @p0
      WHERE [BillID] = @p1;
      SELECT @@ROWCOUNT;
info: Microsoft.EntityFrameworkCore.Infrastructure[10403]
      Entity Framework Core 6.0.21 initialized 'TransportMgmtContext' using provider 'Microsoft.EntityFrameworkCore.SqlServer:6.0.21' with options: CommandTimeout=120 
info: Microsoft.EntityFrameworkCore.Database.Command[20101]
      Executed DbCommand (1ms) [Parameters=[], CommandType='Text', CommandTimeout='120']
      SELECT [t].[FID], [t].[Address], [t].[Code], [t].[CreatedBy], [t].[CreatedOn], [t].[FactoryName], [t].[Gstin], [t].[IsActive], [t].[ModifiedBy], [t].[ModifiedOn]
      FROM [TblFactories] AS [t]
info: Microsoft.EntityFrameworkCore.Database.Command[20101]
      Executed DbCommand (1ms) [Parameters=[], CommandType='Text', CommandTimeout='120']
      SELECT [b].[BillID], [b].[ActualAmount], [b].[BillDate], [b].[BillNum], [b].[BillType], [b].[FID], [b].[Gst], [b].[GstDate], [b].[PId], [b].[PaymentReceived], [b].[PaymentTablePId], [b].[Tds]
      FROM [BillTables] AS [b]
info: Microsoft.EntityFrameworkCore.Infrastructure[10403]
      Entity Framework Core 6.0.21 initialized 'TransportMgmtContext' using provider 'Microsoft.EntityFrameworkCore.SqlServer:6.0.21' with options: CommandTimeout=120 
info: Microsoft.EntityFrameworkCore.Database.Command[20101]
      Executed DbCommand (3ms) [Parameters=[@__p_0='?' (DbType = Int32)], CommandType='Text', CommandTimeout='120']
      SELECT TOP(1) [b].[BillID], [b].[ActualAmount], [b].[BillDate], [b].[BillNum], [b].[BillType], [b].[FID], [b].[Gst], [b].[GstDate], [b].[PId], [b].[PaymentReceived], [b].[PaymentTablePId], [b].[Tds]
      FROM [BillTables] AS [b]
      WHERE [b].[BillID] = @__p_0
info: Microsoft.EntityFrameworkCore.Infrastructure[10403]
      Entity Framework Core 6.0.21 initialized 'TransportMgmtContext' using provider 'Microsoft.EntityFrameworkCore.SqlServer:6.0.21' with options: CommandTimeout=120 
info: Microsoft.EntityFrameworkCore.Database.Command[20101]
      Executed DbCommand (2ms) [Parameters=[@__p_0='?' (DbType = Int32)], CommandType='Text', CommandTimeout='120']
      SELECT TOP(1) [b].[BillID], [b].[ActualAmount], [b].[BillDate], [b].[BillNum], [b].[BillType], [b].[FID], [b].[Gst], [b].[GstDate], [b].[PId], [b].[PaymentReceived], [b].[PaymentTablePId], [b].[Tds]
      FROM [BillTables] AS [b]
      WHERE [b].[BillID] = @__p_0
info: Microsoft.EntityFrameworkCore.Database.Command[20101]
      Executed DbCommand (2ms) [Parameters=[@p1='?' (DbType = Int32), @p0='?' (DbType = DateTime2)], CommandType='Text', CommandTimeout='120']
      SET NOCOUNT ON;
      UPDATE [BillTables] SET [GstDate] = @p0
      WHERE [BillID] = @p1;
      SELECT @@ROWCOUNT;
info: Microsoft.EntityFrameworkCore.Infrastructure[10403]
      Entity Framework Core 6.0.21 initialized 'TransportMgmtContext' using provider 'Microsoft.EntityFrameworkCore.SqlServer:6.0.21' with options: CommandTimeout=120 
info: Microsoft.EntityFrameworkCore.Database.Command[20101]
      Executed DbCommand (1ms) [Parameters=[], CommandType='Text', CommandTimeout='120']
      SELECT [t].[FID], [t].[Address], [t].[Code], [t].[CreatedBy], [t].[CreatedOn], [t].[FactoryName], [t].[Gstin], [t].[IsActive], [t].[ModifiedBy], [t].[ModifiedOn]
      FROM [TblFactories] AS [t]
info: Microsoft.EntityFrameworkCore.Database.Command[20101]
      Executed DbCommand (1ms) [Parameters=[], CommandType='Text', CommandTimeout='120']
      SELECT [b].[BillID], [b].[ActualAmount], [b].[BillDate], [b].[BillNum], [b].[BillType], [b].[FID], [b].[Gst], [b].[GstDate], [b].[PId], [b].[PaymentReceived], [b].[PaymentTablePId], [b].[Tds]
      FROM [BillTables] AS [b]
info: Microsoft.EntityFrameworkCore.Infrastructure[10403]
      Entity Framework Core 6.0.21 initialized 'TransportMgmtContext' using provider 'Microsoft.EntityFrameworkCore.SqlServer:6.0.21' with options: CommandTimeout=120 
info: Microsoft.EntityFrameworkCore.Database.Command[20101]
      Executed DbCommand (4ms) [Parameters=[@__p_0='?' (DbType = Int32)], CommandType='Text', CommandTimeout='120']
      SELECT TOP(1) [b].[BillID], [b].[ActualAmount], [b].[BillDate], [b].[BillNum], [b].[BillType], [b].[FID], [b].[Gst], [b].[GstDate], [b].[PId], [b].[PaymentReceived], [b].[PaymentTablePId], [b].[Tds]
      FROM [BillTables] AS [b]
      WHERE [b].[BillID] = @__p_0
info: Microsoft.EntityFrameworkCore.Infrastructure[10403]
      Entity Framework Core 6.0.21 initialized 'TransportMgmtContext' using provider 'Microsoft.EntityFrameworkCore.SqlServer:6.0.21' with options: CommandTimeout=120 
info: Microsoft.EntityFrameworkCore.Database.Command[20101]
      Executed DbCommand (10ms) [Parameters=[@__p_0='?' (DbType = Int32)], CommandType='Text', CommandTimeout='120']
      SELECT TOP(1) [b].[BillID], [b].[ActualAmount], [b].[BillDate], [b].[BillNum], [b].[BillType], [b].[FID], [b].[Gst], [b].[GstDate], [b].[PId], [b].[PaymentReceived], [b].[PaymentTablePId], [b].[Tds]
      FROM [BillTables] AS [b]
      WHERE [b].[BillID] = @__p_0
info: Microsoft.EntityFrameworkCore.Database.Command[20101]
      Executed DbCommand (8ms) [Parameters=[@p1='?' (DbType = Int32), @p0='?' (DbType = DateTime2)], CommandType='Text', CommandTimeout='120']
      SET NOCOUNT ON;
      UPDATE [BillTables] SET [GstDate] = @p0
      WHERE [BillID] = @p1;
      SELECT @@ROWCOUNT;
info: Microsoft.EntityFrameworkCore.Infrastructure[10403]
      Entity Framework Core 6.0.21 initialized 'TransportMgmtContext' using provider 'Microsoft.EntityFrameworkCore.SqlServer:6.0.21' with options: CommandTimeout=120 
info: Microsoft.EntityFrameworkCore.Database.Command[20101]
      Executed DbCommand (2ms) [Parameters=[], CommandType='Text', CommandTimeout='120']
      SELECT [t].[FID], [t].[Address], [t].[Code], [t].[CreatedBy], [t].[CreatedOn], [t].[FactoryName], [t].[Gstin], [t].[IsActive], [t].[ModifiedBy], [t].[ModifiedOn]
      FROM [TblFactories] AS [t]
info: Microsoft.EntityFrameworkCore.Database.Command[20101]
      Executed DbCommand (3ms) [Parameters=[], CommandType='Text', CommandTimeout='120']
      SELECT [b].[BillID], [b].[ActualAmount], [b].[BillDate], [b].[BillNum], [b].[BillType], [b].[FID], [b].[Gst], [b].[GstDate], [b].[PId], [b].[PaymentReceived], [b].[PaymentTablePId], [b].[Tds]
      FROM [BillTables] AS [b]
info: Microsoft.EntityFrameworkCore.Infrastructure[10403]
      Entity Framework Core 6.0.21 initialized 'TransportMgmtContext' using provider 'Microsoft.EntityFrameworkCore.SqlServer:6.0.21' with options: CommandTimeout=120 
info: Microsoft.EntityFrameworkCore.Database.Command[20101]
      Executed DbCommand (5ms) [Parameters=[@__p_0='?' (DbType = Int32)], CommandType='Text', CommandTimeout='120']
      SELECT TOP(1) [b].[BillID], [b].[ActualAmount], [b].[BillDate], [b].[BillNum], [b].[BillType], [b].[FID], [b].[Gst], [b].[GstDate], [b].[PId], [b].[PaymentReceived], [b].[PaymentTablePId], [b].[Tds]
      FROM [BillTables] AS [b]
      WHERE [b].[BillID] = @__p_0
info: Microsoft.EntityFrameworkCore.Infrastructure[10403]
      Entity Framework Core 6.0.21 initialized 'TransportMgmtContext' using provider 'Microsoft.EntityFrameworkCore.SqlServer:6.0.21' with options: CommandTimeout=120 
info: Microsoft.EntityFrameworkCore.Database.Command[20101]
      Executed DbCommand (3ms) [Parameters=[@__p_0='?' (DbType = Int32)], CommandType='Text', CommandTimeout='120']
      SELECT TOP(1) [b].[BillID], [b].[ActualAmount], [b].[BillDate], [b].[BillNum], [b].[BillType], [b].[FID], [b].[Gst], [b].[GstDate], [b].[PId], [b].[PaymentReceived], [b].[PaymentTablePId], [b].[Tds]
      FROM [BillTables] AS [b]
      WHERE [b].[BillID] = @__p_0
info: Microsoft.EntityFrameworkCore.Database.Command[20101]
      Executed DbCommand (4ms) [Parameters=[@p1='?' (DbType = Int32), @p0='?' (DbType = DateTime2)], CommandType='Text', CommandTimeout='120']
      SET NOCOUNT ON;
      UPDATE [BillTables] SET [GstDate] = @p0
      WHERE [BillID] = @p1;
      SELECT @@ROWCOUNT;
info: Microsoft.EntityFrameworkCore.Infrastructure[10403]
      Entity Framework Core 6.0.21 initialized 'TransportMgmtContext' using provider 'Microsoft.EntityFrameworkCore.SqlServer:6.0.21' with options: CommandTimeout=120 
info: Microsoft.EntityFrameworkCore.Database.Command[20101]
      Executed DbCommand (2ms) [Parameters=[], CommandType='Text', CommandTimeout='120']
      SELECT [t].[FID], [t].[Address], [t].[Code], [t].[CreatedBy], [t].[CreatedOn], [t].[FactoryName], [t].[Gstin], [t].[IsActive], [t].[ModifiedBy], [t].[ModifiedOn]
      FROM [TblFactories] AS [t]
info: Microsoft.EntityFrameworkCore.Database.Command[20101]
      Executed DbCommand (2ms) [Parameters=[], CommandType='Text', CommandTimeout='120']
      SELECT [b].[BillID], [b].[ActualAmount], [b].[BillDate], [b].[BillNum], [b].[BillType], [b].[FID], [b].[Gst], [b].[GstDate], [b].[PId], [b].[PaymentReceived], [b].[PaymentTablePId], [b].[Tds]
      FROM [BillTables] AS [b]
info: Microsoft.EntityFrameworkCore.Infrastructure[10403]
      Entity Framework Core 6.0.21 initialized 'TransportMgmtContext' using provider 'Microsoft.EntityFrameworkCore.SqlServer:6.0.21' with options: CommandTimeout=120 
info: Microsoft.EntityFrameworkCore.Database.Command[20101]
      Executed DbCommand (3ms) [Parameters=[@__p_0='?' (DbType = Int32)], CommandType='Text', CommandTimeout='120']
      SELECT TOP(1) [b].[BillID], [b].[ActualAmount], [b].[BillDate], [b].[BillNum], [b].[BillType], [b].[FID], [b].[Gst], [b].[GstDate], [b].[PId], [b].[PaymentReceived], [b].[PaymentTablePId], [b].[Tds]
      FROM [BillTables] AS [b]
      WHERE [b].[BillID] = @__p_0
info: Microsoft.EntityFrameworkCore.Infrastructure[10403]
      Entity Framework Core 6.0.21 initialized 'TransportMgmtContext' using provider 'Microsoft.EntityFrameworkCore.SqlServer:6.0.21' with options: CommandTimeout=120 
info: Microsoft.EntityFrameworkCore.Database.Command[20101]
      Executed DbCommand (3ms) [Parameters=[@__p_0='?' (DbType = Int32)], CommandType='Text', CommandTimeout='120']
      SELECT TOP(1) [b].[BillID], [b].[ActualAmount], [b].[BillDate], [b].[BillNum], [b].[BillType], [b].[FID], [b].[Gst], [b].[GstDate], [b].[PId], [b].[PaymentReceived], [b].[PaymentTablePId], [b].[Tds]
      FROM [BillTables] AS [b]
      WHERE [b].[BillID] = @__p_0
info: Microsoft.EntityFrameworkCore.Database.Command[20101]
      Executed DbCommand (2ms) [Parameters=[@p1='?' (DbType = Int32), @p0='?' (DbType = DateTime2)], CommandType='Text', CommandTimeout='120']
      SET NOCOUNT ON;
      UPDATE [BillTables] SET [GstDate] = @p0
      WHERE [BillID] = @p1;
      SELECT @@ROWCOUNT;
info: Microsoft.EntityFrameworkCore.Infrastructure[10403]
      Entity Framework Core 6.0.21 initialized 'TransportMgmtContext' using provider 'Microsoft.EntityFrameworkCore.SqlServer:6.0.21' with options: CommandTimeout=120 
info: Microsoft.EntityFrameworkCore.Database.Command[20101]
      Executed DbCommand (1ms) [Parameters=[], CommandType='Text', CommandTimeout='120']
      SELECT [t].[FID], [t].[Address], [t].[Code], [t].[CreatedBy], [t].[CreatedOn], [t].[FactoryName], [t].[Gstin], [t].[IsActive], [t].[ModifiedBy], [t].[ModifiedOn]
      FROM [TblFactories] AS [t]
info: Microsoft.EntityFrameworkCore.Database.Command[20101]
      Executed DbCommand (1ms) [Parameters=[], CommandType='Text', CommandTimeout='120']
      SELECT [b].[BillID], [b].[ActualAmount], [b].[BillDate], [b].[BillNum], [b].[BillType], [b].[FID], [b].[Gst], [b].[GstDate], [b].[PId], [b].[PaymentReceived], [b].[PaymentTablePId], [b].[Tds]
      FROM [BillTables] AS [b]
info: Microsoft.EntityFrameworkCore.Infrastructure[10403]
      Entity Framework Core 6.0.21 initialized 'TransportMgmtContext' using provider 'Microsoft.EntityFrameworkCore.SqlServer:6.0.21' with options: CommandTimeout=120 
info: Microsoft.EntityFrameworkCore.Database.Command[20101]
      Executed DbCommand (2ms) [Parameters=[@__p_0='?' (DbType = Int32)], CommandType='Text', CommandTimeout='120']
      SELECT TOP(1) [b].[BillID], [b].[ActualAmount], [b].[BillDate], [b].[BillNum], [b].[BillType], [b].[FID], [b].[Gst], [b].[GstDate], [b].[PId], [b].[PaymentReceived], [b].[PaymentTablePId], [b].[Tds]
      FROM [BillTables] AS [b]
      WHERE [b].[BillID] = @__p_0
info: Microsoft.EntityFrameworkCore.Infrastructure[10403]
      Entity Framework Core 6.0.21 initialized 'TransportMgmtContext' using provider 'Microsoft.EntityFrameworkCore.SqlServer:6.0.21' with options: CommandTimeout=120 
info: Microsoft.EntityFrameworkCore.Database.Command[20101]
      Executed DbCommand (3ms) [Parameters=[@__p_0='?' (DbType = Int32)], CommandType='Text', CommandTimeout='120']
      SELECT TOP(1) [b].[BillID], [b].[ActualAmount], [b].[BillDate], [b].[BillNum], [b].[BillType], [b].[FID], [b].[Gst], [b].[GstDate], [b].[PId], [b].[PaymentReceived], [b].[PaymentTablePId], [b].[Tds]
      FROM [BillTables] AS [b]
      WHERE [b].[BillID] = @__p_0
info: Microsoft.EntityFrameworkCore.Database.Command[20101]
      Executed DbCommand (2ms) [Parameters=[@p1='?' (DbType = Int32), @p0='?' (DbType = DateTime2)], CommandType='Text', CommandTimeout='120']
      SET NOCOUNT ON;
      UPDATE [BillTables] SET [GstDate] = @p0
      WHERE [BillID] = @p1;
      SELECT @@ROWCOUNT;
info: Microsoft.EntityFrameworkCore.Infrastructure[10403]
      Entity Framework Core 6.0.21 initialized 'TransportMgmtContext' using provider 'Microsoft.EntityFrameworkCore.SqlServer:6.0.21' with options: CommandTimeout=120 
info: Microsoft.EntityFrameworkCore.Database.Command[20101]
      Executed DbCommand (1ms) [Parameters=[], CommandType='Text', CommandTimeout='120']
      SELECT [t].[FID], [t].[Address], [t].[Code], [t].[CreatedBy], [t].[CreatedOn], [t].[FactoryName], [t].[Gstin], [t].[IsActive], [t].[ModifiedBy], [t].[ModifiedOn]
      FROM [TblFactories] AS [t]
info: Microsoft.EntityFrameworkCore.Database.Command[20101]
      Executed DbCommand (1ms) [Parameters=[], CommandType='Text', CommandTimeout='120']
      SELECT [b].[BillID], [b].[ActualAmount], [b].[BillDate], [b].[BillNum], [b].[BillType], [b].[FID], [b].[Gst], [b].[GstDate], [b].[PId], [b].[PaymentReceived], [b].[PaymentTablePId], [b].[Tds]
      FROM [BillTables] AS [b]
info: Microsoft.EntityFrameworkCore.Infrastructure[10403]
      Entity Framework Core 6.0.21 initialized 'TransportMgmtContext' using provider 'Microsoft.EntityFrameworkCore.SqlServer:6.0.21' with options: CommandTimeout=120 
info: Microsoft.EntityFrameworkCore.Database.Command[20101]
      Executed DbCommand (4ms) [Parameters=[@__p_0='?' (DbType = Int32)], CommandType='Text', CommandTimeout='120']
      SELECT TOP(1) [b].[BillID], [b].[ActualAmount], [b].[BillDate], [b].[BillNum], [b].[BillType], [b].[FID], [b].[Gst], [b].[GstDate], [b].[PId], [b].[PaymentReceived], [b].[PaymentTablePId], [b].[Tds]
      FROM [BillTables] AS [b]
      WHERE [b].[BillID] = @__p_0
info: Microsoft.EntityFrameworkCore.Infrastructure[10403]
      Entity Framework Core 6.0.21 initialized 'TransportMgmtContext' using provider 'Microsoft.EntityFrameworkCore.SqlServer:6.0.21' with options: CommandTimeout=120 
info: Microsoft.EntityFrameworkCore.Database.Command[20101]
      Executed DbCommand (3ms) [Parameters=[@__p_0='?' (DbType = Int32)], CommandType='Text', CommandTimeout='120']
      SELECT TOP(1) [b].[BillID], [b].[ActualAmount], [b].[BillDate], [b].[BillNum], [b].[BillType], [b].[FID], [b].[Gst], [b].[GstDate], [b].[PId], [b].[PaymentReceived], [b].[PaymentTablePId], [b].[Tds]
      FROM [BillTables] AS [b]
      WHERE [b].[BillID] = @__p_0
info: Microsoft.EntityFrameworkCore.Database.Command[20101]
      Executed DbCommand (1ms) [Parameters=[@p1='?' (DbType = Int32), @p0='?' (DbType = DateTime2)], CommandType='Text', CommandTimeout='120']
      SET NOCOUNT ON;
      UPDATE [BillTables] SET [GstDate] = @p0
      WHERE [BillID] = @p1;
      SELECT @@ROWCOUNT;
info: Microsoft.EntityFrameworkCore.Infrastructure[10403]
      Entity Framework Core 6.0.21 initialized 'TransportMgmtContext' using provider 'Microsoft.EntityFrameworkCore.SqlServer:6.0.21' with options: CommandTimeout=120 
info: Microsoft.EntityFrameworkCore.Database.Command[20101]
      Executed DbCommand (1ms) [Parameters=[], CommandType='Text', CommandTimeout='120']
      SELECT [t].[FID], [t].[Address], [t].[Code], [t].[CreatedBy], [t].[CreatedOn], [t].[FactoryName], [t].[Gstin], [t].[IsActive], [t].[ModifiedBy], [t].[ModifiedOn]
      FROM [TblFactories] AS [t]
info: Microsoft.EntityFrameworkCore.Database.Command[20101]
      Executed DbCommand (0ms) [Parameters=[], CommandType='Text', CommandTimeout='120']
      SELECT [b].[BillID], [b].[ActualAmount], [b].[BillDate], [b].[BillNum], [b].[BillType], [b].[FID], [b].[Gst], [b].[GstDate], [b].[PId], [b].[PaymentReceived], [b].[PaymentTablePId], [b].[Tds]
      FROM [BillTables] AS [b]
info: Microsoft.EntityFrameworkCore.Infrastructure[10403]
      Entity Framework Core 6.0.21 initialized 'TransportMgmtContext' using provider 'Microsoft.EntityFrameworkCore.SqlServer:6.0.21' with options: CommandTimeout=120 
info: Microsoft.EntityFrameworkCore.Database.Command[20101]
      Executed DbCommand (3ms) [Parameters=[@__p_0='?' (DbType = Int32)], CommandType='Text', CommandTimeout='120']
      SELECT TOP(1) [b].[BillID], [b].[ActualAmount], [b].[BillDate], [b].[BillNum], [b].[BillType], [b].[FID], [b].[Gst], [b].[GstDate], [b].[PId], [b].[PaymentReceived], [b].[PaymentTablePId], [b].[Tds]
      FROM [BillTables] AS [b]
      WHERE [b].[BillID] = @__p_0
info: Microsoft.EntityFrameworkCore.Infrastructure[10403]
      Entity Framework Core 6.0.21 initialized 'TransportMgmtContext' using provider 'Microsoft.EntityFrameworkCore.SqlServer:6.0.21' with options: CommandTimeout=120 
info: Microsoft.EntityFrameworkCore.Database.Command[20101]
      Executed DbCommand (3ms) [Parameters=[@__p_0='?' (DbType = Int32)], CommandType='Text', CommandTimeout='120']
      SELECT TOP(1) [b].[BillID], [b].[ActualAmount], [b].[BillDate], [b].[BillNum], [b].[BillType], [b].[FID], [b].[Gst], [b].[GstDate], [b].[PId], [b].[PaymentReceived], [b].[PaymentTablePId], [b].[Tds]
      FROM [BillTables] AS [b]
      WHERE [b].[BillID] = @__p_0
info: Microsoft.EntityFrameworkCore.Database.Command[20101]
      Executed DbCommand (3ms) [Parameters=[@p1='?' (DbType = Int32), @p0='?' (DbType = DateTime2)], CommandType='Text', CommandTimeout='120']
      SET NOCOUNT ON;
      UPDATE [BillTables] SET [GstDate] = @p0
      WHERE [BillID] = @p1;
      SELECT @@ROWCOUNT;
info: Microsoft.EntityFrameworkCore.Infrastructure[10403]
      Entity Framework Core 6.0.21 initialized 'TransportMgmtContext' using provider 'Microsoft.EntityFrameworkCore.SqlServer:6.0.21' with options: CommandTimeout=120 
info: Microsoft.EntityFrameworkCore.Database.Command[20101]
      Executed DbCommand (1ms) [Parameters=[], CommandType='Text', CommandTimeout='120']
      SELECT [t].[FID], [t].[Address], [t].[Code], [t].[CreatedBy], [t].[CreatedOn], [t].[FactoryName], [t].[Gstin], [t].[IsActive], [t].[ModifiedBy], [t].[ModifiedOn]
      FROM [TblFactories] AS [t]
info: Microsoft.EntityFrameworkCore.Database.Command[20101]
      Executed DbCommand (4ms) [Parameters=[], CommandType='Text', CommandTimeout='120']
      SELECT [b].[BillID], [b].[ActualAmount], [b].[BillDate], [b].[BillNum], [b].[BillType], [b].[FID], [b].[Gst], [b].[GstDate], [b].[PId], [b].[PaymentReceived], [b].[PaymentTablePId], [b].[Tds]
      FROM [BillTables] AS [b]
info: Microsoft.EntityFrameworkCore.Infrastructure[10403]
      Entity Framework Core 6.0.21 initialized 'TransportMgmtContext' using provider 'Microsoft.EntityFrameworkCore.SqlServer:6.0.21' with options: CommandTimeout=120 
info: Microsoft.EntityFrameworkCore.Database.Command[20101]
      Executed DbCommand (5ms) [Parameters=[@__p_0='?' (DbType = Int32)], CommandType='Text', CommandTimeout='120']
      SELECT TOP(1) [b].[BillID], [b].[ActualAmount], [b].[BillDate], [b].[BillNum], [b].[BillType], [b].[FID], [b].[Gst], [b].[GstDate], [b].[PId], [b].[PaymentReceived], [b].[PaymentTablePId], [b].[Tds]
      FROM [BillTables] AS [b]
      WHERE [b].[BillID] = @__p_0
info: Microsoft.EntityFrameworkCore.Infrastructure[10403]
      Entity Framework Core 6.0.21 initialized 'TransportMgmtContext' using provider 'Microsoft.EntityFrameworkCore.SqlServer:6.0.21' with options: CommandTimeout=120 
info: Microsoft.EntityFrameworkCore.Database.Command[20101]
      Executed DbCommand (2ms) [Parameters=[@__p_0='?' (DbType = Int32)], CommandType='Text', CommandTimeout='120']
      SELECT TOP(1) [b].[BillID], [b].[ActualAmount], [b].[BillDate], [b].[BillNum], [b].[BillType], [b].[FID], [b].[Gst], [b].[GstDate], [b].[PId], [b].[PaymentReceived], [b].[PaymentTablePId], [b].[Tds]
      FROM [BillTables] AS [b]
      WHERE [b].[BillID] = @__p_0
info: Microsoft.EntityFrameworkCore.Database.Command[20101]
      Executed DbCommand (3ms) [Parameters=[@p1='?' (DbType = Int32), @p0='?' (DbType = DateTime2)], CommandType='Text', CommandTimeout='120']
      SET NOCOUNT ON;
      UPDATE [BillTables] SET [GstDate] = @p0
      WHERE [BillID] = @p1;
      SELECT @@ROWCOUNT;
info: Microsoft.EntityFrameworkCore.Infrastructure[10403]
      Entity Framework Core 6.0.21 initialized 'TransportMgmtContext' using provider 'Microsoft.EntityFrameworkCore.SqlServer:6.0.21' with options: CommandTimeout=120 
info: Microsoft.EntityFrameworkCore.Database.Command[20101]
      Executed DbCommand (5ms) [Parameters=[], CommandType='Text', CommandTimeout='120']
      SELECT [t].[FID], [t].[Address], [t].[Code], [t].[CreatedBy], [t].[CreatedOn], [t].[FactoryName], [t].[Gstin], [t].[IsActive], [t].[ModifiedBy], [t].[ModifiedOn]
      FROM [TblFactories] AS [t]
info: Microsoft.EntityFrameworkCore.Database.Command[20101]
      Executed DbCommand (2ms) [Parameters=[], CommandType='Text', CommandTimeout='120']
      SELECT [b].[BillID], [b].[ActualAmount], [b].[BillDate], [b].[BillNum], [b].[BillType], [b].[FID], [b].[Gst], [b].[GstDate], [b].[PId], [b].[PaymentReceived], [b].[PaymentTablePId], [b].[Tds]
      FROM [BillTables] AS [b]
info: Microsoft.EntityFrameworkCore.Infrastructure[10403]
      Entity Framework Core 6.0.21 initialized 'TransportMgmtContext' using provider 'Microsoft.EntityFrameworkCore.SqlServer:6.0.21' with options: CommandTimeout=120 
info: Microsoft.EntityFrameworkCore.Database.Command[20101]
      Executed DbCommand (2ms) [Parameters=[@__p_0='?' (DbType = Int32)], CommandType='Text', CommandTimeout='120']
      SELECT TOP(1) [b].[BillID], [b].[ActualAmount], [b].[BillDate], [b].[BillNum], [b].[BillType], [b].[FID], [b].[Gst], [b].[GstDate], [b].[PId], [b].[PaymentReceived], [b].[PaymentTablePId], [b].[Tds]
      FROM [BillTables] AS [b]
      WHERE [b].[BillID] = @__p_0
info: Microsoft.EntityFrameworkCore.Infrastructure[10403]
      Entity Framework Core 6.0.21 initialized 'TransportMgmtContext' using provider 'Microsoft.EntityFrameworkCore.SqlServer:6.0.21' with options: CommandTimeout=120 
info: Microsoft.EntityFrameworkCore.Database.Command[20101]
      Executed DbCommand (2ms) [Parameters=[@__p_0='?' (DbType = Int32)], CommandType='Text', CommandTimeout='120']
      SELECT TOP(1) [b].[BillID], [b].[ActualAmount], [b].[BillDate], [b].[BillNum], [b].[BillType], [b].[FID], [b].[Gst], [b].[GstDate], [b].[PId], [b].[PaymentReceived], [b].[PaymentTablePId], [b].[Tds]
      FROM [BillTables] AS [b]
      WHERE [b].[BillID] = @__p_0
info: Microsoft.EntityFrameworkCore.Database.Command[20101]
      Executed DbCommand (1ms) [Parameters=[@p1='?' (DbType = Int32), @p0='?' (DbType = DateTime2)], CommandType='Text', CommandTimeout='120']
      SET NOCOUNT ON;
      UPDATE [BillTables] SET [GstDate] = @p0
      WHERE [BillID] = @p1;
      SELECT @@ROWCOUNT;
info: Microsoft.EntityFrameworkCore.Infrastructure[10403]
      Entity Framework Core 6.0.21 initialized 'TransportMgmtContext' using provider 'Microsoft.EntityFrameworkCore.SqlServer:6.0.21' with options: CommandTimeout=120 
info: Microsoft.EntityFrameworkCore.Database.Command[20101]
      Executed DbCommand (0ms) [Parameters=[], CommandType='Text', CommandTimeout='120']
      SELECT [t].[FID], [t].[Address], [t].[Code], [t].[CreatedBy], [t].[CreatedOn], [t].[FactoryName], [t].[Gstin], [t].[IsActive], [t].[ModifiedBy], [t].[ModifiedOn]
      FROM [TblFactories] AS [t]
info: Microsoft.EntityFrameworkCore.Database.Command[20101]
      Executed DbCommand (2ms) [Parameters=[], CommandType='Text', CommandTimeout='120']
      SELECT [b].[BillID], [b].[ActualAmount], [b].[BillDate], [b].[BillNum], [b].[BillType], [b].[FID], [b].[Gst], [b].[GstDate], [b].[PId], [b].[PaymentReceived], [b].[PaymentTablePId], [b].[Tds]
      FROM [BillTables] AS [b]
info: Microsoft.EntityFrameworkCore.Infrastructure[10403]
      Entity Framework Core 6.0.21 initialized 'TransportMgmtContext' using provider 'Microsoft.EntityFrameworkCore.SqlServer:6.0.21' with options: CommandTimeout=120 
info: Microsoft.EntityFrameworkCore.Database.Command[20101]
      Executed DbCommand (1ms) [Parameters=[@__p_0='?' (DbType = Int32)], CommandType='Text', CommandTimeout='120']
      SELECT TOP(1) [b].[BillID], [b].[ActualAmount], [b].[BillDate], [b].[BillNum], [b].[BillType], [b].[FID], [b].[Gst], [b].[GstDate], [b].[PId], [b].[PaymentReceived], [b].[PaymentTablePId], [b].[Tds]
      FROM [BillTables] AS [b]
      WHERE [b].[BillID] = @__p_0
info: Microsoft.EntityFrameworkCore.Infrastructure[10403]
      Entity Framework Core 6.0.21 initialized 'TransportMgmtContext' using provider 'Microsoft.EntityFrameworkCore.SqlServer:6.0.21' with options: CommandTimeout=120 
info: Microsoft.EntityFrameworkCore.Database.Command[20101]
      Executed DbCommand (3ms) [Parameters=[@__p_0='?' (DbType = Int32)], CommandType='Text', CommandTimeout='120']
      SELECT TOP(1) [b].[BillID], [b].[ActualAmount], [b].[BillDate], [b].[BillNum], [b].[BillType], [b].[FID], [b].[Gst], [b].[GstDate], [b].[PId], [b].[PaymentReceived], [b].[PaymentTablePId], [b].[Tds]
      FROM [BillTables] AS [b]
      WHERE [b].[BillID] = @__p_0
info: Microsoft.EntityFrameworkCore.Database.Command[20101]
      Executed DbCommand (5ms) [Parameters=[@p1='?' (DbType = Int32), @p0='?' (DbType = DateTime2)], CommandType='Text', CommandTimeout='120']
      SET NOCOUNT ON;
      UPDATE [BillTables] SET [GstDate] = @p0
      WHERE [BillID] = @p1;
      SELECT @@ROWCOUNT;
info: Microsoft.EntityFrameworkCore.Infrastructure[10403]
      Entity Framework Core 6.0.21 initialized 'TransportMgmtContext' using provider 'Microsoft.EntityFrameworkCore.SqlServer:6.0.21' with options: CommandTimeout=120 
info: Microsoft.EntityFrameworkCore.Database.Command[20101]
      Executed DbCommand (0ms) [Parameters=[], CommandType='Text', CommandTimeout='120']
      SELECT [t].[FID], [t].[Address], [t].[Code], [t].[CreatedBy], [t].[CreatedOn], [t].[FactoryName], [t].[Gstin], [t].[IsActive], [t].[ModifiedBy], [t].[ModifiedOn]
      FROM [TblFactories] AS [t]
info: Microsoft.EntityFrameworkCore.Database.Command[20101]
      Executed DbCommand (1ms) [Parameters=[], CommandType='Text', CommandTimeout='120']
      SELECT [b].[BillID], [b].[ActualAmount], [b].[BillDate], [b].[BillNum], [b].[BillType], [b].[FID], [b].[Gst], [b].[GstDate], [b].[PId], [b].[PaymentReceived], [b].[PaymentTablePId], [b].[Tds]
      FROM [BillTables] AS [b]
info: Microsoft.EntityFrameworkCore.Infrastructure[10403]
      Entity Framework Core 6.0.21 initialized 'TransportMgmtContext' using provider 'Microsoft.EntityFrameworkCore.SqlServer:6.0.21' with options: CommandTimeout=120 
info: Microsoft.EntityFrameworkCore.Database.Command[20101]
      Executed DbCommand (5ms) [Parameters=[@__p_0='?' (DbType = Int32)], CommandType='Text', CommandTimeout='120']
      SELECT TOP(1) [b].[BillID], [b].[ActualAmount], [b].[BillDate], [b].[BillNum], [b].[BillType], [b].[FID], [b].[Gst], [b].[GstDate], [b].[PId], [b].[PaymentReceived], [b].[PaymentTablePId], [b].[Tds]
      FROM [BillTables] AS [b]
      WHERE [b].[BillID] = @__p_0
info: Microsoft.EntityFrameworkCore.Infrastructure[10403]
      Entity Framework Core 6.0.21 initialized 'TransportMgmtContext' using provider 'Microsoft.EntityFrameworkCore.SqlServer:6.0.21' with options: CommandTimeout=120 
info: Microsoft.EntityFrameworkCore.Database.Command[20101]
      Executed DbCommand (3ms) [Parameters=[@__p_0='?' (DbType = Int32)], CommandType='Text', CommandTimeout='120']
      SELECT TOP(1) [b].[BillID], [b].[ActualAmount], [b].[BillDate], [b].[BillNum], [b].[BillType], [b].[FID], [b].[Gst], [b].[GstDate], [b].[PId], [b].[PaymentReceived], [b].[PaymentTablePId], [b].[Tds]
      FROM [BillTables] AS [b]
      WHERE [b].[BillID] = @__p_0
info: Microsoft.EntityFrameworkCore.Database.Command[20101]
      Executed DbCommand (3ms) [Parameters=[@p1='?' (DbType = Int32), @p0='?' (DbType = DateTime2)], CommandType='Text', CommandTimeout='120']
      SET NOCOUNT ON;
      UPDATE [BillTables] SET [GstDate] = @p0
      WHERE [BillID] = @p1;
      SELECT @@ROWCOUNT;
info: Microsoft.EntityFrameworkCore.Infrastructure[10403]
      Entity Framework Core 6.0.21 initialized 'TransportMgmtContext' using provider 'Microsoft.EntityFrameworkCore.SqlServer:6.0.21' with options: CommandTimeout=120 
info: Microsoft.EntityFrameworkCore.Database.Command[20101]
      Executed DbCommand (2ms) [Parameters=[], CommandType='Text', CommandTimeout='120']
      SELECT [t].[FID], [t].[Address], [t].[Code], [t].[CreatedBy], [t].[CreatedOn], [t].[FactoryName], [t].[Gstin], [t].[IsActive], [t].[ModifiedBy], [t].[ModifiedOn]
      FROM [TblFactories] AS [t]
info: Microsoft.EntityFrameworkCore.Database.Command[20101]
      Executed DbCommand (4ms) [Parameters=[], CommandType='Text', CommandTimeout='120']
      SELECT [b].[BillID], [b].[ActualAmount], [b].[BillDate], [b].[BillNum], [b].[BillType], [b].[FID], [b].[Gst], [b].[GstDate], [b].[PId], [b].[PaymentReceived], [b].[PaymentTablePId], [b].[Tds]
      FROM [BillTables] AS [b]
info: Microsoft.EntityFrameworkCore.Infrastructure[10403]
      Entity Framework Core 6.0.21 initialized 'TransportMgmtContext' using provider 'Microsoft.EntityFrameworkCore.SqlServer:6.0.21' with options: CommandTimeout=120 
info: Microsoft.EntityFrameworkCore.Database.Command[20101]
      Executed DbCommand (4ms) [Parameters=[@__p_0='?' (DbType = Int32)], CommandType='Text', CommandTimeout='120']
      SELECT TOP(1) [b].[BillID], [b].[ActualAmount], [b].[BillDate], [b].[BillNum], [b].[BillType], [b].[FID], [b].[Gst], [b].[GstDate], [b].[PId], [b].[PaymentReceived], [b].[PaymentTablePId], [b].[Tds]
      FROM [BillTables] AS [b]
      WHERE [b].[BillID] = @__p_0
info: Microsoft.EntityFrameworkCore.Infrastructure[10403]
      Entity Framework Core 6.0.21 initialized 'TransportMgmtContext' using provider 'Microsoft.EntityFrameworkCore.SqlServer:6.0.21' with options: CommandTimeout=120 
info: Microsoft.EntityFrameworkCore.Database.Command[20101]
      Executed DbCommand (2ms) [Parameters=[@__p_0='?' (DbType = Int32)], CommandType='Text', CommandTimeout='120']
      SELECT TOP(1) [b].[BillID], [b].[ActualAmount], [b].[BillDate], [b].[BillNum], [b].[BillType], [b].[FID], [b].[Gst], [b].[GstDate], [b].[PId], [b].[PaymentReceived], [b].[PaymentTablePId], [b].[Tds]
      FROM [BillTables] AS [b]
      WHERE [b].[BillID] = @__p_0
info: Microsoft.EntityFrameworkCore.Database.Command[20101]
      Executed DbCommand (3ms) [Parameters=[@p1='?' (DbType = Int32), @p0='?' (DbType = DateTime2)], CommandType='Text', CommandTimeout='120']
      SET NOCOUNT ON;
      UPDATE [BillTables] SET [GstDate] = @p0
      WHERE [BillID] = @p1;
      SELECT @@ROWCOUNT;
info: Microsoft.EntityFrameworkCore.Infrastructure[10403]
      Entity Framework Core 6.0.21 initialized 'TransportMgmtContext' using provider 'Microsoft.EntityFrameworkCore.SqlServer:6.0.21' with options: CommandTimeout=120 
info: Microsoft.EntityFrameworkCore.Database.Command[20101]
      Executed DbCommand (1ms) [Parameters=[], CommandType='Text', CommandTimeout='120']
      SELECT [t].[FID], [t].[Address], [t].[Code], [t].[CreatedBy], [t].[CreatedOn], [t].[FactoryName], [t].[Gstin], [t].[IsActive], [t].[ModifiedBy], [t].[ModifiedOn]
      FROM [TblFactories] AS [t]
info: Microsoft.EntityFrameworkCore.Database.Command[20101]
      Executed DbCommand (1ms) [Parameters=[], CommandType='Text', CommandTimeout='120']
      SELECT [b].[BillID], [b].[ActualAmount], [b].[BillDate], [b].[BillNum], [b].[BillType], [b].[FID], [b].[Gst], [b].[GstDate], [b].[PId], [b].[PaymentReceived], [b].[PaymentTablePId], [b].[Tds]
      FROM [BillTables] AS [b]
info: Microsoft.EntityFrameworkCore.Infrastructure[10403]
      Entity Framework Core 6.0.21 initialized 'TransportMgmtContext' using provider 'Microsoft.EntityFrameworkCore.SqlServer:6.0.21' with options: CommandTimeout=120 
info: Microsoft.EntityFrameworkCore.Database.Command[20101]
      Executed DbCommand (4ms) [Parameters=[@__p_0='?' (DbType = Int32)], CommandType='Text', CommandTimeout='120']
      SELECT TOP(1) [b].[BillID], [b].[ActualAmount], [b].[BillDate], [b].[BillNum], [b].[BillType], [b].[FID], [b].[Gst], [b].[GstDate], [b].[PId], [b].[PaymentReceived], [b].[PaymentTablePId], [b].[Tds]
      FROM [BillTables] AS [b]
      WHERE [b].[BillID] = @__p_0
info: Microsoft.EntityFrameworkCore.Infrastructure[10403]
      Entity Framework Core 6.0.21 initialized 'TransportMgmtContext' using provider 'Microsoft.EntityFrameworkCore.SqlServer:6.0.21' with options: CommandTimeout=120 
info: Microsoft.EntityFrameworkCore.Database.Command[20101]
      Executed DbCommand (3ms) [Parameters=[@__p_0='?' (DbType = Int32)], CommandType='Text', CommandTimeout='120']
      SELECT TOP(1) [b].[BillID], [b].[ActualAmount], [b].[BillDate], [b].[BillNum], [b].[BillType], [b].[FID], [b].[Gst], [b].[GstDate], [b].[PId], [b].[PaymentReceived], [b].[PaymentTablePId], [b].[Tds]
      FROM [BillTables] AS [b]
      WHERE [b].[BillID] = @__p_0
info: Microsoft.EntityFrameworkCore.Database.Command[20101]
      Executed DbCommand (9ms) [Parameters=[@p1='?' (DbType = Int32), @p0='?' (DbType = DateTime2)], CommandType='Text', CommandTimeout='120']
      SET NOCOUNT ON;
      UPDATE [BillTables] SET [GstDate] = @p0
      WHERE [BillID] = @p1;
      SELECT @@ROWCOUNT;
info: Microsoft.EntityFrameworkCore.Infrastructure[10403]
      Entity Framework Core 6.0.21 initialized 'TransportMgmtContext' using provider 'Microsoft.EntityFrameworkCore.SqlServer:6.0.21' with options: CommandTimeout=120 
info: Microsoft.EntityFrameworkCore.Database.Command[20101]
      Executed DbCommand (1ms) [Parameters=[], CommandType='Text', CommandTimeout='120']
      SELECT [t].[FID], [t].[Address], [t].[Code], [t].[CreatedBy], [t].[CreatedOn], [t].[FactoryName], [t].[Gstin], [t].[IsActive], [t].[ModifiedBy], [t].[ModifiedOn]
      FROM [TblFactories] AS [t]
info: Microsoft.EntityFrameworkCore.Database.Command[20101]
      Executed DbCommand (1ms) [Parameters=[], CommandType='Text', CommandTimeout='120']
      SELECT [b].[BillID], [b].[ActualAmount], [b].[BillDate], [b].[BillNum], [b].[BillType], [b].[FID], [b].[Gst], [b].[GstDate], [b].[PId], [b].[PaymentReceived], [b].[PaymentTablePId], [b].[Tds]
      FROM [BillTables] AS [b]
info: Microsoft.EntityFrameworkCore.Infrastructure[10403]
      Entity Framework Core 6.0.21 initialized 'TransportMgmtContext' using provider 'Microsoft.EntityFrameworkCore.SqlServer:6.0.21' with options: CommandTimeout=120 
info: Microsoft.EntityFrameworkCore.Database.Command[20101]
      Executed DbCommand (2ms) [Parameters=[@__p_0='?' (DbType = Int32)], CommandType='Text', CommandTimeout='120']
      SELECT TOP(1) [b].[BillID], [b].[ActualAmount], [b].[BillDate], [b].[BillNum], [b].[BillType], [b].[FID], [b].[Gst], [b].[GstDate], [b].[PId], [b].[PaymentReceived], [b].[PaymentTablePId], [b].[Tds]
      FROM [BillTables] AS [b]
      WHERE [b].[BillID] = @__p_0
info: Microsoft.EntityFrameworkCore.Infrastructure[10403]
      Entity Framework Core 6.0.21 initialized 'TransportMgmtContext' using provider 'Microsoft.EntityFrameworkCore.SqlServer:6.0.21' with options: CommandTimeout=120 
info: Microsoft.EntityFrameworkCore.Database.Command[20101]
      Executed DbCommand (1ms) [Parameters=[@__p_0='?' (DbType = Int32)], CommandType='Text', CommandTimeout='120']
      SELECT TOP(1) [b].[BillID], [b].[ActualAmount], [b].[BillDate], [b].[BillNum], [b].[BillType], [b].[FID], [b].[Gst], [b].[GstDate], [b].[PId], [b].[PaymentReceived], [b].[PaymentTablePId], [b].[Tds]
      FROM [BillTables] AS [b]
      WHERE [b].[BillID] = @__p_0
info: Microsoft.EntityFrameworkCore.Database.Command[20101]
      Executed DbCommand (2ms) [Parameters=[@p1='?' (DbType = Int32), @p0='?' (DbType = DateTime2)], CommandType='Text', CommandTimeout='120']
      SET NOCOUNT ON;
      UPDATE [BillTables] SET [GstDate] = @p0
      WHERE [BillID] = @p1;
      SELECT @@ROWCOUNT;
info: Microsoft.EntityFrameworkCore.Infrastructure[10403]
      Entity Framework Core 6.0.21 initialized 'TransportMgmtContext' using provider 'Microsoft.EntityFrameworkCore.SqlServer:6.0.21' with options: CommandTimeout=120 
info: Microsoft.EntityFrameworkCore.Database.Command[20101]
      Executed DbCommand (1ms) [Parameters=[], CommandType='Text', CommandTimeout='120']
      SELECT [t].[FID], [t].[Address], [t].[Code], [t].[CreatedBy], [t].[CreatedOn], [t].[FactoryName], [t].[Gstin], [t].[IsActive], [t].[ModifiedBy], [t].[ModifiedOn]
      FROM [TblFactories] AS [t]
info: Microsoft.EntityFrameworkCore.Database.Command[20101]
      Executed DbCommand (4ms) [Parameters=[], CommandType='Text', CommandTimeout='120']
      SELECT [b].[BillID], [b].[ActualAmount], [b].[BillDate], [b].[BillNum], [b].[BillType], [b].[FID], [b].[Gst], [b].[GstDate], [b].[PId], [b].[PaymentReceived], [b].[PaymentTablePId], [b].[Tds]
      FROM [BillTables] AS [b]
info: Microsoft.EntityFrameworkCore.Infrastructure[10403]
      Entity Framework Core 6.0.21 initialized 'TransportMgmtContext' using provider 'Microsoft.EntityFrameworkCore.SqlServer:6.0.21' with options: CommandTimeout=120 
info: Microsoft.EntityFrameworkCore.Database.Command[20101]
      Executed DbCommand (3ms) [Parameters=[@__p_0='?' (DbType = Int32)], CommandType='Text', CommandTimeout='120']
      SELECT TOP(1) [b].[BillID], [b].[ActualAmount], [b].[BillDate], [b].[BillNum], [b].[BillType], [b].[FID], [b].[Gst], [b].[GstDate], [b].[PId], [b].[PaymentReceived], [b].[PaymentTablePId], [b].[Tds]
      FROM [BillTables] AS [b]
      WHERE [b].[BillID] = @__p_0
info: Microsoft.EntityFrameworkCore.Infrastructure[10403]
      Entity Framework Core 6.0.21 initialized 'TransportMgmtContext' using provider 'Microsoft.EntityFrameworkCore.SqlServer:6.0.21' with options: CommandTimeout=120 
info: Microsoft.EntityFrameworkCore.Database.Command[20101]
      Executed DbCommand (7ms) [Parameters=[@__p_0='?' (DbType = Int32)], CommandType='Text', CommandTimeout='120']
      SELECT TOP(1) [b].[BillID], [b].[ActualAmount], [b].[BillDate], [b].[BillNum], [b].[BillType], [b].[FID], [b].[Gst], [b].[GstDate], [b].[PId], [b].[PaymentReceived], [b].[PaymentTablePId], [b].[Tds]
      FROM [BillTables] AS [b]
      WHERE [b].[BillID] = @__p_0
info: Microsoft.EntityFrameworkCore.Database.Command[20101]
      Executed DbCommand (2ms) [Parameters=[@p1='?' (DbType = Int32), @p0='?' (DbType = DateTime2)], CommandType='Text', CommandTimeout='120']
      SET NOCOUNT ON;
      UPDATE [BillTables] SET [GstDate] = @p0
      WHERE [BillID] = @p1;
      SELECT @@ROWCOUNT;
info: Microsoft.EntityFrameworkCore.Infrastructure[10403]
      Entity Framework Core 6.0.21 initialized 'TransportMgmtContext' using provider 'Microsoft.EntityFrameworkCore.SqlServer:6.0.21' with options: CommandTimeout=120 
info: Microsoft.EntityFrameworkCore.Database.Command[20101]
      Executed DbCommand (1ms) [Parameters=[], CommandType='Text', CommandTimeout='120']
      SELECT [t].[FID], [t].[Address], [t].[Code], [t].[CreatedBy], [t].[CreatedOn], [t].[FactoryName], [t].[Gstin], [t].[IsActive], [t].[ModifiedBy], [t].[ModifiedOn]
      FROM [TblFactories] AS [t]
info: Microsoft.EntityFrameworkCore.Database.Command[20101]
      Executed DbCommand (1ms) [Parameters=[], CommandType='Text', CommandTimeout='120']
      SELECT [b].[BillID], [b].[ActualAmount], [b].[BillDate], [b].[BillNum], [b].[BillType], [b].[FID], [b].[Gst], [b].[GstDate], [b].[PId], [b].[PaymentReceived], [b].[PaymentTablePId], [b].[Tds]
      FROM [BillTables] AS [b]
info: Microsoft.EntityFrameworkCore.Infrastructure[10403]
      Entity Framework Core 6.0.21 initialized 'TransportMgmtContext' using provider 'Microsoft.EntityFrameworkCore.SqlServer:6.0.21' with options: CommandTimeout=120 
info: Microsoft.EntityFrameworkCore.Database.Command[20101]
      Executed DbCommand (2ms) [Parameters=[@__p_0='?' (DbType = Int32)], CommandType='Text', CommandTimeout='120']
      SELECT TOP(1) [b].[BillID], [b].[ActualAmount], [b].[BillDate], [b].[BillNum], [b].[BillType], [b].[FID], [b].[Gst], [b].[GstDate], [b].[PId], [b].[PaymentReceived], [b].[PaymentTablePId], [b].[Tds]
      FROM [BillTables] AS [b]
      WHERE [b].[BillID] = @__p_0
info: Microsoft.EntityFrameworkCore.Infrastructure[10403]
      Entity Framework Core 6.0.21 initialized 'TransportMgmtContext' using provider 'Microsoft.EntityFrameworkCore.SqlServer:6.0.21' with options: CommandTimeout=120 
info: Microsoft.EntityFrameworkCore.Database.Command[20101]
      Executed DbCommand (2ms) [Parameters=[@__p_0='?' (DbType = Int32)], CommandType='Text', CommandTimeout='120']
      SELECT TOP(1) [b].[BillID], [b].[ActualAmount], [b].[BillDate], [b].[BillNum], [b].[BillType], [b].[FID], [b].[Gst], [b].[GstDate], [b].[PId], [b].[PaymentReceived], [b].[PaymentTablePId], [b].[Tds]
      FROM [BillTables] AS [b]
      WHERE [b].[BillID] = @__p_0
info: Microsoft.EntityFrameworkCore.Database.Command[20101]
      Executed DbCommand (2ms) [Parameters=[@p1='?' (DbType = Int32), @p0='?' (DbType = DateTime2)], CommandType='Text', CommandTimeout='120']
      SET NOCOUNT ON;
      UPDATE [BillTables] SET [GstDate] = @p0
      WHERE [BillID] = @p1;
      SELECT @@ROWCOUNT;
info: Microsoft.EntityFrameworkCore.Infrastructure[10403]
      Entity Framework Core 6.0.21 initialized 'TransportMgmtContext' using provider 'Microsoft.EntityFrameworkCore.SqlServer:6.0.21' with options: CommandTimeout=120 
info: Microsoft.EntityFrameworkCore.Database.Command[20101]
      Executed DbCommand (1ms) [Parameters=[], CommandType='Text', CommandTimeout='120']
      SELECT [t].[FID], [t].[Address], [t].[Code], [t].[CreatedBy], [t].[CreatedOn], [t].[FactoryName], [t].[Gstin], [t].[IsActive], [t].[ModifiedBy], [t].[ModifiedOn]
      FROM [TblFactories] AS [t]
info: Microsoft.EntityFrameworkCore.Database.Command[20101]
      Executed DbCommand (1ms) [Parameters=[], CommandType='Text', CommandTimeout='120']
      SELECT [b].[BillID], [b].[ActualAmount], [b].[BillDate], [b].[BillNum], [b].[BillType], [b].[FID], [b].[Gst], [b].[GstDate], [b].[PId], [b].[PaymentReceived], [b].[PaymentTablePId], [b].[Tds]
      FROM [BillTables] AS [b]
info: Microsoft.EntityFrameworkCore.Infrastructure[10403]
      Entity Framework Core 6.0.21 initialized 'TransportMgmtContext' using provider 'Microsoft.EntityFrameworkCore.SqlServer:6.0.21' with options: CommandTimeout=120 
info: Microsoft.EntityFrameworkCore.Database.Command[20101]
      Executed DbCommand (3ms) [Parameters=[@__p_0='?' (DbType = Int32)], CommandType='Text', CommandTimeout='120']
      SELECT TOP(1) [b].[BillID], [b].[ActualAmount], [b].[BillDate], [b].[BillNum], [b].[BillType], [b].[FID], [b].[Gst], [b].[GstDate], [b].[PId], [b].[PaymentReceived], [b].[PaymentTablePId], [b].[Tds]
      FROM [BillTables] AS [b]
      WHERE [b].[BillID] = @__p_0
info: Microsoft.EntityFrameworkCore.Infrastructure[10403]
      Entity Framework Core 6.0.21 initialized 'TransportMgmtContext' using provider 'Microsoft.EntityFrameworkCore.SqlServer:6.0.21' with options: CommandTimeout=120 
info: Microsoft.EntityFrameworkCore.Database.Command[20101]
      Executed DbCommand (2ms) [Parameters=[@__p_0='?' (DbType = Int32)], CommandType='Text', CommandTimeout='120']
      SELECT TOP(1) [b].[BillID], [b].[ActualAmount], [b].[BillDate], [b].[BillNum], [b].[BillType], [b].[FID], [b].[Gst], [b].[GstDate], [b].[PId], [b].[PaymentReceived], [b].[PaymentTablePId], [b].[Tds]
      FROM [BillTables] AS [b]
      WHERE [b].[BillID] = @__p_0
info: Microsoft.EntityFrameworkCore.Database.Command[20101]
      Executed DbCommand (4ms) [Parameters=[@p1='?' (DbType = Int32), @p0='?' (DbType = DateTime2)], CommandType='Text', CommandTimeout='120']
      SET NOCOUNT ON;
      UPDATE [BillTables] SET [GstDate] = @p0
      WHERE [BillID] = @p1;
      SELECT @@ROWCOUNT;
info: Microsoft.EntityFrameworkCore.Infrastructure[10403]
      Entity Framework Core 6.0.21 initialized 'TransportMgmtContext' using provider 'Microsoft.EntityFrameworkCore.SqlServer:6.0.21' with options: CommandTimeout=120 
info: Microsoft.EntityFrameworkCore.Database.Command[20101]
      Executed DbCommand (1ms) [Parameters=[], CommandType='Text', CommandTimeout='120']
      SELECT [t].[FID], [t].[Address], [t].[Code], [t].[CreatedBy], [t].[CreatedOn], [t].[FactoryName], [t].[Gstin], [t].[IsActive], [t].[ModifiedBy], [t].[ModifiedOn]
      FROM [TblFactories] AS [t]
info: Microsoft.EntityFrameworkCore.Database.Command[20101]
      Executed DbCommand (1ms) [Parameters=[], CommandType='Text', CommandTimeout='120']
      SELECT [b].[BillID], [b].[ActualAmount], [b].[BillDate], [b].[BillNum], [b].[BillType], [b].[FID], [b].[Gst], [b].[GstDate], [b].[PId], [b].[PaymentReceived], [b].[PaymentTablePId], [b].[Tds]
      FROM [BillTables] AS [b]
info: Microsoft.EntityFrameworkCore.Infrastructure[10403]
      Entity Framework Core 6.0.21 initialized 'TransportMgmtContext' using provider 'Microsoft.EntityFrameworkCore.SqlServer:6.0.21' with options: CommandTimeout=120 
info: Microsoft.EntityFrameworkCore.Database.Command[20101]
      Executed DbCommand (2ms) [Parameters=[@__p_0='?' (DbType = Int32)], CommandType='Text', CommandTimeout='120']
      SELECT TOP(1) [b].[BillID], [b].[ActualAmount], [b].[BillDate], [b].[BillNum], [b].[BillType], [b].[FID], [b].[Gst], [b].[GstDate], [b].[PId], [b].[PaymentReceived], [b].[PaymentTablePId], [b].[Tds]
      FROM [BillTables] AS [b]
      WHERE [b].[BillID] = @__p_0
info: Microsoft.EntityFrameworkCore.Infrastructure[10403]
      Entity Framework Core 6.0.21 initialized 'TransportMgmtContext' using provider 'Microsoft.EntityFrameworkCore.SqlServer:6.0.21' with options: CommandTimeout=120 
info: Microsoft.EntityFrameworkCore.Database.Command[20101]
      Executed DbCommand (4ms) [Parameters=[@__p_0='?' (DbType = Int32)], CommandType='Text', CommandTimeout='120']
      SELECT TOP(1) [b].[BillID], [b].[ActualAmount], [b].[BillDate], [b].[BillNum], [b].[BillType], [b].[FID], [b].[Gst], [b].[GstDate], [b].[PId], [b].[PaymentReceived], [b].[PaymentTablePId], [b].[Tds]
      FROM [BillTables] AS [b]
      WHERE [b].[BillID] = @__p_0
info: Microsoft.EntityFrameworkCore.Database.Command[20101]
      Executed DbCommand (1ms) [Parameters=[@p1='?' (DbType = Int32), @p0='?' (DbType = DateTime2)], CommandType='Text', CommandTimeout='120']
      SET NOCOUNT ON;
      UPDATE [BillTables] SET [GstDate] = @p0
      WHERE [BillID] = @p1;
      SELECT @@ROWCOUNT;
info: Microsoft.EntityFrameworkCore.Infrastructure[10403]
      Entity Framework Core 6.0.21 initialized 'TransportMgmtContext' using provider 'Microsoft.EntityFrameworkCore.SqlServer:6.0.21' with options: CommandTimeout=120 
info: Microsoft.EntityFrameworkCore.Database.Command[20101]
      Executed DbCommand (1ms) [Parameters=[], CommandType='Text', CommandTimeout='120']
      SELECT [t].[FID], [t].[Address], [t].[Code], [t].[CreatedBy], [t].[CreatedOn], [t].[FactoryName], [t].[Gstin], [t].[IsActive], [t].[ModifiedBy], [t].[ModifiedOn]
      FROM [TblFactories] AS [t]
info: Microsoft.EntityFrameworkCore.Database.Command[20101]
      Executed DbCommand (0ms) [Parameters=[], CommandType='Text', CommandTimeout='120']
      SELECT [b].[BillID], [b].[ActualAmount], [b].[BillDate], [b].[BillNum], [b].[BillType], [b].[FID], [b].[Gst], [b].[GstDate], [b].[PId], [b].[PaymentReceived], [b].[PaymentTablePId], [b].[Tds]
      FROM [BillTables] AS [b]
info: Microsoft.EntityFrameworkCore.Infrastructure[10403]
      Entity Framework Core 6.0.21 initialized 'TransportMgmtContext' using provider 'Microsoft.EntityFrameworkCore.SqlServer:6.0.21' with options: CommandTimeout=120 
info: Microsoft.EntityFrameworkCore.Database.Command[20101]
      Executed DbCommand (5ms) [Parameters=[@__p_0='?' (DbType = Int32)], CommandType='Text', CommandTimeout='120']
      SELECT TOP(1) [b].[BillID], [b].[ActualAmount], [b].[BillDate], [b].[BillNum], [b].[BillType], [b].[FID], [b].[Gst], [b].[GstDate], [b].[PId], [b].[PaymentReceived], [b].[PaymentTablePId], [b].[Tds]
      FROM [BillTables] AS [b]
      WHERE [b].[BillID] = @__p_0
info: Microsoft.EntityFrameworkCore.Infrastructure[10403]
      Entity Framework Core 6.0.21 initialized 'TransportMgmtContext' using provider 'Microsoft.EntityFrameworkCore.SqlServer:6.0.21' with options: CommandTimeout=120 
info: Microsoft.EntityFrameworkCore.Database.Command[20101]
      Executed DbCommand (6ms) [Parameters=[@__p_0='?' (DbType = Int32)], CommandType='Text', CommandTimeout='120']
      SELECT TOP(1) [b].[BillID], [b].[ActualAmount], [b].[BillDate], [b].[BillNum], [b].[BillType], [b].[FID], [b].[Gst], [b].[GstDate], [b].[PId], [b].[PaymentReceived], [b].[PaymentTablePId], [b].[Tds]
      FROM [BillTables] AS [b]
      WHERE [b].[BillID] = @__p_0
info: Microsoft.EntityFrameworkCore.Database.Command[20101]
      Executed DbCommand (5ms) [Parameters=[@p1='?' (DbType = Int32), @p0='?' (DbType = DateTime2)], CommandType='Text', CommandTimeout='120']
      SET NOCOUNT ON;
      UPDATE [BillTables] SET [GstDate] = @p0
      WHERE [BillID] = @p1;
      SELECT @@ROWCOUNT;
info: Microsoft.EntityFrameworkCore.Infrastructure[10403]
      Entity Framework Core 6.0.21 initialized 'TransportMgmtContext' using provider 'Microsoft.EntityFrameworkCore.SqlServer:6.0.21' with options: CommandTimeout=120 
info: Microsoft.EntityFrameworkCore.Database.Command[20101]
      Executed DbCommand (4ms) [Parameters=[], CommandType='Text', CommandTimeout='120']
      SELECT [t].[FID], [t].[Address], [t].[Code], [t].[CreatedBy], [t].[CreatedOn], [t].[FactoryName], [t].[Gstin], [t].[IsActive], [t].[ModifiedBy], [t].[ModifiedOn]
      FROM [TblFactories] AS [t]
info: Microsoft.EntityFrameworkCore.Database.Command[20101]
      Executed DbCommand (3ms) [Parameters=[], CommandType='Text', CommandTimeout='120']
      SELECT [b].[BillID], [b].[ActualAmount], [b].[BillDate], [b].[BillNum], [b].[BillType], [b].[FID], [b].[Gst], [b].[GstDate], [b].[PId], [b].[PaymentReceived], [b].[PaymentTablePId], [b].[Tds]
      FROM [BillTables] AS [b]
info: Microsoft.EntityFrameworkCore.Infrastructure[10403]
      Entity Framework Core 6.0.21 initialized 'TransportMgmtContext' using provider 'Microsoft.EntityFrameworkCore.SqlServer:6.0.21' with options: CommandTimeout=120 
info: Microsoft.EntityFrameworkCore.Database.Command[20101]
      Executed DbCommand (5ms) [Parameters=[@__p_0='?' (DbType = Int32)], CommandType='Text', CommandTimeout='120']
      SELECT TOP(1) [b].[BillID], [b].[ActualAmount], [b].[BillDate], [b].[BillNum], [b].[BillType], [b].[FID], [b].[Gst], [b].[GstDate], [b].[PId], [b].[PaymentReceived], [b].[PaymentTablePId], [b].[Tds]
      FROM [BillTables] AS [b]
      WHERE [b].[BillID] = @__p_0
info: Microsoft.EntityFrameworkCore.Infrastructure[10403]
      Entity Framework Core 6.0.21 initialized 'TransportMgmtContext' using provider 'Microsoft.EntityFrameworkCore.SqlServer:6.0.21' with options: CommandTimeout=120 
info: Microsoft.EntityFrameworkCore.Database.Command[20101]
      Executed DbCommand (3ms) [Parameters=[@__p_0='?' (DbType = Int32)], CommandType='Text', CommandTimeout='120']
      SELECT TOP(1) [b].[BillID], [b].[ActualAmount], [b].[BillDate], [b].[BillNum], [b].[BillType], [b].[FID], [b].[Gst], [b].[GstDate], [b].[PId], [b].[PaymentReceived], [b].[PaymentTablePId], [b].[Tds]
      FROM [BillTables] AS [b]
      WHERE [b].[BillID] = @__p_0
info: Microsoft.EntityFrameworkCore.Database.Command[20101]
      Executed DbCommand (2ms) [Parameters=[@p1='?' (DbType = Int32), @p0='?' (DbType = DateTime2)], CommandType='Text', CommandTimeout='120']
      SET NOCOUNT ON;
      UPDATE [BillTables] SET [GstDate] = @p0
      WHERE [BillID] = @p1;
      SELECT @@ROWCOUNT;
info: Microsoft.EntityFrameworkCore.Infrastructure[10403]
      Entity Framework Core 6.0.21 initialized 'TransportMgmtContext' using provider 'Microsoft.EntityFrameworkCore.SqlServer:6.0.21' with options: CommandTimeout=120 
info: Microsoft.EntityFrameworkCore.Database.Command[20101]
      Executed DbCommand (1ms) [Parameters=[], CommandType='Text', CommandTimeout='120']
      SELECT [t].[FID], [t].[Address], [t].[Code], [t].[CreatedBy], [t].[CreatedOn], [t].[FactoryName], [t].[Gstin], [t].[IsActive], [t].[ModifiedBy], [t].[ModifiedOn]
      FROM [TblFactories] AS [t]
info: Microsoft.EntityFrameworkCore.Database.Command[20101]
      Executed DbCommand (2ms) [Parameters=[], CommandType='Text', CommandTimeout='120']
      SELECT [b].[BillID], [b].[ActualAmount], [b].[BillDate], [b].[BillNum], [b].[BillType], [b].[FID], [b].[Gst], [b].[GstDate], [b].[PId], [b].[PaymentReceived], [b].[PaymentTablePId], [b].[Tds]
      FROM [BillTables] AS [b]
info: Microsoft.EntityFrameworkCore.Infrastructure[10403]
      Entity Framework Core 6.0.21 initialized 'TransportMgmtContext' using provider 'Microsoft.EntityFrameworkCore.SqlServer:6.0.21' with options: CommandTimeout=120 
info: Microsoft.EntityFrameworkCore.Database.Command[20101]
      Executed DbCommand (4ms) [Parameters=[@__p_0='?' (DbType = Int32)], CommandType='Text', CommandTimeout='120']
      SELECT TOP(1) [b].[BillID], [b].[ActualAmount], [b].[BillDate], [b].[BillNum], [b].[BillType], [b].[FID], [b].[Gst], [b].[GstDate], [b].[PId], [b].[PaymentReceived], [b].[PaymentTablePId], [b].[Tds]
      FROM [BillTables] AS [b]
      WHERE [b].[BillID] = @__p_0
info: Microsoft.EntityFrameworkCore.Infrastructure[10403]
      Entity Framework Core 6.0.21 initialized 'TransportMgmtContext' using provider 'Microsoft.EntityFrameworkCore.SqlServer:6.0.21' with options: CommandTimeout=120 
info: Microsoft.EntityFrameworkCore.Database.Command[20101]
      Executed DbCommand (6ms) [Parameters=[@__p_0='?' (DbType = Int32)], CommandType='Text', CommandTimeout='120']
      SELECT TOP(1) [b].[BillID], [b].[ActualAmount], [b].[BillDate], [b].[BillNum], [b].[BillType], [b].[FID], [b].[Gst], [b].[GstDate], [b].[PId], [b].[PaymentReceived], [b].[PaymentTablePId], [b].[Tds]
      FROM [BillTables] AS [b]
      WHERE [b].[BillID] = @__p_0
info: Microsoft.EntityFrameworkCore.Database.Command[20101]
      Executed DbCommand (5ms) [Parameters=[@p1='?' (DbType = Int32), @p0='?' (DbType = DateTime2)], CommandType='Text', CommandTimeout='120']
      SET NOCOUNT ON;
      UPDATE [BillTables] SET [GstDate] = @p0
      WHERE [BillID] = @p1;
      SELECT @@ROWCOUNT;
info: Microsoft.EntityFrameworkCore.Infrastructure[10403]
      Entity Framework Core 6.0.21 initialized 'TransportMgmtContext' using provider 'Microsoft.EntityFrameworkCore.SqlServer:6.0.21' with options: CommandTimeout=120 
info: Microsoft.EntityFrameworkCore.Database.Command[20101]
      Executed DbCommand (3ms) [Parameters=[], CommandType='Text', CommandTimeout='120']
      SELECT [t].[FID], [t].[Address], [t].[Code], [t].[CreatedBy], [t].[CreatedOn], [t].[FactoryName], [t].[Gstin], [t].[IsActive], [t].[ModifiedBy], [t].[ModifiedOn]
      FROM [TblFactories] AS [t]
info: Microsoft.EntityFrameworkCore.Database.Command[20101]
      Executed DbCommand (3ms) [Parameters=[], CommandType='Text', CommandTimeout='120']
      SELECT [b].[BillID], [b].[ActualAmount], [b].[BillDate], [b].[BillNum], [b].[BillType], [b].[FID], [b].[Gst], [b].[GstDate], [b].[PId], [b].[PaymentReceived], [b].[PaymentTablePId], [b].[Tds]
      FROM [BillTables] AS [b]
info: Microsoft.EntityFrameworkCore.Infrastructure[10403]
      Entity Framework Core 6.0.21 initialized 'TransportMgmtContext' using provider 'Microsoft.EntityFrameworkCore.SqlServer:6.0.21' with options: CommandTimeout=120 
info: Microsoft.EntityFrameworkCore.Database.Command[20101]
      Executed DbCommand (4ms) [Parameters=[@__p_0='?' (DbType = Int32)], CommandType='Text', CommandTimeout='120']
      SELECT TOP(1) [b].[BillID], [b].[ActualAmount], [b].[BillDate], [b].[BillNum], [b].[BillType], [b].[FID], [b].[Gst], [b].[GstDate], [b].[PId], [b].[PaymentReceived], [b].[PaymentTablePId], [b].[Tds]
      FROM [BillTables] AS [b]
      WHERE [b].[BillID] = @__p_0
info: Microsoft.EntityFrameworkCore.Infrastructure[10403]
      Entity Framework Core 6.0.21 initialized 'TransportMgmtContext' using provider 'Microsoft.EntityFrameworkCore.SqlServer:6.0.21' with options: CommandTimeout=120 
info: Microsoft.EntityFrameworkCore.Database.Command[20101]
      Executed DbCommand (9ms) [Parameters=[@__p_0='?' (DbType = Int32)], CommandType='Text', CommandTimeout='120']
      SELECT TOP(1) [b].[BillID], [b].[ActualAmount], [b].[BillDate], [b].[BillNum], [b].[BillType], [b].[FID], [b].[Gst], [b].[GstDate], [b].[PId], [b].[PaymentReceived], [b].[PaymentTablePId], [b].[Tds]
      FROM [BillTables] AS [b]
      WHERE [b].[BillID] = @__p_0
info: Microsoft.EntityFrameworkCore.Database.Command[20101]
      Executed DbCommand (2ms) [Parameters=[@p1='?' (DbType = Int32), @p0='?' (DbType = DateTime2)], CommandType='Text', CommandTimeout='120']
      SET NOCOUNT ON;
      UPDATE [BillTables] SET [GstDate] = @p0
      WHERE [BillID] = @p1;
      SELECT @@ROWCOUNT;
info: Microsoft.EntityFrameworkCore.Infrastructure[10403]
      Entity Framework Core 6.0.21 initialized 'TransportMgmtContext' using provider 'Microsoft.EntityFrameworkCore.SqlServer:6.0.21' with options: CommandTimeout=120 
info: Microsoft.EntityFrameworkCore.Database.Command[20101]
      Executed DbCommand (1ms) [Parameters=[], CommandType='Text', CommandTimeout='120']
      SELECT [t].[FID], [t].[Address], [t].[Code], [t].[CreatedBy], [t].[CreatedOn], [t].[FactoryName], [t].[Gstin], [t].[IsActive], [t].[ModifiedBy], [t].[ModifiedOn]
      FROM [TblFactories] AS [t]
info: Microsoft.EntityFrameworkCore.Database.Command[20101]
      Executed DbCommand (1ms) [Parameters=[], CommandType='Text', CommandTimeout='120']
      SELECT [b].[BillID], [b].[ActualAmount], [b].[BillDate], [b].[BillNum], [b].[BillType], [b].[FID], [b].[Gst], [b].[GstDate], [b].[PId], [b].[PaymentReceived], [b].[PaymentTablePId], [b].[Tds]
      FROM [BillTables] AS [b]
info: Microsoft.EntityFrameworkCore.Infrastructure[10403]
      Entity Framework Core 6.0.21 initialized 'TransportMgmtContext' using provider 'Microsoft.EntityFrameworkCore.SqlServer:6.0.21' with options: CommandTimeout=120 
info: Microsoft.EntityFrameworkCore.Database.Command[20101]
      Executed DbCommand (2ms) [Parameters=[@__p_0='?' (DbType = Int32)], CommandType='Text', CommandTimeout='120']
      SELECT TOP(1) [b].[BillID], [b].[ActualAmount], [b].[BillDate], [b].[BillNum], [b].[BillType], [b].[FID], [b].[Gst], [b].[GstDate], [b].[PId], [b].[PaymentReceived], [b].[PaymentTablePId], [b].[Tds]
      FROM [BillTables] AS [b]
      WHERE [b].[BillID] = @__p_0
info: Microsoft.EntityFrameworkCore.Infrastructure[10403]
      Entity Framework Core 6.0.21 initialized 'TransportMgmtContext' using provider 'Microsoft.EntityFrameworkCore.SqlServer:6.0.21' with options: CommandTimeout=120 
info: Microsoft.EntityFrameworkCore.Database.Command[20101]
      Executed DbCommand (4ms) [Parameters=[@__p_0='?' (DbType = Int32)], CommandType='Text', CommandTimeout='120']
      SELECT TOP(1) [b].[BillID], [b].[ActualAmount], [b].[BillDate], [b].[BillNum], [b].[BillType], [b].[FID], [b].[Gst], [b].[GstDate], [b].[PId], [b].[PaymentReceived], [b].[PaymentTablePId], [b].[Tds]
      FROM [BillTables] AS [b]
      WHERE [b].[BillID] = @__p_0
info: Microsoft.EntityFrameworkCore.Database.Command[20101]
      Executed DbCommand (2ms) [Parameters=[@p1='?' (DbType = Int32), @p0='?' (DbType = DateTime2)], CommandType='Text', CommandTimeout='120']
      SET NOCOUNT ON;
      UPDATE [BillTables] SET [GstDate] = @p0
      WHERE [BillID] = @p1;
      SELECT @@ROWCOUNT;
info: Microsoft.EntityFrameworkCore.Infrastructure[10403]
      Entity Framework Core 6.0.21 initialized 'TransportMgmtContext' using provider 'Microsoft.EntityFrameworkCore.SqlServer:6.0.21' with options: CommandTimeout=120 
info: Microsoft.EntityFrameworkCore.Database.Command[20101]
      Executed DbCommand (1ms) [Parameters=[], CommandType='Text', CommandTimeout='120']
      SELECT [t].[FID], [t].[Address], [t].[Code], [t].[CreatedBy], [t].[CreatedOn], [t].[FactoryName], [t].[Gstin], [t].[IsActive], [t].[ModifiedBy], [t].[ModifiedOn]
      FROM [TblFactories] AS [t]
info: Microsoft.EntityFrameworkCore.Database.Command[20101]
      Executed DbCommand (1ms) [Parameters=[], CommandType='Text', CommandTimeout='120']
      SELECT [b].[BillID], [b].[ActualAmount], [b].[BillDate], [b].[BillNum], [b].[BillType], [b].[FID], [b].[Gst], [b].[GstDate], [b].[PId], [b].[PaymentReceived], [b].[PaymentTablePId], [b].[Tds]
      FROM [BillTables] AS [b]
info: Microsoft.EntityFrameworkCore.Infrastructure[10403]
      Entity Framework Core 6.0.21 initialized 'TransportMgmtContext' using provider 'Microsoft.EntityFrameworkCore.SqlServer:6.0.21' with options: CommandTimeout=120 
info: Microsoft.EntityFrameworkCore.Database.Command[20101]
      Executed DbCommand (3ms) [Parameters=[@__p_0='?' (DbType = Int32)], CommandType='Text', CommandTimeout='120']
      SELECT TOP(1) [b].[BillID], [b].[ActualAmount], [b].[BillDate], [b].[BillNum], [b].[BillType], [b].[FID], [b].[Gst], [b].[GstDate], [b].[PId], [b].[PaymentReceived], [b].[PaymentTablePId], [b].[Tds]
      FROM [BillTables] AS [b]
      WHERE [b].[BillID] = @__p_0
info: Microsoft.EntityFrameworkCore.Infrastructure[10403]
      Entity Framework Core 6.0.21 initialized 'TransportMgmtContext' using provider 'Microsoft.EntityFrameworkCore.SqlServer:6.0.21' with options: CommandTimeout=120 
info: Microsoft.EntityFrameworkCore.Database.Command[20101]
      Executed DbCommand (7ms) [Parameters=[@__p_0='?' (DbType = Int32)], CommandType='Text', CommandTimeout='120']
      SELECT TOP(1) [b].[BillID], [b].[ActualAmount], [b].[BillDate], [b].[BillNum], [b].[BillType], [b].[FID], [b].[Gst], [b].[GstDate], [b].[PId], [b].[PaymentReceived], [b].[PaymentTablePId], [b].[Tds]
      FROM [BillTables] AS [b]
      WHERE [b].[BillID] = @__p_0
info: Microsoft.EntityFrameworkCore.Database.Command[20101]
      Executed DbCommand (3ms) [Parameters=[@p1='?' (DbType = Int32), @p0='?' (DbType = DateTime2)], CommandType='Text', CommandTimeout='120']
      SET NOCOUNT ON;
      UPDATE [BillTables] SET [GstDate] = @p0
      WHERE [BillID] = @p1;
      SELECT @@ROWCOUNT;
info: Microsoft.EntityFrameworkCore.Infrastructure[10403]
      Entity Framework Core 6.0.21 initialized 'TransportMgmtContext' using provider 'Microsoft.EntityFrameworkCore.SqlServer:6.0.21' with options: CommandTimeout=120 
info: Microsoft.EntityFrameworkCore.Database.Command[20101]
      Executed DbCommand (1ms) [Parameters=[], CommandType='Text', CommandTimeout='120']
      SELECT [t].[FID], [t].[Address], [t].[Code], [t].[CreatedBy], [t].[CreatedOn], [t].[FactoryName], [t].[Gstin], [t].[IsActive], [t].[ModifiedBy], [t].[ModifiedOn]
      FROM [TblFactories] AS [t]
info: Microsoft.EntityFrameworkCore.Database.Command[20101]
      Executed DbCommand (1ms) [Parameters=[], CommandType='Text', CommandTimeout='120']
      SELECT [b].[BillID], [b].[ActualAmount], [b].[BillDate], [b].[BillNum], [b].[BillType], [b].[FID], [b].[Gst], [b].[GstDate], [b].[PId], [b].[PaymentReceived], [b].[PaymentTablePId], [b].[Tds]
      FROM [BillTables] AS [b]
info: Microsoft.EntityFrameworkCore.Infrastructure[10403]
      Entity Framework Core 6.0.21 initialized 'TransportMgmtContext' using provider 'Microsoft.EntityFrameworkCore.SqlServer:6.0.21' with options: CommandTimeout=120 
info: Microsoft.EntityFrameworkCore.Database.Command[20101]
      Executed DbCommand (7ms) [Parameters=[@__p_0='?' (DbType = Int32)], CommandType='Text', CommandTimeout='120']
      SELECT TOP(1) [b].[BillID], [b].[ActualAmount], [b].[BillDate], [b].[BillNum], [b].[BillType], [b].[FID], [b].[Gst], [b].[GstDate], [b].[PId], [b].[PaymentReceived], [b].[PaymentTablePId], [b].[Tds]
      FROM [BillTables] AS [b]
      WHERE [b].[BillID] = @__p_0
info: Microsoft.EntityFrameworkCore.Infrastructure[10403]
      Entity Framework Core 6.0.21 initialized 'TransportMgmtContext' using provider 'Microsoft.EntityFrameworkCore.SqlServer:6.0.21' with options: CommandTimeout=120 
info: Microsoft.EntityFrameworkCore.Database.Command[20101]
      Executed DbCommand (4ms) [Parameters=[@__p_0='?' (DbType = Int32)], CommandType='Text', CommandTimeout='120']
      SELECT TOP(1) [b].[BillID], [b].[ActualAmount], [b].[BillDate], [b].[BillNum], [b].[BillType], [b].[FID], [b].[Gst], [b].[GstDate], [b].[PId], [b].[PaymentReceived], [b].[PaymentTablePId], [b].[Tds]
      FROM [BillTables] AS [b]
      WHERE [b].[BillID] = @__p_0
info: Microsoft.EntityFrameworkCore.Database.Command[20101]
      Executed DbCommand (4ms) [Parameters=[@p1='?' (DbType = Int32), @p0='?' (DbType = DateTime2)], CommandType='Text', CommandTimeout='120']
      SET NOCOUNT ON;
      UPDATE [BillTables] SET [GstDate] = @p0
      WHERE [BillID] = @p1;
      SELECT @@ROWCOUNT;
info: Microsoft.EntityFrameworkCore.Infrastructure[10403]
      Entity Framework Core 6.0.21 initialized 'TransportMgmtContext' using provider 'Microsoft.EntityFrameworkCore.SqlServer:6.0.21' with options: CommandTimeout=120 
info: Microsoft.EntityFrameworkCore.Database.Command[20101]
      Executed DbCommand (2ms) [Parameters=[], CommandType='Text', CommandTimeout='120']
      SELECT [t].[FID], [t].[Address], [t].[Code], [t].[CreatedBy], [t].[CreatedOn], [t].[FactoryName], [t].[Gstin], [t].[IsActive], [t].[ModifiedBy], [t].[ModifiedOn]
      FROM [TblFactories] AS [t]
info: Microsoft.EntityFrameworkCore.Database.Command[20101]
      Executed DbCommand (2ms) [Parameters=[], CommandType='Text', CommandTimeout='120']
      SELECT [b].[BillID], [b].[ActualAmount], [b].[BillDate], [b].[BillNum], [b].[BillType], [b].[FID], [b].[Gst], [b].[GstDate], [b].[PId], [b].[PaymentReceived], [b].[PaymentTablePId], [b].[Tds]
      FROM [BillTables] AS [b]
info: Microsoft.EntityFrameworkCore.Infrastructure[10403]
      Entity Framework Core 6.0.21 initialized 'TransportMgmtContext' using provider 'Microsoft.EntityFrameworkCore.SqlServer:6.0.21' with options: CommandTimeout=120 
info: Microsoft.EntityFrameworkCore.Database.Command[20101]
      Executed DbCommand (3ms) [Parameters=[@__p_0='?' (DbType = Int32)], CommandType='Text', CommandTimeout='120']
      SELECT TOP(1) [b].[BillID], [b].[ActualAmount], [b].[BillDate], [b].[BillNum], [b].[BillType], [b].[FID], [b].[Gst], [b].[GstDate], [b].[PId], [b].[PaymentReceived], [b].[PaymentTablePId], [b].[Tds]
      FROM [BillTables] AS [b]
      WHERE [b].[BillID] = @__p_0
info: Microsoft.EntityFrameworkCore.Infrastructure[10403]
      Entity Framework Core 6.0.21 initialized 'TransportMgmtContext' using provider 'Microsoft.EntityFrameworkCore.SqlServer:6.0.21' with options: CommandTimeout=120 
info: Microsoft.EntityFrameworkCore.Database.Command[20101]
      Executed DbCommand (6ms) [Parameters=[@__p_0='?' (DbType = Int32)], CommandType='Text', CommandTimeout='120']
      SELECT TOP(1) [b].[BillID], [b].[ActualAmount], [b].[BillDate], [b].[BillNum], [b].[BillType], [b].[FID], [b].[Gst], [b].[GstDate], [b].[PId], [b].[PaymentReceived], [b].[PaymentTablePId], [b].[Tds]
      FROM [BillTables] AS [b]
      WHERE [b].[BillID] = @__p_0
info: Microsoft.EntityFrameworkCore.Database.Command[20101]
      Executed DbCommand (4ms) [Parameters=[@p1='?' (DbType = Int32), @p0='?' (DbType = DateTime2)], CommandType='Text', CommandTimeout='120']
      SET NOCOUNT ON;
      UPDATE [BillTables] SET [GstDate] = @p0
      WHERE [BillID] = @p1;
      SELECT @@ROWCOUNT;
info: Microsoft.EntityFrameworkCore.Infrastructure[10403]
      Entity Framework Core 6.0.21 initialized 'TransportMgmtContext' using provider 'Microsoft.EntityFrameworkCore.SqlServer:6.0.21' with options: CommandTimeout=120 
info: Microsoft.EntityFrameworkCore.Database.Command[20101]
      Executed DbCommand (1ms) [Parameters=[], CommandType='Text', CommandTimeout='120']
      SELECT [t].[FID], [t].[Address], [t].[Code], [t].[CreatedBy], [t].[CreatedOn], [t].[FactoryName], [t].[Gstin], [t].[IsActive], [t].[ModifiedBy], [t].[ModifiedOn]
      FROM [TblFactories] AS [t]
info: Microsoft.EntityFrameworkCore.Database.Command[20101]
      Executed DbCommand (4ms) [Parameters=[], CommandType='Text', CommandTimeout='120']
      SELECT [b].[BillID], [b].[ActualAmount], [b].[BillDate], [b].[BillNum], [b].[BillType], [b].[FID], [b].[Gst], [b].[GstDate], [b].[PId], [b].[PaymentReceived], [b].[PaymentTablePId], [b].[Tds]
      FROM [BillTables] AS [b]
info: Microsoft.EntityFrameworkCore.Infrastructure[10403]
      Entity Framework Core 6.0.21 initialized 'TransportMgmtContext' using provider 'Microsoft.EntityFrameworkCore.SqlServer:6.0.21' with options: CommandTimeout=120 
info: Microsoft.EntityFrameworkCore.Database.Command[20101]
      Executed DbCommand (5ms) [Parameters=[@__p_0='?' (DbType = Int32)], CommandType='Text', CommandTimeout='120']
      SELECT TOP(1) [b].[BillID], [b].[ActualAmount], [b].[BillDate], [b].[BillNum], [b].[BillType], [b].[FID], [b].[Gst], [b].[GstDate], [b].[PId], [b].[PaymentReceived], [b].[PaymentTablePId], [b].[Tds]
      FROM [BillTables] AS [b]
      WHERE [b].[BillID] = @__p_0
info: Microsoft.EntityFrameworkCore.Infrastructure[10403]
      Entity Framework Core 6.0.21 initialized 'TransportMgmtContext' using provider 'Microsoft.EntityFrameworkCore.SqlServer:6.0.21' with options: CommandTimeout=120 
info: Microsoft.EntityFrameworkCore.Database.Command[20101]
      Executed DbCommand (5ms) [Parameters=[@__p_0='?' (DbType = Int32)], CommandType='Text', CommandTimeout='120']
      SELECT TOP(1) [b].[BillID], [b].[ActualAmount], [b].[BillDate], [b].[BillNum], [b].[BillType], [b].[FID], [b].[Gst], [b].[GstDate], [b].[PId], [b].[PaymentReceived], [b].[PaymentTablePId], [b].[Tds]
      FROM [BillTables] AS [b]
      WHERE [b].[BillID] = @__p_0
info: Microsoft.EntityFrameworkCore.Database.Command[20101]
      Executed DbCommand (2ms) [Parameters=[@p1='?' (DbType = Int32), @p0='?' (DbType = DateTime2)], CommandType='Text', CommandTimeout='120']
      SET NOCOUNT ON;
      UPDATE [BillTables] SET [GstDate] = @p0
      WHERE [BillID] = @p1;
      SELECT @@ROWCOUNT;
info: Microsoft.EntityFrameworkCore.Infrastructure[10403]
      Entity Framework Core 6.0.21 initialized 'TransportMgmtContext' using provider 'Microsoft.EntityFrameworkCore.SqlServer:6.0.21' with options: CommandTimeout=120 
info: Microsoft.EntityFrameworkCore.Database.Command[20101]
      Executed DbCommand (0ms) [Parameters=[], CommandType='Text', CommandTimeout='120']
      SELECT [t].[FID], [t].[Address], [t].[Code], [t].[CreatedBy], [t].[CreatedOn], [t].[FactoryName], [t].[Gstin], [t].[IsActive], [t].[ModifiedBy], [t].[ModifiedOn]
      FROM [TblFactories] AS [t]
info: Microsoft.EntityFrameworkCore.Database.Command[20101]
      Executed DbCommand (1ms) [Parameters=[], CommandType='Text', CommandTimeout='120']
      SELECT [b].[BillID], [b].[ActualAmount], [b].[BillDate], [b].[BillNum], [b].[BillType], [b].[FID], [b].[Gst], [b].[GstDate], [b].[PId], [b].[PaymentReceived], [b].[PaymentTablePId], [b].[Tds]
      FROM [BillTables] AS [b]
info: Microsoft.EntityFrameworkCore.Infrastructure[10403]
      Entity Framework Core 6.0.21 initialized 'TransportMgmtContext' using provider 'Microsoft.EntityFrameworkCore.SqlServer:6.0.21' with options: CommandTimeout=120 
info: Microsoft.EntityFrameworkCore.Database.Command[20101]
      Executed DbCommand (3ms) [Parameters=[@__p_0='?' (DbType = Int32)], CommandType='Text', CommandTimeout='120']
      SELECT TOP(1) [b].[BillID], [b].[ActualAmount], [b].[BillDate], [b].[BillNum], [b].[BillType], [b].[FID], [b].[Gst], [b].[GstDate], [b].[PId], [b].[PaymentReceived], [b].[PaymentTablePId], [b].[Tds]
      FROM [BillTables] AS [b]
      WHERE [b].[BillID] = @__p_0
info: Microsoft.EntityFrameworkCore.Infrastructure[10403]
      Entity Framework Core 6.0.21 initialized 'TransportMgmtContext' using provider 'Microsoft.EntityFrameworkCore.SqlServer:6.0.21' with options: CommandTimeout=120 
info: Microsoft.EntityFrameworkCore.Database.Command[20101]
      Executed DbCommand (3ms) [Parameters=[@__p_0='?' (DbType = Int32)], CommandType='Text', CommandTimeout='120']
      SELECT TOP(1) [b].[BillID], [b].[ActualAmount], [b].[BillDate], [b].[BillNum], [b].[BillType], [b].[FID], [b].[Gst], [b].[GstDate], [b].[PId], [b].[PaymentReceived], [b].[PaymentTablePId], [b].[Tds]
      FROM [BillTables] AS [b]
      WHERE [b].[BillID] = @__p_0
info: Microsoft.EntityFrameworkCore.Database.Command[20101]
      Executed DbCommand (2ms) [Parameters=[@p1='?' (DbType = Int32), @p0='?' (DbType = DateTime2)], CommandType='Text', CommandTimeout='120']
      SET NOCOUNT ON;
      UPDATE [BillTables] SET [GstDate] = @p0
      WHERE [BillID] = @p1;
      SELECT @@ROWCOUNT;
info: Microsoft.EntityFrameworkCore.Infrastructure[10403]
      Entity Framework Core 6.0.21 initialized 'TransportMgmtContext' using provider 'Microsoft.EntityFrameworkCore.SqlServer:6.0.21' with options: CommandTimeout=120 
info: Microsoft.EntityFrameworkCore.Database.Command[20101]
      Executed DbCommand (1ms) [Parameters=[], CommandType='Text', CommandTimeout='120']
      SELECT [t].[FID], [t].[Address], [t].[Code], [t].[CreatedBy], [t].[CreatedOn], [t].[FactoryName], [t].[Gstin], [t].[IsActive], [t].[ModifiedBy], [t].[ModifiedOn]
      FROM [TblFactories] AS [t]
info: Microsoft.EntityFrameworkCore.Database.Command[20101]
      Executed DbCommand (2ms) [Parameters=[], CommandType='Text', CommandTimeout='120']
      SELECT [b].[BillID], [b].[ActualAmount], [b].[BillDate], [b].[BillNum], [b].[BillType], [b].[FID], [b].[Gst], [b].[GstDate], [b].[PId], [b].[PaymentReceived], [b].[PaymentTablePId], [b].[Tds]
      FROM [BillTables] AS [b]
info: Microsoft.EntityFrameworkCore.Infrastructure[10403]
      Entity Framework Core 6.0.21 initialized 'TransportMgmtContext' using provider 'Microsoft.EntityFrameworkCore.SqlServer:6.0.21' with options: CommandTimeout=120 
info: Microsoft.EntityFrameworkCore.Database.Command[20101]
      Executed DbCommand (4ms) [Parameters=[@__p_0='?' (DbType = Int32)], CommandType='Text', CommandTimeout='120']
      SELECT TOP(1) [b].[BillID], [b].[ActualAmount], [b].[BillDate], [b].[BillNum], [b].[BillType], [b].[FID],