dbug: Microsoft.Extensions.Hosting.Internal.Host[1]
      Hosting starting
info: Microsoft.AspNetCore.DataProtection.KeyManagement.XmlKeyManager[63]
      User profile is available. Using 'C:\Users\Dell\AppData\Local\ASP.NET\DataProtection-Keys' as key repository and Windows DPAPI to encrypt keys at rest.
info: Microsoft.Hosting.Lifetime[0]
      Application started. Press Ctrl+C to shut down.
info: Microsoft.Hosting.Lifetime[0]
      Hosting environment: Production
info: Microsoft.Hosting.Lifetime[0]
      Content root path: E:\New Development\KTC-APP-FINAL\
dbug: Microsoft.Extensions.Hosting.Internal.Host[2]
      Hosting started
info: Microsoft.AspNetCore.Hosting.Diagnostics[1]
      Request starting HTTP/2 GET https://localhost:44307/ - -
info: Microsoft.AspNetCore.Routing.EndpointMiddleware[0]
      Executing endpoint 'CodeFirstTransport.Controllers.UsersController.Login (CodeFirstTransport)'
info: Microsoft.AspNetCore.Mvc.Infrastructure.ControllerActionInvoker[3]
      Route matched with {action = "Login", controller = "Users"}. Executing controller action with signature System.Threading.Tasks.Task`1[Microsoft.AspNetCore.Mvc.IActionResult] Login() on controller CodeFirstTransport.Controllers.UsersController (CodeFirstTransport).
dbug: Microsoft.EntityFrameworkCore.Infrastructure[10401]
      An 'IServiceProvider' was created for internal use by Entity Framework.
info: Microsoft.AspNetCore.Mvc.ViewFeatures.ViewResultExecutor[1]
      Executing ViewResult, running view Login.
dbug: Microsoft.WebTools.BrowserLink.Net.BrowserLinkMiddleware[1]
      Response markup is scheduled to include Browser Link script injection.
info: Microsoft.AspNetCore.Mvc.ViewFeatures.ViewResultExecutor[4]
      Executed ViewResult - view Login executed in 338.5928ms.
info: Microsoft.AspNetCore.Hosting.Diagnostics[1]
      Request starting HTTP/2 GET https://localhost:44307/lib/bootstrap/dist/css/bootstrap.min.css - -
info: Microsoft.AspNetCore.Hosting.Diagnostics[1]
      Request starting HTTP/2 GET https://localhost:44307/lib/jquery/dist/jquery.min.js - -
info: Microsoft.AspNetCore.Hosting.Diagnostics[1]
      Request starting HTTP/2 GET https://localhost:44307/lib/bootstrap/dist/js/bootstrap.bundle.min.js - -
info: Microsoft.AspNetCore.Hosting.Diagnostics[1]
      Request starting HTTP/2 GET https://localhost:44307/KhanTransport.styles.css - -
info: Microsoft.AspNetCore.Mvc.Infrastructure.ControllerActionInvoker[2]
      Executed action CodeFirstTransport.Controllers.UsersController.Login (CodeFirstTransport) in 993.8846ms
info: Microsoft.AspNetCore.Routing.EndpointMiddleware[1]
      Executed endpoint 'CodeFirstTransport.Controllers.UsersController.Login (CodeFirstTransport)'
dbug: Microsoft.WebTools.BrowserLink.Net.BrowserLinkMiddleware[2]
      Response markup was updated to include Browser Link script injection.
info: Microsoft.AspNetCore.Hosting.Diagnostics[2]
      Request finished HTTP/2 GET https://localhost:44307/KhanTransport.styles.css - - - 404 - - 14.8983ms
info: Microsoft.AspNetCore.Hosting.Diagnostics[2]
      Request finished HTTP/2 GET https://localhost:44307/ - - - 200 - text/html;+charset=utf-8 2152.7473ms
info: Microsoft.AspNetCore.Hosting.Diagnostics[1]
      Request starting HTTP/2 GET https://localhost:44307/css/site.css?v=jKzyvarUBw1mnoaniDTwao0buQpy2sBEXyi6wiHfKN8 - -
info: Microsoft.AspNetCore.Hosting.Diagnostics[1]
      Request starting HTTP/2 GET https://localhost:44307/js/site.js?v=4q1jwFhaPaZgr8WAUSrux6hAuh0XDg9kPS3xIVq36I0 - -
info: Microsoft.AspNetCore.Hosting.Diagnostics[1]
      Request starting HTTP/2 GET https://localhost:44307/_framework/aspnetcore-browser-refresh.js - -
info: Microsoft.AspNetCore.Hosting.Diagnostics[2]
      Request finished HTTP/2 GET https://localhost:44307/_framework/aspnetcore-browser-refresh.js - - - 200 11994 application/javascript;+charset=utf-8 11.4145ms
info: Microsoft.AspNetCore.Hosting.Diagnostics[1]
      Request starting HTTP/2 GET https://localhost:44307/_vs/browserLink - -
info: Microsoft.AspNetCore.StaticFiles.StaticFileMiddleware[2]
      Sending file. Request path: '/css/site.css'. Physical path: 'E:\New Development\KTC-APP-FINAL\wwwroot\css\site.css'
info: Microsoft.AspNetCore.StaticFiles.StaticFileMiddleware[2]
      Sending file. Request path: '/js/site.js'. Physical path: 'E:\New Development\KTC-APP-FINAL\wwwroot\js\site.js'
info: Microsoft.AspNetCore.Hosting.Diagnostics[2]
      Request finished HTTP/2 GET https://localhost:44307/js/site.js?v=4q1jwFhaPaZgr8WAUSrux6hAuh0XDg9kPS3xIVq36I0 - - - 200 230 application/javascript 44.3197ms
info: Microsoft.AspNetCore.Hosting.Diagnostics[2]
      Request finished HTTP/2 GET https://localhost:44307/css/site.css?v=jKzyvarUBw1mnoaniDTwao0buQpy2sBEXyi6wiHfKN8 - - - 200 199 text/css 49.9487ms
info: Microsoft.AspNetCore.StaticFiles.StaticFileMiddleware[2]
      Sending file. Request path: '/lib/bootstrap/dist/js/bootstrap.bundle.min.js'. Physical path: 'E:\New Development\KTC-APP-FINAL\wwwroot\lib\bootstrap\dist\js\bootstrap.bundle.min.js'
info: Microsoft.AspNetCore.Hosting.Diagnostics[2]
      Request finished HTTP/2 GET https://localhost:44307/lib/bootstrap/dist/js/bootstrap.bundle.min.js - - - 200 78468 application/javascript 175.4201ms
info: Microsoft.AspNetCore.StaticFiles.StaticFileMiddleware[2]
      Sending file. Request path: '/lib/bootstrap/dist/css/bootstrap.min.css'. Physical path: 'E:\New Development\KTC-APP-FINAL\wwwroot\lib\bootstrap\dist\css\bootstrap.min.css'
info: Microsoft.AspNetCore.StaticFiles.StaticFileMiddleware[2]
      Sending file. Request path: '/lib/jquery/dist/jquery.min.js'. Physical path: 'E:\New Development\KTC-APP-FINAL\wwwroot\lib\jquery\dist\jquery.min.js'
info: Microsoft.AspNetCore.Hosting.Diagnostics[2]
      Request finished HTTP/2 GET https://localhost:44307/lib/bootstrap/dist/css/bootstrap.min.css - - - 200 162720 text/css 215.2220ms
info: Microsoft.AspNetCore.Hosting.Diagnostics[2]
      Request finished HTTP/2 GET https://localhost:44307/lib/jquery/dist/jquery.min.js - - - 200 89476 application/javascript 203.4504ms
info: Microsoft.AspNetCore.Hosting.Diagnostics[2]
      Request finished HTTP/2 GET https://localhost:44307/_vs/browserLink - - - 200 - text/javascript;+charset=UTF-8 189.8679ms
info: Microsoft.AspNetCore.Hosting.Diagnostics[1]
      Request starting HTTP/2 GET https://localhost:44307/favicon.ico - -
info: Microsoft.AspNetCore.StaticFiles.StaticFileMiddleware[2]
      Sending file. Request path: '/favicon.ico'. Physical path: 'E:\New Development\KTC-APP-FINAL\wwwroot\favicon.ico'
info: Microsoft.AspNetCore.Hosting.Diagnostics[2]
      Request finished HTTP/2 GET https://localhost:44307/favicon.ico - - - 200 5430 image/x-icon 39.7658ms
info: Microsoft.AspNetCore.Hosting.Diagnostics[1]
      Request starting HTTP/2 POST https://localhost:44307/ application/x-www-form-urlencoded 231
info: Microsoft.AspNetCore.Routing.EndpointMiddleware[0]
      Executing endpoint 'CodeFirstTransport.Controllers.UsersController.Login (CodeFirstTransport)'
info: Microsoft.AspNetCore.Mvc.Infrastructure.ControllerActionInvoker[3]
      Route matched with {action = "Login", controller = "Users"}. Executing controller action with signature System.Threading.Tasks.Task`1[Microsoft.AspNetCore.Mvc.IActionResult] Login(System.String, System.String) on controller CodeFirstTransport.Controllers.UsersController (CodeFirstTransport).
dbug: Microsoft.EntityFrameworkCore.Model.Validation[10600]
      The property 'BillTable.PaymentTablePId' was created in shadow state because there are no eligible CLR members with a matching name.
info: Microsoft.EntityFrameworkCore.Infrastructure[10403]
      Entity Framework Core 6.0.21 initialized 'TransportMgmtContext' using provider 'Microsoft.EntityFrameworkCore.SqlServer:6.0.21' with options: CommandTimeout=120 
dbug: Microsoft.EntityFrameworkCore.Query[10111]
      Compiling query expression: 
      'DbSet<TblUser>()
          .FirstOrDefault(a => a.Email == __emailId_0 && a.Password == __password_1)'
dbug: Microsoft.EntityFrameworkCore.Query[10107]
      Generated query execution expression: 
      'queryContext => new SingleQueryingEnumerable<TblUser>(
          (RelationalQueryContext)queryContext, 
          RelationalCommandCache.SelectExpression(
              Projection Mapping:
                  EmptyProjectionMember -> Dictionary<IProperty, int> { [Property: TblUser.UserId (int) Required PK AfterSave:Throw ValueGenerated.OnAdd, 0], [Property: TblUser.Address (string), 1], [Property: TblUser.City (string), 2], [Property: TblUser.Doj (DateTime?), 3], [Property: TblUser.Email (string) Required, 4], [Property: TblUser.LastLogIn (DateTime?), 5], [Property: TblUser.Password (string) Required, 6], [Property: TblUser.Role (string), 7], [Property: TblUser.UserName (string) Required, 8] }
              SELECT TOP(1) t.UserId, t.Address, t.City, t.Doj, t.Email, t.LastLogIn, t.Password, t.Role, t.UserName
              FROM TblUsers AS t
              WHERE (t.Email == @__emailId_0) && (t.Password == @__password_1)), 
          Func<QueryContext, DbDataReader, ResultContext, SingleQueryResultCoordinator, TblUser>, 
          CodeFirstTransport.Models.TransportMgmtContext, 
          False, 
          False, 
          True
      )
          .SingleOrDefault()'
dbug: Microsoft.EntityFrameworkCore.Database.Command[20103]
      Creating DbCommand for 'ExecuteReader'.
dbug: Microsoft.EntityFrameworkCore.Database.Command[20104]
      Created DbCommand for 'ExecuteReader' (97ms).
dbug: Microsoft.EntityFrameworkCore.Database.Connection[20000]
      Opening connection to database 'FinalDb' on server 'MUSAKHAN\SQLEXPRESS'.
dbug: Microsoft.EntityFrameworkCore.Database.Connection[20001]
      Opened connection to database 'FinalDb' on server 'MUSAKHAN\SQLEXPRESS'.
dbug: Microsoft.EntityFrameworkCore.Database.Command[20100]
      Executing DbCommand [Parameters=[@__emailId_0='?' (Size = 4000), @__password_1='?' (Size = 4000)], CommandType='Text', CommandTimeout='120']
      SELECT TOP(1) [t].[UserId], [t].[Address], [t].[City], [t].[Doj], [t].[Email], [t].[LastLogIn], [t].[Password], [t].[Role], [t].[UserName]
      FROM [TblUsers] AS [t]
      WHERE ([t].[Email] = @__emailId_0) AND ([t].[Password] = @__password_1)
info: Microsoft.EntityFrameworkCore.Database.Command[20101]
      Executed DbCommand (102ms) [Parameters=[@__emailId_0='?' (Size = 4000), @__password_1='?' (Size = 4000)], CommandType='Text', CommandTimeout='120']
      SELECT TOP(1) [t].[UserId], [t].[Address], [t].[City], [t].[Doj], [t].[Email], [t].[LastLogIn], [t].[Password], [t].[Role], [t].[UserName]
      FROM [TblUsers] AS [t]
      WHERE ([t].[Email] = @__emailId_0) AND ([t].[Password] = @__password_1)
dbug: Microsoft.EntityFrameworkCore.ChangeTracking[10806]
      Context 'TransportMgmtContext' started tracking 'TblUser' entity. Consider using 'DbContextOptionsBuilder.EnableSensitiveDataLogging' to see key values.
dbug: Microsoft.EntityFrameworkCore.Database.Command[20300]
      A data reader was disposed.
dbug: Microsoft.EntityFrameworkCore.Database.Connection[20002]
      Closing connection to database 'FinalDb' on server 'MUSAKHAN\SQLEXPRESS'.
dbug: Microsoft.EntityFrameworkCore.Database.Connection[20003]
      Closed connection to database 'FinalDb' on server 'MUSAKHAN\SQLEXPRESS'.
info: Microsoft.AspNetCore.Mvc.RedirectToActionResult[1]
      Executing RedirectResult, redirecting to /Home/Index.
info: Microsoft.AspNetCore.Mvc.Infrastructure.ControllerActionInvoker[2]
      Executed action CodeFirstTransport.Controllers.UsersController.Login (CodeFirstTransport) in 3841.5344ms
info: Microsoft.AspNetCore.Routing.EndpointMiddleware[1]
      Executed endpoint 'CodeFirstTransport.Controllers.UsersController.Login (CodeFirstTransport)'
dbug: Microsoft.EntityFrameworkCore.Infrastructure[10407]
      'TransportMgmtContext' disposed.
info: Microsoft.AspNetCore.Hosting.Diagnostics[1]
      Request starting HTTP/2 GET https://localhost:44307/Home/Index - -
info: Microsoft.AspNetCore.Routing.EndpointMiddleware[0]
      Executing endpoint 'CodeFirstTransport.Controllers.HomeController.Index (CodeFirstTransport)'
info: Microsoft.AspNetCore.Hosting.Diagnostics[2]
      Request finished HTTP/2 POST https://localhost:44307/ application/x-www-form-urlencoded 231 - 302 - - 3906.0301ms
info: Microsoft.AspNetCore.Mvc.Infrastructure.ControllerActionInvoker[3]
      Route matched with {action = "Index", controller = "Home"}. Executing controller action with signature Microsoft.AspNetCore.Mvc.IActionResult Index() on controller CodeFirstTransport.Controllers.HomeController (CodeFirstTransport).
info: Microsoft.AspNetCore.Mvc.ViewFeatures.ViewResultExecutor[1]
      Executing ViewResult, running view Index.
dbug: Microsoft.WebTools.BrowserLink.Net.BrowserLinkMiddleware[1]
      Response markup is scheduled to include Browser Link script injection.
info: Microsoft.AspNetCore.Mvc.ViewFeatures.ViewResultExecutor[4]
      Executed ViewResult - view Index executed in 46.7231ms.
info: Microsoft.AspNetCore.Mvc.Infrastructure.ControllerActionInvoker[2]
      Executed action CodeFirstTransport.Controllers.HomeController.Index (CodeFirstTransport) in 50.0236ms
info: Microsoft.AspNetCore.Routing.EndpointMiddleware[1]
      Executed endpoint 'CodeFirstTransport.Controllers.HomeController.Index (CodeFirstTransport)'
info: Microsoft.AspNetCore.Hosting.Diagnostics[1]
      Request starting HTTP/2 GET https://localhost:44307/CodeFirstTransport.styles.css - -
dbug: Microsoft.WebTools.BrowserLink.Net.BrowserLinkMiddleware[2]
      Response markup was updated to include Browser Link script injection.
info: Microsoft.AspNetCore.Hosting.Diagnostics[1]
      Request starting HTTP/2 GET https://localhost:44307/css/datatablecss/jquery.datatables.css - -
info: Microsoft.AspNetCore.Hosting.Diagnostics[2]
      Request finished HTTP/2 GET https://localhost:44307/CodeFirstTransport.styles.css - - - 404 - - 8.2823ms
info: Microsoft.AspNetCore.Hosting.Diagnostics[2]
      Request finished HTTP/2 GET https://localhost:44307/Home/Index - - - 200 - text/html;+charset=utf-8 102.7790ms
info: Microsoft.AspNetCore.Hosting.Diagnostics[1]
      Request starting HTTP/2 GET https://localhost:44307/datatable/jquery.datatables.js - -
info: Microsoft.AspNetCore.Hosting.Diagnostics[1]
      Request starting HTTP/2 GET https://localhost:44307/css/datatablecss/jquery.datatables.min.css - -
info: Microsoft.AspNetCore.Hosting.Diagnostics[1]
      Request starting HTTP/2 GET https://localhost:44307/datatable/jquery.datatables.min.js - -
info: Microsoft.AspNetCore.Hosting.Diagnostics[1]
      Request starting HTTP/2 GET https://localhost:44307/_framework/aspnetcore-browser-refresh.js - -
info: Microsoft.AspNetCore.Hosting.Diagnostics[2]
      Request finished HTTP/2 GET https://localhost:44307/_framework/aspnetcore-browser-refresh.js - - - 200 11994 application/javascript;+charset=utf-8 4.9193ms
info: Microsoft.AspNetCore.StaticFiles.StaticFileMiddleware[2]
      Sending file. Request path: '/css/datatablecss/jquery.datatables.css'. Physical path: 'E:\New Development\KTC-APP-FINAL\wwwroot\css\datatablecss\jquery.datatables.css'
info: Microsoft.AspNetCore.Hosting.Diagnostics[2]
      Request finished HTTP/2 GET https://localhost:44307/css/datatablecss/jquery.datatables.css - - - 200 21049 text/css 71.3461ms
info: Microsoft.AspNetCore.StaticFiles.StaticFileMiddleware[2]
      Sending file. Request path: '/css/datatablecss/jquery.datatables.min.css'. Physical path: 'E:\New Development\KTC-APP-FINAL\wwwroot\css\datatablecss\jquery.datatables.min.css'
info: Microsoft.AspNetCore.Hosting.Diagnostics[2]
      Request finished HTTP/2 GET https://localhost:44307/css/datatablecss/jquery.datatables.min.css - - - 200 18369 text/css 47.6815ms
info: Microsoft.AspNetCore.StaticFiles.StaticFileMiddleware[2]
      Sending file. Request path: '/datatable/jquery.datatables.js'. Physical path: 'E:\New Development\KTC-APP-FINAL\wwwroot\datatable\jquery.datatables.js'
info: Microsoft.AspNetCore.StaticFiles.StaticFileMiddleware[2]
      Sending file. Request path: '/datatable/jquery.datatables.min.js'. Physical path: 'E:\New Development\KTC-APP-FINAL\wwwroot\datatable\jquery.datatables.min.js'
info: Microsoft.AspNetCore.Hosting.Diagnostics[2]
      Request finished HTTP/2 GET https://localhost:44307/datatable/jquery.datatables.min.js - - - 200 90265 application/javascript 95.3924ms
info: Microsoft.AspNetCore.Hosting.Diagnostics[2]
      Request finished HTTP/2 GET https://localhost:44307/datatable/jquery.datatables.js - - - 200 453651 application/javascript 133.4935ms
info: Microsoft.AspNetCore.Hosting.Diagnostics[1]
      Request starting HTTP/2 GET https://localhost:44307/_vs/browserLink - -
info: Microsoft.AspNetCore.Hosting.Diagnostics[2]
      Request finished HTTP/2 GET https://localhost:44307/_vs/browserLink - - - 200 - text/javascript;+charset=UTF-8 17.1336ms
info: Microsoft.AspNetCore.Hosting.Diagnostics[1]
      Request starting HTTP/2 GET https://localhost:44307/Dispatch/UploadDispatch - -
info: Microsoft.AspNetCore.Routing.EndpointMiddleware[0]
      Executing endpoint 'CodeFirstTransport.Controllers.DispatchController.UploadDispatch (CodeFirstTransport)'
info: Microsoft.AspNetCore.Mvc.Infrastructure.ControllerActionInvoker[3]
      Route matched with {action = "UploadDispatch", controller = "Dispatch"}. Executing controller action with signature Microsoft.AspNetCore.Mvc.IActionResult UploadDispatch() on controller CodeFirstTransport.Controllers.DispatchController (CodeFirstTransport).
info: Microsoft.EntityFrameworkCore.Infrastructure[10403]
      Entity Framework Core 6.0.21 initialized 'TransportMgmtContext' using provider 'Microsoft.EntityFrameworkCore.SqlServer:6.0.21' with options: CommandTimeout=120 
dbug: Microsoft.EntityFrameworkCore.Query[10111]
      Compiling query expression: 
      'DbSet<TblFactory>()'
dbug: Microsoft.EntityFrameworkCore.Query[10107]
      Generated query execution expression: 
      'queryContext => new SingleQueryingEnumerable<TblFactory>(
          (RelationalQueryContext)queryContext, 
          RelationalCommandCache.SelectExpression(
              Projection Mapping:
                  EmptyProjectionMember -> Dictionary<IProperty, int> { [Property: TblFactory.FID (int) Required PK AfterSave:Throw ValueGenerated.OnAdd, 0], [Property: TblFactory.Address (string), 1], [Property: TblFactory.Code (string) Required, 2], [Property: TblFactory.CreatedBy (int?), 3], [Property: TblFactory.CreatedOn (DateTime?), 4], [Property: TblFactory.FactoryName (string) Required, 5], [Property: TblFactory.Gstin (double?), 6], [Property: TblFactory.IsActive (bool) Required, 7], [Property: TblFactory.ModifiedBy (int?), 8], [Property: TblFactory.ModifiedOn (DateTime?), 9] }
              SELECT t.FID, t.Address, t.Code, t.CreatedBy, t.CreatedOn, t.FactoryName, t.Gstin, t.IsActive, t.ModifiedBy, t.ModifiedOn
              FROM TblFactories AS t), 
          Func<QueryContext, DbDataReader, ResultContext, SingleQueryResultCoordinator, TblFactory>, 
          CodeFirstTransport.Models.TransportMgmtContext, 
          False, 
          False, 
          True
      )'
dbug: Microsoft.EntityFrameworkCore.Database.Command[20103]
      Creating DbCommand for 'ExecuteReader'.
dbug: Microsoft.EntityFrameworkCore.Database.Command[20104]
      Created DbCommand for 'ExecuteReader' (4ms).
dbug: Microsoft.EntityFrameworkCore.Database.Connection[20000]
      Opening connection to database 'FinalDb' on server 'MUSAKHAN\SQLEXPRESS'.
dbug: Microsoft.EntityFrameworkCore.Database.Connection[20001]
      Opened connection to database 'FinalDb' on server 'MUSAKHAN\SQLEXPRESS'.
dbug: Microsoft.EntityFrameworkCore.Database.Command[20100]
      Executing DbCommand [Parameters=[], CommandType='Text', CommandTimeout='120']
      SELECT [t].[FID], [t].[Address], [t].[Code], [t].[CreatedBy], [t].[CreatedOn], [t].[FactoryName], [t].[Gstin], [t].[IsActive], [t].[ModifiedBy], [t].[ModifiedOn]
      FROM [TblFactories] AS [t]
info: Microsoft.EntityFrameworkCore.Database.Command[20101]
      Executed DbCommand (21ms) [Parameters=[], CommandType='Text', CommandTimeout='120']
      SELECT [t].[FID], [t].[Address], [t].[Code], [t].[CreatedBy], [t].[CreatedOn], [t].[FactoryName], [t].[Gstin], [t].[IsActive], [t].[ModifiedBy], [t].[ModifiedOn]
      FROM [TblFactories] AS [t]
dbug: Microsoft.EntityFrameworkCore.ChangeTracking[10806]
      Context 'TransportMgmtContext' started tracking 'TblFactory' entity. Consider using 'DbContextOptionsBuilder.EnableSensitiveDataLogging' to see key values.
dbug: Microsoft.EntityFrameworkCore.ChangeTracking[10806]
      Context 'TransportMgmtContext' started tracking 'TblFactory' entity. Consider using 'DbContextOptionsBuilder.EnableSensitiveDataLogging' to see key values.
dbug: Microsoft.EntityFrameworkCore.ChangeTracking[10806]
      Context 'TransportMgmtContext' started tracking 'TblFactory' entity. Consider using 'DbContextOptionsBuilder.EnableSensitiveDataLogging' to see key values.
dbug: Microsoft.EntityFrameworkCore.ChangeTracking[10806]
      Context 'TransportMgmtContext' started tracking 'TblFactory' entity. Consider using 'DbContextOptionsBuilder.EnableSensitiveDataLogging' to see key values.
dbug: Microsoft.EntityFrameworkCore.ChangeTracking[10806]
      Context 'TransportMgmtContext' started tracking 'TblFactory' entity. Consider using 'DbContextOptionsBuilder.EnableSensitiveDataLogging' to see key values.
dbug: Microsoft.EntityFrameworkCore.ChangeTracking[10806]
      Context 'TransportMgmtContext' started tracking 'TblFactory' entity. Consider using 'DbContextOptionsBuilder.EnableSensitiveDataLogging' to see key values.
dbug: Microsoft.EntityFrameworkCore.ChangeTracking[10806]
      Context 'TransportMgmtContext' started tracking 'TblFactory' entity. Consider using 'DbContextOptionsBuilder.EnableSensitiveDataLogging' to see key values.
dbug: Microsoft.EntityFrameworkCore.ChangeTracking[10806]
      Context 'TransportMgmtContext' started tracking 'TblFactory' entity. Consider using 'DbContextOptionsBuilder.EnableSensitiveDataLogging' to see key values.
dbug: Microsoft.EntityFrameworkCore.ChangeTracking[10806]
      Context 'TransportMgmtContext' started tracking 'TblFactory' entity. Consider using 'DbContextOptionsBuilder.EnableSensitiveDataLogging' to see key values.
dbug: Microsoft.EntityFrameworkCore.ChangeTracking[10806]
      Context 'TransportMgmtContext' started tracking 'TblFactory' entity. Consider using 'DbContextOptionsBuilder.EnableSensitiveDataLogging' to see key values.
dbug: Microsoft.EntityFrameworkCore.ChangeTracking[10806]
      Context 'TransportMgmtContext' started tracking 'TblFactory' entity. Consider using 'DbContextOptionsBuilder.EnableSensitiveDataLogging' to see key values.
dbug: Microsoft.EntityFrameworkCore.Database.Command[20300]
      A data reader was disposed.
dbug: Microsoft.EntityFrameworkCore.Database.Connection[20002]
      Closing connection to database 'FinalDb' on server 'MUSAKHAN\SQLEXPRESS'.
dbug: Microsoft.EntityFrameworkCore.Database.Connection[20003]
      Closed connection to database 'FinalDb' on server 'MUSAKHAN\SQLEXPRESS'.
info: Microsoft.AspNetCore.Mvc.ViewFeatures.ViewResultExecutor[1]
      Executing ViewResult, running view UploadDispatch.
dbug: Microsoft.WebTools.BrowserLink.Net.BrowserLinkMiddleware[1]
      Response markup is scheduled to include Browser Link script injection.
info: Microsoft.AspNetCore.Mvc.ViewFeatures.ViewResultExecutor[4]
      Executed ViewResult - view UploadDispatch executed in 123.3925ms.
info: Microsoft.AspNetCore.Mvc.Infrastructure.ControllerActionInvoker[2]
      Executed action CodeFirstTransport.Controllers.DispatchController.UploadDispatch (CodeFirstTransport) in 269.9219ms
info: Microsoft.AspNetCore.Routing.EndpointMiddleware[1]
      Executed endpoint 'CodeFirstTransport.Controllers.DispatchController.UploadDispatch (CodeFirstTransport)'
info: Microsoft.AspNetCore.Hosting.Diagnostics[1]
      Request starting HTTP/2 GET https://localhost:44307/CodeFirstTransport.styles.css - -
dbug: Microsoft.WebTools.BrowserLink.Net.BrowserLinkMiddleware[2]
      Response markup was updated to include Browser Link script injection.
info: Microsoft.AspNetCore.Hosting.Diagnostics[2]
      Request finished HTTP/2 GET https://localhost:44307/CodeFirstTransport.styles.css - - - 404 - - 10.0779ms
dbug: Microsoft.EntityFrameworkCore.Infrastructure[10407]
      'TransportMgmtContext' disposed.
info: Microsoft.AspNetCore.Hosting.Diagnostics[1]
      Request starting HTTP/2 GET https://localhost:44307/_vs/browserLink - -
info: Microsoft.AspNetCore.Hosting.Diagnostics[1]
      Request starting HTTP/2 GET https://localhost:44307/_framework/aspnetcore-browser-refresh.js - -
info: Microsoft.AspNetCore.Hosting.Diagnostics[2]
      Request finished HTTP/2 GET https://localhost:44307/Dispatch/UploadDispatch - - - 200 - text/html;+charset=utf-8 337.9037ms
info: Microsoft.AspNetCore.Hosting.Diagnostics[2]
      Request finished HTTP/2 GET https://localhost:44307/_framework/aspnetcore-browser-refresh.js - - - 200 11994 application/javascript;+charset=utf-8 40.6725ms
info: Microsoft.AspNetCore.Hosting.Diagnostics[2]
      Request finished HTTP/2 GET https://localhost:44307/_vs/browserLink - - - 200 - text/javascript;+charset=UTF-8 62.6646ms
info: Microsoft.AspNetCore.Hosting.Diagnostics[1]
      Request starting HTTP/2 POST https://localhost:44307/Dispatch/UploadDispatch multipart/form-data;+boundary=----WebKitFormBoundaryfopaIWryU31HUaaJ 11553
info: Microsoft.AspNetCore.Routing.EndpointMiddleware[0]
      Executing endpoint 'CodeFirstTransport.Controllers.DispatchController.UploadDispatch (CodeFirstTransport)'
info: Microsoft.AspNetCore.Mvc.Infrastructure.ControllerActionInvoker[3]
      Route matched with {action = "UploadDispatch", controller = "Dispatch"}. Executing controller action with signature System.Threading.Tasks.Task`1[Microsoft.AspNetCore.Mvc.IActionResult] UploadDispatch(Microsoft.AspNetCore.Http.IFormFile) on controller CodeFirstTransport.Controllers.DispatchController (CodeFirstTransport).
info: Microsoft.EntityFrameworkCore.Infrastructure[10403]
      Entity Framework Core 6.0.21 initialized 'TransportMgmtContext' using provider 'Microsoft.EntityFrameworkCore.SqlServer:6.0.21' with options: CommandTimeout=120 
dbug: Microsoft.EntityFrameworkCore.Query[10111]
      Compiling query expression: 
      'DbSet<TblDispatch>()
          .FirstOrDefault(c => c.ChallanNo == __cell1_0)'
dbug: Microsoft.EntityFrameworkCore.Query[10107]
      Generated query execution expression: 
      'queryContext => new SingleQueryingEnumerable<TblDispatch>(
          (RelationalQueryContext)queryContext, 
          RelationalCommandCache.SelectExpression(
              Projection Mapping:
                  EmptyProjectionMember -> Dictionary<IProperty, int> { [Property: TblDispatch.DispId (int) Required PK AfterSave:Throw ValueGenerated.OnAdd, 0], [Property: TblDispatch.BillID (int?) FK Index, 1], [Property: TblDispatch.ChallanNo (string), 2], [Property: TblDispatch.DeliveryNum (string), 3], [Property: TblDispatch.Destination (string), 4], [Property: TblDispatch.DisVid (int?), 5], [Property: TblDispatch.DispatchDate (DateTime?), 6], [Property: TblDispatch.DispatchQuantity (double?), 7], [Property: TblDispatch.FinalPrice (double?), 8], [Property: TblDispatch.ImagePath (string), 9], [Property: TblDispatch.IsReceived (bool?), 10], [Property: TblDispatch.Lr (string), 11], [Property: TblDispatch.PartyName (string), 12], [Property: TblDispatch.Shortage (int?), 13], [Property: TblDispatch.TotalValue (double?), 14], [Property: TblDispatch.UnitPrice (double?), 15], [Property: TblDispatch.VehicleNo (string), 16] }
              SELECT TOP(1) t.DispId, t.BillID, t.ChallanNo, t.DeliveryNum, t.Destination, t.DisVid, t.DispatchDate, t.DispatchQuantity, t.FinalPrice, t.ImagePath, t.IsReceived, t.Lr, t.PartyName, t.Shortage, t.TotalValue, t.UnitPrice, t.VehicleNo
              FROM TblDispatches AS t
              WHERE t.ChallanNo == @__cell1_0), 
          Func<QueryContext, DbDataReader, ResultContext, SingleQueryResultCoordinator, TblDispatch>, 
          CodeFirstTransport.Models.TransportMgmtContext, 
          False, 
          False, 
          True
      )
          .SingleOrDefault()'
dbug: Microsoft.EntityFrameworkCore.Database.Command[20103]
      Creating DbCommand for 'ExecuteReader'.
dbug: Microsoft.EntityFrameworkCore.Database.Command[20104]
      Created DbCommand for 'ExecuteReader' (3ms).
dbug: Microsoft.EntityFrameworkCore.Database.Connection[20000]
      Opening connection to database 'FinalDb' on server 'MUSAKHAN\SQLEXPRESS'.
dbug: Microsoft.EntityFrameworkCore.Database.Connection[20001]
      Opened connection to database 'FinalDb' on server 'MUSAKHAN\SQLEXPRESS'.
dbug: Microsoft.EntityFrameworkCore.Database.Command[20100]
      Executing DbCommand [Parameters=[@__cell1_0='?' (Size = 4000)], CommandType='Text', CommandTimeout='120']
      SELECT TOP(1) [t].[DispId], [t].[BillID], [t].[ChallanNo], [t].[DeliveryNum], [t].[Destination], [t].[DisVid], [t].[DispatchDate], [t].[DispatchQuantity], [t].[FinalPrice], [t].[ImagePath], [t].[IsReceived], [t].[Lr], [t].[PartyName], [t].[Shortage], [t].[TotalValue], [t].[UnitPrice], [t].[VehicleNo]
      FROM [TblDispatches] AS [t]
      WHERE [t].[ChallanNo] = @__cell1_0
info: Microsoft.EntityFrameworkCore.Database.Command[20101]
      Executed DbCommand (47ms) [Parameters=[@__cell1_0='?' (Size = 4000)], CommandType='Text', CommandTimeout='120']
      SELECT TOP(1) [t].[DispId], [t].[BillID], [t].[ChallanNo], [t].[DeliveryNum], [t].[Destination], [t].[DisVid], [t].[DispatchDate], [t].[DispatchQuantity], [t].[FinalPrice], [t].[ImagePath], [t].[IsReceived], [t].[Lr], [t].[PartyName], [t].[Shortage], [t].[TotalValue], [t].[UnitPrice], [t].[VehicleNo]
      FROM [TblDispatches] AS [t]
      WHERE [t].[ChallanNo] = @__cell1_0
dbug: Microsoft.EntityFrameworkCore.Database.Command[20300]
      A data reader was disposed.
dbug: Microsoft.EntityFrameworkCore.Database.Connection[20002]
      Closing connection to database 'FinalDb' on server 'MUSAKHAN\SQLEXPRESS'.
dbug: Microsoft.EntityFrameworkCore.Database.Connection[20003]
      Closed connection to database 'FinalDb' on server 'MUSAKHAN\SQLEXPRESS'.
dbug: Microsoft.EntityFrameworkCore.Database.Command[20103]
      Creating DbCommand for 'ExecuteReader'.
dbug: Microsoft.EntityFrameworkCore.Database.Command[20104]
      Created DbCommand for 'ExecuteReader' (2ms).
dbug: Microsoft.EntityFrameworkCore.Database.Connection[20000]
      Opening connection to database 'FinalDb' on server 'MUSAKHAN\SQLEXPRESS'.
dbug: Microsoft.EntityFrameworkCore.Database.Connection[20001]
      Opened connection to database 'FinalDb' on server 'MUSAKHAN\SQLEXPRESS'.
dbug: Microsoft.EntityFrameworkCore.Database.Command[20100]
      Executing DbCommand [Parameters=[@__cell1_0='?' (Size = 4000)], CommandType='Text', CommandTimeout='120']
      SELECT TOP(1) [t].[DispId], [t].[BillID], [t].[ChallanNo], [t].[DeliveryNum], [t].[Destination], [t].[DisVid], [t].[DispatchDate], [t].[DispatchQuantity], [t].[FinalPrice], [t].[ImagePath], [t].[IsReceived], [t].[Lr], [t].[PartyName], [t].[Shortage], [t].[TotalValue], [t].[UnitPrice], [t].[VehicleNo]
      FROM [TblDispatches] AS [t]
      WHERE [t].[ChallanNo] = @__cell1_0
info: Microsoft.EntityFrameworkCore.Database.Command[20101]
      Executed DbCommand (6ms) [Parameters=[@__cell1_0='?' (Size = 4000)], CommandType='Text', CommandTimeout='120']
      SELECT TOP(1) [t].[DispId], [t].[BillID], [t].[ChallanNo], [t].[DeliveryNum], [t].[Destination], [t].[DisVid], [t].[DispatchDate], [t].[DispatchQuantity], [t].[FinalPrice], [t].[ImagePath], [t].[IsReceived], [t].[Lr], [t].[PartyName], [t].[Shortage], [t].[TotalValue], [t].[UnitPrice], [t].[VehicleNo]
      FROM [TblDispatches] AS [t]
      WHERE [t].[ChallanNo] = @__cell1_0
dbug: Microsoft.EntityFrameworkCore.Database.Command[20300]
      A data reader was disposed.
dbug: Microsoft.EntityFrameworkCore.Database.Connection[20002]
      Closing connection to database 'FinalDb' on server 'MUSAKHAN\SQLEXPRESS'.
dbug: Microsoft.EntityFrameworkCore.Database.Connection[20003]
      Closed connection to database 'FinalDb' on server 'MUSAKHAN\SQLEXPRESS'.
dbug: Microsoft.EntityFrameworkCore.Database.Command[20103]
      Creating DbCommand for 'ExecuteReader'.
dbug: Microsoft.EntityFrameworkCore.Database.Command[20104]
      Created DbCommand for 'ExecuteReader' (2ms).
dbug: Microsoft.EntityFrameworkCore.Database.Connection[20000]
      Opening connection to database 'FinalDb' on server 'MUSAKHAN\SQLEXPRESS'.
dbug: Microsoft.EntityFrameworkCore.Database.Connection[20001]
      Opened connection to database 'FinalDb' on server 'MUSAKHAN\SQLEXPRESS'.
dbug: Microsoft.EntityFrameworkCore.Database.Command[20100]
      Executing DbCommand [Parameters=[@__cell1_0='?' (Size = 4000)], CommandType='Text', CommandTimeout='120']
      SELECT TOP(1) [t].[DispId], [t].[BillID], [t].[ChallanNo], [t].[DeliveryNum], [t].[Destination], [t].[DisVid], [t].[DispatchDate], [t].[DispatchQuantity], [t].[FinalPrice], [t].[ImagePath], [t].[IsReceived], [t].[Lr], [t].[PartyName], [t].[Shortage], [t].[TotalValue], [t].[UnitPrice], [t].[VehicleNo]
      FROM [TblDispatches] AS [t]
      WHERE [t].[ChallanNo] = @__cell1_0
info: Microsoft.EntityFrameworkCore.Database.Command[20101]
      Executed DbCommand (5ms) [Parameters=[@__cell1_0='?' (Size = 4000)], CommandType='Text', CommandTimeout='120']
      SELECT TOP(1) [t].[DispId], [t].[BillID], [t].[ChallanNo], [t].[DeliveryNum], [t].[Destination], [t].[DisVid], [t].[DispatchDate], [t].[DispatchQuantity], [t].[FinalPrice], [t].[ImagePath], [t].[IsReceived], [t].[Lr], [t].[PartyName], [t].[Shortage], [t].[TotalValue], [t].[UnitPrice], [t].[VehicleNo]
      FROM [TblDispatches] AS [t]
      WHERE [t].[ChallanNo] = @__cell1_0
dbug: Microsoft.EntityFrameworkCore.Database.Command[20300]
      A data reader was disposed.
dbug: Microsoft.EntityFrameworkCore.Database.Connection[20002]
      Closing connection to database 'FinalDb' on server 'MUSAKHAN\SQLEXPRESS'.
dbug: Microsoft.EntityFrameworkCore.Database.Connection[20003]
      Closed connection to database 'FinalDb' on server 'MUSAKHAN\SQLEXPRESS'.
dbug: Microsoft.EntityFrameworkCore.Database.Command[20103]
      Creating DbCommand for 'ExecuteReader'.
dbug: Microsoft.EntityFrameworkCore.Database.Command[20104]
      Created DbCommand for 'ExecuteReader' (1ms).
dbug: Microsoft.EntityFrameworkCore.Database.Connection[20000]
      Opening connection to database 'FinalDb' on server 'MUSAKHAN\SQLEXPRESS'.
dbug: Microsoft.EntityFrameworkCore.Database.Connection[20001]
      Opened connection to database 'FinalDb' on server 'MUSAKHAN\SQLEXPRESS'.
dbug: Microsoft.EntityFrameworkCore.Database.Command[20100]
      Executing DbCommand [Parameters=[@__cell1_0='?' (Size = 4000)], CommandType='Text', CommandTimeout='120']
      SELECT TOP(1) [t].[DispId], [t].[BillID], [t].[ChallanNo], [t].[DeliveryNum], [t].[Destination], [t].[DisVid], [t].[DispatchDate], [t].[DispatchQuantity], [t].[FinalPrice], [t].[ImagePath], [t].[IsReceived], [t].[Lr], [t].[PartyName], [t].[Shortage], [t].[TotalValue], [t].[UnitPrice], [t].[VehicleNo]
      FROM [TblDispatches] AS [t]
      WHERE [t].[ChallanNo] = @__cell1_0
info: Microsoft.EntityFrameworkCore.Database.Command[20101]
      Executed DbCommand (5ms) [Parameters=[@__cell1_0='?' (Size = 4000)], CommandType='Text', CommandTimeout='120']
      SELECT TOP(1) [t].[DispId], [t].[BillID], [t].[ChallanNo], [t].[DeliveryNum], [t].[Destination], [t].[DisVid], [t].[DispatchDate], [t].[DispatchQuantity], [t].[FinalPrice], [t].[ImagePath], [t].[IsReceived], [t].[Lr], [t].[PartyName], [t].[Shortage], [t].[TotalValue], [t].[UnitPrice], [t].[VehicleNo]
      FROM [TblDispatches] AS [t]
      WHERE [t].[ChallanNo] = @__cell1_0
dbug: Microsoft.EntityFrameworkCore.Database.Command[20300]
      A data reader was disposed.
dbug: Microsoft.EntityFrameworkCore.Database.Connection[20002]
      Closing connection to database 'FinalDb' on server 'MUSAKHAN\SQLEXPRESS'.
dbug: Microsoft.EntityFrameworkCore.Database.Connection[20003]
      Closed connection to database 'FinalDb' on server 'MUSAKHAN\SQLEXPRESS'.
dbug: Microsoft.EntityFrameworkCore.Database.Command[20103]
      Creating DbCommand for 'ExecuteReader'.
dbug: Microsoft.EntityFrameworkCore.Database.Command[20104]
      Created DbCommand for 'ExecuteReader' (2ms).
dbug: Microsoft.EntityFrameworkCore.Database.Connection[20000]
      Opening connection to database 'FinalDb' on server 'MUSAKHAN\SQLEXPRESS'.
dbug: Microsoft.EntityFrameworkCore.Database.Connection[20001]
      Opened connection to database 'FinalDb' on server 'MUSAKHAN\SQLEXPRESS'.
dbug: Microsoft.EntityFrameworkCore.Database.Command[20100]
      Executing DbCommand [Parameters=[@__cell1_0='?' (Size = 4000)], CommandType='Text', CommandTimeout='120']
      SELECT TOP(1) [t].[DispId], [t].[BillID], [t].[ChallanNo], [t].[DeliveryNum], [t].[Destination], [t].[DisVid], [t].[DispatchDate], [t].[DispatchQuantity], [t].[FinalPrice], [t].[ImagePath], [t].[IsReceived], [t].[Lr], [t].[PartyName], [t].[Shortage], [t].[TotalValue], [t].[UnitPrice], [t].[VehicleNo]
      FROM [TblDispatches] AS [t]
      WHERE [t].[ChallanNo] = @__cell1_0
info: Microsoft.EntityFrameworkCore.Database.Command[20101]
      Executed DbCommand (5ms) [Parameters=[@__cell1_0='?' (Size = 4000)], CommandType='Text', CommandTimeout='120']
      SELECT TOP(1) [t].[DispId], [t].[BillID], [t].[ChallanNo], [t].[DeliveryNum], [t].[Destination], [t].[DisVid], [t].[DispatchDate], [t].[DispatchQuantity], [t].[FinalPrice], [t].[ImagePath], [t].[IsReceived], [t].[Lr], [t].[PartyName], [t].[Shortage], [t].[TotalValue], [t].[UnitPrice], [t].[VehicleNo]
      FROM [TblDispatches] AS [t]
      WHERE [t].[ChallanNo] = @__cell1_0
dbug: Microsoft.EntityFrameworkCore.Database.Command[20300]
      A data reader was disposed.
dbug: Microsoft.EntityFrameworkCore.Database.Connection[20002]
      Closing connection to database 'FinalDb' on server 'MUSAKHAN\SQLEXPRESS'.
dbug: Microsoft.EntityFrameworkCore.Database.Connection[20003]
      Closed connection to database 'FinalDb' on server 'MUSAKHAN\SQLEXPRESS'.
dbug: Microsoft.EntityFrameworkCore.Database.Command[20103]
      Creating DbCommand for 'ExecuteReader'.
dbug: Microsoft.EntityFrameworkCore.Database.Command[20104]
      Created DbCommand for 'ExecuteReader' (1ms).
dbug: Microsoft.EntityFrameworkCore.Database.Connection[20000]
      Opening connection to database 'FinalDb' on server 'MUSAKHAN\SQLEXPRESS'.
dbug: Microsoft.EntityFrameworkCore.Database.Connection[20001]
      Opened connection to database 'FinalDb' on server 'MUSAKHAN\SQLEXPRESS'.
dbug: Microsoft.EntityFrameworkCore.Database.Command[20100]
      Executing DbCommand [Parameters=[@__cell1_0='?' (Size = 4000)], CommandType='Text', CommandTimeout='120']
      SELECT TOP(1) [t].[DispId], [t].[BillID], [t].[ChallanNo], [t].[DeliveryNum], [t].[Destination], [t].[DisVid], [t].[DispatchDate], [t].[DispatchQuantity], [t].[FinalPrice], [t].[ImagePath], [t].[IsReceived], [t].[Lr], [t].[PartyName], [t].[Shortage], [t].[TotalValue], [t].[UnitPrice], [t].[VehicleNo]
      FROM [TblDispatches] AS [t]
      WHERE [t].[ChallanNo] = @__cell1_0
info: Microsoft.EntityFrameworkCore.Database.Command[20101]
      Executed DbCommand (5ms) [Parameters=[@__cell1_0='?' (Size = 4000)], CommandType='Text', CommandTimeout='120']
      SELECT TOP(1) [t].[DispId], [t].[BillID], [t].[ChallanNo], [t].[DeliveryNum], [t].[Destination], [t].[DisVid], [t].[DispatchDate], [t].[DispatchQuantity], [t].[FinalPrice], [t].[ImagePath], [t].[IsReceived], [t].[Lr], [t].[PartyName], [t].[Shortage], [t].[TotalValue], [t].[UnitPrice], [t].[VehicleNo]
      FROM [TblDispatches] AS [t]
      WHERE [t].[ChallanNo] = @__cell1_0
dbug: Microsoft.EntityFrameworkCore.Database.Command[20300]
      A data reader was disposed.
dbug: Microsoft.EntityFrameworkCore.Database.Connection[20002]
      Closing connection to database 'FinalDb' on server 'MUSAKHAN\SQLEXPRESS'.
dbug: Microsoft.EntityFrameworkCore.Database.Connection[20003]
      Closed connection to database 'FinalDb' on server 'MUSAKHAN\SQLEXPRESS'.
dbug: Microsoft.EntityFrameworkCore.Database.Command[20103]
      Creating DbCommand for 'ExecuteReader'.
dbug: Microsoft.EntityFrameworkCore.Database.Command[20104]
      Created DbCommand for 'ExecuteReader' (1ms).
dbug: Microsoft.EntityFrameworkCore.Database.Connection[20000]
      Opening connection to database 'FinalDb' on server 'MUSAKHAN\SQLEXPRESS'.
dbug: Microsoft.EntityFrameworkCore.Database.Connection[20001]
      Opened connection to database 'FinalDb' on server 'MUSAKHAN\SQLEXPRESS'.
dbug: Microsoft.EntityFrameworkCore.Database.Command[20100]
      Executing DbCommand [Parameters=[@__cell1_0='?' (Size = 4000)], CommandType='Text', CommandTimeout='120']
      SELECT TOP(1) [t].[DispId], [t].[BillID], [t].[ChallanNo], [t].[DeliveryNum], [t].[Destination], [t].[DisVid], [t].[DispatchDate], [t].[DispatchQuantity], [t].[FinalPrice], [t].[ImagePath], [t].[IsReceived], [t].[Lr], [t].[PartyName], [t].[Shortage], [t].[TotalValue], [t].[UnitPrice], [t].[VehicleNo]
      FROM [TblDispatches] AS [t]
      WHERE [t].[ChallanNo] = @__cell1_0
info: Microsoft.EntityFrameworkCore.Database.Command[20101]
      Executed DbCommand (5ms) [Parameters=[@__cell1_0='?' (Size = 4000)], CommandType='Text', CommandTimeout='120']
      SELECT TOP(1) [t].[DispId], [t].[BillID], [t].[ChallanNo], [t].[DeliveryNum], [t].[Destination], [t].[DisVid], [t].[DispatchDate], [t].[DispatchQuantity], [t].[FinalPrice], [t].[ImagePath], [t].[IsReceived], [t].[Lr], [t].[PartyName], [t].[Shortage], [t].[TotalValue], [t].[UnitPrice], [t].[VehicleNo]
      FROM [TblDispatches] AS [t]
      WHERE [t].[ChallanNo] = @__cell1_0
dbug: Microsoft.EntityFrameworkCore.Database.Command[20300]
      A data reader was disposed.
dbug: Microsoft.EntityFrameworkCore.Database.Connection[20002]
      Closing connection to database 'FinalDb' on server 'MUSAKHAN\SQLEXPRESS'.
dbug: Microsoft.EntityFrameworkCore.Database.Connection[20003]
      Closed connection to database 'FinalDb' on server 'MUSAKHAN\SQLEXPRESS'.
dbug: Microsoft.EntityFrameworkCore.Database.Command[20103]
      Creating DbCommand for 'ExecuteReader'.
dbug: Microsoft.EntityFrameworkCore.Database.Command[20104]
      Created DbCommand for 'ExecuteReader' (1ms).
dbug: Microsoft.EntityFrameworkCore.Database.Connection[20000]
      Opening connection to database 'FinalDb' on server 'MUSAKHAN\SQLEXPRESS'.
dbug: Microsoft.EntityFrameworkCore.Database.Connection[20001]
      Opened connection to database 'FinalDb' on server 'MUSAKHAN\SQLEXPRESS'.
dbug: Microsoft.EntityFrameworkCore.Database.Command[20100]
      Executing DbCommand [Parameters=[@__cell1_0='?' (Size = 4000)], CommandType='Text', CommandTimeout='120']
      SELECT TOP(1) [t].[DispId], [t].[BillID], [t].[ChallanNo], [t].[DeliveryNum], [t].[Destination], [t].[DisVid], [t].[DispatchDate], [t].[DispatchQuantity], [t].[FinalPrice], [t].[ImagePath], [t].[IsReceived], [t].[Lr], [t].[PartyName], [t].[Shortage], [t].[TotalValue], [t].[UnitPrice], [t].[VehicleNo]
      FROM [TblDispatches] AS [t]
      WHERE [t].[ChallanNo] = @__cell1_0
info: Microsoft.EntityFrameworkCore.Database.Command[20101]
      Executed DbCommand (4ms) [Parameters=[@__cell1_0='?' (Size = 4000)], CommandType='Text', CommandTimeout='120']
      SELECT TOP(1) [t].[DispId], [t].[BillID], [t].[ChallanNo], [t].[DeliveryNum], [t].[Destination], [t].[DisVid], [t].[DispatchDate], [t].[DispatchQuantity], [t].[FinalPrice], [t].[ImagePath], [t].[IsReceived], [t].[Lr], [t].[PartyName], [t].[Shortage], [t].[TotalValue], [t].[UnitPrice], [t].[VehicleNo]
      FROM [TblDispatches] AS [t]
      WHERE [t].[ChallanNo] = @__cell1_0
dbug: Microsoft.EntityFrameworkCore.Database.Command[20300]
      A data reader was disposed.
dbug: Microsoft.EntityFrameworkCore.Database.Connection[20002]
      Closing connection to database 'FinalDb' on server 'MUSAKHAN\SQLEXPRESS'.
dbug: Microsoft.EntityFrameworkCore.Database.Connection[20003]
      Closed connection to database 'FinalDb' on server 'MUSAKHAN\SQLEXPRESS'.
dbug: Microsoft.EntityFrameworkCore.Database.Command[20103]
      Creating DbCommand for 'ExecuteReader'.
dbug: Microsoft.EntityFrameworkCore.Database.Command[20104]
      Created DbCommand for 'ExecuteReader' (1ms).
dbug: Microsoft.EntityFrameworkCore.Database.Connection[20000]
      Opening connection to database 'FinalDb' on server 'MUSAKHAN\SQLEXPRESS'.
dbug: Microsoft.EntityFrameworkCore.Database.Connection[20001]
      Opened connection to database 'FinalDb' on server 'MUSAKHAN\SQLEXPRESS'.
dbug: Microsoft.EntityFrameworkCore.Database.Command[20100]
      Executing DbCommand [Parameters=[@__cell1_0='?' (Size = 4000)], CommandType='Text', CommandTimeout='120']
      SELECT TOP(1) [t].[DispId], [t].[BillID], [t].[ChallanNo], [t].[DeliveryNum], [t].[Destination], [t].[DisVid], [t].[DispatchDate], [t].[DispatchQuantity], [t].[FinalPrice], [t].[ImagePath], [t].[IsReceived], [t].[Lr], [t].[PartyName], [t].[Shortage], [t].[TotalValue], [t].[UnitPrice], [t].[VehicleNo]
      FROM [TblDispatches] AS [t]
      WHERE [t].[ChallanNo] = @__cell1_0
info: Microsoft.EntityFrameworkCore.Database.Command[20101]
      Executed DbCommand (7ms) [Parameters=[@__cell1_0='?' (Size = 4000)], CommandType='Text', CommandTimeout='120']
      SELECT TOP(1) [t].[DispId], [t].[BillID], [t].[ChallanNo], [t].[DeliveryNum], [t].[Destination], [t].[DisVid], [t].[DispatchDate], [t].[DispatchQuantity], [t].[FinalPrice], [t].[ImagePath], [t].[IsReceived], [t].[Lr], [t].[PartyName], [t].[Shortage], [t].[TotalValue], [t].[UnitPrice], [t].[VehicleNo]
      FROM [TblDispatches] AS [t]
      WHERE [t].[ChallanNo] = @__cell1_0
dbug: Microsoft.EntityFrameworkCore.Database.Command[20300]
      A data reader was disposed.
dbug: Microsoft.EntityFrameworkCore.Database.Connection[20002]
      Closing connection to database 'FinalDb' on server 'MUSAKHAN\SQLEXPRESS'.
dbug: Microsoft.EntityFrameworkCore.Database.Connection[20003]
      Closed connection to database 'FinalDb' on server 'MUSAKHAN\SQLEXPRESS'.
dbug: Microsoft.EntityFrameworkCore.Database.Command[20103]
      Creating DbCommand for 'ExecuteReader'.
dbug: Microsoft.EntityFrameworkCore.Database.Command[20104]
      Created DbCommand for 'ExecuteReader' (1ms).
dbug: Microsoft.EntityFrameworkCore.Database.Connection[20000]
      Opening connection to database 'FinalDb' on server 'MUSAKHAN\SQLEXPRESS'.
dbug: Microsoft.EntityFrameworkCore.Database.Connection[20001]
      Opened connection to database 'FinalDb' on server 'MUSAKHAN\SQLEXPRESS'.
dbug: Microsoft.EntityFrameworkCore.Database.Command[20100]
      Executing DbCommand [Parameters=[@__cell1_0='?' (Size = 4000)], CommandType='Text', CommandTimeout='120']
      SELECT TOP(1) [t].[DispId], [t].[BillID], [t].[ChallanNo], [t].[DeliveryNum], [t].[Destination], [t].[DisVid], [t].[DispatchDate], [t].[DispatchQuantity], [t].[FinalPrice], [t].[ImagePath], [t].[IsReceived], [t].[Lr], [t].[PartyName], [t].[Shortage], [t].[TotalValue], [t].[UnitPrice], [t].[VehicleNo]
      FROM [TblDispatches] AS [t]
      WHERE [t].[ChallanNo] = @__cell1_0
info: Microsoft.EntityFrameworkCore.Database.Command[20101]
      Executed DbCommand (4ms) [Parameters=[@__cell1_0='?' (Size = 4000)], CommandType='Text', CommandTimeout='120']
      SELECT TOP(1) [t].[DispId], [t].[BillID], [t].[ChallanNo], [t].[DeliveryNum], [t].[Destination], [t].[DisVid], [t].[DispatchDate], [t].[DispatchQuantity], [t].[FinalPrice], [t].[ImagePath], [t].[IsReceived], [t].[Lr], [t].[PartyName], [t].[Shortage], [t].[TotalValue], [t].[UnitPrice], [t].[VehicleNo]
      FROM [TblDispatches] AS [t]
      WHERE [t].[ChallanNo] = @__cell1_0
dbug: Microsoft.EntityFrameworkCore.Database.Command[20300]
      A data reader was disposed.
dbug: Microsoft.EntityFrameworkCore.Database.Connection[20002]
      Closing connection to database 'FinalDb' on server 'MUSAKHAN\SQLEXPRESS'.
dbug: Microsoft.EntityFrameworkCore.Database.Connection[20003]
      Closed connection to database 'FinalDb' on server 'MUSAKHAN\SQLEXPRESS'.
dbug: Microsoft.EntityFrameworkCore.Database.Command[20103]
      Creating DbCommand for 'ExecuteReader'.
dbug: Microsoft.EntityFrameworkCore.Database.Command[20104]
      Created DbCommand for 'ExecuteReader' (1ms).
dbug: Microsoft.EntityFrameworkCore.Database.Connection[20000]
      Opening connection to database 'FinalDb' on server 'MUSAKHAN\SQLEXPRESS'.
dbug: Microsoft.EntityFrameworkCore.Database.Connection[20001]
      Opened connection to database 'FinalDb' on server 'MUSAKHAN\SQLEXPRESS'.
dbug: Microsoft.EntityFrameworkCore.Database.Command[20100]
      Executing DbCommand [Parameters=[@__cell1_0='?' (Size = 4000)], CommandType='Text', CommandTimeout='120']
      SELECT TOP(1) [t].[DispId], [t].[BillID], [t].[ChallanNo], [t].[DeliveryNum], [t].[Destination], [t].[DisVid], [t].[DispatchDate], [t].[DispatchQuantity], [t].[FinalPrice], [t].[ImagePath], [t].[IsReceived], [t].[Lr], [t].[PartyName], [t].[Shortage], [t].[TotalValue], [t].[UnitPrice], [t].[VehicleNo]
      FROM [TblDispatches] AS [t]
      WHERE [t].[ChallanNo] = @__cell1_0
info: Microsoft.EntityFrameworkCore.Database.Command[20101]
      Executed DbCommand (5ms) [Parameters=[@__cell1_0='?' (Size = 4000)], CommandType='Text', CommandTimeout='120']
      SELECT TOP(1) [t].[DispId], [t].[BillID], [t].[ChallanNo], [t].[DeliveryNum], [t].[Destination], [t].[DisVid], [t].[DispatchDate], [t].[DispatchQuantity], [t].[FinalPrice], [t].[ImagePath], [t].[IsReceived], [t].[Lr], [t].[PartyName], [t].[Shortage], [t].[TotalValue], [t].[UnitPrice], [t].[VehicleNo]
      FROM [TblDispatches] AS [t]
      WHERE [t].[ChallanNo] = @__cell1_0
dbug: Microsoft.EntityFrameworkCore.Database.Command[20300]
      A data reader was disposed.
dbug: Microsoft.EntityFrameworkCore.Database.Connection[20002]
      Closing connection to database 'FinalDb' on server 'MUSAKHAN\SQLEXPRESS'.
dbug: Microsoft.EntityFrameworkCore.Database.Connection[20003]
      Closed connection to database 'FinalDb' on server 'MUSAKHAN\SQLEXPRESS'.
dbug: Microsoft.EntityFrameworkCore.Database.Command[20103]
      Creating DbCommand for 'ExecuteReader'.
dbug: Microsoft.EntityFrameworkCore.Database.Command[20104]
      Created DbCommand for 'ExecuteReader' (1ms).
dbug: Microsoft.EntityFrameworkCore.Database.Connection[20000]
      Opening connection to database 'FinalDb' on server 'MUSAKHAN\SQLEXPRESS'.
dbug: Microsoft.EntityFrameworkCore.Database.Connection[20001]
      Opened connection to database 'FinalDb' on server 'MUSAKHAN\SQLEXPRESS'.
dbug: Microsoft.EntityFrameworkCore.Database.Command[20100]
      Executing DbCommand [Parameters=[@__cell1_0='?' (Size = 4000)], CommandType='Text', CommandTimeout='120']
      SELECT TOP(1) [t].[DispId], [t].[BillID], [t].[ChallanNo], [t].[DeliveryNum], [t].[Destination], [t].[DisVid], [t].[DispatchDate], [t].[DispatchQuantity], [t].[FinalPrice], [t].[ImagePath], [t].[IsReceived], [t].[Lr], [t].[PartyName], [t].[Shortage], [t].[TotalValue], [t].[UnitPrice], [t].[VehicleNo]
      FROM [TblDispatches] AS [t]
      WHERE [t].[ChallanNo] = @__cell1_0
info: Microsoft.EntityFrameworkCore.Database.Command[20101]
      Executed DbCommand (5ms) [Parameters=[@__cell1_0='?' (Size = 4000)], CommandType='Text', CommandTimeout='120']
      SELECT TOP(1) [t].[DispId], [t].[BillID], [t].[ChallanNo], [t].[DeliveryNum], [t].[Destination], [t].[DisVid], [t].[DispatchDate], [t].[DispatchQuantity], [t].[FinalPrice], [t].[ImagePath], [t].[IsReceived], [t].[Lr], [t].[PartyName], [t].[Shortage], [t].[TotalValue], [t].[UnitPrice], [t].[VehicleNo]
      FROM [TblDispatches] AS [t]
      WHERE [t].[ChallanNo] = @__cell1_0
dbug: Microsoft.EntityFrameworkCore.Database.Command[20300]
      A data reader was disposed.
dbug: Microsoft.EntityFrameworkCore.Database.Connection[20002]
      Closing connection to database 'FinalDb' on server 'MUSAKHAN\SQLEXPRESS'.
dbug: Microsoft.EntityFrameworkCore.Database.Connection[20003]
      Closed connection to database 'FinalDb' on server 'MUSAKHAN\SQLEXPRESS'.
dbug: Microsoft.EntityFrameworkCore.Database.Command[20103]
      Creating DbCommand for 'ExecuteReader'.
dbug: Microsoft.EntityFrameworkCore.Database.Command[20104]
      Created DbCommand for 'ExecuteReader' (1ms).
dbug: Microsoft.EntityFrameworkCore.Database.Connection[20000]
      Opening connection to database 'FinalDb' on server 'MUSAKHAN\SQLEXPRESS'.
dbug: Microsoft.EntityFrameworkCore.Database.Connection[20001]
      Opened connection to database 'FinalDb' on server 'MUSAKHAN\SQLEXPRESS'.
dbug: Microsoft.EntityFrameworkCore.Database.Command[20100]
      Executing DbCommand [Parameters=[@__cell1_0='?' (Size = 4000)], CommandType='Text', CommandTimeout='120']
      SELECT TOP(1) [t].[DispId], [t].[BillID], [t].[ChallanNo], [t].[DeliveryNum], [t].[Destination], [t].[DisVid], [t].[DispatchDate], [t].[DispatchQuantity], [t].[FinalPrice], [t].[ImagePath], [t].[IsReceived], [t].[Lr], [t].[PartyName], [t].[Shortage], [t].[TotalValue], [t].[UnitPrice], [t].[VehicleNo]
      FROM [TblDispatches] AS [t]
      WHERE [t].[ChallanNo] = @__cell1_0
info: Microsoft.EntityFrameworkCore.Database.Command[20101]
      Executed DbCommand (5ms) [Parameters=[@__cell1_0='?' (Size = 4000)], CommandType='Text', CommandTimeout='120']
      SELECT TOP(1) [t].[DispId], [t].[BillID], [t].[ChallanNo], [t].[DeliveryNum], [t].[Destination], [t].[DisVid], [t].[DispatchDate], [t].[DispatchQuantity], [t].[FinalPrice], [t].[ImagePath], [t].[IsReceived], [t].[Lr], [t].[PartyName], [t].[Shortage], [t].[TotalValue], [t].[UnitPrice], [t].[VehicleNo]
      FROM [TblDispatches] AS [t]
      WHERE [t].[ChallanNo] = @__cell1_0
dbug: Microsoft.EntityFrameworkCore.Database.Command[20300]
      A data reader was disposed.
dbug: Microsoft.EntityFrameworkCore.Database.Connection[20002]
      Closing connection to database 'FinalDb' on server 'MUSAKHAN\SQLEXPRESS'.
dbug: Microsoft.EntityFrameworkCore.Database.Connection[20003]
      Closed connection to database 'FinalDb' on server 'MUSAKHAN\SQLEXPRESS'.
dbug: Microsoft.EntityFrameworkCore.Database.Command[20103]
      Creating DbCommand for 'ExecuteReader'.
dbug: Microsoft.EntityFrameworkCore.Database.Command[20104]
      Created DbCommand for 'ExecuteReader' (1ms).
dbug: Microsoft.EntityFrameworkCore.Database.Connection[20000]
      Opening connection to database 'FinalDb' on server 'MUSAKHAN\SQLEXPRESS'.
dbug: Microsoft.EntityFrameworkCore.Database.Connection[20001]
      Opened connection to database 'FinalDb' on server 'MUSAKHAN\SQLEXPRESS'.
dbug: Microsoft.EntityFrameworkCore.Database.Command[20100]
      Executing DbCommand [Parameters=[@__cell1_0='?' (Size = 4000)], CommandType='Text', CommandTimeout='120']
      SELECT TOP(1) [t].[DispId], [t].[BillID], [t].[ChallanNo], [t].[DeliveryNum], [t].[Destination], [t].[DisVid], [t].[DispatchDate], [t].[DispatchQuantity], [t].[FinalPrice], [t].[ImagePath], [t].[IsReceived], [t].[Lr], [t].[PartyName], [t].[Shortage], [t].[TotalValue], [t].[UnitPrice], [t].[VehicleNo]
      FROM [TblDispatches] AS [t]
      WHERE [t].[ChallanNo] = @__cell1_0
info: Microsoft.EntityFrameworkCore.Database.Command[20101]
      Executed DbCommand (4ms) [Parameters=[@__cell1_0='?' (Size = 4000)], CommandType='Text', CommandTimeout='120']
      SELECT TOP(1) [t].[DispId], [t].[BillID], [t].[ChallanNo], [t].[DeliveryNum], [t].[Destination], [t].[DisVid], [t].[DispatchDate], [t].[DispatchQuantity], [t].[FinalPrice], [t].[ImagePath], [t].[IsReceived], [t].[Lr], [t].[PartyName], [t].[Shortage], [t].[TotalValue], [t].[UnitPrice], [t].[VehicleNo]
      FROM [TblDispatches] AS [t]
      WHERE [t].[ChallanNo] = @__cell1_0
dbug: Microsoft.EntityFrameworkCore.Database.Command[20300]
      A data reader was disposed.
dbug: Microsoft.EntityFrameworkCore.Database.Connection[20002]
      Closing connection to database 'FinalDb' on server 'MUSAKHAN\SQLEXPRESS'.
dbug: Microsoft.EntityFrameworkCore.Database.Connection[20003]
      Closed connection to database 'FinalDb' on server 'MUSAKHAN\SQLEXPRESS'.
dbug: Microsoft.EntityFrameworkCore.Database.Command[20103]
      Creating DbCommand for 'ExecuteReader'.
dbug: Microsoft.EntityFrameworkCore.Database.Command[20104]
      Created DbCommand for 'ExecuteReader' (1ms).
dbug: Microsoft.EntityFrameworkCore.Database.Connection[20000]
      Opening connection to database 'FinalDb' on server 'MUSAKHAN\SQLEXPRESS'.
dbug: Microsoft.EntityFrameworkCore.Database.Connection[20001]
      Opened connection to database 'FinalDb' on server 'MUSAKHAN\SQLEXPRESS'.
dbug: Microsoft.EntityFrameworkCore.Database.Command[20100]
      Executing DbCommand [Parameters=[@__cell1_0='?' (Size = 4000)], CommandType='Text', CommandTimeout='120']
      SELECT TOP(1) [t].[DispId], [t].[BillID], [t].[ChallanNo], [t].[DeliveryNum], [t].[Destination], [t].[DisVid], [t].[DispatchDate], [t].[DispatchQuantity], [t].[FinalPrice], [t].[ImagePath], [t].[IsReceived], [t].[Lr], [t].[PartyName], [t].[Shortage], [t].[TotalValue], [t].[UnitPrice], [t].[VehicleNo]
      FROM [TblDispatches] AS [t]
      WHERE [t].[ChallanNo] = @__cell1_0
info: Microsoft.EntityFrameworkCore.Database.Command[20101]
      Executed DbCommand (5ms) [Parameters=[@__cell1_0='?' (Size = 4000)], CommandType='Text', CommandTimeout='120']
      SELECT TOP(1) [t].[DispId], [t].[BillID], [t].[ChallanNo], [t].[DeliveryNum], [t].[Destination], [t].[DisVid], [t].[DispatchDate], [t].[DispatchQuantity], [t].[FinalPrice], [t].[ImagePath], [t].[IsReceived], [t].[Lr], [t].[PartyName], [t].[Shortage], [t].[TotalValue], [t].[UnitPrice], [t].[VehicleNo]
      FROM [TblDispatches] AS [t]
      WHERE [t].[ChallanNo] = @__cell1_0
dbug: Microsoft.EntityFrameworkCore.Database.Command[20300]
      A data reader was disposed.
dbug: Microsoft.EntityFrameworkCore.Database.Connection[20002]
      Closing connection to database 'FinalDb' on server 'MUSAKHAN\SQLEXPRESS'.
dbug: Microsoft.EntityFrameworkCore.Database.Connection[20003]
      Closed connection to database 'FinalDb' on server 'MUSAKHAN\SQLEXPRESS'.
dbug: Microsoft.EntityFrameworkCore.Database.Command[20103]
      Creating DbCommand for 'ExecuteReader'.
dbug: Microsoft.EntityFrameworkCore.Database.Command[20104]
      Created DbCommand for 'ExecuteReader' (1ms).
dbug: Microsoft.EntityFrameworkCore.Database.Connection[20000]
      Opening connection to database 'FinalDb' on server 'MUSAKHAN\SQLEXPRESS'.
dbug: Microsoft.EntityFrameworkCore.Database.Connection[20001]
      Opened connection to database 'FinalDb' on server 'MUSAKHAN\SQLEXPRESS'.
dbug: Microsoft.EntityFrameworkCore.Database.Command[20100]
      Executing DbCommand [Parameters=[@__cell1_0='?' (Size = 4000)], CommandType='Text', CommandTimeout='120']
      SELECT TOP(1) [t].[DispId], [t].[BillID], [t].[ChallanNo], [t].[DeliveryNum], [t].[Destination], [t].[DisVid], [t].[DispatchDate], [t].[DispatchQuantity], [t].[FinalPrice], [t].[ImagePath], [t].[IsReceived], [t].[Lr], [t].[PartyName], [t].[Shortage], [t].[TotalValue], [t].[UnitPrice], [t].[VehicleNo]
      FROM [TblDispatches] AS [t]
      WHERE [t].[ChallanNo] = @__cell1_0
info: Microsoft.EntityFrameworkCore.Database.Command[20101]
      Executed DbCommand (5ms) [Parameters=[@__cell1_0='?' (Size = 4000)], CommandType='Text', CommandTimeout='120']
      SELECT TOP(1) [t].[DispId], [t].[BillID], [t].[ChallanNo], [t].[DeliveryNum], [t].[Destination], [t].[DisVid], [t].[DispatchDate], [t].[DispatchQuantity], [t].[FinalPrice], [t].[ImagePath], [t].[IsReceived], [t].[Lr], [t].[PartyName], [t].[Shortage], [t].[TotalValue], [t].[UnitPrice], [t].[VehicleNo]
      FROM [TblDispatches] AS [t]
      WHERE [t].[ChallanNo] = @__cell1_0
dbug: Microsoft.EntityFrameworkCore.Database.Command[20300]
      A data reader was disposed.
dbug: Microsoft.EntityFrameworkCore.Database.Connection[20002]
      Closing connection to database 'FinalDb' on server 'MUSAKHAN\SQLEXPRESS'.
dbug: Microsoft.EntityFrameworkCore.Database.Connection[20003]
      Closed connection to database 'FinalDb' on server 'MUSAKHAN\SQLEXPRESS'.
dbug: Microsoft.EntityFrameworkCore.Database.Command[20103]
      Creating DbCommand for 'ExecuteReader'.
dbug: Microsoft.EntityFrameworkCore.Database.Command[20104]
      Created DbCommand for 'ExecuteReader' (1ms).
dbug: Microsoft.EntityFrameworkCore.Database.Connection[20000]
      Opening connection to database 'FinalDb' on server 'MUSAKHAN\SQLEXPRESS'.
dbug: Microsoft.EntityFrameworkCore.Database.Connection[20001]
      Opened connection to database 'FinalDb' on server 'MUSAKHAN\SQLEXPRESS'.
dbug: Microsoft.EntityFrameworkCore.Database.Command[20100]
      Executing DbCommand [Parameters=[@__cell1_0='?' (Size = 4000)], CommandType='Text', CommandTimeout='120']
      SELECT TOP(1) [t].[DispId], [t].[BillID], [t].[ChallanNo], [t].[DeliveryNum], [t].[Destination], [t].[DisVid], [t].[DispatchDate], [t].[DispatchQuantity], [t].[FinalPrice], [t].[ImagePath], [t].[IsReceived], [t].[Lr], [t].[PartyName], [t].[Shortage], [t].[TotalValue], [t].[UnitPrice], [t].[VehicleNo]
      FROM [TblDispatches] AS [t]
      WHERE [t].[ChallanNo] = @__cell1_0
info: Microsoft.EntityFrameworkCore.Database.Command[20101]
      Executed DbCommand (4ms) [Parameters=[@__cell1_0='?' (Size = 4000)], CommandType='Text', CommandTimeout='120']
      SELECT TOP(1) [t].[DispId], [t].[BillID], [t].[ChallanNo], [t].[DeliveryNum], [t].[Destination], [t].[DisVid], [t].[DispatchDate], [t].[DispatchQuantity], [t].[FinalPrice], [t].[ImagePath], [t].[IsReceived], [t].[Lr], [t].[PartyName], [t].[Shortage], [t].[TotalValue], [t].[UnitPrice], [t].[VehicleNo]
      FROM [TblDispatches] AS [t]
      WHERE [t].[ChallanNo] = @__cell1_0
dbug: Microsoft.EntityFrameworkCore.Database.Command[20300]
      A data reader was disposed.
dbug: Microsoft.EntityFrameworkCore.Database.Connection[20002]
      Closing connection to database 'FinalDb' on server 'MUSAKHAN\SQLEXPRESS'.
dbug: Microsoft.EntityFrameworkCore.Database.Connection[20003]
      Closed connection to database 'FinalDb' on server 'MUSAKHAN\SQLEXPRESS'.
dbug: Microsoft.EntityFrameworkCore.Database.Command[20103]
      Creating DbCommand for 'ExecuteReader'.
dbug: Microsoft.EntityFrameworkCore.Database.Command[20104]
      Created DbCommand for 'ExecuteReader' (1ms).
dbug: Microsoft.EntityFrameworkCore.Database.Connection[20000]
      Opening connection to database 'FinalDb' on server 'MUSAKHAN\SQLEXPRESS'.
dbug: Microsoft.EntityFrameworkCore.Database.Connection[20001]
      Opened connection to database 'FinalDb' on server 'MUSAKHAN\SQLEXPRESS'.
dbug: Microsoft.EntityFrameworkCore.Database.Command[20100]
      Executing DbCommand [Parameters=[@__cell1_0='?' (Size = 4000)], CommandType='Text', CommandTimeout='120']
      SELECT TOP(1) [t].[DispId], [t].[BillID], [t].[ChallanNo], [t].[DeliveryNum], [t].[Destination], [t].[DisVid], [t].[DispatchDate], [t].[DispatchQuantity], [t].[FinalPrice], [t].[ImagePath], [t].[IsReceived], [t].[Lr], [t].[PartyName], [t].[Shortage], [t].[TotalValue], [t].[UnitPrice], [t].[VehicleNo]
      FROM [TblDispatches] AS [t]
      WHERE [t].[ChallanNo] = @__cell1_0
info: Microsoft.EntityFrameworkCore.Database.Command[20101]
      Executed DbCommand (4ms) [Parameters=[@__cell1_0='?' (Size = 4000)], CommandType='Text', CommandTimeout='120']
      SELECT TOP(1) [t].[DispId], [t].[BillID], [t].[ChallanNo], [t].[DeliveryNum], [t].[Destination], [t].[DisVid], [t].[DispatchDate], [t].[DispatchQuantity], [t].[FinalPrice], [t].[ImagePath], [t].[IsReceived], [t].[Lr], [t].[PartyName], [t].[Shortage], [t].[TotalValue], [t].[UnitPrice], [t].[VehicleNo]
      FROM [TblDispatches] AS [t]
      WHERE [t].[ChallanNo] = @__cell1_0
dbug: Microsoft.EntityFrameworkCore.Database.Command[20300]
      A data reader was disposed.
dbug: Microsoft.EntityFrameworkCore.Database.Connection[20002]
      Closing connection to database 'FinalDb' on server 'MUSAKHAN\SQLEXPRESS'.
dbug: Microsoft.EntityFrameworkCore.Database.Connection[20003]
      Closed connection to database 'FinalDb' on server 'MUSAKHAN\SQLEXPRESS'.
dbug: Microsoft.EntityFrameworkCore.Database.Command[20103]
      Creating DbCommand for 'ExecuteReader'.
dbug: Microsoft.EntityFrameworkCore.Database.Command[20104]
      Created DbCommand for 'ExecuteReader' (1ms).
dbug: Microsoft.EntityFrameworkCore.Database.Connection[20000]
      Opening connection to database 'FinalDb' on server 'MUSAKHAN\SQLEXPRESS'.
dbug: Microsoft.EntityFrameworkCore.Database.Connection[20001]
      Opened connection to database 'FinalDb' on server 'MUSAKHAN\SQLEXPRESS'.
dbug: Microsoft.EntityFrameworkCore.Database.Command[20100]
      Executing DbCommand [Parameters=[@__cell1_0='?' (Size = 4000)], CommandType='Text', CommandTimeout='120']
      SELECT TOP(1) [t].[DispId], [t].[BillID], [t].[ChallanNo], [t].[DeliveryNum], [t].[Destination], [t].[DisVid], [t].[DispatchDate], [t].[DispatchQuantity], [t].[FinalPrice], [t].[ImagePath], [t].[IsReceived], [t].[Lr], [t].[PartyName], [t].[Shortage], [t].[TotalValue], [t].[UnitPrice], [t].[VehicleNo]
      FROM [TblDispatches] AS [t]
      WHERE [t].[ChallanNo] = @__cell1_0
info: Microsoft.EntityFrameworkCore.Database.Command[20101]
      Executed DbCommand (5ms) [Parameters=[@__cell1_0='?' (Size = 4000)], CommandType='Text', CommandTimeout='120']
      SELECT TOP(1) [t].[DispId], [t].[BillID], [t].[ChallanNo], [t].[DeliveryNum], [t].[Destination], [t].[DisVid], [t].[DispatchDate], [t].[DispatchQuantity], [t].[FinalPrice], [t].[ImagePath], [t].[IsReceived], [t].[Lr], [t].[PartyName], [t].[Shortage], [t].[TotalValue], [t].[UnitPrice], [t].[VehicleNo]
      FROM [TblDispatches] AS [t]
      WHERE [t].[ChallanNo] = @__cell1_0
dbug: Microsoft.EntityFrameworkCore.Database.Command[20300]
      A data reader was disposed.
dbug: Microsoft.EntityFrameworkCore.Database.Connection[20002]
      Closing connection to database 'FinalDb' on server 'MUSAKHAN\SQLEXPRESS'.
dbug: Microsoft.EntityFrameworkCore.Database.Connection[20003]
      Closed connection to database 'FinalDb' on server 'MUSAKHAN\SQLEXPRESS'.
dbug: Microsoft.EntityFrameworkCore.Database.Command[20103]
      Creating DbCommand for 'ExecuteReader'.
dbug: Microsoft.EntityFrameworkCore.Database.Command[20104]
      Created DbCommand for 'ExecuteReader' (1ms).
dbug: Microsoft.EntityFrameworkCore.Database.Connection[20000]
      Opening connection to database 'FinalDb' on server 'MUSAKHAN\SQLEXPRESS'.
dbug: Microsoft.EntityFrameworkCore.Database.Connection[20001]
      Opened connection to database 'FinalDb' on server 'MUSAKHAN\SQLEXPRESS'.
dbug: Microsoft.EntityFrameworkCore.Database.Command[20100]
      Executing DbCommand [Parameters=[@__cell1_0='?' (Size = 4000)], CommandType='Text', CommandTimeout='120']
      SELECT TOP(1) [t].[DispId], [t].[BillID], [t].[ChallanNo], [t].[DeliveryNum], [t].[Destination], [t].[DisVid], [t].[DispatchDate], [t].[DispatchQuantity], [t].[FinalPrice], [t].[ImagePath], [t].[IsReceived], [t].[Lr], [t].[PartyName], [t].[Shortage], [t].[TotalValue], [t].[UnitPrice], [t].[VehicleNo]
      FROM [TblDispatches] AS [t]
      WHERE [t].[ChallanNo] = @__cell1_0
info: Microsoft.EntityFrameworkCore.Database.Command[20101]
      Executed DbCommand (5ms) [Parameters=[@__cell1_0='?' (Size = 4000)], CommandType='Text', CommandTimeout='120']
      SELECT TOP(1) [t].[DispId], [t].[BillID], [t].[ChallanNo], [t].[DeliveryNum], [t].[Destination], [t].[DisVid], [t].[DispatchDate], [t].[DispatchQuantity], [t].[FinalPrice], [t].[ImagePath], [t].[IsReceived], [t].[Lr], [t].[PartyName], [t].[Shortage], [t].[TotalValue], [t].[UnitPrice], [t].[VehicleNo]
      FROM [TblDispatches] AS [t]
      WHERE [t].[ChallanNo] = @__cell1_0
dbug: Microsoft.EntityFrameworkCore.Database.Command[20300]
      A data reader was disposed.
dbug: Microsoft.EntityFrameworkCore.Database.Connection[20002]
      Closing connection to database 'FinalDb' on server 'MUSAKHAN\SQLEXPRESS'.
dbug: Microsoft.EntityFrameworkCore.Database.Connection[20003]
      Closed connection to database 'FinalDb' on server 'MUSAKHAN\SQLEXPRESS'.
dbug: Microsoft.EntityFrameworkCore.Database.Command[20103]
      Creating DbCommand for 'ExecuteReader'.
dbug: Microsoft.EntityFrameworkCore.Database.Command[20104]
      Created DbCommand for 'ExecuteReader' (1ms).
dbug: Microsoft.EntityFrameworkCore.Database.Connection[20000]
      Opening connection to database 'FinalDb' on server 'MUSAKHAN\SQLEXPRESS'.
dbug: Microsoft.EntityFrameworkCore.Database.Connection[20001]
      Opened connection to database 'FinalDb' on server 'MUSAKHAN\SQLEXPRESS'.
dbug: Microsoft.EntityFrameworkCore.Database.Command[20100]
      Executing DbCommand [Parameters=[@__cell1_0='?' (Size = 4000)], CommandType='Text', CommandTimeout='120']
      SELECT TOP(1) [t].[DispId], [t].[BillID], [t].[ChallanNo], [t].[DeliveryNum], [t].[Destination], [t].[DisVid], [t].[DispatchDate], [t].[DispatchQuantity], [t].[FinalPrice], [t].[ImagePath], [t].[IsReceived], [t].[Lr], [t].[PartyName], [t].[Shortage], [t].[TotalValue], [t].[UnitPrice], [t].[VehicleNo]
      FROM [TblDispatches] AS [t]
      WHERE [t].[ChallanNo] = @__cell1_0
info: Microsoft.EntityFrameworkCore.Database.Command[20101]
      Executed DbCommand (5ms) [Parameters=[@__cell1_0='?' (Size = 4000)], CommandType='Text', CommandTimeout='120']
      SELECT TOP(1) [t].[DispId], [t].[BillID], [t].[ChallanNo], [t].[DeliveryNum], [t].[Destination], [t].[DisVid], [t].[DispatchDate], [t].[DispatchQuantity], [t].[FinalPrice], [t].[ImagePath], [t].[IsReceived], [t].[Lr], [t].[PartyName], [t].[Shortage], [t].[TotalValue], [t].[UnitPrice], [t].[VehicleNo]
      FROM [TblDispatches] AS [t]
      WHERE [t].[ChallanNo] = @__cell1_0
dbug: Microsoft.EntityFrameworkCore.Database.Command[20300]
      A data reader was disposed.
dbug: Microsoft.EntityFrameworkCore.Database.Connection[20002]
      Closing connection to database 'FinalDb' on server 'MUSAKHAN\SQLEXPRESS'.
dbug: Microsoft.EntityFrameworkCore.Database.Connection[20003]
      Closed connection to database 'FinalDb' on server 'MUSAKHAN\SQLEXPRESS'.
dbug: Microsoft.EntityFrameworkCore.Database.Command[20103]
      Creating DbCommand for 'ExecuteReader'.
dbug: Microsoft.EntityFrameworkCore.Database.Command[20104]
      Created DbCommand for 'ExecuteReader' (2ms).
dbug: Microsoft.EntityFrameworkCore.Database.Connection[20000]
      Opening connection to database 'FinalDb' on server 'MUSAKHAN\SQLEXPRESS'.
dbug: Microsoft.EntityFrameworkCore.Database.Connection[20001]
      Opened connection to database 'FinalDb' on server 'MUSAKHAN\SQLEXPRESS'.
dbug: Microsoft.EntityFrameworkCore.Database.Command[20100]
      Executing DbCommand [Parameters=[@__cell1_0='?' (Size = 4000)], CommandType='Text', CommandTimeout='120']
      SELECT TOP(1) [t].[DispId], [t].[BillID], [t].[ChallanNo], [t].[DeliveryNum], [t].[Destination], [t].[DisVid], [t].[DispatchDate], [t].[DispatchQuantity], [t].[FinalPrice], [t].[ImagePath], [t].[IsReceived], [t].[Lr], [t].[PartyName], [t].[Shortage], [t].[TotalValue], [t].[UnitPrice], [t].[VehicleNo]
      FROM [TblDispatches] AS [t]
      WHERE [t].[ChallanNo] = @__cell1_0
info: Microsoft.EntityFrameworkCore.Database.Command[20101]
      Executed DbCommand (5ms) [Parameters=[@__cell1_0='?' (Size = 4000)], CommandType='Text', CommandTimeout='120']
      SELECT TOP(1) [t].[DispId], [t].[BillID], [t].[ChallanNo], [t].[DeliveryNum], [t].[Destination], [t].[DisVid], [t].[DispatchDate], [t].[DispatchQuantity], [t].[FinalPrice], [t].[ImagePath], [t].[IsReceived], [t].[Lr], [t].[PartyName], [t].[Shortage], [t].[TotalValue], [t].[UnitPrice], [t].[VehicleNo]
      FROM [TblDispatches] AS [t]
      WHERE [t].[ChallanNo] = @__cell1_0
dbug: Microsoft.EntityFrameworkCore.Database.Command[20300]
      A data reader was disposed.
dbug: Microsoft.EntityFrameworkCore.Database.Connection[20002]
      Closing connection to database 'FinalDb' on server 'MUSAKHAN\SQLEXPRESS'.
dbug: Microsoft.EntityFrameworkCore.Database.Connection[20003]
      Closed connection to database 'FinalDb' on server 'MUSAKHAN\SQLEXPRESS'.
dbug: Microsoft.EntityFrameworkCore.Database.Command[20103]
      Creating DbCommand for 'ExecuteReader'.
dbug: Microsoft.EntityFrameworkCore.Database.Command[20104]
      Created DbCommand for 'ExecuteReader' (2ms).
dbug: Microsoft.EntityFrameworkCore.Database.Connection[20000]
      Opening connection to database 'FinalDb' on server 'MUSAKHAN\SQLEXPRESS'.
dbug: Microsoft.EntityFrameworkCore.Database.Connection[20001]
      Opened connection to database 'FinalDb' on server 'MUSAKHAN\SQLEXPRESS'.
dbug: Microsoft.EntityFrameworkCore.Database.Command[20100]
      Executing DbCommand [Parameters=[@__cell1_0='?' (Size = 4000)], CommandType='Text', CommandTimeout='120']
      SELECT TOP(1) [t].[DispId], [t].[BillID], [t].[ChallanNo], [t].[DeliveryNum], [t].[Destination], [t].[DisVid], [t].[DispatchDate], [t].[DispatchQuantity], [t].[FinalPrice], [t].[ImagePath], [t].[IsReceived], [t].[Lr], [t].[PartyName], [t].[Shortage], [t].[TotalValue], [t].[UnitPrice], [t].[VehicleNo]
      FROM [TblDispatches] AS [t]
      WHERE [t].[ChallanNo] = @__cell1_0
info: Microsoft.EntityFrameworkCore.Database.Command[20101]
      Executed DbCommand (5ms) [Parameters=[@__cell1_0='?' (Size = 4000)], CommandType='Text', CommandTimeout='120']
      SELECT TOP(1) [t].[DispId], [t].[BillID], [t].[ChallanNo], [t].[DeliveryNum], [t].[Destination], [t].[DisVid], [t].[DispatchDate], [t].[DispatchQuantity], [t].[FinalPrice], [t].[ImagePath], [t].[IsReceived], [t].[Lr], [t].[PartyName], [t].[Shortage], [t].[TotalValue], [t].[UnitPrice], [t].[VehicleNo]
      FROM [TblDispatches] AS [t]
      WHERE [t].[ChallanNo] = @__cell1_0
dbug: Microsoft.EntityFrameworkCore.Database.Command[20300]
      A data reader was disposed.
dbug: Microsoft.EntityFrameworkCore.Database.Connection[20002]
      Closing connection to database 'FinalDb' on server 'MUSAKHAN\SQLEXPRESS'.
dbug: Microsoft.EntityFrameworkCore.Database.Connection[20003]
      Closed connection to database 'FinalDb' on server 'MUSAKHAN\SQLEXPRESS'.
dbug: Microsoft.EntityFrameworkCore.Database.Command[20103]
      Creating DbCommand for 'ExecuteReader'.
dbug: Microsoft.EntityFrameworkCore.Database.Command[20104]
      Created DbCommand for 'ExecuteReader' (1ms).
dbug: Microsoft.EntityFrameworkCore.Database.Connection[20000]
      Opening connection to database 'FinalDb' on server 'MUSAKHAN\SQLEXPRESS'.
dbug: Microsoft.EntityFrameworkCore.Database.Connection[20001]
      Opened connection to database 'FinalDb' on server 'MUSAKHAN\SQLEXPRESS'.
dbug: Microsoft.EntityFrameworkCore.Database.Command[20100]
      Executing DbCommand [Parameters=[@__cell1_0='?' (Size = 4000)], CommandType='Text', CommandTimeout='120']
      SELECT TOP(1) [t].[DispId], [t].[BillID], [t].[ChallanNo], [t].[DeliveryNum], [t].[Destination], [t].[DisVid], [t].[DispatchDate], [t].[DispatchQuantity], [t].[FinalPrice], [t].[ImagePath], [t].[IsReceived], [t].[Lr], [t].[PartyName], [t].[Shortage], [t].[TotalValue], [t].[UnitPrice], [t].[VehicleNo]
      FROM [TblDispatches] AS [t]
      WHERE [t].[ChallanNo] = @__cell1_0
info: Microsoft.EntityFrameworkCore.Database.Command[20101]
      Executed DbCommand (6ms) [Parameters=[@__cell1_0='?' (Size = 4000)], CommandType='Text', CommandTimeout='120']
      SELECT TOP(1) [t].[DispId], [t].[BillID], [t].[ChallanNo], [t].[DeliveryNum], [t].[Destination], [t].[DisVid], [t].[DispatchDate], [t].[DispatchQuantity], [t].[FinalPrice], [t].[ImagePath], [t].[IsReceived], [t].[Lr], [t].[PartyName], [t].[Shortage], [t].[TotalValue], [t].[UnitPrice], [t].[VehicleNo]
      FROM [TblDispatches] AS [t]
      WHERE [t].[ChallanNo] = @__cell1_0
dbug: Microsoft.EntityFrameworkCore.Database.Command[20300]
      A data reader was disposed.
dbug: Microsoft.EntityFrameworkCore.Database.Connection[20002]
      Closing connection to database 'FinalDb' on server 'MUSAKHAN\SQLEXPRESS'.
dbug: Microsoft.EntityFrameworkCore.Database.Connection[20003]
      Closed connection to database 'FinalDb' on server 'MUSAKHAN\SQLEXPRESS'.
dbug: Microsoft.EntityFrameworkCore.Database.Command[20103]
      Creating DbCommand for 'ExecuteReader'.
dbug: Microsoft.EntityFrameworkCore.Database.Command[20104]
      Created DbCommand for 'ExecuteReader' (2ms).
dbug: Microsoft.EntityFrameworkCore.Database.Connection[20000]
      Opening connection to database 'FinalDb' on server 'MUSAKHAN\SQLEXPRESS'.
dbug: Microsoft.EntityFrameworkCore.Database.Connection[20001]
      Opened connection to database 'FinalDb' on server 'MUSAKHAN\SQLEXPRESS'.
dbug: Microsoft.EntityFrameworkCore.Database.Command[20100]
      Executing DbCommand [Parameters=[@__cell1_0='?' (Size = 4000)], CommandType='Text', CommandTimeout='120']
      SELECT TOP(1) [t].[DispId], [t].[BillID], [t].[ChallanNo], [t].[DeliveryNum], [t].[Destination], [t].[DisVid], [t].[DispatchDate], [t].[DispatchQuantity], [t].[FinalPrice], [t].[ImagePath], [t].[IsReceived], [t].[Lr], [t].[PartyName], [t].[Shortage], [t].[TotalValue], [t].[UnitPrice], [t].[VehicleNo]
      FROM [TblDispatches] AS [t]
      WHERE [t].[ChallanNo] = @__cell1_0
info: Microsoft.EntityFrameworkCore.Database.Command[20101]
      Executed DbCommand (6ms) [Parameters=[@__cell1_0='?' (Size = 4000)], CommandType='Text', CommandTimeout='120']
      SELECT TOP(1) [t].[DispId], [t].[BillID], [t].[ChallanNo], [t].[DeliveryNum], [t].[Destination], [t].[DisVid], [t].[DispatchDate], [t].[DispatchQuantity], [t].[FinalPrice], [t].[ImagePath], [t].[IsReceived], [t].[Lr], [t].[PartyName], [t].[Shortage], [t].[TotalValue], [t].[UnitPrice], [t].[VehicleNo]
      FROM [TblDispatches] AS [t]
      WHERE [t].[ChallanNo] = @__cell1_0
dbug: Microsoft.EntityFrameworkCore.Database.Command[20300]
      A data reader was disposed.
dbug: Microsoft.EntityFrameworkCore.Database.Connection[20002]
      Closing connection to database 'FinalDb' on server 'MUSAKHAN\SQLEXPRESS'.
dbug: Microsoft.EntityFrameworkCore.Database.Connection[20003]
      Closed connection to database 'FinalDb' on server 'MUSAKHAN\SQLEXPRESS'.
dbug: Microsoft.EntityFrameworkCore.Database.Command[20103]
      Creating DbCommand for 'ExecuteReader'.
dbug: Microsoft.EntityFrameworkCore.Database.Command[20104]
      Created DbCommand for 'ExecuteReader' (1ms).
dbug: Microsoft.EntityFrameworkCore.Database.Connection[20000]
      Opening connection to database 'FinalDb' on server 'MUSAKHAN\SQLEXPRESS'.
dbug: Microsoft.EntityFrameworkCore.Database.Connection[20001]
      Opened connection to database 'FinalDb' on server 'MUSAKHAN\SQLEXPRESS'.
dbug: Microsoft.EntityFrameworkCore.Database.Command[20100]
      Executing DbCommand [Parameters=[@__cell1_0='?' (Size = 4000)], CommandType='Text', CommandTimeout='120']
      SELECT TOP(1) [t].[DispId], [t].[BillID], [t].[ChallanNo], [t].[DeliveryNum], [t].[Destination], [t].[DisVid], [t].[DispatchDate], [t].[DispatchQuantity], [t].[FinalPrice], [t].[ImagePath], [t].[IsReceived], [t].[Lr], [t].[PartyName], [t].[Shortage], [t].[TotalValue], [t].[UnitPrice], [t].[VehicleNo]
      FROM [TblDispatches] AS [t]
      WHERE [t].[ChallanNo] = @__cell1_0
info: Microsoft.EntityFrameworkCore.Database.Command[20101]
      Executed DbCommand (5ms) [Parameters=[@__cell1_0='?' (Size = 4000)], CommandType='Text', CommandTimeout='120']
      SELECT TOP(1) [t].[DispId], [t].[BillID], [t].[ChallanNo], [t].[DeliveryNum], [t].[Destination], [t].[DisVid], [t].[DispatchDate], [t].[DispatchQuantity], [t].[FinalPrice], [t].[ImagePath], [t].[IsReceived], [t].[Lr], [t].[PartyName], [t].[Shortage], [t].[TotalValue], [t].[UnitPrice], [t].[VehicleNo]
      FROM [TblDispatches] AS [t]
      WHERE [t].[ChallanNo] = @__cell1_0
dbug: Microsoft.EntityFrameworkCore.Database.Command[20300]
      A data reader was disposed.
dbug: Microsoft.EntityFrameworkCore.Database.Connection[20002]
      Closing connection to database 'FinalDb' on server 'MUSAKHAN\SQLEXPRESS'.
dbug: Microsoft.EntityFrameworkCore.Database.Connection[20003]
      Closed connection to database 'FinalDb' on server 'MUSAKHAN\SQLEXPRESS'.
dbug: Microsoft.EntityFrameworkCore.Database.Command[20103]
      Creating DbCommand for 'ExecuteReader'.
dbug: Microsoft.EntityFrameworkCore.Database.Command[20104]
      Created DbCommand for 'ExecuteReader' (1ms).
dbug: Microsoft.EntityFrameworkCore.Database.Connection[20000]
      Opening connection to database 'FinalDb' on server 'MUSAKHAN\SQLEXPRESS'.
dbug: Microsoft.EntityFrameworkCore.Database.Connection[20001]
      Opened connection to database 'FinalDb' on server 'MUSAKHAN\SQLEXPRESS'.
dbug: Microsoft.EntityFrameworkCore.Database.Command[20100]
      Executing DbCommand [Parameters=[@__cell1_0='?' (Size = 4000)], CommandType='Text', CommandTimeout='120']
      SELECT TOP(1) [t].[DispId], [t].[BillID], [t].[ChallanNo], [t].[DeliveryNum], [t].[Destination], [t].[DisVid], [t].[DispatchDate], [t].[DispatchQuantity], [t].[FinalPrice], [t].[ImagePath], [t].[IsReceived], [t].[Lr], [t].[PartyName], [t].[Shortage], [t].[TotalValue], [t].[UnitPrice], [t].[VehicleNo]
      FROM [TblDispatches] AS [t]
      WHERE [t].[ChallanNo] = @__cell1_0
info: Microsoft.EntityFrameworkCore.Database.Command[20101]
      Executed DbCommand (5ms) [Parameters=[@__cell1_0='?' (Size = 4000)], CommandType='Text', CommandTimeout='120']
      SELECT TOP(1) [t].[DispId], [t].[BillID], [t].[ChallanNo], [t].[DeliveryNum], [t].[Destination], [t].[DisVid], [t].[DispatchDate], [t].[DispatchQuantity], [t].[FinalPrice], [t].[ImagePath], [t].[IsReceived], [t].[Lr], [t].[PartyName], [t].[Shortage], [t].[TotalValue], [t].[UnitPrice], [t].[VehicleNo]
      FROM [TblDispatches] AS [t]
      WHERE [t].[ChallanNo] = @__cell1_0
dbug: Microsoft.EntityFrameworkCore.Database.Command[20300]
      A data reader was disposed.
dbug: Microsoft.EntityFrameworkCore.Database.Connection[20002]
      Closing connection to database 'FinalDb' on server 'MUSAKHAN\SQLEXPRESS'.
dbug: Microsoft.EntityFrameworkCore.Database.Connection[20003]
      Closed connection to database 'FinalDb' on server 'MUSAKHAN\SQLEXPRESS'.
dbug: Microsoft.EntityFrameworkCore.Database.Command[20103]
      Creating DbCommand for 'ExecuteReader'.
dbug: Microsoft.EntityFrameworkCore.Database.Command[20104]
      Created DbCommand for 'ExecuteReader' (2ms).
dbug: Microsoft.EntityFrameworkCore.Database.Connection[20000]
      Opening connection to database 'FinalDb' on server 'MUSAKHAN\SQLEXPRESS'.
dbug: Microsoft.EntityFrameworkCore.Database.Connection[20001]
      Opened connection to database 'FinalDb' on server 'MUSAKHAN\SQLEXPRESS'.
dbug: Microsoft.EntityFrameworkCore.Database.Command[20100]
      Executing DbCommand [Parameters=[@__cell1_0='?' (Size = 4000)], CommandType='Text', CommandTimeout='120']
      SELECT TOP(1) [t].[DispId], [t].[BillID], [t].[ChallanNo], [t].[DeliveryNum], [t].[Destination], [t].[DisVid], [t].[DispatchDate], [t].[DispatchQuantity], [t].[FinalPrice], [t].[ImagePath], [t].[IsReceived], [t].[Lr], [t].[PartyName], [t].[Shortage], [t].[TotalValue], [t].[UnitPrice], [t].[VehicleNo]
      FROM [TblDispatches] AS [t]
      WHERE [t].[ChallanNo] = @__cell1_0
info: Microsoft.EntityFrameworkCore.Database.Command[20101]
      Executed DbCommand (5ms) [Parameters=[@__cell1_0='?' (Size = 4000)], CommandType='Text', CommandTimeout='120']
      SELECT TOP(1) [t].[DispId], [t].[BillID], [t].[ChallanNo], [t].[DeliveryNum], [t].[Destination], [t].[DisVid], [t].[DispatchDate], [t].[DispatchQuantity], [t].[FinalPrice], [t].[ImagePath], [t].[IsReceived], [t].[Lr], [t].[PartyName], [t].[Shortage], [t].[TotalValue], [t].[UnitPrice], [t].[VehicleNo]
      FROM [TblDispatches] AS [t]
      WHERE [t].[ChallanNo] = @__cell1_0
dbug: Microsoft.EntityFrameworkCore.Database.Command[20300]
      A data reader was disposed.
dbug: Microsoft.EntityFrameworkCore.Database.Connection[20002]
      Closing connection to database 'FinalDb' on server 'MUSAKHAN\SQLEXPRESS'.
dbug: Microsoft.EntityFrameworkCore.Database.Connection[20003]
      Closed connection to database 'FinalDb' on server 'MUSAKHAN\SQLEXPRESS'.
dbug: Microsoft.EntityFrameworkCore.Database.Command[20103]
      Creating DbCommand for 'ExecuteReader'.
dbug: Microsoft.EntityFrameworkCore.Database.Command[20104]
      Created DbCommand for 'ExecuteReader' (1ms).
dbug: Microsoft.EntityFrameworkCore.Database.Connection[20000]
      Opening connection to database 'FinalDb' on server 'MUSAKHAN\SQLEXPRESS'.
dbug: Microsoft.EntityFrameworkCore.Database.Connection[20001]
      Opened connection to database 'FinalDb' on server 'MUSAKHAN\SQLEXPRESS'.
dbug: Microsoft.EntityFrameworkCore.Database.Command[20100]
      Executing DbCommand [Parameters=[@__cell1_0='?' (Size = 4000)], CommandType='Text', CommandTimeout='120']
      SELECT TOP(1) [t].[DispId], [t].[BillID], [t].[ChallanNo], [t].[DeliveryNum], [t].[Destination], [t].[DisVid], [t].[DispatchDate], [t].[DispatchQuantity], [t].[FinalPrice], [t].[ImagePath], [t].[IsReceived], [t].[Lr], [t].[PartyName], [t].[Shortage], [t].[TotalValue], [t].[UnitPrice], [t].[VehicleNo]
      FROM [TblDispatches] AS [t]
      WHERE [t].[ChallanNo] = @__cell1_0
info: Microsoft.EntityFrameworkCore.Database.Command[20101]
      Executed DbCommand (4ms) [Parameters=[@__cell1_0='?' (Size = 4000)], CommandType='Text', CommandTimeout='120']
      SELECT TOP(1) [t].[DispId], [t].[BillID], [t].[ChallanNo], [t].[DeliveryNum], [t].[Destination], [t].[DisVid], [t].[DispatchDate], [t].[DispatchQuantity], [t].[FinalPrice], [t].[ImagePath], [t].[IsReceived], [t].[Lr], [t].[PartyName], [t].[Shortage], [t].[TotalValue], [t].[UnitPrice], [t].[VehicleNo]
      FROM [TblDispatches] AS [t]
      WHERE [t].[ChallanNo] = @__cell1_0
dbug: Microsoft.EntityFrameworkCore.Database.Command[20300]
      A data reader was disposed.
dbug: Microsoft.EntityFrameworkCore.Database.Connection[20002]
      Closing connection to database 'FinalDb' on server 'MUSAKHAN\SQLEXPRESS'.
dbug: Microsoft.EntityFrameworkCore.Database.Connection[20003]
      Closed connection to database 'FinalDb' on server 'MUSAKHAN\SQLEXPRESS'.
dbug: Microsoft.EntityFrameworkCore.Database.Command[20103]
      Creating DbCommand for 'ExecuteReader'.
dbug: Microsoft.EntityFrameworkCore.Database.Command[20104]
      Created DbCommand for 'ExecuteReader' (2ms).
dbug: Microsoft.EntityFrameworkCore.Database.Connection[20000]
      Opening connection to database 'FinalDb' on server 'MUSAKHAN\SQLEXPRESS'.
dbug: Microsoft.EntityFrameworkCore.Database.Connection[20001]
      Opened connection to database 'FinalDb' on server 'MUSAKHAN\SQLEXPRESS'.
dbug: Microsoft.EntityFrameworkCore.Database.Command[20100]
      Executing DbCommand [Parameters=[@__cell1_0='?' (Size = 4000)], CommandType='Text', CommandTimeout='120']
      SELECT TOP(1) [t].[DispId], [t].[BillID], [t].[ChallanNo], [t].[DeliveryNum], [t].[Destination], [t].[DisVid], [t].[DispatchDate], [t].[DispatchQuantity], [t].[FinalPrice], [t].[ImagePath], [t].[IsReceived], [t].[Lr], [t].[PartyName], [t].[Shortage], [t].[TotalValue], [t].[UnitPrice], [t].[VehicleNo]
      FROM [TblDispatches] AS [t]
      WHERE [t].[ChallanNo] = @__cell1_0
info: Microsoft.EntityFrameworkCore.Database.Command[20101]
      Executed DbCommand (5ms) [Parameters=[@__cell1_0='?' (Size = 4000)], CommandType='Text', CommandTimeout='120']
      SELECT TOP(1) [t].[DispId], [t].[BillID], [t].[ChallanNo], [t].[DeliveryNum], [t].[Destination], [t].[DisVid], [t].[DispatchDate], [t].[DispatchQuantity], [t].[FinalPrice], [t].[ImagePath], [t].[IsReceived], [t].[Lr], [t].[PartyName], [t].[Shortage], [t].[TotalValue], [t].[UnitPrice], [t].[VehicleNo]
      FROM [TblDispatches] AS [t]
      WHERE [t].[ChallanNo] = @__cell1_0
dbug: Microsoft.EntityFrameworkCore.Database.Command[20300]
      A data reader was disposed.
dbug: Microsoft.EntityFrameworkCore.Database.Connection[20002]
      Closing connection to database 'FinalDb' on server 'MUSAKHAN\SQLEXPRESS'.
dbug: Microsoft.EntityFrameworkCore.Database.Connection[20003]
      Closed connection to database 'FinalDb' on server 'MUSAKHAN\SQLEXPRESS'.
dbug: Microsoft.EntityFrameworkCore.Database.Command[20103]
      Creating DbCommand for 'ExecuteReader'.
dbug: Microsoft.EntityFrameworkCore.Database.Command[20104]
      Created DbCommand for 'ExecuteReader' (2ms).
dbug: Microsoft.EntityFrameworkCore.Database.Connection[20000]
      Opening connection to database 'FinalDb' on server 'MUSAKHAN\SQLEXPRESS'.
dbug: Microsoft.EntityFrameworkCore.Database.Connection[20001]
      Opened connection to database 'FinalDb' on server 'MUSAKHAN\SQLEXPRESS'.
dbug: Microsoft.EntityFrameworkCore.Database.Command[20100]
      Executing DbCommand [Parameters=[@__cell1_0='?' (Size = 4000)], CommandType='Text', CommandTimeout='120']
      SELECT TOP(1) [t].[DispId], [t].[BillID], [t].[ChallanNo], [t].[DeliveryNum], [t].[Destination], [t].[DisVid], [t].[DispatchDate], [t].[DispatchQuantity], [t].[FinalPrice], [t].[ImagePath], [t].[IsReceived], [t].[Lr], [t].[PartyName], [t].[Shortage], [t].[TotalValue], [t].[UnitPrice], [t].[VehicleNo]
      FROM [TblDispatches] AS [t]
      WHERE [t].[ChallanNo] = @__cell1_0
info: Microsoft.EntityFrameworkCore.Database.Command[20101]
      Executed DbCommand (5ms) [Parameters=[@__cell1_0='?' (Size = 4000)], CommandType='Text', CommandTimeout='120']
      SELECT TOP(1) [t].[DispId], [t].[BillID], [t].[ChallanNo], [t].[DeliveryNum], [t].[Destination], [t].[DisVid], [t].[DispatchDate], [t].[DispatchQuantity], [t].[FinalPrice], [t].[ImagePath], [t].[IsReceived], [t].[Lr], [t].[PartyName], [t].[Shortage], [t].[TotalValue], [t].[UnitPrice], [t].[VehicleNo]
      FROM [TblDispatches] AS [t]
      WHERE [t].[ChallanNo] = @__cell1_0
dbug: Microsoft.EntityFrameworkCore.Database.Command[20300]
      A data reader was disposed.
dbug: Microsoft.EntityFrameworkCore.Database.Connection[20002]
      Closing connection to database 'FinalDb' on server 'MUSAKHAN\SQLEXPRESS'.
dbug: Microsoft.EntityFrameworkCore.Database.Connection[20003]
      Closed connection to database 'FinalDb' on server 'MUSAKHAN\SQLEXPRESS'.
dbug: Microsoft.EntityFrameworkCore.Database.Command[20103]
      Creating DbCommand for 'ExecuteReader'.
dbug: Microsoft.EntityFrameworkCore.Database.Command[20104]
      Created DbCommand for 'ExecuteReader' (2ms).
dbug: Microsoft.EntityFrameworkCore.Database.Connection[20000]
      Opening connection to database 'FinalDb' on server 'MUSAKHAN\SQLEXPRESS'.
dbug: Microsoft.EntityFrameworkCore.Database.Connection[20001]
      Opened connection to database 'FinalDb' on server 'MUSAKHAN\SQLEXPRESS'.
dbug: Microsoft.EntityFrameworkCore.Database.Command[20100]
      Executing DbCommand [Parameters=[@__cell1_0='?' (Size = 4000)], CommandType='Text', CommandTimeout='120']
      SELECT TOP(1) [t].[DispId], [t].[BillID], [t].[ChallanNo], [t].[DeliveryNum], [t].[Destination], [t].[DisVid], [t].[DispatchDate], [t].[DispatchQuantity], [t].[FinalPrice], [t].[ImagePath], [t].[IsReceived], [t].[Lr], [t].[PartyName], [t].[Shortage], [t].[TotalValue], [t].[UnitPrice], [t].[VehicleNo]
      FROM [TblDispatches] AS [t]
      WHERE [t].[ChallanNo] = @__cell1_0
info: Microsoft.EntityFrameworkCore.Database.Command[20101]
      Executed DbCommand (5ms) [Parameters=[@__cell1_0='?' (Size = 4000)], CommandType='Text', CommandTimeout='120']
      SELECT TOP(1) [t].[DispId], [t].[BillID], [t].[ChallanNo], [t].[DeliveryNum], [t].[Destination], [t].[DisVid], [t].[DispatchDate], [t].[DispatchQuantity], [t].[FinalPrice], [t].[ImagePath], [t].[IsReceived], [t].[Lr], [t].[PartyName], [t].[Shortage], [t].[TotalValue], [t].[UnitPrice], [t].[VehicleNo]
      FROM [TblDispatches] AS [t]
      WHERE [t].[ChallanNo] = @__cell1_0
dbug: Microsoft.EntityFrameworkCore.Database.Command[20300]
      A data reader was disposed.
dbug: Microsoft.EntityFrameworkCore.Database.Connection[20002]
      Closing connection to database 'FinalDb' on server 'MUSAKHAN\SQLEXPRESS'.
dbug: Microsoft.EntityFrameworkCore.Database.Connection[20003]
      Closed connection to database 'FinalDb' on server 'MUSAKHAN\SQLEXPRESS'.
dbug: Microsoft.EntityFrameworkCore.Database.Command[20103]
      Creating DbCommand for 'ExecuteReader'.
dbug: Microsoft.EntityFrameworkCore.Database.Command[20104]
      Created DbCommand for 'ExecuteReader' (2ms).
dbug: Microsoft.EntityFrameworkCore.Database.Connection[20000]
      Opening connection to database 'FinalDb' on server 'MUSAKHAN\SQLEXPRESS'.
dbug: Microsoft.EntityFrameworkCore.Database.Connection[20001]
      Opened connection to database 'FinalDb' on server 'MUSAKHAN\SQLEXPRESS'.
dbug: Microsoft.EntityFrameworkCore.Database.Command[20100]
      Executing DbCommand [Parameters=[@__cell1_0='?' (Size = 4000)], CommandType='Text', CommandTimeout='120']
      SELECT TOP(1) [t].[DispId], [t].[BillID], [t].[ChallanNo], [t].[DeliveryNum], [t].[Destination], [t].[DisVid], [t].[DispatchDate], [t].[DispatchQuantity], [t].[FinalPrice], [t].[ImagePath], [t].[IsReceived], [t].[Lr], [t].[PartyName], [t].[Shortage], [t].[TotalValue], [t].[UnitPrice], [t].[VehicleNo]
      FROM [TblDispatches] AS [t]
      WHERE [t].[ChallanNo] = @__cell1_0
info: Microsoft.EntityFrameworkCore.Database.Command[20101]
      Executed DbCommand (8ms) [Parameters=[@__cell1_0='?' (Size = 4000)], CommandType='Text', CommandTimeout='120']
      SELECT TOP(1) [t].[DispId], [t].[BillID], [t].[ChallanNo], [t].[DeliveryNum], [t].[Destination], [t].[DisVid], [t].[DispatchDate], [t].[DispatchQuantity], [t].[FinalPrice], [t].[ImagePath], [t].[IsReceived], [t].[Lr], [t].[PartyName], [t].[Shortage], [t].[TotalValue], [t].[UnitPrice], [t].[VehicleNo]
      FROM [TblDispatches] AS [t]
      WHERE [t].[ChallanNo] = @__cell1_0
dbug: Microsoft.EntityFrameworkCore.Database.Command[20300]
      A data reader was disposed.
dbug: Microsoft.EntityFrameworkCore.Database.Connection[20002]
      Closing connection to database 'FinalDb' on server 'MUSAKHAN\SQLEXPRESS'.
dbug: Microsoft.EntityFrameworkCore.Database.Connection[20003]
      Closed connection to database 'FinalDb' on server 'MUSAKHAN\SQLEXPRESS'.
dbug: Microsoft.EntityFrameworkCore.Database.Command[20103]
      Creating DbCommand for 'ExecuteReader'.
dbug: Microsoft.EntityFrameworkCore.Database.Command[20104]
      Created DbCommand for 'ExecuteReader' (2ms).
dbug: Microsoft.EntityFrameworkCore.Database.Connection[20000]
      Opening connection to database 'FinalDb' on server 'MUSAKHAN\SQLEXPRESS'.
dbug: Microsoft.EntityFrameworkCore.Database.Connection[20001]
      Opened connection to database 'FinalDb' on server 'MUSAKHAN\SQLEXPRESS'.
dbug: Microsoft.EntityFrameworkCore.Database.Command[20100]
      Executing DbCommand [Parameters=[@__cell1_0='?' (Size = 4000)], CommandType='Text', CommandTimeout='120']
      SELECT TOP(1) [t].[DispId], [t].[BillID], [t].[ChallanNo], [t].[DeliveryNum], [t].[Destination], [t].[DisVid], [t].[DispatchDate], [t].[DispatchQuantity], [t].[FinalPrice], [t].[ImagePath], [t].[IsReceived], [t].[Lr], [t].[PartyName], [t].[Shortage], [t].[TotalValue], [t].[UnitPrice], [t].[VehicleNo]
      FROM [TblDispatches] AS [t]
      WHERE [t].[ChallanNo] = @__cell1_0
info: Microsoft.EntityFrameworkCore.Database.Command[20101]
      Executed DbCommand (5ms) [Parameters=[@__cell1_0='?' (Size = 4000)], CommandType='Text', CommandTimeout='120']
      SELECT TOP(1) [t].[DispId], [t].[BillID], [t].[ChallanNo], [t].[DeliveryNum], [t].[Destination], [t].[DisVid], [t].[DispatchDate], [t].[DispatchQuantity], [t].[FinalPrice], [t].[ImagePath], [t].[IsReceived], [t].[Lr], [t].[PartyName], [t].[Shortage], [t].[TotalValue], [t].[UnitPrice], [t].[VehicleNo]
      FROM [TblDispatches] AS [t]
      WHERE [t].[ChallanNo] = @__cell1_0
dbug: Microsoft.EntityFrameworkCore.Database.Command[20300]
      A data reader was disposed.
dbug: Microsoft.EntityFrameworkCore.Database.Connection[20002]
      Closing connection to database 'FinalDb' on server 'MUSAKHAN\SQLEXPRESS'.
dbug: Microsoft.EntityFrameworkCore.Database.Connection[20003]
      Closed connection to database 'FinalDb' on server 'MUSAKHAN\SQLEXPRESS'.
dbug: Microsoft.EntityFrameworkCore.Database.Command[20103]
      Creating DbCommand for 'ExecuteReader'.
dbug: Microsoft.EntityFrameworkCore.Database.Command[20104]
      Created DbCommand for 'ExecuteReader' (1ms).
dbug: Microsoft.EntityFrameworkCore.Database.Connection[20000]
      Opening connection to database 'FinalDb' on server 'MUSAKHAN\SQLEXPRESS'.
dbug: Microsoft.EntityFrameworkCore.Database.Connection[20001]
      Opened connection to database 'FinalDb' on server 'MUSAKHAN\SQLEXPRESS'.
dbug: Microsoft.EntityFrameworkCore.Database.Command[20100]
      Executing DbCommand [Parameters=[@__cell1_0='?' (Size = 4000)], CommandType='Text', CommandTimeout='120']
      SELECT TOP(1) [t].[DispId], [t].[BillID], [t].[ChallanNo], [t].[DeliveryNum], [t].[Destination], [t].[DisVid], [t].[DispatchDate], [t].[DispatchQuantity], [t].[FinalPrice], [t].[ImagePath], [t].[IsReceived], [t].[Lr], [t].[PartyName], [t].[Shortage], [t].[TotalValue], [t].[UnitPrice], [t].[VehicleNo]
      FROM [TblDispatches] AS [t]
      WHERE [t].[ChallanNo] = @__cell1_0
info: Microsoft.EntityFrameworkCore.Database.Command[20101]
      Executed DbCommand (8ms) [Parameters=[@__cell1_0='?' (Size = 4000)], CommandType='Text', CommandTimeout='120']
      SELECT TOP(1) [t].[DispId], [t].[BillID], [t].[ChallanNo], [t].[DeliveryNum], [t].[Destination], [t].[DisVid], [t].[DispatchDate], [t].[DispatchQuantity], [t].[FinalPrice], [t].[ImagePath], [t].[IsReceived], [t].[Lr], [t].[PartyName], [t].[Shortage], [t].[TotalValue], [t].[UnitPrice], [t].[VehicleNo]
      FROM [TblDispatches] AS [t]
      WHERE [t].[ChallanNo] = @__cell1_0
dbug: Microsoft.EntityFrameworkCore.Database.Command[20300]
      A data reader was disposed.
dbug: Microsoft.EntityFrameworkCore.Database.Connection[20002]
      Closing connection to database 'FinalDb' on server 'MUSAKHAN\SQLEXPRESS'.
dbug: Microsoft.EntityFrameworkCore.Database.Connection[20003]
      Closed connection to database 'FinalDb' on server 'MUSAKHAN\SQLEXPRESS'.
dbug: Microsoft.EntityFrameworkCore.Database.Command[20103]
      Creating DbCommand for 'ExecuteReader'.
dbug: Microsoft.EntityFrameworkCore.Database.Command[20104]
      Created DbCommand for 'ExecuteReader' (2ms).
dbug: Microsoft.EntityFrameworkCore.Database.Connection[20000]
      Opening connection to database 'FinalDb' on server 'MUSAKHAN\SQLEXPRESS'.
dbug: Microsoft.EntityFrameworkCore.Database.Connection[20001]
      Opened connection to database 'FinalDb' on server 'MUSAKHAN\SQLEXPRESS'.
dbug: Microsoft.EntityFrameworkCore.Database.Command[20100]
      Executing DbCommand [Parameters=[@__cell1_0='?' (Size = 4000)], CommandType='Text', CommandTimeout='120']
      SELECT TOP(1) [t].[DispId], [t].[BillID], [t].[ChallanNo], [t].[DeliveryNum], [t].[Destination], [t].[DisVid], [t].[DispatchDate], [t].[DispatchQuantity], [t].[FinalPrice], [t].[ImagePath], [t].[IsReceived], [t].[Lr], [t].[PartyName], [t].[Shortage], [t].[TotalValue], [t].[UnitPrice], [t].[VehicleNo]
      FROM [TblDispatches] AS [t]
      WHERE [t].[ChallanNo] = @__cell1_0
info: Microsoft.EntityFrameworkCore.Database.Command[20101]
      Executed DbCommand (4ms) [Parameters=[@__cell1_0='?' (Size = 4000)], CommandType='Text', CommandTimeout='120']
      SELECT TOP(1) [t].[DispId], [t].[BillID], [t].[ChallanNo], [t].[DeliveryNum], [t].[Destination], [t].[DisVid], [t].[DispatchDate], [t].[DispatchQuantity], [t].[FinalPrice], [t].[ImagePath], [t].[IsReceived], [t].[Lr], [t].[PartyName], [t].[Shortage], [t].[TotalValue], [t].[UnitPrice], [t].[VehicleNo]
      FROM [TblDispatches] AS [t]
      WHERE [t].[ChallanNo] = @__cell1_0
dbug: Microsoft.EntityFrameworkCore.Database.Command[20300]
      A data reader was disposed.
dbug: Microsoft.EntityFrameworkCore.Database.Connection[20002]
      Closing connection to database 'FinalDb' on server 'MUSAKHAN\SQLEXPRESS'.
dbug: Microsoft.EntityFrameworkCore.Database.Connection[20003]
      Closed connection to database 'FinalDb' on server 'MUSAKHAN\SQLEXPRESS'.
dbug: Microsoft.EntityFrameworkCore.Database.Command[20103]
      Creating DbCommand for 'ExecuteReader'.
dbug: Microsoft.EntityFrameworkCore.Database.Command[20104]
      Created DbCommand for 'ExecuteReader' (1ms).
dbug: Microsoft.EntityFrameworkCore.Database.Connection[20000]
      Opening connection to database 'FinalDb' on server 'MUSAKHAN\SQLEXPRESS'.
dbug: Microsoft.EntityFrameworkCore.Database.Connection[20001]
      Opened connection to database 'FinalDb' on server 'MUSAKHAN\SQLEXPRESS'.
dbug: Microsoft.EntityFrameworkCore.Database.Command[20100]
      Executing DbCommand [Parameters=[@__cell1_0='?' (Size = 4000)], CommandType='Text', CommandTimeout='120']
      SELECT TOP(1) [t].[DispId], [t].[BillID], [t].[ChallanNo], [t].[DeliveryNum], [t].[Destination], [t].[DisVid], [t].[DispatchDate], [t].[DispatchQuantity], [t].[FinalPrice], [t].[ImagePath], [t].[IsReceived], [t].[Lr], [t].[PartyName], [t].[Shortage], [t].[TotalValue], [t].[UnitPrice], [t].[VehicleNo]
      FROM [TblDispatches] AS [t]
      WHERE [t].[ChallanNo] = @__cell1_0
info: Microsoft.EntityFrameworkCore.Database.Command[20101]
      Executed DbCommand (5ms) [Parameters=[@__cell1_0='?' (Size = 4000)], CommandType='Text', CommandTimeout='120']
      SELECT TOP(1) [t].[DispId], [t].[BillID], [t].[ChallanNo], [t].[DeliveryNum], [t].[Destination], [t].[DisVid], [t].[DispatchDate], [t].[DispatchQuantity], [t].[FinalPrice], [t].[ImagePath], [t].[IsReceived], [t].[Lr], [t].[PartyName], [t].[Shortage], [t].[TotalValue], [t].[UnitPrice], [t].[VehicleNo]
      FROM [TblDispatches] AS [t]
      WHERE [t].[ChallanNo] = @__cell1_0
dbug: Microsoft.EntityFrameworkCore.Database.Command[20300]
      A data reader was disposed.
dbug: Microsoft.EntityFrameworkCore.Database.Connection[20002]
      Closing connection to database 'FinalDb' on server 'MUSAKHAN\SQLEXPRESS'.
dbug: Microsoft.EntityFrameworkCore.Database.Connection[20003]
      Closed connection to database 'FinalDb' on server 'MUSAKHAN\SQLEXPRESS'.
dbug: Microsoft.EntityFrameworkCore.Database.Command[20103]
      Creating DbCommand for 'ExecuteReader'.
dbug: Microsoft.EntityFrameworkCore.Database.Command[20104]
      Created DbCommand for 'ExecuteReader' (1ms).
dbug: Microsoft.EntityFrameworkCore.Database.Connection[20000]
      Opening connection to database 'FinalDb' on server 'MUSAKHAN\SQLEXPRESS'.
dbug: Microsoft.EntityFrameworkCore.Database.Connection[20001]
      Opened connection to database 'FinalDb' on server 'MUSAKHAN\SQLEXPRESS'.
dbug: Microsoft.EntityFrameworkCore.Database.Command[20100]
      Executing DbCommand [Parameters=[@__cell1_0='?' (Size = 4000)], CommandType='Text', CommandTimeout='120']
      SELECT TOP(1) [t].[DispId], [t].[BillID], [t].[ChallanNo], [t].[DeliveryNum], [t].[Destination], [t].[DisVid], [t].[DispatchDate], [t].[DispatchQuantity], [t].[FinalPrice], [t].[ImagePath], [t].[IsReceived], [t].[Lr], [t].[PartyName], [t].[Shortage], [t].[TotalValue], [t].[UnitPrice], [t].[VehicleNo]
      FROM [TblDispatches] AS [t]
      WHERE [t].[ChallanNo] = @__cell1_0
info: Microsoft.EntityFrameworkCore.Database.Command[20101]
      Executed DbCommand (5ms) [Parameters=[@__cell1_0='?' (Size = 4000)], CommandType='Text', CommandTimeout='120']
      SELECT TOP(1) [t].[DispId], [t].[BillID], [t].[ChallanNo], [t].[DeliveryNum], [t].[Destination], [t].[DisVid], [t].[DispatchDate], [t].[DispatchQuantity], [t].[FinalPrice], [t].[ImagePath], [t].[IsReceived], [t].[Lr], [t].[PartyName], [t].[Shortage], [t].[TotalValue], [t].[UnitPrice], [t].[VehicleNo]
      FROM [TblDispatches] AS [t]
      WHERE [t].[ChallanNo] = @__cell1_0
dbug: Microsoft.EntityFrameworkCore.Database.Command[20300]
      A data reader was disposed.
dbug: Microsoft.EntityFrameworkCore.Database.Connection[20002]
      Closing connection to database 'FinalDb' on server 'MUSAKHAN\SQLEXPRESS'.
dbug: Microsoft.EntityFrameworkCore.Database.Connection[20003]
      Closed connection to database 'FinalDb' on server 'MUSAKHAN\SQLEXPRESS'.
dbug: Microsoft.EntityFrameworkCore.Database.Command[20103]
      Creating DbCommand for 'ExecuteReader'.
dbug: Microsoft.EntityFrameworkCore.Database.Command[20104]
      Created DbCommand for 'ExecuteReader' (1ms).
dbug: Microsoft.EntityFrameworkCore.Database.Connection[20000]
      Opening connection to database 'FinalDb' on server 'MUSAKHAN\SQLEXPRESS'.
dbug: Microsoft.EntityFrameworkCore.Database.Connection[20001]
      Opened connection to database 'FinalDb' on server 'MUSAKHAN\SQLEXPRESS'.
dbug: Microsoft.EntityFrameworkCore.Database.Command[20100]
      Executing DbCommand [Parameters=[@__cell1_0='?' (Size = 4000)], CommandType='Text', CommandTimeout='120']
      SELECT TOP(1) [t].[DispId], [t].[BillID], [t].[ChallanNo], [t].[DeliveryNum], [t].[Destination], [t].[DisVid], [t].[DispatchDate], [t].[DispatchQuantity], [t].[FinalPrice], [t].[ImagePath], [t].[IsReceived], [t].[Lr], [t].[PartyName], [t].[Shortage], [t].[TotalValue], [t].[UnitPrice], [t].[VehicleNo]
      FROM [TblDispatches] AS [t]
      WHERE [t].[ChallanNo] = @__cell1_0
info: Microsoft.EntityFrameworkCore.Database.Command[20101]
      Executed DbCommand (5ms) [Parameters=[@__cell1_0='?' (Size = 4000)], CommandType='Text', CommandTimeout='120']
      SELECT TOP(1) [t].[DispId], [t].[BillID], [t].[ChallanNo], [t].[DeliveryNum], [t].[Destination], [t].[DisVid], [t].[DispatchDate], [t].[DispatchQuantity], [t].[FinalPrice], [t].[ImagePath], [t].[IsReceived], [t].[Lr], [t].[PartyName], [t].[Shortage], [t].[TotalValue], [t].[UnitPrice], [t].[VehicleNo]
      FROM [TblDispatches] AS [t]
      WHERE [t].[ChallanNo] = @__cell1_0
dbug: Microsoft.EntityFrameworkCore.Database.Command[20300]
      A data reader was disposed.
dbug: Microsoft.EntityFrameworkCore.Database.Connection[20002]
      Closing connection to database 'FinalDb' on server 'MUSAKHAN\SQLEXPRESS'.
dbug: Microsoft.EntityFrameworkCore.Database.Connection[20003]
      Closed connection to database 'FinalDb' on server 'MUSAKHAN\SQLEXPRESS'.
dbug: Microsoft.EntityFrameworkCore.Database.Command[20103]
      Creating DbCommand for 'ExecuteReader'.
dbug: Microsoft.EntityFrameworkCore.Database.Command[20104]
      Created DbCommand for 'ExecuteReader' (1ms).
dbug: Microsoft.EntityFrameworkCore.Database.Connection[20000]
      Opening connection to database 'FinalDb' on server 'MUSAKHAN\SQLEXPRESS'.
dbug: Microsoft.EntityFrameworkCore.Database.Connection[20001]
      Opened connection to database 'FinalDb' on server 'MUSAKHAN\SQLEXPRESS'.
dbug: Microsoft.EntityFrameworkCore.Database.Command[20100]
      Executing DbCommand [Parameters=[@__cell1_0='?' (Size = 4000)], CommandType='Text', CommandTimeout='120']
      SELECT TOP(1) [t].[DispId], [t].[BillID], [t].[ChallanNo], [t].[DeliveryNum], [t].[Destination], [t].[DisVid], [t].[DispatchDate], [t].[DispatchQuantity], [t].[FinalPrice], [t].[ImagePath], [t].[IsReceived], [t].[Lr], [t].[PartyName], [t].[Shortage], [t].[TotalValue], [t].[UnitPrice], [t].[VehicleNo]
      FROM [TblDispatches] AS [t]
      WHERE [t].[ChallanNo] = @__cell1_0
info: Microsoft.EntityFrameworkCore.Database.Command[20101]
      Executed DbCommand (5ms) [Parameters=[@__cell1_0='?' (Size = 4000)], CommandType='Text', CommandTimeout='120']
      SELECT TOP(1) [t].[DispId], [t].[BillID], [t].[ChallanNo], [t].[DeliveryNum], [t].[Destination], [t].[DisVid], [t].[DispatchDate], [t].[DispatchQuantity], [t].[FinalPrice], [t].[ImagePath], [t].[IsReceived], [t].[Lr], [t].[PartyName], [t].[Shortage], [t].[TotalValue], [t].[UnitPrice], [t].[VehicleNo]
      FROM [TblDispatches] AS [t]
      WHERE [t].[ChallanNo] = @__cell1_0
dbug: Microsoft.EntityFrameworkCore.Database.Command[20300]
      A data reader was disposed.
dbug: Microsoft.EntityFrameworkCore.Database.Connection[20002]
      Closing connection to database 'FinalDb' on server 'MUSAKHAN\SQLEXPRESS'.
dbug: Microsoft.EntityFrameworkCore.Database.Connection[20003]
      Closed connection to database 'FinalDb' on server 'MUSAKHAN\SQLEXPRESS'.
dbug: Microsoft.EntityFrameworkCore.Database.Command[20103]
      Creating DbCommand for 'ExecuteReader'.
dbug: Microsoft.EntityFrameworkCore.Database.Command[20104]
      Created DbCommand for 'ExecuteReader' (1ms).
dbug: Microsoft.EntityFrameworkCore.Database.Connection[20000]
      Opening connection to database 'FinalDb' on server 'MUSAKHAN\SQLEXPRESS'.
dbug: Microsoft.EntityFrameworkCore.Database.Connection[20001]
      Opened connection to database 'FinalDb' on server 'MUSAKHAN\SQLEXPRESS'.
dbug: Microsoft.EntityFrameworkCore.Database.Command[20100]
      Executing DbCommand [Parameters=[@__cell1_0='?' (Size = 4000)], CommandType='Text', CommandTimeout='120']
      SELECT TOP(1) [t].[DispId], [t].[BillID], [t].[ChallanNo], [t].[DeliveryNum], [t].[Destination], [t].[DisVid], [t].[DispatchDate], [t].[DispatchQuantity], [t].[FinalPrice], [t].[ImagePath], [t].[IsReceived], [t].[Lr], [t].[PartyName], [t].[Shortage], [t].[TotalValue], [t].[UnitPrice], [t].[VehicleNo]
      FROM [TblDispatches] AS [t]
      WHERE [t].[ChallanNo] = @__cell1_0
info: Microsoft.EntityFrameworkCore.Database.Command[20101]
      Executed DbCommand (5ms) [Parameters=[@__cell1_0='?' (Size = 4000)], CommandType='Text', CommandTimeout='120']
      SELECT TOP(1) [t].[DispId], [t].[BillID], [t].[ChallanNo], [t].[DeliveryNum], [t].[Destination], [t].[DisVid], [t].[DispatchDate], [t].[DispatchQuantity], [t].[FinalPrice], [t].[ImagePath], [t].[IsReceived], [t].[Lr], [t].[PartyName], [t].[Shortage], [t].[TotalValue], [t].[UnitPrice], [t].[VehicleNo]
      FROM [TblDispatches] AS [t]
      WHERE [t].[ChallanNo] = @__cell1_0
dbug: Microsoft.EntityFrameworkCore.Database.Command[20300]
      A data reader was disposed.
dbug: Microsoft.EntityFrameworkCore.Database.Connection[20002]
      Closing connection to database 'FinalDb' on server 'MUSAKHAN\SQLEXPRESS'.
dbug: Microsoft.EntityFrameworkCore.Database.Connection[20003]
      Closed connection to database 'FinalDb' on server 'MUSAKHAN\SQLEXPRESS'.
dbug: Microsoft.EntityFrameworkCore.Database.Command[20103]
      Creating DbCommand for 'ExecuteReader'.
dbug: Microsoft.EntityFrameworkCore.Database.Command[20104]
      Created DbCommand for 'ExecuteReader' (1ms).
dbug: Microsoft.EntityFrameworkCore.Database.Connection[20000]
      Opening connection to database 'FinalDb' on server 'MUSAKHAN\SQLEXPRESS'.
dbug: Microsoft.EntityFrameworkCore.Database.Connection[20001]
      Opened connection to database 'FinalDb' on server 'MUSAKHAN\SQLEXPRESS'.
dbug: Microsoft.EntityFrameworkCore.Database.Command[20100]
      Executing DbCommand [Parameters=[@__cell1_0='?' (Size = 4000)], CommandType='Text', CommandTimeout='120']
      SELECT TOP(1) [t].[DispId], [t].[BillID], [t].[ChallanNo], [t].[DeliveryNum], [t].[Destination], [t].[DisVid], [t].[DispatchDate], [t].[DispatchQuantity], [t].[FinalPrice], [t].[ImagePath], [t].[IsReceived], [t].[Lr], [t].[PartyName], [t].[Shortage], [t].[TotalValue], [t].[UnitPrice], [t].[VehicleNo]
      FROM [TblDispatches] AS [t]
      WHERE [t].[ChallanNo] = @__cell1_0
info: Microsoft.EntityFrameworkCore.Database.Command[20101]
      Executed DbCommand (4ms) [Parameters=[@__cell1_0='?' (Size = 4000)], CommandType='Text', CommandTimeout='120']
      SELECT TOP(1) [t].[DispId], [t].[BillID], [t].[ChallanNo], [t].[DeliveryNum], [t].[Destination], [t].[DisVid], [t].[DispatchDate], [t].[DispatchQuantity], [t].[FinalPrice], [t].[ImagePath], [t].[IsReceived], [t].[Lr], [t].[PartyName], [t].[Shortage], [t].[TotalValue], [t].[UnitPrice], [t].[VehicleNo]
      FROM [TblDispatches] AS [t]
      WHERE [t].[ChallanNo] = @__cell1_0
dbug: Microsoft.EntityFrameworkCore.Database.Command[20300]
      A data reader was disposed.
dbug: Microsoft.EntityFrameworkCore.Database.Connection[20002]
      Closing connection to database 'FinalDb' on server 'MUSAKHAN\SQLEXPRESS'.
dbug: Microsoft.EntityFrameworkCore.Database.Connection[20003]
      Closed connection to database 'FinalDb' on server 'MUSAKHAN\SQLEXPRESS'.
dbug: Microsoft.EntityFrameworkCore.ChangeTracking[10808]
      'TransportMgmtContext' generated a temporary value for the property 'DispId.TblDispatch'. Consider using 'DbContextOptionsBuilder.EnableSensitiveDataLogging' to see key values.
dbug: Microsoft.EntityFrameworkCore.ChangeTracking[10806]
      Context 'TransportMgmtContext' started tracking 'TblDispatch' entity. Consider using 'DbContextOptionsBuilder.EnableSensitiveDataLogging' to see key values.
dbug: Microsoft.EntityFrameworkCore.ChangeTracking[10808]
      'TransportMgmtContext' generated a temporary value for the property 'DispId.TblDispatch'. Consider using 'DbContextOptionsBuilder.EnableSensitiveDataLogging' to see key values.
dbug: Microsoft.EntityFrameworkCore.ChangeTracking[10806]
      Context 'TransportMgmtContext' started tracking 'TblDispatch' entity. Consider using 'DbContextOptionsBuilder.EnableSensitiveDataLogging' to see key values.
dbug: Microsoft.EntityFrameworkCore.ChangeTracking[10808]
      'TransportMgmtContext' generated a temporary value for the property 'DispId.TblDispatch'. Consider using 'DbContextOptionsBuilder.EnableSensitiveDataLogging' to see key values.
dbug: Microsoft.EntityFrameworkCore.ChangeTracking[10806]
      Context 'TransportMgmtContext' started tracking 'TblDispatch' entity. Consider using 'DbContextOptionsBuilder.EnableSensitiveDataLogging' to see key values.
dbug: Microsoft.EntityFrameworkCore.ChangeTracking[10808]
      'TransportMgmtContext' generated a temporary value for the property 'DispId.TblDispatch'. Consider using 'DbContextOptionsBuilder.EnableSensitiveDataLogging' to see key values.
dbug: Microsoft.EntityFrameworkCore.ChangeTracking[10806]
      Context 'TransportMgmtContext' started tracking 'TblDispatch' entity. Consider using 'DbContextOptionsBuilder.EnableSensitiveDataLogging' to see key values.
dbug: Microsoft.EntityFrameworkCore.ChangeTracking[10808]
      'TransportMgmtContext' generated a temporary value for the property 'DispId.TblDispatch'. Consider using 'DbContextOptionsBuilder.EnableSensitiveDataLogging' to see key values.
dbug: Microsoft.EntityFrameworkCore.ChangeTracking[10806]
      Context 'TransportMgmtContext' started tracking 'TblDispatch' entity. Consider using 'DbContextOptionsBuilder.EnableSensitiveDataLogging' to see key values.
dbug: Microsoft.EntityFrameworkCore.ChangeTracking[10808]
      'TransportMgmtContext' generated a temporary value for the property 'DispId.TblDispatch'. Consider using 'DbContextOptionsBuilder.EnableSensitiveDataLogging' to see key values.
dbug: Microsoft.EntityFrameworkCore.ChangeTracking[10806]
      Context 'TransportMgmtContext' started tracking 'TblDispatch' entity. Consider using 'DbContextOptionsBuilder.EnableSensitiveDataLogging' to see key values.
dbug: Microsoft.EntityFrameworkCore.ChangeTracking[10808]
      'TransportMgmtContext' generated a temporary value for the property 'DispId.TblDispatch'. Consider using 'DbContextOptionsBuilder.EnableSensitiveDataLogging' to see key values.
dbug: Microsoft.EntityFrameworkCore.ChangeTracking[10806]
      Context 'TransportMgmtContext' started tracking 'TblDispatch' entity. Consider using 'DbContextOptionsBuilder.EnableSensitiveDataLogging' to see key values.
dbug: Microsoft.EntityFrameworkCore.ChangeTracking[10808]
      'TransportMgmtContext' generated a temporary value for the property 'DispId.TblDispatch'. Consider using 'DbContextOptionsBuilder.EnableSensitiveDataLogging' to see key values.
dbug: Microsoft.EntityFrameworkCore.ChangeTracking[10806]
      Context 'TransportMgmtContext' started tracking 'TblDispatch' entity. Consider using 'DbContextOptionsBuilder.EnableSensitiveDataLogging' to see key values.
dbug: Microsoft.EntityFrameworkCore.ChangeTracking[10808]
      'TransportMgmtContext' generated a temporary value for the property 'DispId.TblDispatch'. Consider using 'DbContextOptionsBuilder.EnableSensitiveDataLogging' to see key values.
dbug: Microsoft.EntityFrameworkCore.ChangeTracking[10806]
      Context 'TransportMgmtContext' started tracking 'TblDispatch' entity. Consider using 'DbContextOptionsBuilder.EnableSensitiveDataLogging' to see key values.
dbug: Microsoft.EntityFrameworkCore.ChangeTracking[10808]
      'TransportMgmtContext' generated a temporary value for the property 'DispId.TblDispatch'. Consider using 'DbContextOptionsBuilder.EnableSensitiveDataLogging' to see key values.
dbug: Microsoft.EntityFrameworkCore.ChangeTracking[10806]
      Context 'TransportMgmtContext' started tracking 'TblDispatch' entity. Consider using 'DbContextOptionsBuilder.EnableSensitiveDataLogging' to see key values.
dbug: Microsoft.EntityFrameworkCore.ChangeTracking[10808]
      'TransportMgmtContext' generated a temporary value for the property 'DispId.TblDispatch'. Consider using 'DbContextOptionsBuilder.EnableSensitiveDataLogging' to see key values.
dbug: Microsoft.EntityFrameworkCore.ChangeTracking[10806]
      Context 'TransportMgmtContext' started tracking 'TblDispatch' entity. Consider using 'DbContextOptionsBuilder.EnableSensitiveDataLogging' to see key values.
dbug: Microsoft.EntityFrameworkCore.ChangeTracking[10808]
      'TransportMgmtContext' generated a temporary value for the property 'DispId.TblDispatch'. Consider using 'DbContextOptionsBuilder.EnableSensitiveDataLogging' to see key values.
dbug: Microsoft.EntityFrameworkCore.ChangeTracking[10806]
      Context 'TransportMgmtContext' started tracking 'TblDispatch' entity. Consider using 'DbContextOptionsBuilder.EnableSensitiveDataLogging' to see key values.
dbug: Microsoft.EntityFrameworkCore.ChangeTracking[10808]
      'TransportMgmtContext' generated a temporary value for the property 'DispId.TblDispatch'. Consider using 'DbContextOptionsBuilder.EnableSensitiveDataLogging' to see key values.
dbug: Microsoft.EntityFrameworkCore.ChangeTracking[10806]
      Context 'TransportMgmtContext' started tracking 'TblDispatch' entity. Consider using 'DbContextOptionsBuilder.EnableSensitiveDataLogging' to see key values.
dbug: Microsoft.EntityFrameworkCore.ChangeTracking[10808]
      'TransportMgmtContext' generated a temporary value for the property 'DispId.TblDispatch'. Consider using 'DbContextOptionsBuilder.EnableSensitiveDataLogging' to see key values.
dbug: Microsoft.EntityFrameworkCore.ChangeTracking[10806]
      Context 'TransportMgmtContext' started tracking 'TblDispatch' entity. Consider using 'DbContextOptionsBuilder.EnableSensitiveDataLogging' to see key values.
dbug: Microsoft.EntityFrameworkCore.ChangeTracking[10808]
      'TransportMgmtContext' generated a temporary value for the property 'DispId.TblDispatch'. Consider using 'DbContextOptionsBuilder.EnableSensitiveDataLogging' to see key values.
dbug: Microsoft.EntityFrameworkCore.ChangeTracking[10806]
      Context 'TransportMgmtContext' started tracking 'TblDispatch' entity. Consider using 'DbContextOptionsBuilder.EnableSensitiveDataLogging' to see key values.
dbug: Microsoft.EntityFrameworkCore.ChangeTracking[10808]
      'TransportMgmtContext' generated a temporary value for the property 'DispId.TblDispatch'. Consider using 'DbContextOptionsBuilder.EnableSensitiveDataLogging' to see key values.
dbug: Microsoft.EntityFrameworkCore.ChangeTracking[10806]
      Context 'TransportMgmtContext' started tracking 'TblDispatch' entity. Consider using 'DbContextOptionsBuilder.EnableSensitiveDataLogging' to see key values.
dbug: Microsoft.EntityFrameworkCore.ChangeTracking[10808]
      'TransportMgmtContext' generated a temporary value for the property 'DispId.TblDispatch'. Consider using 'DbContextOptionsBuilder.EnableSensitiveDataLogging' to see key values.
dbug: Microsoft.EntityFrameworkCore.ChangeTracking[10806]
      Context 'TransportMgmtContext' started tracking 'TblDispatch' entity. Consider using 'DbContextOptionsBuilder.EnableSensitiveDataLogging' to see key values.
dbug: Microsoft.EntityFrameworkCore.ChangeTracking[10808]
      'TransportMgmtContext' generated a temporary value for the property 'DispId.TblDispatch'. Consider using 'DbContextOptionsBuilder.EnableSensitiveDataLogging' to see key values.
dbug: Microsoft.EntityFrameworkCore.ChangeTracking[10806]
      Context 'TransportMgmtContext' started tracking 'TblDispatch' entity. Consider using 'DbContextOptionsBuilder.EnableSensitiveDataLogging' to see key values.
dbug: Microsoft.EntityFrameworkCore.ChangeTracking[10808]
      'TransportMgmtContext' generated a temporary value for the property 'DispId.TblDispatch'. Consider using 'DbContextOptionsBuilder.EnableSensitiveDataLogging' to see key values.
dbug: Microsoft.EntityFrameworkCore.ChangeTracking[10806]
      Context 'TransportMgmtContext' started tracking 'TblDispatch' entity. Consider using 'DbContextOptionsBuilder.EnableSensitiveDataLogging' to see key values.
dbug: Microsoft.EntityFrameworkCore.ChangeTracking[10808]
      'TransportMgmtContext' generated a temporary value for the property 'DispId.TblDispatch'. Consider using 'DbContextOptionsBuilder.EnableSensitiveDataLogging' to see key values.
dbug: Microsoft.EntityFrameworkCore.ChangeTracking[10806]
      Context 'TransportMgmtContext' started tracking 'TblDispatch' entity. Consider using 'DbContextOptionsBuilder.EnableSensitiveDataLogging' to see key values.
dbug: Microsoft.EntityFrameworkCore.ChangeTracking[10808]
      'TransportMgmtContext' generated a temporary value for the property 'DispId.TblDispatch'. Consider using 'DbContextOptionsBuilder.EnableSensitiveDataLogging' to see key values.
dbug: Microsoft.EntityFrameworkCore.ChangeTracking[10806]
      Context 'TransportMgmtContext' started tracking 'TblDispatch' entity. Consider using 'DbContextOptionsBuilder.EnableSensitiveDataLogging' to see key values.
dbug: Microsoft.EntityFrameworkCore.ChangeTracking[10808]
      'TransportMgmtContext' generated a temporary value for the property 'DispId.TblDispatch'. Consider using 'DbContextOptionsBuilder.EnableSensitiveDataLogging' to see key values.
dbug: Microsoft.EntityFrameworkCore.ChangeTracking[10806]
      Context 'TransportMgmtContext' started tracking 'TblDispatch' entity. Consider using 'DbContextOptionsBuilder.EnableSensitiveDataLogging' to see key values.
dbug: Microsoft.EntityFrameworkCore.ChangeTracking[10808]
      'TransportMgmtContext' generated a temporary value for the property 'DispId.TblDispatch'. Consider using 'DbContextOptionsBuilder.EnableSensitiveDataLogging' to see key values.
dbug: Microsoft.EntityFrameworkCore.ChangeTracking[10806]
      Context 'TransportMgmtContext' started tracking 'TblDispatch' entity. Consider using 'DbContextOptionsBuilder.EnableSensitiveDataLogging' to see key values.
dbug: Microsoft.EntityFrameworkCore.ChangeTracking[10808]
      'TransportMgmtContext' generated a temporary value for the property 'DispId.TblDispatch'. Consider using 'DbContextOptionsBuilder.EnableSensitiveDataLogging' to see key values.
dbug: Microsoft.EntityFrameworkCore.ChangeTracking[10806]
      Context 'TransportMgmtContext' started tracking 'TblDispatch' entity. Consider using 'DbContextOptionsBuilder.EnableSensitiveDataLogging' to see key values.
dbug: Microsoft.EntityFrameworkCore.ChangeTracking[10808]
      'TransportMgmtContext' generated a temporary value for the property 'DispId.TblDispatch'. Consider using 'DbContextOptionsBuilder.EnableSensitiveDataLogging' to see key values.
dbug: Microsoft.EntityFrameworkCore.ChangeTracking[10806]
      Context 'TransportMgmtContext' started tracking 'TblDispatch' entity. Consider using 'DbContextOptionsBuilder.EnableSensitiveDataLogging' to see key values.
dbug: Microsoft.EntityFrameworkCore.ChangeTracking[10808]
      'TransportMgmtContext' generated a temporary value for the property 'DispId.TblDispatch'. Consider using 'DbContextOptionsBuilder.EnableSensitiveDataLogging' to see key values.
dbug: Microsoft.EntityFrameworkCore.ChangeTracking[10806]
      Context 'TransportMgmtContext' started tracking 'TblDispatch' entity. Consider using 'DbContextOptionsBuilder.EnableSensitiveDataLogging' to see key values.
dbug: Microsoft.EntityFrameworkCore.ChangeTracking[10808]
      'TransportMgmtContext' generated a temporary value for the property 'DispId.TblDispatch'. Consider using 'DbContextOptionsBuilder.EnableSensitiveDataLogging' to see key values.
dbug: Microsoft.EntityFrameworkCore.ChangeTracking[10806]
      Context 'TransportMgmtContext' started tracking 'TblDispatch' entity. Consider using 'DbContextOptionsBuilder.EnableSensitiveDataLogging' to see key values.
dbug: Microsoft.EntityFrameworkCore.ChangeTracking[10808]
      'TransportMgmtContext' generated a temporary value for the property 'DispId.TblDispatch'. Consider using 'DbContextOptionsBuilder.EnableSensitiveDataLogging' to see key values.
dbug: Microsoft.EntityFrameworkCore.ChangeTracking[10806]
      Context 'TransportMgmtContext' started tracking 'TblDispatch' entity. Consider using 'DbContextOptionsBuilder.EnableSensitiveDataLogging' to see key values.
dbug: Microsoft.EntityFrameworkCore.ChangeTracking[10808]
      'TransportMgmtContext' generated a temporary value for the property 'DispId.TblDispatch'. Consider using 'DbContextOptionsBuilder.EnableSensitiveDataLogging' to see key values.
dbug: Microsoft.EntityFrameworkCore.ChangeTracking[10806]
      Context 'TransportMgmtContext' started tracking 'TblDispatch' entity. Consider using 'DbContextOptionsBuilder.EnableSensitiveDataLogging' to see key values.
dbug: Microsoft.EntityFrameworkCore.ChangeTracking[10808]
      'TransportMgmtContext' generated a temporary value for the property 'DispId.TblDispatch'. Consider using 'DbContextOptionsBuilder.EnableSensitiveDataLogging' to see key values.
dbug: Microsoft.EntityFrameworkCore.ChangeTracking[10806]
      Context 'TransportMgmtContext' started tracking 'TblDispatch' entity. Consider using 'DbContextOptionsBuilder.EnableSensitiveDataLogging' to see key values.
dbug: Microsoft.EntityFrameworkCore.ChangeTracking[10808]
      'TransportMgmtContext' generated a temporary value for the property 'DispId.TblDispatch'. Consider using 'DbContextOptionsBuilder.EnableSensitiveDataLogging' to see key values.
dbug: Microsoft.EntityFrameworkCore.ChangeTracking[10806]
      Context 'TransportMgmtContext' started tracking 'TblDispatch' entity. Consider using 'DbContextOptionsBuilder.EnableSensitiveDataLogging' to see key values.
dbug: Microsoft.EntityFrameworkCore.ChangeTracking[10808]
      'TransportMgmtContext' generated a temporary value for the property 'DispId.TblDispatch'. Consider using 'DbContextOptionsBuilder.EnableSensitiveDataLogging' to see key values.
dbug: Microsoft.EntityFrameworkCore.ChangeTracking[10806]
      Context 'TransportMgmtContext' started tracking 'TblDispatch' entity. Consider using 'DbContextOptionsBuilder.EnableSensitiveDataLogging' to see key values.
dbug: Microsoft.EntityFrameworkCore.ChangeTracking[10808]
      'TransportMgmtContext' generated a temporary value for the property 'DispId.TblDispatch'. Consider using 'DbContextOptionsBuilder.EnableSensitiveDataLogging' to see key values.
dbug: Microsoft.EntityFrameworkCore.ChangeTracking[10806]
      Context 'TransportMgmtContext' started tracking 'TblDispatch' entity. Consider using 'DbContextOptionsBuilder.EnableSensitiveDataLogging' to see key values.
dbug: Microsoft.EntityFrameworkCore.ChangeTracking[10808]
      'TransportMgmtContext' generated a temporary value for the property 'DispId.TblDispatch'. Consider using 'DbContextOptionsBuilder.EnableSensitiveDataLogging' to see key values.
dbug: Microsoft.EntityFrameworkCore.ChangeTracking[10806]
      Context 'TransportMgmtContext' started tracking 'TblDispatch' entity. Consider using 'DbContextOptionsBuilder.EnableSensitiveDataLogging' to see key values.
dbug: Microsoft.EntityFrameworkCore.ChangeTracking[10808]
      'TransportMgmtContext' generated a temporary value for the property 'DispId.TblDispatch'. Consider using 'DbContextOptionsBuilder.EnableSensitiveDataLogging' to see key values.
dbug: Microsoft.EntityFrameworkCore.ChangeTracking[10806]
      Context 'TransportMgmtContext' started tracking 'TblDispatch' entity. Consider using 'DbContextOptionsBuilder.EnableSensitiveDataLogging' to see key values.
dbug: Microsoft.EntityFrameworkCore.ChangeTracking[10808]
      'TransportMgmtContext' generated a temporary value for the property 'DispId.TblDispatch'. Consider using 'DbContextOptionsBuilder.EnableSensitiveDataLogging' to see key values.
dbug: Microsoft.EntityFrameworkCore.ChangeTracking[10806]
      Context 'TransportMgmtContext' started tracking 'TblDispatch' entity. Consider using 'DbContextOptionsBuilder.EnableSensitiveDataLogging' to see key values.
dbug: Microsoft.EntityFrameworkCore.ChangeTracking[10808]
      'TransportMgmtContext' generated a temporary value for the property 'DispId.TblDispatch'. Consider using 'DbContextOptionsBuilder.EnableSensitiveDataLogging' to see key values.
dbug: Microsoft.EntityFrameworkCore.ChangeTracking[10806]
      Context 'TransportMgmtContext' started tracking 'TblDispatch' entity. Consider using 'DbContextOptionsBuilder.EnableSensitiveDataLogging' to see key values.
dbug: Microsoft.EntityFrameworkCore.ChangeTracking[10808]
      'TransportMgmtContext' generated a temporary value for the property 'DispId.TblDispatch'. Consider using 'DbContextOptionsBuilder.EnableSensitiveDataLogging' to see key values.
dbug: Microsoft.EntityFrameworkCore.ChangeTracking[10806]
      Context 'TransportMgmtContext' started tracking 'TblDispatch' entity. Consider using 'DbContextOptionsBuilder.EnableSensitiveDataLogging' to see key values.
dbug: Microsoft.EntityFrameworkCore.ChangeTracking[10808]
      'TransportMgmtContext' generated a temporary value for the property 'DispId.TblDispatch'. Consider using 'DbContextOptionsBuilder.EnableSensitiveDataLogging' to see key values.
dbug: Microsoft.EntityFrameworkCore.ChangeTracking[10806]
      Context 'TransportMgmtContext' started tracking 'TblDispatch' entity. Consider using 'DbContextOptionsBuilder.EnableSensitiveDataLogging' to see key values.
dbug: Microsoft.EntityFrameworkCore.ChangeTracking[10808]
      'TransportMgmtContext' generated a temporary value for the property 'DispId.TblDispatch'. Consider using 'DbContextOptionsBuilder.EnableSensitiveDataLogging' to see key values.
dbug: Microsoft.EntityFrameworkCore.ChangeTracking[10806]
      Context 'TransportMgmtContext' started tracking 'TblDispatch' entity. Consider using 'DbContextOptionsBuilder.EnableSensitiveDataLogging' to see key values.
dbug: Microsoft.EntityFrameworkCore.ChangeTracking[10808]
      'TransportMgmtContext' generated a temporary value for the property 'DispId.TblDispatch'. Consider using 'DbContextOptionsBuilder.EnableSensitiveDataLogging' to see key values.
dbug: Microsoft.EntityFrameworkCore.ChangeTracking[10806]
      Context 'TransportMgmtContext' started tracking 'TblDispatch' entity. Consider using 'DbContextOptionsBuilder.EnableSensitiveDataLogging' to see key values.
dbug: Microsoft.EntityFrameworkCore.ChangeTracking[10808]
      'TransportMgmtContext' generated a temporary value for the property 'DispId.TblDispatch'. Consider using 'DbContextOptionsBuilder.EnableSensitiveDataLogging' to see key values.
dbug: Microsoft.EntityFrameworkCore.ChangeTracking[10806]
      Context 'TransportMgmtContext' started tracking 'TblDispatch' entity. Consider using 'DbContextOptionsBuilder.EnableSensitiveDataLogging' to see key values.
dbug: Microsoft.EntityFrameworkCore.Update[10004]
      SaveChanges starting for 'TransportMgmtContext'.
dbug: Microsoft.EntityFrameworkCore.ChangeTracking[10800]
      DetectChanges starting for 'TransportMgmtContext'.
dbug: Microsoft.EntityFrameworkCore.ChangeTracking[10801]
      DetectChanges completed for 'TransportMgmtContext'.
dbug: Microsoft.EntityFrameworkCore.Database.Connection[20000]
      Opening connection to database 'FinalDb' on server 'MUSAKHAN\SQLEXPRESS'.
dbug: Microsoft.EntityFrameworkCore.Database.Connection[20001]
      Opened connection to database 'FinalDb' on server 'MUSAKHAN\SQLEXPRESS'.
dbug: Microsoft.EntityFrameworkCore.Database.Transaction[20209]
      Beginning transaction with isolation level 'Unspecified'.
dbug: Microsoft.EntityFrameworkCore.Database.Transaction[20200]
      Began transaction with isolation level 'ReadCommitted'.
dbug: Microsoft.EntityFrameworkCore.Update[20700]
      Executing 42 update commands as a batch.
dbug: Microsoft.EntityFrameworkCore.Database.Command[20103]
      Creating DbCommand for 'ExecuteReader'.
dbug: Microsoft.EntityFrameworkCore.Database.Command[20104]
      Created DbCommand for 'ExecuteReader' (2ms).
dbug: Microsoft.EntityFrameworkCore.Database.Command[20100]
      Executing DbCommand [Parameters=[@p0='?' (DbType = Int32), @p1='?' (Size = 4000), @p2='?' (Size = 4000), @p3='?' (Size = 4000), @p4='?' (DbType = Int32), @p5='?' (DbType = DateTime2), @p6='?' (DbType = Double), @p7='?' (DbType = Double), @p8='?' (Size = 4000), @p9='?' (DbType = Boolean), @p10='?' (Size = 4000), @p11='?' (Size = 4000), @p12='?' (DbType = Int32), @p13='?' (DbType = Double), @p14='?' (DbType = Double), @p15='?' (Size = 4000), @p16='?' (DbType = Int32), @p17='?' (Size = 4000), @p18='?' (Size = 4000), @p19='?' (Size = 4000), @p20='?' (DbType = Int32), @p21='?' (DbType = DateTime2), @p22='?' (DbType = Double), @p23='?' (DbType = Double), @p24='?' (Size = 4000), @p25='?' (DbType = Boolean), @p26='?' (Size = 4000), @p27='?' (Size = 4000), @p28='?' (DbType = Int32), @p29='?' (DbType = Double), @p30='?' (DbType = Double), @p31='?' (Size = 4000), @p32='?' (DbType = Int32), @p33='?' (Size = 4000), @p34='?' (Size = 4000), @p35='?' (Size = 4000), @p36='?' (DbType = Int32), @p37='?' (DbType = DateTime2), @p38='?' (DbType = Double), @p39='?' (DbType = Double), @p40='?' (Size = 4000), @p41='?' (DbType = Boolean), @p42='?' (Size = 4000), @p43='?' (Size = 4000), @p44='?' (DbType = Int32), @p45='?' (DbType = Double), @p46='?' (DbType = Double), @p47='?' (Size = 4000), @p48='?' (DbType = Int32), @p49='?' (Size = 4000), @p50='?' (Size = 4000), @p51='?' (Size = 4000), @p52='?' (DbType = Int32), @p53='?' (DbType = DateTime2), @p54='?' (DbType = Double), @p55='?' (DbType = Double), @p56='?' (Size = 4000), @p57='?' (DbType = Boolean), @p58='?' (Size = 4000), @p59='?' (Size = 4000), @p60='?' (DbType = Int32), @p61='?' (DbType = Double), @p62='?' (DbType = Double), @p63='?' (Size = 4000), @p64='?' (DbType = Int32), @p65='?' (Size = 4000), @p66='?' (Size = 4000), @p67='?' (Size = 4000), @p68='?' (DbType = Int32), @p69='?' (DbType = DateTime2), @p70='?' (DbType = Double), @p71='?' (DbType = Double), @p72='?' (Size = 4000), @p73='?' (DbType = Boolean), @p74='?' (Size = 4000), @p75='?' (Size = 4000), @p76='?' (DbType = Int32), @p77='?' (DbType = Double), @p78='?' (DbType = Double), @p79='?' (Size = 4000), @p80='?' (DbType = Int32), @p81='?' (Size = 4000), @p82='?' (Size = 4000), @p83='?' (Size = 4000), @p84='?' (DbType = Int32), @p85='?' (DbType = DateTime2), @p86='?' (DbType = Double), @p87='?' (DbType = Double), @p88='?' (Size = 4000), @p89='?' (DbType = Boolean), @p90='?' (Size = 4000), @p91='?' (Size = 4000), @p92='?' (DbType = Int32), @p93='?' (DbType = Double), @p94='?' (DbType = Double), @p95='?' (Size = 4000), @p96='?' (DbType = Int32), @p97='?' (Size = 4000), @p98='?' (Size = 4000), @p99='?' (Size = 4000), @p100='?' (DbType = Int32), @p101='?' (DbType = DateTime2), @p102='?' (DbType = Double), @p103='?' (DbType = Double), @p104='?' (Size = 4000), @p105='?' (DbType = Boolean), @p106='?' (Size = 4000), @p107='?' (Size = 4000), @p108='?' (DbType = Int32), @p109='?' (DbType = Double), @p110='?' (DbType = Double), @p111='?' (Size = 4000), @p112='?' (DbType = Int32), @p113='?' (Size = 4000), @p114='?' (Size = 4000), @p115='?' (Size = 4000), @p116='?' (DbType = Int32), @p117='?' (DbType = DateTime2), @p118='?' (DbType = Double), @p119='?' (DbType = Double), @p120='?' (Size = 4000), @p121='?' (DbType = Boolean), @p122='?' (Size = 4000), @p123='?' (Size = 4000), @p124='?' (DbType = Int32), @p125='?' (DbType = Double), @p126='?' (DbType = Double), @p127='?' (Size = 4000), @p128='?' (DbType = Int32), @p129='?' (Size = 4000), @p130='?' (Size = 4000), @p131='?' (Size = 4000), @p132='?' (DbType = Int32), @p133='?' (DbType = DateTime2), @p134='?' (DbType = Double), @p135='?' (DbType = Double), @p136='?' (Size = 4000), @p137='?' (DbType = Boolean), @p138='?' (Size = 4000), @p139='?' (Size = 4000), @p140='?' (DbType = Int32), @p141='?' (DbType = Double), @p142='?' (DbType = Double), @p143='?' (Size = 4000), @p144='?' (DbType = Int32), @p145='?' (Size = 4000), @p146='?' (Size = 4000), @p147='?' (Size = 4000), @p148='?' (DbType = Int32), @p149='?' (DbType = DateTime2), @p150='?' (DbType = Double), @p151='?' (DbType = Double), @p152='?' (Size = 4000), @p153='?' (DbType = Boolean), @p154='?' (Size = 4000), @p155='?' (Size = 4000), @p156='?' (DbType = Int32), @p157='?' (DbType = Double), @p158='?' (DbType = Double), @p159='?' (Size = 4000), @p160='?' (DbType = Int32), @p161='?' (Size = 4000), @p162='?' (Size = 4000), @p163='?' (Size = 4000), @p164='?' (DbType = Int32), @p165='?' (DbType = DateTime2), @p166='?' (DbType = Double), @p167='?' (DbType = Double), @p168='?' (Size = 4000), @p169='?' (DbType = Boolean), @p170='?' (Size = 4000), @p171='?' (Size = 4000), @p172='?' (DbType = Int32), @p173='?' (DbType = Double), @p174='?' (DbType = Double), @p175='?' (Size = 4000), @p176='?' (DbType = Int32), @p177='?' (Size = 4000), @p178='?' (Size = 4000), @p179='?' (Size = 4000), @p180='?' (DbType = Int32), @p181='?' (DbType = DateTime2), @p182='?' (DbType = Double), @p183='?' (DbType = Double), @p184='?' (Size = 4000), @p185='?' (DbType = Boolean), @p186='?' (Size = 4000), @p187='?' (Size = 4000), @p188='?' (DbType = Int32), @p189='?' (DbType = Double), @p190='?' (DbType = Double), @p191='?' (Size = 4000), @p192='?' (DbType = Int32), @p193='?' (Size = 4000), @p194='?' (Size = 4000), @p195='?' (Size = 4000), @p196='?' (DbType = Int32), @p197='?' (DbType = DateTime2), @p198='?' (DbType = Double), @p199='?' (DbType = Double), @p200='?' (Size = 4000), @p201='?' (DbType = Boolean), @p202='?' (Size = 4000), @p203='?' (Size = 4000), @p204='?' (DbType = Int32), @p205='?' (DbType = Double), @p206='?' (DbType = Double), @p207='?' (Size = 4000), @p208='?' (DbType = Int32), @p209='?' (Size = 4000), @p210='?' (Size = 4000), @p211='?' (Size = 4000), @p212='?' (DbType = Int32), @p213='?' (DbType = DateTime2), @p214='?' (DbType = Double), @p215='?' (DbType = Double), @p216='?' (Size = 4000), @p217='?' (DbType = Boolean), @p218='?' (Size = 4000), @p219='?' (Size = 4000), @p220='?' (DbType = Int32), @p221='?' (DbType = Double), @p222='?' (DbType = Double), @p223='?' (Size = 4000), @p224='?' (DbType = Int32), @p225='?' (Size = 4000), @p226='?' (Size = 4000), @p227='?' (Size = 4000), @p228='?' (DbType = Int32), @p229='?' (DbType = DateTime2), @p230='?' (DbType = Double), @p231='?' (DbType = Double), @p232='?' (Size = 4000), @p233='?' (DbType = Boolean), @p234='?' (Size = 4000), @p235='?' (Size = 4000), @p236='?' (DbType = Int32), @p237='?' (DbType = Double), @p238='?' (DbType = Double), @p239='?' (Size = 4000), @p240='?' (DbType = Int32), @p241='?' (Size = 4000), @p242='?' (Size = 4000), @p243='?' (Size = 4000), @p244='?' (DbType = Int32), @p245='?' (DbType = DateTime2), @p246='?' (DbType = Double), @p247='?' (DbType = Double), @p248='?' (Size = 4000), @p249='?' (DbType = Boolean), @p250='?' (Size = 4000), @p251='?' (Size = 4000), @p252='?' (DbType = Int32), @p253='?' (DbType = Double), @p254='?' (DbType = Double), @p255='?' (Size = 4000), @p256='?' (DbType = Int32), @p257='?' (Size = 4000), @p258='?' (Size = 4000), @p259='?' (Size = 4000), @p260='?' (DbType = Int32), @p261='?' (DbType = DateTime2), @p262='?' (DbType = Double), @p263='?' (DbType = Double), @p264='?' (Size = 4000), @p265='?' (DbType = Boolean), @p266='?' (Size = 4000), @p267='?' (Size = 4000), @p268='?' (DbType = Int32), @p269='?' (DbType = Double), @p270='?' (DbType = Double), @p271='?' (Size = 4000), @p272='?' (DbType = Int32), @p273='?' (Size = 4000), @p274='?' (Size = 4000), @p275='?' (Size = 4000), @p276='?' (DbType = Int32), @p277='?' (DbType = DateTime2), @p278='?' (DbType = Double), @p279='?' (DbType = Double), @p280='?' (Size = 4000), @p281='?' (DbType = Boolean), @p282='?' (Size = 4000), @p283='?' (Size = 4000), @p284='?' (DbType = Int32), @p285='?' (DbType = Double), @p286='?' (DbType = Double), @p287='?' (Size = 4000), @p288='?' (DbType = Int32), @p289='?' (Size = 4000), @p290='?' (Size = 4000), @p291='?' (Size = 4000), @p292='?' (DbType = Int32), @p293='?' (DbType = DateTime2), @p294='?' (DbType = Double), @p295='?' (DbType = Double), @p296='?' (Size = 4000), @p297='?' (DbType = Boolean), @p298='?' (Size = 4000), @p299='?' (Size = 4000), @p300='?' (DbType = Int32), @p301='?' (DbType = Double), @p302='?' (DbType = Double), @p303='?' (Size = 4000), @p304='?' (DbType = Int32), @p305='?' (Size = 4000), @p306='?' (Size = 4000), @p307='?' (Size = 4000), @p308='?' (DbType = Int32), @p309='?' (DbType = DateTime2), @p310='?' (DbType = Double), @p311='?' (DbType = Double), @p312='?' (Size = 4000), @p313='?' (DbType = Boolean), @p314='?' (Size = 4000), @p315='?' (Size = 4000), @p316='?' (DbType = Int32), @p317='?' (DbType = Double), @p318='?' (DbType = Double), @p319='?' (Size = 4000), @p320='?' (DbType = Int32), @p321='?' (Size = 4000), @p322='?' (Size = 4000), @p323='?' (Size = 4000), @p324='?' (DbType = Int32), @p325='?' (DbType = DateTime2), @p326='?' (DbType = Double), @p327='?' (DbType = Double), @p328='?' (Size = 4000), @p329='?' (DbType = Boolean), @p330='?' (Size = 4000), @p331='?' (Size = 4000), @p332='?' (DbType = Int32), @p333='?' (DbType = Double), @p334='?' (DbType = Double), @p335='?' (Size = 4000), @p336='?' (DbType = Int32), @p337='?' (Size = 4000), @p338='?' (Size = 4000), @p339='?' (Size = 4000), @p340='?' (DbType = Int32), @p341='?' (DbType = DateTime2), @p342='?' (DbType = Double), @p343='?' (DbType = Double), @p344='?' (Size = 4000), @p345='?' (DbType = Boolean), @p346='?' (Size = 4000), @p347='?' (Size = 4000), @p348='?' (DbType = Int32), @p349='?' (DbType = Double), @p350='?' (DbType = Double), @p351='?' (Size = 4000), @p352='?' (DbType = Int32), @p353='?' (Size = 4000), @p354='?' (Size = 4000), @p355='?' (Size = 4000), @p356='?' (DbType = Int32), @p357='?' (DbType = DateTime2), @p358='?' (DbType = Double), @p359='?' (DbType = Double), @p360='?' (Size = 4000), @p361='?' (DbType = Boolean), @p362='?' (Size = 4000), @p363='?' (Size = 4000), @p364='?' (DbType = Int32), @p365='?' (DbType = Double), @p366='?' (DbType = Double), @p367='?' (Size = 4000), @p368='?' (DbType = Int32), @p369='?' (Size = 4000), @p370='?' (Size = 4000), @p371='?' (Size = 4000), @p372='?' (DbType = Int32), @p373='?' (DbType = DateTime2), @p374='?' (DbType = Double), @p375='?' (DbType = Double), @p376='?' (Size = 4000), @p377='?' (DbType = Boolean), @p378='?' (Size = 4000), @p379='?' (Size = 4000), @p380='?' (DbType = Int32), @p381='?' (DbType = Double), @p382='?' (DbType = Double), @p383='?' (Size = 4000), @p384='?' (DbType = Int32), @p385='?' (Size = 4000), @p386='?' (Size = 4000), @p387='?' (Size = 4000), @p388='?' (DbType = Int32), @p389='?' (DbType = DateTime2), @p390='?' (DbType = Double), @p391='?' (DbType = Double), @p392='?' (Size = 4000), @p393='?' (DbType = Boolean), @p394='?' (Size = 4000), @p395='?' (Size = 4000), @p396='?' (DbType = Int32), @p397='?' (DbType = Double), @p398='?' (DbType = Double), @p399='?' (Size = 4000), @p400='?' (DbType = Int32), @p401='?' (Size = 4000), @p402='?' (Size = 4000), @p403='?' (Size = 4000), @p404='?' (DbType = Int32), @p405='?' (DbType = DateTime2), @p406='?' (DbType = Double), @p407='?' (DbType = Double), @p408='?' (Size = 4000), @p409='?' (DbType = Boolean), @p410='?' (Size = 4000), @p411='?' (Size = 4000), @p412='?' (DbType = Int32), @p413='?' (DbType = Double), @p414='?' (DbType = Double), @p415='?' (Size = 4000), @p416='?' (DbType = Int32), @p417='?' (Size = 4000), @p418='?' (Size = 4000), @p419='?' (Size = 4000), @p420='?' (DbType = Int32), @p421='?' (DbType = DateTime2), @p422='?' (DbType = Double), @p423='?' (DbType = Double), @p424='?' (Size = 4000), @p425='?' (DbType = Boolean), @p426='?' (Size = 4000), @p427='?' (Size = 4000), @p428='?' (DbType = Int32), @p429='?' (DbType = Double), @p430='?' (DbType = Double), @p431='?' (Size = 4000), @p432='?' (DbType = Int32), @p433='?' (Size = 4000), @p434='?' (Size = 4000), @p435='?' (Size = 4000), @p436='?' (DbType = Int32), @p437='?' (DbType = DateTime2), @p438='?' (DbType = Double), @p439='?' (DbType = Double), @p440='?' (Size = 4000), @p441='?' (DbType = Boolean), @p442='?' (Size = 4000), @p443='?' (Size = 4000), @p444='?' (DbType = Int32), @p445='?' (DbType = Double), @p446='?' (DbType = Double), @p447='?' (Size = 4000), @p448='?' (DbType = Int32), @p449='?' (Size = 4000), @p450='?' (Size = 4000), @p451='?' (Size = 4000), @p452='?' (DbType = Int32), @p453='?' (DbType = DateTime2), @p454='?' (DbType = Double), @p455='?' (DbType = Double), @p456='?' (Size = 4000), @p457='?' (DbType = Boolean), @p458='?' (Size = 4000), @p459='?' (Size = 4000), @p460='?' (DbType = Int32), @p461='?' (DbType = Double), @p462='?' (DbType = Double), @p463='?' (Size = 4000), @p464='?' (DbType = Int32), @p465='?' (Size = 4000), @p466='?' (Size = 4000), @p467='?' (Size = 4000), @p468='?' (DbType = Int32), @p469='?' (DbType = DateTime2), @p470='?' (DbType = Double), @p471='?' (DbType = Double), @p472='?' (Size = 4000), @p473='?' (DbType = Boolean), @p474='?' (Size = 4000), @p475='?' (Size = 4000), @p476='?' (DbType = Int32), @p477='?' (DbType = Double), @p478='?' (DbType = Double), @p479='?' (Size = 4000), @p480='?' (DbType = Int32), @p481='?' (Size = 4000), @p482='?' (Size = 4000), @p483='?' (Size = 4000), @p484='?' (DbType = Int32), @p485='?' (DbType = DateTime2), @p486='?' (DbType = Double), @p487='?' (DbType = Double), @p488='?' (Size = 4000), @p489='?' (DbType = Boolean), @p490='?' (Size = 4000), @p491='?' (Size = 4000), @p492='?' (DbType = Int32), @p493='?' (DbType = Double), @p494='?' (DbType = Double), @p495='?' (Size = 4000), @p496='?' (DbType = Int32), @p497='?' (Size = 4000), @p498='?' (Size = 4000), @p499='?' (Size = 4000), @p500='?' (DbType = Int32), @p501='?' (DbType = DateTime2), @p502='?' (DbType = Double), @p503='?' (DbType = Double), @p504='?' (Size = 4000), @p505='?' (DbType = Boolean), @p506='?' (Size = 4000), @p507='?' (Size = 4000), @p508='?' (DbType = Int32), @p509='?' (DbType = Double), @p510='?' (DbType = Double), @p511='?' (Size = 4000), @p512='?' (DbType = Int32), @p513='?' (Size = 4000), @p514='?' (Size = 4000), @p515='?' (Size = 4000), @p516='?' (DbType = Int32), @p517='?' (DbType = DateTime2), @p518='?' (DbType = Double), @p519='?' (DbType = Double), @p520='?' (Size = 4000), @p521='?' (DbType = Boolean), @p522='?' (Size = 4000), @p523='?' (Size = 4000), @p524='?' (DbType = Int32), @p525='?' (DbType = Double), @p526='?' (DbType = Double), @p527='?' (Size = 4000), @p528='?' (DbType = Int32), @p529='?' (Size = 4000), @p530='?' (Size = 4000), @p531='?' (Size = 4000), @p532='?' (DbType = Int32), @p533='?' (DbType = DateTime2), @p534='?' (DbType = Double), @p535='?' (DbType = Double), @p536='?' (Size = 4000), @p537='?' (DbType = Boolean), @p538='?' (Size = 4000), @p539='?' (Size = 4000), @p540='?' (DbType = Int32), @p541='?' (DbType = Double), @p542='?' (DbType = Double), @p543='?' (Size = 4000), @p544='?' (DbType = Int32), @p545='?' (Size = 4000), @p546='?' (Size = 4000), @p547='?' (Size = 4000), @p548='?' (DbType = Int32), @p549='?' (DbType = DateTime2), @p550='?' (DbType = Double), @p551='?' (DbType = Double), @p552='?' (Size = 4000), @p553='?' (DbType = Boolean), @p554='?' (Size = 4000), @p555='?' (Size = 4000), @p556='?' (DbType = Int32), @p557='?' (DbType = Double), @p558='?' (DbType = Double), @p559='?' (Size = 4000), @p560='?' (DbType = Int32), @p561='?' (Size = 4000), @p562='?' (Size = 4000), @p563='?' (Size = 4000), @p564='?' (DbType = Int32), @p565='?' (DbType = DateTime2), @p566='?' (DbType = Double), @p567='?' (DbType = Double), @p568='?' (Size = 4000), @p569='?' (DbType = Boolean), @p570='?' (Size = 4000), @p571='?' (Size = 4000), @p572='?' (DbType = Int32), @p573='?' (DbType = Double), @p574='?' (DbType = Double), @p575='?' (Size = 4000), @p576='?' (DbType = Int32), @p577='?' (Size = 4000), @p578='?' (Size = 4000), @p579='?' (Size = 4000), @p580='?' (DbType = Int32), @p581='?' (DbType = DateTime2), @p582='?' (DbType = Double), @p583='?' (DbType = Double), @p584='?' (Size = 4000), @p585='?' (DbType = Boolean), @p586='?' (Size = 4000), @p587='?' (Size = 4000), @p588='?' (DbType = Int32), @p589='?' (DbType = Double), @p590='?' (DbType = Double), @p591='?' (Size = 4000), @p592='?' (DbType = Int32), @p593='?' (Size = 4000), @p594='?' (Size = 4000), @p595='?' (Size = 4000), @p596='?' (DbType = Int32), @p597='?' (DbType = DateTime2), @p598='?' (DbType = Double), @p599='?' (DbType = Double), @p600='?' (Size = 4000), @p601='?' (DbType = Boolean), @p602='?' (Size = 4000), @p603='?' (Size = 4000), @p604='?' (DbType = Int32), @p605='?' (DbType = Double), @p606='?' (DbType = Double), @p607='?' (Size = 4000), @p608='?' (DbType = Int32), @p609='?' (Size = 4000), @p610='?' (Size = 4000), @p611='?' (Size = 4000), @p612='?' (DbType = Int32), @p613='?' (DbType = DateTime2), @p614='?' (DbType = Double), @p615='?' (DbType = Double), @p616='?' (Size = 4000), @p617='?' (DbType = Boolean), @p618='?' (Size = 4000), @p619='?' (Size = 4000), @p620='?' (DbType = Int32), @p621='?' (DbType = Double), @p622='?' (DbType = Double), @p623='?' (Size = 4000), @p624='?' (DbType = Int32), @p625='?' (Size = 4000), @p626='?' (Size = 4000), @p627='?' (Size = 4000), @p628='?' (DbType = Int32), @p629='?' (DbType = DateTime2), @p630='?' (DbType = Double), @p631='?' (DbType = Double), @p632='?' (Size = 4000), @p633='?' (DbType = Boolean), @p634='?' (Size = 4000), @p635='?' (Size = 4000), @p636='?' (DbType = Int32), @p637='?' (DbType = Double), @p638='?' (DbType = Double), @p639='?' (Size = 4000), @p640='?' (DbType = Int32), @p641='?' (Size = 4000), @p642='?' (Size = 4000), @p643='?' (Size = 4000), @p644='?' (DbType = Int32), @p645='?' (DbType = DateTime2), @p646='?' (DbType = Double), @p647='?' (DbType = Double), @p648='?' (Size = 4000), @p649='?' (DbType = Boolean), @p650='?' (Size = 4000), @p651='?' (Size = 4000), @p652='?' (DbType = Int32), @p653='?' (DbType = Double), @p654='?' (DbType = Double), @p655='?' (Size = 4000), @p656='?' (DbType = Int32), @p657='?' (Size = 4000), @p658='?' (Size = 4000), @p659='?' (Size = 4000), @p660='?' (DbType = Int32), @p661='?' (DbType = DateTime2), @p662='?' (DbType = Double), @p663='?' (DbType = Double), @p664='?' (Size = 4000), @p665='?' (DbType = Boolean), @p666='?' (Size = 4000), @p667='?' (Size = 4000), @p668='?' (DbType = Int32), @p669='?' (DbType = Double), @p670='?' (DbType = Double), @p671='?' (Size = 4000)], CommandType='Text', CommandTimeout='120']
      SET NOCOUNT ON;
      DECLARE @inserted0 TABLE ([DispId] int, [_Position] [int]);
      MERGE [TblDispatches] USING (
      VALUES (@p0, @p1, @p2, @p3, @p4, @p5, @p6, @p7, @p8, @p9, @p10, @p11, @p12, @p13, @p14, @p15, 0),
      (@p16, @p17, @p18, @p19, @p20, @p21, @p22, @p23, @p24, @p25, @p26, @p27, @p28, @p29, @p30, @p31, 1),
      (@p32, @p33, @p34, @p35, @p36, @p37, @p38, @p39, @p40, @p41, @p42, @p43, @p44, @p45, @p46, @p47, 2),
      (@p48, @p49, @p50, @p51, @p52, @p53, @p54, @p55, @p56, @p57, @p58, @p59, @p60, @p61, @p62, @p63, 3),
      (@p64, @p65, @p66, @p67, @p68, @p69, @p70, @p71, @p72, @p73, @p74, @p75, @p76, @p77, @p78, @p79, 4),
      (@p80, @p81, @p82, @p83, @p84, @p85, @p86, @p87, @p88, @p89, @p90, @p91, @p92, @p93, @p94, @p95, 5),
      (@p96, @p97, @p98, @p99, @p100, @p101, @p102, @p103, @p104, @p105, @p106, @p107, @p108, @p109, @p110, @p111, 6),
      (@p112, @p113, @p114, @p115, @p116, @p117, @p118, @p119, @p120, @p121, @p122, @p123, @p124, @p125, @p126, @p127, 7),
      (@p128, @p129, @p130, @p131, @p132, @p133, @p134, @p135, @p136, @p137, @p138, @p139, @p140, @p141, @p142, @p143, 8),
      (@p144, @p145, @p146, @p147, @p148, @p149, @p150, @p151, @p152, @p153, @p154, @p155, @p156, @p157, @p158, @p159, 9),
      (@p160, @p161, @p162, @p163, @p164, @p165, @p166, @p167, @p168, @p169, @p170, @p171, @p172, @p173, @p174, @p175, 10),
      (@p176, @p177, @p178, @p179, @p180, @p181, @p182, @p183, @p184, @p185, @p186, @p187, @p188, @p189, @p190, @p191, 11),
      (@p192, @p193, @p194, @p195, @p196, @p197, @p198, @p199, @p200, @p201, @p202, @p203, @p204, @p205, @p206, @p207, 12),
      (@p208, @p209, @p210, @p211, @p212, @p213, @p214, @p215, @p216, @p217, @p218, @p219, @p220, @p221, @p222, @p223, 13),
      (@p224, @p225, @p226, @p227, @p228, @p229, @p230, @p231, @p232, @p233, @p234, @p235, @p236, @p237, @p238, @p239, 14),
      (@p240, @p241, @p242, @p243, @p244, @p245, @p246, @p247, @p248, @p249, @p250, @p251, @p252, @p253, @p254, @p255, 15),
      (@p256, @p257, @p258, @p259, @p260, @p261, @p262, @p263, @p264, @p265, @p266, @p267, @p268, @p269, @p270, @p271, 16),
      (@p272, @p273, @p274, @p275, @p276, @p277, @p278, @p279, @p280, @p281, @p282, @p283, @p284, @p285, @p286, @p287, 17),
      (@p288, @p289, @p290, @p291, @p292, @p293, @p294, @p295, @p296, @p297, @p298, @p299, @p300, @p301, @p302, @p303, 18),
      (@p304, @p305, @p306, @p307, @p308, @p309, @p310, @p311, @p312, @p313, @p314, @p315, @p316, @p317, @p318, @p319, 19),
      (@p320, @p321, @p322, @p323, @p324, @p325, @p326, @p327, @p328, @p329, @p330, @p331, @p332, @p333, @p334, @p335, 20),
      (@p336, @p337, @p338, @p339, @p340, @p341, @p342, @p343, @p344, @p345, @p346, @p347, @p348, @p349, @p350, @p351, 21),
      (@p352, @p353, @p354, @p355, @p356, @p357, @p358, @p359, @p360, @p361, @p362, @p363, @p364, @p365, @p366, @p367, 22),
      (@p368, @p369, @p370, @p371, @p372, @p373, @p374, @p375, @p376, @p377, @p378, @p379, @p380, @p381, @p382, @p383, 23),
      (@p384, @p385, @p386, @p387, @p388, @p389, @p390, @p391, @p392, @p393, @p394, @p395, @p396, @p397, @p398, @p399, 24),
      (@p400, @p401, @p402, @p403, @p404, @p405, @p406, @p407, @p408, @p409, @p410, @p411, @p412, @p413, @p414, @p415, 25),
      (@p416, @p417, @p418, @p419, @p420, @p421, @p422, @p423, @p424, @p425, @p426, @p427, @p428, @p429, @p430, @p431, 26),
      (@p432, @p433, @p434, @p435, @p436, @p437, @p438, @p439, @p440, @p441, @p442, @p443, @p444, @p445, @p446, @p447, 27),
      (@p448, @p449, @p450, @p451, @p452, @p453, @p454, @p455, @p456, @p457, @p458, @p459, @p460, @p461, @p462, @p463, 28),
      (@p464, @p465, @p466, @p467, @p468, @p469, @p470, @p471, @p472, @p473, @p474, @p475, @p476, @p477, @p478, @p479, 29),
      (@p480, @p481, @p482, @p483, @p484, @p485, @p486, @p487, @p488, @p489, @p490, @p491, @p492, @p493, @p494, @p495, 30),
      (@p496, @p497, @p498, @p499, @p500, @p501, @p502, @p503, @p504, @p505, @p506, @p507, @p508, @p509, @p510, @p511, 31),
      (@p512, @p513, @p514, @p515, @p516, @p517, @p518, @p519, @p520, @p521, @p522, @p523, @p524, @p525, @p526, @p527, 32),
      (@p528, @p529, @p530, @p531, @p532, @p533, @p534, @p535, @p536, @p537, @p538, @p539, @p540, @p541, @p542, @p543, 33),
      (@p544, @p545, @p546, @p547, @p548, @p549, @p550, @p551, @p552, @p553, @p554, @p555, @p556, @p557, @p558, @p559, 34),
      (@p560, @p561, @p562, @p563, @p564, @p565, @p566, @p567, @p568, @p569, @p570, @p571, @p572, @p573, @p574, @p575, 35),
      (@p576, @p577, @p578, @p579, @p580, @p581, @p582, @p583, @p584, @p585, @p586, @p587, @p588, @p589, @p590, @p591, 36),
      (@p592, @p593, @p594, @p595, @p596, @p597, @p598, @p599, @p600, @p601, @p602, @p603, @p604, @p605, @p606, @p607, 37),
      (@p608, @p609, @p610, @p611, @p612, @p613, @p614, @p615, @p616, @p617, @p618, @p619, @p620, @p621, @p622, @p623, 38),
      (@p624, @p625, @p626, @p627, @p628, @p629, @p630, @p631, @p632, @p633, @p634, @p635, @p636, @p637, @p638, @p639, 39),
      (@p640, @p641, @p642, @p643, @p644, @p645, @p646, @p647, @p648, @p649, @p650, @p651, @p652, @p653, @p654, @p655, 40),
      (@p656, @p657, @p658, @p659, @p660, @p661, @p662, @p663, @p664, @p665, @p666, @p667, @p668, @p669, @p670, @p671, 41)) AS i ([BillID], [ChallanNo], [DeliveryNum], [Destination], [DisVid], [DispatchDate], [DispatchQuantity], [FinalPrice], [ImagePath], [IsReceived], [Lr], [PartyName], [Shortage], [TotalValue], [UnitPrice], [VehicleNo], _Position) ON 1=0
      WHEN NOT MATCHED THEN
      INSERT ([BillID], [ChallanNo], [DeliveryNum], [Destination], [DisVid], [DispatchDate], [DispatchQuantity], [FinalPrice], [ImagePath], [IsReceived], [Lr], [PartyName], [Shortage], [TotalValue], [UnitPrice], [VehicleNo])
      VALUES (i.[BillID], i.[ChallanNo], i.[DeliveryNum], i.[Destination], i.[DisVid], i.[DispatchDate], i.[DispatchQuantity], i.[FinalPrice], i.[ImagePath], i.[IsReceived], i.[Lr], i.[PartyName], i.[Shortage], i.[TotalValue], i.[UnitPrice], i.[VehicleNo])
      OUTPUT INSERTED.[DispId], i._Position
      INTO @inserted0;
      
      SELECT [i].[DispId] FROM @inserted0 i
      ORDER BY [i].[_Position];
info: Microsoft.EntityFrameworkCore.Database.Command[20101]
      Executed DbCommand (153ms) [Parameters=[@p0='?' (DbType = Int32), @p1='?' (Size = 4000), @p2='?' (Size = 4000), @p3='?' (Size = 4000), @p4='?' (DbType = Int32), @p5='?' (DbType = DateTime2), @p6='?' (DbType = Double), @p7='?' (DbType = Double), @p8='?' (Size = 4000), @p9='?' (DbType = Boolean), @p10='?' (Size = 4000), @p11='?' (Size = 4000), @p12='?' (DbType = Int32), @p13='?' (DbType = Double), @p14='?' (DbType = Double), @p15='?' (Size = 4000), @p16='?' (DbType = Int32), @p17='?' (Size = 4000), @p18='?' (Size = 4000), @p19='?' (Size = 4000), @p20='?' (DbType = Int32), @p21='?' (DbType = DateTime2), @p22='?' (DbType = Double), @p23='?' (DbType = Double), @p24='?' (Size = 4000), @p25='?' (DbType = Boolean), @p26='?' (Size = 4000), @p27='?' (Size = 4000), @p28='?' (DbType = Int32), @p29='?' (DbType = Double), @p30='?' (DbType = Double), @p31='?' (Size = 4000), @p32='?' (DbType = Int32), @p33='?' (Size = 4000), @p34='?' (Size = 4000), @p35='?' (Size = 4000), @p36='?' (DbType = Int32), @p37='?' (DbType = DateTime2), @p38='?' (DbType = Double), @p39='?' (DbType = Double), @p40='?' (Size = 4000), @p41='?' (DbType = Boolean), @p42='?' (Size = 4000), @p43='?' (Size = 4000), @p44='?' (DbType = Int32), @p45='?' (DbType = Double), @p46='?' (DbType = Double), @p47='?' (Size = 4000), @p48='?' (DbType = Int32), @p49='?' (Size = 4000), @p50='?' (Size = 4000), @p51='?' (Size = 4000), @p52='?' (DbType = Int32), @p53='?' (DbType = DateTime2), @p54='?' (DbType = Double), @p55='?' (DbType = Double), @p56='?' (Size = 4000), @p57='?' (DbType = Boolean), @p58='?' (Size = 4000), @p59='?' (Size = 4000), @p60='?' (DbType = Int32), @p61='?' (DbType = Double), @p62='?' (DbType = Double), @p63='?' (Size = 4000), @p64='?' (DbType = Int32), @p65='?' (Size = 4000), @p66='?' (Size = 4000), @p67='?' (Size = 4000), @p68='?' (DbType = Int32), @p69='?' (DbType = DateTime2), @p70='?' (DbType = Double), @p71='?' (DbType = Double), @p72='?' (Size = 4000), @p73='?' (DbType = Boolean), @p74='?' (Size = 4000), @p75='?' (Size = 4000), @p76='?' (DbType = Int32), @p77='?' (DbType = Double), @p78='?' (DbType = Double), @p79='?' (Size = 4000), @p80='?' (DbType = Int32), @p81='?' (Size = 4000), @p82='?' (Size = 4000), @p83='?' (Size = 4000), @p84='?' (DbType = Int32), @p85='?' (DbType = DateTime2), @p86='?' (DbType = Double), @p87='?' (DbType = Double), @p88='?' (Size = 4000), @p89='?' (DbType = Boolean), @p90='?' (Size = 4000), @p91='?' (Size = 4000), @p92='?' (DbType = Int32), @p93='?' (DbType = Double), @p94='?' (DbType = Double), @p95='?' (Size = 4000), @p96='?' (DbType = Int32), @p97='?' (Size = 4000), @p98='?' (Size = 4000), @p99='?' (Size = 4000), @p100='?' (DbType = Int32), @p101='?' (DbType = DateTime2), @p102='?' (DbType = Double), @p103='?' (DbType = Double), @p104='?' (Size = 4000), @p105='?' (DbType = Boolean), @p106='?' (Size = 4000), @p107='?' (Size = 4000), @p108='?' (DbType = Int32), @p109='?' (DbType = Double), @p110='?' (DbType = Double), @p111='?' (Size = 4000), @p112='?' (DbType = Int32), @p113='?' (Size = 4000), @p114='?' (Size = 4000), @p115='?' (Size = 4000), @p116='?' (DbType = Int32), @p117='?' (DbType = DateTime2), @p118='?' (DbType = Double), @p119='?' (DbType = Double), @p120='?' (Size = 4000), @p121='?' (DbType = Boolean), @p122='?' (Size = 4000), @p123='?' (Size = 4000), @p124='?' (DbType = Int32), @p125='?' (DbType = Double), @p126='?' (DbType = Double), @p127='?' (Size = 4000), @p128='?' (DbType = Int32), @p129='?' (Size = 4000), @p130='?' (Size = 4000), @p131='?' (Size = 4000), @p132='?' (DbType = Int32), @p133='?' (DbType = DateTime2), @p134='?' (DbType = Double), @p135='?' (DbType = Double), @p136='?' (Size = 4000), @p137='?' (DbType = Boolean), @p138='?' (Size = 4000), @p139='?' (Size = 4000), @p140='?' (DbType = Int32), @p141='?' (DbType = Double), @p142='?' (DbType = Double), @p143='?' (Size = 4000), @p144='?' (DbType = Int32), @p145='?' (Size = 4000), @p146='?' (Size = 4000), @p147='?' (Size = 4000), @p148='?' (DbType = Int32), @p149='?' (DbType = DateTime2), @p150='?' (DbType = Double), @p151='?' (DbType = Double), @p152='?' (Size = 4000), @p153='?' (DbType = Boolean), @p154='?' (Size = 4000), @p155='?' (Size = 4000), @p156='?' (DbType = Int32), @p157='?' (DbType = Double), @p158='?' (DbType = Double), @p159='?' (Size = 4000), @p160='?' (DbType = Int32), @p161='?' (Size = 4000), @p162='?' (Size = 4000), @p163='?' (Size = 4000), @p164='?' (DbType = Int32), @p165='?' (DbType = DateTime2), @p166='?' (DbType = Double), @p167='?' (DbType = Double), @p168='?' (Size = 4000), @p169='?' (DbType = Boolean), @p170='?' (Size = 4000), @p171='?' (Size = 4000), @p172='?' (DbType = Int32), @p173='?' (DbType = Double), @p174='?' (DbType = Double), @p175='?' (Size = 4000), @p176='?' (DbType = Int32), @p177='?' (Size = 4000), @p178='?' (Size = 4000), @p179='?' (Size = 4000), @p180='?' (DbType = Int32), @p181='?' (DbType = DateTime2), @p182='?' (DbType = Double), @p183='?' (DbType = Double), @p184='?' (Size = 4000), @p185='?' (DbType = Boolean), @p186='?' (Size = 4000), @p187='?' (Size = 4000), @p188='?' (DbType = Int32), @p189='?' (DbType = Double), @p190='?' (DbType = Double), @p191='?' (Size = 4000), @p192='?' (DbType = Int32), @p193='?' (Size = 4000), @p194='?' (Size = 4000), @p195='?' (Size = 4000), @p196='?' (DbType = Int32), @p197='?' (DbType = DateTime2), @p198='?' (DbType = Double), @p199='?' (DbType = Double), @p200='?' (Size = 4000), @p201='?' (DbType = Boolean), @p202='?' (Size = 4000), @p203='?' (Size = 4000), @p204='?' (DbType = Int32), @p205='?' (DbType = Double), @p206='?' (DbType = Double), @p207='?' (Size = 4000), @p208='?' (DbType = Int32), @p209='?' (Size = 4000), @p210='?' (Size = 4000), @p211='?' (Size = 4000), @p212='?' (DbType = Int32), @p213='?' (DbType = DateTime2), @p214='?' (DbType = Double), @p215='?' (DbType = Double), @p216='?' (Size = 4000), @p217='?' (DbType = Boolean), @p218='?' (Size = 4000), @p219='?' (Size = 4000), @p220='?' (DbType = Int32), @p221='?' (DbType = Double), @p222='?' (DbType = Double), @p223='?' (Size = 4000), @p224='?' (DbType = Int32), @p225='?' (Size = 4000), @p226='?' (Size = 4000), @p227='?' (Size = 4000), @p228='?' (DbType = Int32), @p229='?' (DbType = DateTime2), @p230='?' (DbType = Double), @p231='?' (DbType = Double), @p232='?' (Size = 4000), @p233='?' (DbType = Boolean), @p234='?' (Size = 4000), @p235='?' (Size = 4000), @p236='?' (DbType = Int32), @p237='?' (DbType = Double), @p238='?' (DbType = Double), @p239='?' (Size = 4000), @p240='?' (DbType = Int32), @p241='?' (Size = 4000), @p242='?' (Size = 4000), @p243='?' (Size = 4000), @p244='?' (DbType = Int32), @p245='?' (DbType = DateTime2), @p246='?' (DbType = Double), @p247='?' (DbType = Double), @p248='?' (Size = 4000), @p249='?' (DbType = Boolean), @p250='?' (Size = 4000), @p251='?' (Size = 4000), @p252='?' (DbType = Int32), @p253='?' (DbType = Double), @p254='?' (DbType = Double), @p255='?' (Size = 4000), @p256='?' (DbType = Int32), @p257='?' (Size = 4000), @p258='?' (Size = 4000), @p259='?' (Size = 4000), @p260='?' (DbType = Int32), @p261='?' (DbType = DateTime2), @p262='?' (DbType = Double), @p263='?' (DbType = Double), @p264='?' (Size = 4000), @p265='?' (DbType = Boolean), @p266='?' (Size = 4000), @p267='?' (Size = 4000), @p268='?' (DbType = Int32), @p269='?' (DbType = Double), @p270='?' (DbType = Double), @p271='?' (Size = 4000), @p272='?' (DbType = Int32), @p273='?' (Size = 4000), @p274='?' (Size = 4000), @p275='?' (Size = 4000), @p276='?' (DbType = Int32), @p277='?' (DbType = DateTime2), @p278='?' (DbType = Double), @p279='?' (DbType = Double), @p280='?' (Size = 4000), @p281='?' (DbType = Boolean), @p282='?' (Size = 4000), @p283='?' (Size = 4000), @p284='?' (DbType = Int32), @p285='?' (DbType = Double), @p286='?' (DbType = Double), @p287='?' (Size = 4000), @p288='?' (DbType = Int32), @p289='?' (Size = 4000), @p290='?' (Size = 4000), @p291='?' (Size = 4000), @p292='?' (DbType = Int32), @p293='?' (DbType = DateTime2), @p294='?' (DbType = Double), @p295='?' (DbType = Double), @p296='?' (Size = 4000), @p297='?' (DbType = Boolean), @p298='?' (Size = 4000), @p299='?' (Size = 4000), @p300='?' (DbType = Int32), @p301='?' (DbType = Double), @p302='?' (DbType = Double), @p303='?' (Size = 4000), @p304='?' (DbType = Int32), @p305='?' (Size = 4000), @p306='?' (Size = 4000), @p307='?' (Size = 4000), @p308='?' (DbType = Int32), @p309='?' (DbType = DateTime2), @p310='?' (DbType = Double), @p311='?' (DbType = Double), @p312='?' (Size = 4000), @p313='?' (DbType = Boolean), @p314='?' (Size = 4000), @p315='?' (Size = 4000), @p316='?' (DbType = Int32), @p317='?' (DbType = Double), @p318='?' (DbType = Double), @p319='?' (Size = 4000), @p320='?' (DbType = Int32), @p321='?' (Size = 4000), @p322='?' (Size = 4000), @p323='?' (Size = 4000), @p324='?' (DbType = Int32), @p325='?' (DbType = DateTime2), @p326='?' (DbType = Double), @p327='?' (DbType = Double), @p328='?' (Size = 4000), @p329='?' (DbType = Boolean), @p330='?' (Size = 4000), @p331='?' (Size = 4000), @p332='?' (DbType = Int32), @p333='?' (DbType = Double), @p334='?' (DbType = Double), @p335='?' (Size = 4000), @p336='?' (DbType = Int32), @p337='?' (Size = 4000), @p338='?' (Size = 4000), @p339='?' (Size = 4000), @p340='?' (DbType = Int32), @p341='?' (DbType = DateTime2), @p342='?' (DbType = Double), @p343='?' (DbType = Double), @p344='?' (Size = 4000), @p345='?' (DbType = Boolean), @p346='?' (Size = 4000), @p347='?' (Size = 4000), @p348='?' (DbType = Int32), @p349='?' (DbType = Double), @p350='?' (DbType = Double), @p351='?' (Size = 4000), @p352='?' (DbType = Int32), @p353='?' (Size = 4000), @p354='?' (Size = 4000), @p355='?' (Size = 4000), @p356='?' (DbType = Int32), @p357='?' (DbType = DateTime2), @p358='?' (DbType = Double), @p359='?' (DbType = Double), @p360='?' (Size = 4000), @p361='?' (DbType = Boolean), @p362='?' (Size = 4000), @p363='?' (Size = 4000), @p364='?' (DbType = Int32), @p365='?' (DbType = Double), @p366='?' (DbType = Double), @p367='?' (Size = 4000), @p368='?' (DbType = Int32), @p369='?' (Size = 4000), @p370='?' (Size = 4000), @p371='?' (Size = 4000), @p372='?' (DbType = Int32), @p373='?' (DbType = DateTime2), @p374='?' (DbType = Double), @p375='?' (DbType = Double), @p376='?' (Size = 4000), @p377='?' (DbType = Boolean), @p378='?' (Size = 4000), @p379='?' (Size = 4000), @p380='?' (DbType = Int32), @p381='?' (DbType = Double), @p382='?' (DbType = Double), @p383='?' (Size = 4000), @p384='?' (DbType = Int32), @p385='?' (Size = 4000), @p386='?' (Size = 4000), @p387='?' (Size = 4000), @p388='?' (DbType = Int32), @p389='?' (DbType = DateTime2), @p390='?' (DbType = Double), @p391='?' (DbType = Double), @p392='?' (Size = 4000), @p393='?' (DbType = Boolean), @p394='?' (Size = 4000), @p395='?' (Size = 4000), @p396='?' (DbType = Int32), @p397='?' (DbType = Double), @p398='?' (DbType = Double), @p399='?' (Size = 4000), @p400='?' (DbType = Int32), @p401='?' (Size = 4000), @p402='?' (Size = 4000), @p403='?' (Size = 4000), @p404='?' (DbType = Int32), @p405='?' (DbType = DateTime2), @p406='?' (DbType = Double), @p407='?' (DbType = Double), @p408='?' (Size = 4000), @p409='?' (DbType = Boolean), @p410='?' (Size = 4000), @p411='?' (Size = 4000), @p412='?' (DbType = Int32), @p413='?' (DbType = Double), @p414='?' (DbType = Double), @p415='?' (Size = 4000), @p416='?' (DbType = Int32), @p417='?' (Size = 4000), @p418='?' (Size = 4000), @p419='?' (Size = 4000), @p420='?' (DbType = Int32), @p421='?' (DbType = DateTime2), @p422='?' (DbType = Double), @p423='?' (DbType = Double), @p424='?' (Size = 4000), @p425='?' (DbType = Boolean), @p426='?' (Size = 4000), @p427='?' (Size = 4000), @p428='?' (DbType = Int32), @p429='?' (DbType = Double), @p430='?' (DbType = Double), @p431='?' (Size = 4000), @p432='?' (DbType = Int32), @p433='?' (Size = 4000), @p434='?' (Size = 4000), @p435='?' (Size = 4000), @p436='?' (DbType = Int32), @p437='?' (DbType = DateTime2), @p438='?' (DbType = Double), @p439='?' (DbType = Double), @p440='?' (Size = 4000), @p441='?' (DbType = Boolean), @p442='?' (Size = 4000), @p443='?' (Size = 4000), @p444='?' (DbType = Int32), @p445='?' (DbType = Double), @p446='?' (DbType = Double), @p447='?' (Size = 4000), @p448='?' (DbType = Int32), @p449='?' (Size = 4000), @p450='?' (Size = 4000), @p451='?' (Size = 4000), @p452='?' (DbType = Int32), @p453='?' (DbType = DateTime2), @p454='?' (DbType = Double), @p455='?' (DbType = Double), @p456='?' (Size = 4000), @p457='?' (DbType = Boolean), @p458='?' (Size = 4000), @p459='?' (Size = 4000), @p460='?' (DbType = Int32), @p461='?' (DbType = Double), @p462='?' (DbType = Double), @p463='?' (Size = 4000), @p464='?' (DbType = Int32), @p465='?' (Size = 4000), @p466='?' (Size = 4000), @p467='?' (Size = 4000), @p468='?' (DbType = Int32), @p469='?' (DbType = DateTime2), @p470='?' (DbType = Double), @p471='?' (DbType = Double), @p472='?' (Size = 4000), @p473='?' (DbType = Boolean), @p474='?' (Size = 4000), @p475='?' (Size = 4000), @p476='?' (DbType = Int32), @p477='?' (DbType = Double), @p478='?' (DbType = Double), @p479='?' (Size = 4000), @p480='?' (DbType = Int32), @p481='?' (Size = 4000), @p482='?' (Size = 4000), @p483='?' (Size = 4000), @p484='?' (DbType = Int32), @p485='?' (DbType = DateTime2), @p486='?' (DbType = Double), @p487='?' (DbType = Double), @p488='?' (Size = 4000), @p489='?' (DbType = Boolean), @p490='?' (Size = 4000), @p491='?' (Size = 4000), @p492='?' (DbType = Int32), @p493='?' (DbType = Double), @p494='?' (DbType = Double), @p495='?' (Size = 4000), @p496='?' (DbType = Int32), @p497='?' (Size = 4000), @p498='?' (Size = 4000), @p499='?' (Size = 4000), @p500='?' (DbType = Int32), @p501='?' (DbType = DateTime2), @p502='?' (DbType = Double), @p503='?' (DbType = Double), @p504='?' (Size = 4000), @p505='?' (DbType = Boolean), @p506='?' (Size = 4000), @p507='?' (Size = 4000), @p508='?' (DbType = Int32), @p509='?' (DbType = Double), @p510='?' (DbType = Double), @p511='?' (Size = 4000), @p512='?' (DbType = Int32), @p513='?' (Size = 4000), @p514='?' (Size = 4000), @p515='?' (Size = 4000), @p516='?' (DbType = Int32), @p517='?' (DbType = DateTime2), @p518='?' (DbType = Double), @p519='?' (DbType = Double), @p520='?' (Size = 4000), @p521='?' (DbType = Boolean), @p522='?' (Size = 4000), @p523='?' (Size = 4000), @p524='?' (DbType = Int32), @p525='?' (DbType = Double), @p526='?' (DbType = Double), @p527='?' (Size = 4000), @p528='?' (DbType = Int32), @p529='?' (Size = 4000), @p530='?' (Size = 4000), @p531='?' (Size = 4000), @p532='?' (DbType = Int32), @p533='?' (DbType = DateTime2), @p534='?' (DbType = Double), @p535='?' (DbType = Double), @p536='?' (Size = 4000), @p537='?' (DbType = Boolean), @p538='?' (Size = 4000), @p539='?' (Size = 4000), @p540='?' (DbType = Int32), @p541='?' (DbType = Double), @p542='?' (DbType = Double), @p543='?' (Size = 4000), @p544='?' (DbType = Int32), @p545='?' (Size = 4000), @p546='?' (Size = 4000), @p547='?' (Size = 4000), @p548='?' (DbType = Int32), @p549='?' (DbType = DateTime2), @p550='?' (DbType = Double), @p551='?' (DbType = Double), @p552='?' (Size = 4000), @p553='?' (DbType = Boolean), @p554='?' (Size = 4000), @p555='?' (Size = 4000), @p556='?' (DbType = Int32), @p557='?' (DbType = Double), @p558='?' (DbType = Double), @p559='?' (Size = 4000), @p560='?' (DbType = Int32), @p561='?' (Size = 4000), @p562='?' (Size = 4000), @p563='?' (Size = 4000), @p564='?' (DbType = Int32), @p565='?' (DbType = DateTime2), @p566='?' (DbType = Double), @p567='?' (DbType = Double), @p568='?' (Size = 4000), @p569='?' (DbType = Boolean), @p570='?' (Size = 4000), @p571='?' (Size = 4000), @p572='?' (DbType = Int32), @p573='?' (DbType = Double), @p574='?' (DbType = Double), @p575='?' (Size = 4000), @p576='?' (DbType = Int32), @p577='?' (Size = 4000), @p578='?' (Size = 4000), @p579='?' (Size = 4000), @p580='?' (DbType = Int32), @p581='?' (DbType = DateTime2), @p582='?' (DbType = Double), @p583='?' (DbType = Double), @p584='?' (Size = 4000), @p585='?' (DbType = Boolean), @p586='?' (Size = 4000), @p587='?' (Size = 4000), @p588='?' (DbType = Int32), @p589='?' (DbType = Double), @p590='?' (DbType = Double), @p591='?' (Size = 4000), @p592='?' (DbType = Int32), @p593='?' (Size = 4000), @p594='?' (Size = 4000), @p595='?' (Size = 4000), @p596='?' (DbType = Int32), @p597='?' (DbType = DateTime2), @p598='?' (DbType = Double), @p599='?' (DbType = Double), @p600='?' (Size = 4000), @p601='?' (DbType = Boolean), @p602='?' (Size = 4000), @p603='?' (Size = 4000), @p604='?' (DbType = Int32), @p605='?' (DbType = Double), @p606='?' (DbType = Double), @p607='?' (Size = 4000), @p608='?' (DbType = Int32), @p609='?' (Size = 4000), @p610='?' (Size = 4000), @p611='?' (Size = 4000), @p612='?' (DbType = Int32), @p613='?' (DbType = DateTime2), @p614='?' (DbType = Double), @p615='?' (DbType = Double), @p616='?' (Size = 4000), @p617='?' (DbType = Boolean), @p618='?' (Size = 4000), @p619='?' (Size = 4000), @p620='?' (DbType = Int32), @p621='?' (DbType = Double), @p622='?' (DbType = Double), @p623='?' (Size = 4000), @p624='?' (DbType = Int32), @p625='?' (Size = 4000), @p626='?' (Size = 4000), @p627='?' (Size = 4000), @p628='?' (DbType = Int32), @p629='?' (DbType = DateTime2), @p630='?' (DbType = Double), @p631='?' (DbType = Double), @p632='?' (Size = 4000), @p633='?' (DbType = Boolean), @p634='?' (Size = 4000), @p635='?' (Size = 4000), @p636='?' (DbType = Int32), @p637='?' (DbType = Double), @p638='?' (DbType = Double), @p639='?' (Size = 4000), @p640='?' (DbType = Int32), @p641='?' (Size = 4000), @p642='?' (Size = 4000), @p643='?' (Size = 4000), @p644='?' (DbType = Int32), @p645='?' (DbType = DateTime2), @p646='?' (DbType = Double), @p647='?' (DbType = Double), @p648='?' (Size = 4000), @p649='?' (DbType = Boolean), @p650='?' (Size = 4000), @p651='?' (Size = 4000), @p652='?' (DbType = Int32), @p653='?' (DbType = Double), @p654='?' (DbType = Double), @p655='?' (Size = 4000), @p656='?' (DbType = Int32), @p657='?' (Size = 4000), @p658='?' (Size = 4000), @p659='?' (Size = 4000), @p660='?' (DbType = Int32), @p661='?' (DbType = DateTime2), @p662='?' (DbType = Double), @p663='?' (DbType = Double), @p664='?' (Size = 4000), @p665='?' (DbType = Boolean), @p666='?' (Size = 4000), @p667='?' (Size = 4000), @p668='?' (DbType = Int32), @p669='?' (DbType = Double), @p670='?' (DbType = Double), @p671='?' (Size = 4000)], CommandType='Text', CommandTimeout='120']
      SET NOCOUNT ON;
      DECLARE @inserted0 TABLE ([DispId] int, [_Position] [int]);
      MERGE [TblDispatches] USING (
      VALUES (@p0, @p1, @p2, @p3, @p4, @p5, @p6, @p7, @p8, @p9, @p10, @p11, @p12, @p13, @p14, @p15, 0),
      (@p16, @p17, @p18, @p19, @p20, @p21, @p22, @p23, @p24, @p25, @p26, @p27, @p28, @p29, @p30, @p31, 1),
      (@p32, @p33, @p34, @p35, @p36, @p37, @p38, @p39, @p40, @p41, @p42, @p43, @p44, @p45, @p46, @p47, 2),
      (@p48, @p49, @p50, @p51, @p52, @p53, @p54, @p55, @p56, @p57, @p58, @p59, @p60, @p61, @p62, @p63, 3),
      (@p64, @p65, @p66, @p67, @p68, @p69, @p70, @p71, @p72, @p73, @p74, @p75, @p76, @p77, @p78, @p79, 4),
      (@p80, @p81, @p82, @p83, @p84, @p85, @p86, @p87, @p88, @p89, @p90, @p91, @p92, @p93, @p94, @p95, 5),
      (@p96, @p97, @p98, @p99, @p100, @p101, @p102, @p103, @p104, @p105, @p106, @p107, @p108, @p109, @p110, @p111, 6),
      (@p112, @p113, @p114, @p115, @p116, @p117, @p118, @p119, @p120, @p121, @p122, @p123, @p124, @p125, @p126, @p127, 7),
      (@p128, @p129, @p130, @p131, @p132, @p133, @p134, @p135, @p136, @p137, @p138, @p139, @p140, @p141, @p142, @p143, 8),
      (@p144, @p145, @p146, @p147, @p148, @p149, @p150, @p151, @p152, @p153, @p154, @p155, @p156, @p157, @p158, @p159, 9),
      (@p160, @p161, @p162, @p163, @p164, @p165, @p166, @p167, @p168, @p169, @p170, @p171, @p172, @p173, @p174, @p175, 10),
      (@p176, @p177, @p178, @p179, @p180, @p181, @p182, @p183, @p184, @p185, @p186, @p187, @p188, @p189, @p190, @p191, 11),
      (@p192, @p193, @p194, @p195, @p196, @p197, @p198, @p199, @p200, @p201, @p202, @p203, @p204, @p205, @p206, @p207, 12),
      (@p208, @p209, @p210, @p211, @p212, @p213, @p214, @p215, @p216, @p217, @p218, @p219, @p220, @p221, @p222, @p223, 13),
      (@p224, @p225, @p226, @p227, @p228, @p229, @p230, @p231, @p232, @p233, @p234, @p235, @p236, @p237, @p238, @p239, 14),
      (@p240, @p241, @p242, @p243, @p244, @p245, @p246, @p247, @p248, @p249, @p250, @p251, @p252, @p253, @p254, @p255, 15),
      (@p256, @p257, @p258, @p259, @p260, @p261, @p262, @p263, @p264, @p265, @p266, @p267, @p268, @p269, @p270, @p271, 16),
      (@p272, @p273, @p274, @p275, @p276, @p277, @p278, @p279, @p280, @p281, @p282, @p283, @p284, @p285, @p286, @p287, 17),
      (@p288, @p289, @p290, @p291, @p292, @p293, @p294, @p295, @p296, @p297, @p298, @p299, @p300, @p301, @p302, @p303, 18),
      (@p304, @p305, @p306, @p307, @p308, @p309, @p310, @p311, @p312, @p313, @p314, @p315, @p316, @p317, @p318, @p319, 19),
      (@p320, @p321, @p322, @p323, @p324, @p325, @p326, @p327, @p328, @p329, @p330, @p331, @p332, @p333, @p334, @p335, 20),
      (@p336, @p337, @p338, @p339, @p340, @p341, @p342, @p343, @p344, @p345, @p346, @p347, @p348, @p349, @p350, @p351, 21),
      (@p352, @p353, @p354, @p355, @p356, @p357, @p358, @p359, @p360, @p361, @p362, @p363, @p364, @p365, @p366, @p367, 22),
      (@p368, @p369, @p370, @p371, @p372, @p373, @p374, @p375, @p376, @p377, @p378, @p379, @p380, @p381, @p382, @p383, 23),
      (@p384, @p385, @p386, @p387, @p388, @p389, @p390, @p391, @p392, @p393, @p394, @p395, @p396, @p397, @p398, @p399, 24),
      (@p400, @p401, @p402, @p403, @p404, @p405, @p406, @p407, @p408, @p409, @p410, @p411, @p412, @p413, @p414, @p415, 25),
      (@p416, @p417, @p418, @p419, @p420, @p421, @p422, @p423, @p424, @p425, @p426, @p427, @p428, @p429, @p430, @p431, 26),
      (@p432, @p433, @p434, @p435, @p436, @p437, @p438, @p439, @p440, @p441, @p442, @p443, @p444, @p445, @p446, @p447, 27),
      (@p448, @p449, @p450, @p451, @p452, @p453, @p454, @p455, @p456, @p457, @p458, @p459, @p460, @p461, @p462, @p463, 28),
      (@p464, @p465, @p466, @p467, @p468, @p469, @p470, @p471, @p472, @p473, @p474, @p475, @p476, @p477, @p478, @p479, 29),
      (@p480, @p481, @p482, @p483, @p484, @p485, @p486, @p487, @p488, @p489, @p490, @p491, @p492, @p493, @p494, @p495, 30),
      (@p496, @p497, @p498, @p499, @p500, @p501, @p502, @p503, @p504, @p505, @p506, @p507, @p508, @p509, @p510, @p511, 31),
      (@p512, @p513, @p514, @p515, @p516, @p517, @p518, @p519, @p520, @p521, @p522, @p523, @p524, @p525, @p526, @p527, 32),
      (@p528, @p529, @p530, @p531, @p532, @p533, @p534, @p535, @p536, @p537, @p538, @p539, @p540, @p541, @p542, @p543, 33),
      (@p544, @p545, @p546, @p547, @p548, @p549, @p550, @p551, @p552, @p553, @p554, @p555, @p556, @p557, @p558, @p559, 34),
      (@p560, @p561, @p562, @p563, @p564, @p565, @p566, @p567, @p568, @p569, @p570, @p571, @p572, @p573, @p574, @p575, 35),
      (@p576, @p577, @p578, @p579, @p580, @p581, @p582, @p583, @p584, @p585, @p586, @p587, @p588, @p589, @p590, @p591, 36),
      (@p592, @p593, @p594, @p595, @p596, @p597, @p598, @p599, @p600, @p601, @p602, @p603, @p604, @p605, @p606, @p607, 37),
      (@p608, @p609, @p610, @p611, @p612, @p613, @p614, @p615, @p616, @p617, @p618, @p619, @p620, @p621, @p622, @p623, 38),
      (@p624, @p625, @p626, @p627, @p628, @p629, @p630, @p631, @p632, @p633, @p634, @p635, @p636, @p637, @p638, @p639, 39),
      (@p640, @p641, @p642, @p643, @p644, @p645, @p646, @p647, @p648, @p649, @p650, @p651, @p652, @p653, @p654, @p655, 40),
      (@p656, @p657, @p658, @p659, @p660, @p661, @p662, @p663, @p664, @p665, @p666, @p667, @p668, @p669, @p670, @p671, 41)) AS i ([BillID], [ChallanNo], [DeliveryNum], [Destination], [DisVid], [DispatchDate], [DispatchQuantity], [FinalPrice], [ImagePath], [IsReceived], [Lr], [PartyName], [Shortage], [TotalValue], [UnitPrice], [VehicleNo], _Position) ON 1=0
      WHEN NOT MATCHED THEN
      INSERT ([BillID], [ChallanNo], [DeliveryNum], [Destination], [DisVid], [DispatchDate], [DispatchQuantity], [FinalPrice], [ImagePath], [IsReceived], [Lr], [PartyName], [Shortage], [TotalValue], [UnitPrice], [VehicleNo])
      VALUES (i.[BillID], i.[ChallanNo], i.[DeliveryNum], i.[Destination], i.[DisVid], i.[DispatchDate], i.[DispatchQuantity], i.[FinalPrice], i.[ImagePath], i.[IsReceived], i.[Lr], i.[PartyName], i.[Shortage], i.[TotalValue], i.[UnitPrice], i.[VehicleNo])
      OUTPUT INSERTED.[DispId], i._Position
      INTO @inserted0;
      
      SELECT [i].[DispId] FROM @inserted0 i
      ORDER BY [i].[_Position];
dbug: Microsoft.EntityFrameworkCore.ChangeTracking[10803]
      The foreign key property 'TblDispatch.DispId' was detected as changed. Consider using 'DbContextOptionsBuilder.EnableSensitiveDataLogging' to see property values.
dbug: Microsoft.EntityFrameworkCore.ChangeTracking[10803]
      The foreign key property 'TblDispatch.DispId' was detected as changed. Consider using 'DbContextOptionsBuilder.EnableSensitiveDataLogging' to see property values.
dbug: Microsoft.EntityFrameworkCore.ChangeTracking[10803]
      The foreign key property 'TblDispatch.DispId' was detected as changed. Consider using 'DbContextOptionsBuilder.EnableSensitiveDataLogging' to see property values.
dbug: Microsoft.EntityFrameworkCore.ChangeTracking[10803]
      The foreign key property 'TblDispatch.DispId' was detected as changed. Consider using 'DbContextOptionsBuilder.EnableSensitiveDataLogging' to see property values.
dbug: Microsoft.EntityFrameworkCore.ChangeTracking[10803]
      The foreign key property 'TblDispatch.DispId' was detected as changed. Consider using 'DbContextOptionsBuilder.EnableSensitiveDataLogging' to see property values.
dbug: Microsoft.EntityFrameworkCore.ChangeTracking[10803]
      The foreign key property 'TblDispatch.DispId' was detected as changed. Consider using 'DbContextOptionsBuilder.EnableSensitiveDataLogging' to see property values.
dbug: Microsoft.EntityFrameworkCore.ChangeTracking[10803]
      The foreign key property 'TblDispatch.DispId' was detected as changed. Consider using 'DbContextOptionsBuilder.EnableSensitiveDataLogging' to see property values.
dbug: Microsoft.EntityFrameworkCore.ChangeTracking[10803]
      The foreign key property 'TblDispatch.DispId' was detected as changed. Consider using 'DbContextOptionsBuilder.EnableSensitiveDataLogging' to see property values.
dbug: Microsoft.EntityFrameworkCore.ChangeTracking[10803]
      The foreign key property 'TblDispatch.DispId' was detected as changed. Consider using 'DbContextOptionsBuilder.EnableSensitiveDataLogging' to see property values.
dbug: Microsoft.EntityFrameworkCore.ChangeTracking[10803]
      The foreign key property 'TblDispatch.DispId' was detected as changed. Consider using 'DbContextOptionsBuilder.EnableSensitiveDataLogging' to see property values.
dbug: Microsoft.EntityFrameworkCore.ChangeTracking[10803]
      The foreign key property 'TblDispatch.DispId' was detected as changed. Consider using 'DbContextOptionsBuilder.EnableSensitiveDataLogging' to see property values.
dbug: Microsoft.EntityFrameworkCore.ChangeTracking[10803]
      The foreign key property 'TblDispatch.DispId' was detected as changed. Consider using 'DbContextOptionsBuilder.EnableSensitiveDataLogging' to see property values.
dbug: Microsoft.EntityFrameworkCore.ChangeTracking[10803]
      The foreign key property 'TblDispatch.DispId' was detected as changed. Consider using 'DbContextOptionsBuilder.EnableSensitiveDataLogging' to see property values.
dbug: Microsoft.EntityFrameworkCore.ChangeTracking[10803]
      The foreign key property 'TblDispatch.DispId' was detected as changed. Consider using 'DbContextOptionsBuilder.EnableSensitiveDataLogging' to see property values.
dbug: Microsoft.EntityFrameworkCore.ChangeTracking[10803]
      The foreign key property 'TblDispatch.DispId' was detected as changed. Consider using 'DbContextOptionsBuilder.EnableSensitiveDataLogging' to see property values.
dbug: Microsoft.EntityFrameworkCore.ChangeTracking[10803]
      The foreign key property 'TblDispatch.DispId' was detected as changed. Consider using 'DbContextOptionsBuilder.EnableSensitiveDataLogging' to see property values.
dbug: Microsoft.EntityFrameworkCore.ChangeTracking[10803]
      The foreign key property 'TblDispatch.DispId' was detected as changed. Consider using 'DbContextOptionsBuilder.EnableSensitiveDataLogging' to see property values.
dbug: Microsoft.EntityFrameworkCore.ChangeTracking[10803]
      The foreign key property 'TblDispatch.DispId' was detected as changed. Consider using 'DbContextOptionsBuilder.EnableSensitiveDataLogging' to see property values.
dbug: Microsoft.EntityFrameworkCore.ChangeTracking[10803]
      The foreign key property 'TblDispatch.DispId' was detected as changed. Consider using 'DbContextOptionsBuilder.EnableSensitiveDataLogging' to see property values.
dbug: Microsoft.EntityFrameworkCore.ChangeTracking[10803]
      The foreign key property 'TblDispatch.DispId' was detected as changed. Consider using 'DbContextOptionsBuilder.EnableSensitiveDataLogging' to see property values.
dbug: Microsoft.EntityFrameworkCore.ChangeTracking[10803]
      The foreign key property 'TblDispatch.DispId' was detected as changed. Consider using 'DbContextOptionsBuilder.EnableSensitiveDataLogging' to see property values.
dbug: Microsoft.EntityFrameworkCore.ChangeTracking[10803]
      The foreign key property 'TblDispatch.DispId' was detected as changed. Consider using 'DbContextOptionsBuilder.EnableSensitiveDataLogging' to see property values.
dbug: Microsoft.EntityFrameworkCore.ChangeTracking[10803]
      The foreign key property 'TblDispatch.DispId' was detected as changed. Consider using 'DbContextOptionsBuilder.EnableSensitiveDataLogging' to see property values.
dbug: Microsoft.EntityFrameworkCore.ChangeTracking[10803]
      The foreign key property 'TblDispatch.DispId' was detected as changed. Consider using 'DbContextOptionsBuilder.EnableSensitiveDataLogging' to see property values.
dbug: Microsoft.EntityFrameworkCore.ChangeTracking[10803]
      The foreign key property 'TblDispatch.DispId' was detected as changed. Consider using 'DbContextOptionsBuilder.EnableSensitiveDataLogging' to see property values.
dbug: Microsoft.EntityFrameworkCore.ChangeTracking[10803]
      The foreign key property 'TblDispatch.DispId' was detected as changed. Consider using 'DbContextOptionsBuilder.EnableSensitiveDataLogging' to see property values.
dbug: Microsoft.EntityFrameworkCore.ChangeTracking[10803]
      The foreign key property 'TblDispatch.DispId' was detected as changed. Consider using 'DbContextOptionsBuilder.EnableSensitiveDataLogging' to see property values.
dbug: Microsoft.EntityFrameworkCore.ChangeTracking[10803]
      The foreign key property 'TblDispatch.DispId' was detected as changed. Consider using 'DbContextOptionsBuilder.EnableSensitiveDataLogging' to see property values.
dbug: Microsoft.EntityFrameworkCore.ChangeTracking[10803]
      The foreign key property 'TblDispatch.DispId' was detected as changed. Consider using 'DbContextOptionsBuilder.EnableSensitiveDataLogging' to see property values.
dbug: Microsoft.EntityFrameworkCore.ChangeTracking[10803]
      The foreign key property 'TblDispatch.DispId' was detected as changed. Consider using 'DbContextOptionsBuilder.EnableSensitiveDataLogging' to see property values.
dbug: Microsoft.EntityFrameworkCore.ChangeTracking[10803]
      The foreign key property 'TblDispatch.DispId' was detected as changed. Consider using 'DbContextOptionsBuilder.EnableSensitiveDataLogging' to see property values.
dbug: Microsoft.EntityFrameworkCore.ChangeTracking[10803]
      The foreign key property 'TblDispatch.DispId' was detected as changed. Consider using 'DbContextOptionsBuilder.EnableSensitiveDataLogging' to see property values.
dbug: Microsoft.EntityFrameworkCore.ChangeTracking[10803]
      The foreign key property 'TblDispatch.DispId' was detected as changed. Consider using 'DbContextOptionsBuilder.EnableSensitiveDataLogging' to see property values.
dbug: Microsoft.EntityFrameworkCore.ChangeTracking[10803]
      The foreign key property 'TblDispatch.DispId' was detected as changed. Consider using 'DbContextOptionsBuilder.EnableSensitiveDataLogging' to see property values.
dbug: Microsoft.EntityFrameworkCore.ChangeTracking[10803]
      The foreign key property 'TblDispatch.DispId' was detected as changed. Consider using 'DbContextOptionsBuilder.EnableSensitiveDataLogging' to see property values.
dbug: Microsoft.EntityFrameworkCore.ChangeTracking[10803]
      The foreign key property 'TblDispatch.DispId' was detected as changed. Consider using 'DbContextOptionsBuilder.EnableSensitiveDataLogging' to see property values.
dbug: Microsoft.EntityFrameworkCore.ChangeTracking[10803]
      The foreign key property 'TblDispatch.DispId' was detected as changed. Consider using 'DbContextOptionsBuilder.EnableSensitiveDataLogging' to see property values.
dbug: Microsoft.EntityFrameworkCore.ChangeTracking[10803]
      The foreign key property 'TblDispatch.DispId' was detected as changed. Consider using 'DbContextOptionsBuilder.EnableSensitiveDataLogging' to see property values.
dbug: Microsoft.EntityFrameworkCore.ChangeTracking[10803]
      The foreign key property 'TblDispatch.DispId' was detected as changed. Consider using 'DbContextOptionsBuilder.EnableSensitiveDataLogging' to see property values.
dbug: Microsoft.EntityFrameworkCore.ChangeTracking[10803]
      The foreign key property 'TblDispatch.DispId' was detected as changed. Consider using 'DbContextOptionsBuilder.EnableSensitiveDataLogging' to see property values.
dbug: Microsoft.EntityFrameworkCore.ChangeTracking[10803]
      The foreign key property 'TblDispatch.DispId' was detected as changed. Consider using 'DbContextOptionsBuilder.EnableSensitiveDataLogging' to see property values.
dbug: Microsoft.EntityFrameworkCore.ChangeTracking[10803]
      The foreign key property 'TblDispatch.DispId' was detected as changed. Consider using 'DbContextOptionsBuilder.EnableSensitiveDataLogging' to see property values.
dbug: Microsoft.EntityFrameworkCore.Database.Command[20300]
      A data reader was disposed.
dbug: Microsoft.EntityFrameworkCore.Database.Transaction[20210]
      Committing transaction.
dbug: Microsoft.EntityFrameworkCore.Database.Transaction[20202]
      Committed transaction.
dbug: Microsoft.EntityFrameworkCore.Database.Connection[20002]
      Closing connection to database 'FinalDb' on server 'MUSAKHAN\SQLEXPRESS'.
dbug: Microsoft.EntityFrameworkCore.Database.Connection[20003]
      Closed connection to database 'FinalDb' on server 'MUSAKHAN\SQLEXPRESS'.
dbug: Microsoft.EntityFrameworkCore.Database.Transaction[20204]
      Disposing transaction.
dbug: Microsoft.EntityFrameworkCore.ChangeTracking[10807]
      An entity of type 'TblDispatch' tracked by 'TransportMgmtContext' changed state from 'Added' to 'Unchanged'. Consider using 'DbContextOptionsBuilder.EnableSensitiveDataLogging' to see key values.
dbug: Microsoft.EntityFrameworkCore.ChangeTracking[10807]
      An entity of type 'TblDispatch' tracked by 'TransportMgmtContext' changed state from 'Added' to 'Unchanged'. Consider using 'DbContextOptionsBuilder.EnableSensitiveDataLogging' to see key values.
dbug: Microsoft.EntityFrameworkCore.ChangeTracking[10807]
      An entity of type 'TblDispatch' tracked by 'TransportMgmtContext' changed state from 'Added' to 'Unchanged'. Consider using 'DbContextOptionsBuilder.EnableSensitiveDataLogging' to see key values.
dbug: Microsoft.EntityFrameworkCore.ChangeTracking[10807]
      An entity of type 'TblDispatch' tracked by 'TransportMgmtContext' changed state from 'Added' to 'Unchanged'. Consider using 'DbContextOptionsBuilder.EnableSensitiveDataLogging' to see key values.
dbug: Microsoft.EntityFrameworkCore.ChangeTracking[10807]
      An entity of type 'TblDispatch' tracked by 'TransportMgmtContext' changed state from 'Added' to 'Unchanged'. Consider using 'DbContextOptionsBuilder.EnableSensitiveDataLogging' to see key values.
dbug: Microsoft.EntityFrameworkCore.ChangeTracking[10807]
      An entity of type 'TblDispatch' tracked by 'TransportMgmtContext' changed state from 'Added' to 'Unchanged'. Consider using 'DbContextOptionsBuilder.EnableSensitiveDataLogging' to see key values.
dbug: Microsoft.EntityFrameworkCore.ChangeTracking[10807]
      An entity of type 'TblDispatch' tracked by 'TransportMgmtContext' changed state from 'Added' to 'Unchanged'. Consider using 'DbContextOptionsBuilder.EnableSensitiveDataLogging' to see key values.
dbug: Microsoft.EntityFrameworkCore.ChangeTracking[10807]
      An entity of type 'TblDispatch' tracked by 'TransportMgmtContext' changed state from 'Added' to 'Unchanged'. Consider using 'DbContextOptionsBuilder.EnableSensitiveDataLogging' to see key values.
dbug: Microsoft.EntityFrameworkCore.ChangeTracking[10807]
      An entity of type 'TblDispatch' tracked by 'TransportMgmtContext' changed state from 'Added' to 'Unchanged'. Consider using 'DbContextOptionsBuilder.EnableSensitiveDataLogging' to see key values.
dbug: Microsoft.EntityFrameworkCore.ChangeTracking[10807]
      An entity of type 'TblDispatch' tracked by 'TransportMgmtContext' changed state from 'Added' to 'Unchanged'. Consider using 'DbContextOptionsBuilder.EnableSensitiveDataLogging' to see key values.
dbug: Microsoft.EntityFrameworkCore.ChangeTracking[10807]
      An entity of type 'TblDispatch' tracked by 'TransportMgmtContext' changed state from 'Added' to 'Unchanged'. Consider using 'DbContextOptionsBuilder.EnableSensitiveDataLogging' to see key values.
dbug: Microsoft.EntityFrameworkCore.ChangeTracking[10807]
      An entity of type 'TblDispatch' tracked by 'TransportMgmtContext' changed state from 'Added' to 'Unchanged'. Consider using 'DbContextOptionsBuilder.EnableSensitiveDataLogging' to see key values.
dbug: Microsoft.EntityFrameworkCore.ChangeTracking[10807]
      An entity of type 'TblDispatch' tracked by 'TransportMgmtContext' changed state from 'Added' to 'Unchanged'. Consider using 'DbContextOptionsBuilder.EnableSensitiveDataLogging' to see key values.
dbug: Microsoft.EntityFrameworkCore.ChangeTracking[10807]
      An entity of type 'TblDispatch' tracked by 'TransportMgmtContext' changed state from 'Added' to 'Unchanged'. Consider using 'DbContextOptionsBuilder.EnableSensitiveDataLogging' to see key values.
dbug: Microsoft.EntityFrameworkCore.ChangeTracking[10807]
      An entity of type 'TblDispatch' tracked by 'TransportMgmtContext' changed state from 'Added' to 'Unchanged'. Consider using 'DbContextOptionsBuilder.EnableSensitiveDataLogging' to see key values.
dbug: Microsoft.EntityFrameworkCore.ChangeTracking[10807]
      An entity of type 'TblDispatch' tracked by 'TransportMgmtContext' changed state from 'Added' to 'Unchanged'. Consider using 'DbContextOptionsBuilder.EnableSensitiveDataLogging' to see key values.
dbug: Microsoft.EntityFrameworkCore.ChangeTracking[10807]
      An entity of type 'TblDispatch' tracked by 'TransportMgmtContext' changed state from 'Added' to 'Unchanged'. Consider using 'DbContextOptionsBuilder.EnableSensitiveDataLogging' to see key values.
dbug: Microsoft.EntityFrameworkCore.ChangeTracking[10807]
      An entity of type 'TblDispatch' tracked by 'TransportMgmtContext' changed state from 'Added' to 'Unchanged'. Consider using 'DbContextOptionsBuilder.EnableSensitiveDataLogging' to see key values.
dbug: Microsoft.EntityFrameworkCore.ChangeTracking[10807]
      An entity of type 'TblDispatch' tracked by 'TransportMgmtContext' changed state from 'Added' to 'Unchanged'. Consider using 'DbContextOptionsBuilder.EnableSensitiveDataLogging' to see key values.
dbug: Microsoft.EntityFrameworkCore.ChangeTracking[10807]
      An entity of type 'TblDispatch' tracked by 'TransportMgmtContext' changed state from 'Added' to 'Unchanged'. Consider using 'DbContextOptionsBuilder.EnableSensitiveDataLogging' to see key values.
dbug: Microsoft.EntityFrameworkCore.ChangeTracking[10807]
      An entity of type 'TblDispatch' tracked by 'TransportMgmtContext' changed state from 'Added' to 'Unchanged'. Consider using 'DbContextOptionsBuilder.EnableSensitiveDataLogging' to see key values.
dbug: Microsoft.EntityFrameworkCore.ChangeTracking[10807]
      An entity of type 'TblDispatch' tracked by 'TransportMgmtContext' changed state from 'Added' to 'Unchanged'. Consider using 'DbContextOptionsBuilder.EnableSensitiveDataLogging' to see key values.
dbug: Microsoft.EntityFrameworkCore.ChangeTracking[10807]
      An entity of type 'TblDispatch' tracked by 'TransportMgmtContext' changed state from 'Added' to 'Unchanged'. Consider using 'DbContextOptionsBuilder.EnableSensitiveDataLogging' to see key values.
dbug: Microsoft.EntityFrameworkCore.ChangeTracking[10807]
      An entity of type 'TblDispatch' tracked by 'TransportMgmtContext' changed state from 'Added' to 'Unchanged'. Consider using 'DbContextOptionsBuilder.EnableSensitiveDataLogging' to see key values.
dbug: Microsoft.EntityFrameworkCore.ChangeTracking[10807]
      An entity of type 'TblDispatch' tracked by 'TransportMgmtContext' changed state from 'Added' to 'Unchanged'. Consider using 'DbContextOptionsBuilder.EnableSensitiveDataLogging' to see key values.
dbug: Microsoft.EntityFrameworkCore.ChangeTracking[10807]
      An entity of type 'TblDispatch' tracked by 'TransportMgmtContext' changed state from 'Added' to 'Unchanged'. Consider using 'DbContextOptionsBuilder.EnableSensitiveDataLogging' to see key values.
dbug: Microsoft.EntityFrameworkCore.ChangeTracking[10807]
      An entity of type 'TblDispatch' tracked by 'TransportMgmtContext' changed state from 'Added' to 'Unchanged'. Consider using 'DbContextOptionsBuilder.EnableSensitiveDataLogging' to see key values.
dbug: Microsoft.EntityFrameworkCore.ChangeTracking[10807]
      An entity of type 'TblDispatch' tracked by 'TransportMgmtContext' changed state from 'Added' to 'Unchanged'. Consider using 'DbContextOptionsBuilder.EnableSensitiveDataLogging' to see key values.
dbug: Microsoft.EntityFrameworkCore.ChangeTracking[10807]
      An entity of type 'TblDispatch' tracked by 'TransportMgmtContext' changed state from 'Added' to 'Unchanged'. Consider using 'DbContextOptionsBuilder.EnableSensitiveDataLogging' to see key values.
dbug: Microsoft.EntityFrameworkCore.ChangeTracking[10807]
      An entity of type 'TblDispatch' tracked by 'TransportMgmtContext' changed state from 'Added' to 'Unchanged'. Consider using 'DbContextOptionsBuilder.EnableSensitiveDataLogging' to see key values.
dbug: Microsoft.EntityFrameworkCore.ChangeTracking[10807]
      An entity of type 'TblDispatch' tracked by 'TransportMgmtContext' changed state from 'Added' to 'Unchanged'. Consider using 'DbContextOptionsBuilder.EnableSensitiveDataLogging' to see key values.
dbug: Microsoft.EntityFrameworkCore.ChangeTracking[10807]
      An entity of type 'TblDispatch' tracked by 'TransportMgmtContext' changed state from 'Added' to 'Unchanged'. Consider using 'DbContextOptionsBuilder.EnableSensitiveDataLogging' to see key values.
dbug: Microsoft.EntityFrameworkCore.ChangeTracking[10807]
      An entity of type 'TblDispatch' tracked by 'TransportMgmtContext' changed state from 'Added' to 'Unchanged'. Consider using 'DbContextOptionsBuilder.EnableSensitiveDataLogging' to see key values.
dbug: Microsoft.EntityFrameworkCore.ChangeTracking[10807]
      An entity of type 'TblDispatch' tracked by 'TransportMgmtContext' changed state from 'Added' to 'Unchanged'. Consider using 'DbContextOptionsBuilder.EnableSensitiveDataLogging' to see key values.
dbug: Microsoft.EntityFrameworkCore.ChangeTracking[10807]
      An entity of type 'TblDispatch' tracked by 'TransportMgmtContext' changed state from 'Added' to 'Unchanged'. Consider using 'DbContextOptionsBuilder.EnableSensitiveDataLogging' to see key values.
dbug: Microsoft.EntityFrameworkCore.ChangeTracking[10807]
      An entity of type 'TblDispatch' tracked by 'TransportMgmtContext' changed state from 'Added' to 'Unchanged'. Consider using 'DbContextOptionsBuilder.EnableSensitiveDataLogging' to see key values.
dbug: Microsoft.EntityFrameworkCore.ChangeTracking[10807]
      An entity of type 'TblDispatch' tracked by 'TransportMgmtContext' changed state from 'Added' to 'Unchanged'. Consider using 'DbContextOptionsBuilder.EnableSensitiveDataLogging' to see key values.
dbug: Microsoft.EntityFrameworkCore.ChangeTracking[10807]
      An entity of type 'TblDispatch' tracked by 'TransportMgmtContext' changed state from 'Added' to 'Unchanged'. Consider using 'DbContextOptionsBuilder.EnableSensitiveDataLogging' to see key values.
dbug: Microsoft.EntityFrameworkCore.ChangeTracking[10807]
      An entity of type 'TblDispatch' tracked by 'TransportMgmtContext' changed state from 'Added' to 'Unchanged'. Consider using 'DbContextOptionsBuilder.EnableSensitiveDataLogging' to see key values.
dbug: Microsoft.EntityFrameworkCore.ChangeTracking[10807]
      An entity of type 'TblDispatch' tracked by 'TransportMgmtContext' changed state from 'Added' to 'Unchanged'. Consider using 'DbContextOptionsBuilder.EnableSensitiveDataLogging' to see key values.
dbug: Microsoft.EntityFrameworkCore.ChangeTracking[10807]
      An entity of type 'TblDispatch' tracked by 'TransportMgmtContext' changed state from 'Added' to 'Unchanged'. Consider using 'DbContextOptionsBuilder.EnableSensitiveDataLogging' to see key values.
dbug: Microsoft.EntityFrameworkCore.ChangeTracking[10807]
      An entity of type 'TblDispatch' tracked by 'TransportMgmtContext' changed state from 'Added' to 'Unchanged'. Consider using 'DbContextOptionsBuilder.EnableSensitiveDataLogging' to see key values.
dbug: Microsoft.EntityFrameworkCore.Update[10005]
      SaveChanges completed for 'TransportMgmtContext' with 42 entities written to the database.
info: Microsoft.AspNetCore.Mvc.RedirectToActionResult[1]
      Executing RedirectResult, redirecting to /Dispatch/UploadDispatch.
info: Microsoft.AspNetCore.Mvc.Infrastructure.ControllerActionInvoker[2]
      Executed action CodeFirstTransport.Controllers.DispatchController.UploadDispatch (CodeFirstTransport) in 2716.0821ms
info: Microsoft.AspNetCore.Routing.EndpointMiddleware[1]
      Executed endpoint 'CodeFirstTransport.Controllers.DispatchController.UploadDispatch (CodeFirstTransport)'
dbug: Microsoft.EntityFrameworkCore.Infrastructure[10407]
      'TransportMgmtContext' disposed.
info: Microsoft.AspNetCore.Hosting.Diagnostics[2]
      Request finished HTTP/2 POST https://localhost:44307/Dispatch/UploadDispatch multipart/form-data;+boundary=----WebKitFormBoundaryfopaIWryU31HUaaJ 11553 - 302 - - 2746.2354ms
info: Microsoft.AspNetCore.Hosting.Diagnostics[1]
      Request starting HTTP/2 GET https://localhost:44307/Dispatch/UploadDispatch - -
info: Microsoft.AspNetCore.Routing.EndpointMiddleware[0]
      Executing endpoint 'CodeFirstTransport.Controllers.DispatchController.UploadDispatch (CodeFirstTransport)'
info: Microsoft.AspNetCore.Mvc.Infrastructure.ControllerActionInvoker[3]
      Route matched with {action = "UploadDispatch", controller = "Dispatch"}. Executing controller action with signature Microsoft.AspNetCore.Mvc.IActionResult UploadDispatch() on controller CodeFirstTransport.Controllers.DispatchController (CodeFirstTransport).
info: Microsoft.EntityFrameworkCore.Infrastructure[10403]
      Entity Framework Core 6.0.21 initialized 'TransportMgmtContext' using provider 'Microsoft.EntityFrameworkCore.SqlServer:6.0.21' with options: CommandTimeout=120 
dbug: Microsoft.EntityFrameworkCore.Database.Command[20103]
      Creating DbCommand for 'ExecuteReader'.
dbug: Microsoft.EntityFrameworkCore.Database.Command[20104]
      Created DbCommand for 'ExecuteReader' (2ms).
dbug: Microsoft.EntityFrameworkCore.Database.Connection[20000]
      Opening connection to database 'FinalDb' on server 'MUSAKHAN\SQLEXPRESS'.
dbug: Microsoft.EntityFrameworkCore.Database.Connection[20001]
      Opened connection to database 'FinalDb' on server 'MUSAKHAN\SQLEXPRESS'.
dbug: Microsoft.EntityFrameworkCore.Database.Command[20100]
      Executing DbCommand [Parameters=[], CommandType='Text', CommandTimeout='120']
      SELECT [t].[FID], [t].[Address], [t].[Code], [t].[CreatedBy], [t].[CreatedOn], [t].[FactoryName], [t].[Gstin], [t].[IsActive], [t].[ModifiedBy], [t].[ModifiedOn]
      FROM [TblFactories] AS [t]
info: Microsoft.EntityFrameworkCore.Database.Command[20101]
      Executed DbCommand (6ms) [Parameters=[], CommandType='Text', CommandTimeout='120']
      SELECT [t].[FID], [t].[Address], [t].[Code], [t].[CreatedBy], [t].[CreatedOn], [t].[FactoryName], [t].[Gstin], [t].[IsActive], [t].[ModifiedBy], [t].[ModifiedOn]
      FROM [TblFactories] AS [t]
dbug: Microsoft.EntityFrameworkCore.ChangeTracking[10806]
      Context 'TransportMgmtContext' started tracking 'TblFactory' entity. Consider using 'DbContextOptionsBuilder.EnableSensitiveDataLogging' to see key values.
dbug: Microsoft.EntityFrameworkCore.ChangeTracking[10806]
      Context 'TransportMgmtContext' started tracking 'TblFactory' entity. Consider using 'DbContextOptionsBuilder.EnableSensitiveDataLogging' to see key values.
dbug: Microsoft.EntityFrameworkCore.ChangeTracking[10806]
      Context 'TransportMgmtContext' started tracking 'TblFactory' entity. Consider using 'DbContextOptionsBuilder.EnableSensitiveDataLogging' to see key values.
dbug: Microsoft.EntityFrameworkCore.ChangeTracking[10806]
      Context 'TransportMgmtContext' started tracking 'TblFactory' entity. Consider using 'DbContextOptionsBuilder.EnableSensitiveDataLogging' to see key values.
dbug: Microsoft.EntityFrameworkCore.ChangeTracking[10806]
      Context 'TransportMgmtContext' started tracking 'TblFactory' entity. Consider using 'DbContextOptionsBuilder.EnableSensitiveDataLogging' to see key values.
dbug: Microsoft.EntityFrameworkCore.ChangeTracking[10806]
      Context 'TransportMgmtContext' started tracking 'TblFactory' entity. Consider using 'DbContextOptionsBuilder.EnableSensitiveDataLogging' to see key values.
dbug: Microsoft.EntityFrameworkCore.ChangeTracking[10806]
      Context 'TransportMgmtContext' started tracking 'TblFactory' entity. Consider using 'DbContextOptionsBuilder.EnableSensitiveDataLogging' to see key values.
dbug: Microsoft.EntityFrameworkCore.ChangeTracking[10806]
      Context 'TransportMgmtContext' started tracking 'TblFactory' entity. Consider using 'DbContextOptionsBuilder.EnableSensitiveDataLogging' to see key values.
dbug: Microsoft.EntityFrameworkCore.ChangeTracking[10806]
      Context 'TransportMgmtContext' started tracking 'TblFactory' entity. Consider using 'DbContextOptionsBuilder.EnableSensitiveDataLogging' to see key values.
dbug: Microsoft.EntityFrameworkCore.ChangeTracking[10806]
      Context 'TransportMgmtContext' started tracking 'TblFactory' entity. Consider using 'DbContextOptionsBuilder.EnableSensitiveDataLogging' to see key values.
dbug: Microsoft.EntityFrameworkCore.ChangeTracking[10806]
      Context 'TransportMgmtContext' started tracking 'TblFactory' entity. Consider using 'DbContextOptionsBuilder.EnableSensitiveDataLogging' to see key values.
dbug: Microsoft.EntityFrameworkCore.Database.Command[20300]
      A data reader was disposed.
dbug: Microsoft.EntityFrameworkCore.Database.Connection[20002]
      Closing connection to database 'FinalDb' on server 'MUSAKHAN\SQLEXPRESS'.
dbug: Microsoft.EntityFrameworkCore.Database.Connection[20003]
      Closed connection to database 'FinalDb' on server 'MUSAKHAN\SQLEXPRESS'.
info: Microsoft.AspNetCore.Mvc.ViewFeatures.ViewResultExecutor[1]
      Executing ViewResult, running view UploadDispatch.
dbug: Microsoft.WebTools.BrowserLink.Net.BrowserLinkMiddleware[1]
      Response markup is scheduled to include Browser Link script injection.
info: Microsoft.AspNetCore.Mvc.ViewFeatures.ViewResultExecutor[4]
      Executed ViewResult - view UploadDispatch executed in 9.8476ms.
info: Microsoft.AspNetCore.Mvc.Infrastructure.ControllerActionInvoker[2]
      Executed action CodeFirstTransport.Controllers.DispatchController.UploadDispatch (CodeFirstTransport) in 65.9398ms
info: Microsoft.AspNetCore.Routing.EndpointMiddleware[1]
      Executed endpoint 'CodeFirstTransport.Controllers.DispatchController.UploadDispatch (CodeFirstTransport)'
dbug: Microsoft.WebTools.BrowserLink.Net.BrowserLinkMiddleware[2]
      Response markup was updated to include Browser Link script injection.
dbug: Microsoft.EntityFrameworkCore.Infrastructure[10407]
      'TransportMgmtContext' disposed.
info: Microsoft.AspNetCore.Hosting.Diagnostics[2]
      Request finished HTTP/2 GET https://localhost:44307/Dispatch/UploadDispatch - - - 200 - text/html;+charset=utf-8 103.1572ms
info: Microsoft.AspNetCore.Hosting.Diagnostics[1]
      Request starting HTTP/2 GET https://localhost:44307/CodeFirstTransport.styles.css - -
info: Microsoft.AspNetCore.Hosting.Diagnostics[1]
      Request starting HTTP/2 GET https://localhost:44307/_vs/browserLink - -
info: Microsoft.AspNetCore.Hosting.Diagnostics[1]
      Request starting HTTP/2 GET https://localhost:44307/_framework/aspnetcore-browser-refresh.js - -
info: Microsoft.AspNetCore.Hosting.Diagnostics[2]
      Request finished HTTP/2 GET https://localhost:44307/CodeFirstTransport.styles.css - - - 404 - - 11.9005ms
info: Microsoft.AspNetCore.Hosting.Diagnostics[2]
      Request finished HTTP/2 GET https://localhost:44307/_framework/aspnetcore-browser-refresh.js - - - 200 11994 application/javascript;+charset=utf-8 12.5267ms
info: Microsoft.AspNetCore.Hosting.Diagnostics[2]
      Request finished HTTP/2 GET https://localhost:44307/_vs/browserLink - - - 200 - text/javascript;+charset=UTF-8 39.6008ms
info: Microsoft.AspNetCore.Hosting.Diagnostics[1]
      Request starting HTTP/2 GET https://localhost:44307/Dispatch/UploadDispatch - -
info: Microsoft.AspNetCore.Routing.EndpointMiddleware[0]
      Executing endpoint 'CodeFirstTransport.Controllers.DispatchController.UploadDispatch (CodeFirstTransport)'
info: Microsoft.AspNetCore.Mvc.Infrastructure.ControllerActionInvoker[3]
      Route matched with {action = "UploadDispatch", controller = "Dispatch"}. Executing controller action with signature Microsoft.AspNetCore.Mvc.IActionResult UploadDispatch() on controller CodeFirstTransport.Controllers.DispatchController (CodeFirstTransport).
info: Microsoft.EntityFrameworkCore.Infrastructure[10403]
      Entity Framework Core 6.0.21 initialized 'TransportMgmtContext' using provider 'Microsoft.EntityFrameworkCore.SqlServer:6.0.21' with options: CommandTimeout=120 
dbug: Microsoft.EntityFrameworkCore.Database.Command[20103]
      Creating DbCommand for 'ExecuteReader'.
dbug: Microsoft.EntityFrameworkCore.Database.Command[20104]
      Created DbCommand for 'ExecuteReader' (4ms).
dbug: Microsoft.EntityFrameworkCore.Database.Connection[20000]
      Opening connection to database 'FinalDb' on server 'MUSAKHAN\SQLEXPRESS'.
dbug: Microsoft.EntityFrameworkCore.Database.Connection[20001]
      Opened connection to database 'FinalDb' on server 'MUSAKHAN\SQLEXPRESS'.
dbug: Microsoft.EntityFrameworkCore.Database.Command[20100]
      Executing DbCommand [Parameters=[], CommandType='Text', CommandTimeout='120']
      SELECT [t].[FID], [t].[Address], [t].[Code], [t].[CreatedBy], [t].[CreatedOn], [t].[FactoryName], [t].[Gstin], [t].[IsActive], [t].[ModifiedBy], [t].[ModifiedOn]
      FROM [TblFactories] AS [t]
info: Microsoft.EntityFrameworkCore.Database.Command[20101]
      Executed DbCommand (12ms) [Parameters=[], CommandType='Text', CommandTimeout='120']
      SELECT [t].[FID], [t].[Address], [t].[Code], [t].[CreatedBy], [t].[CreatedOn], [t].[FactoryName], [t].[Gstin], [t].[IsActive], [t].[ModifiedBy], [t].[ModifiedOn]
      FROM [TblFactories] AS [t]
dbug: Microsoft.EntityFrameworkCore.ChangeTracking[10806]
      Context 'TransportMgmtContext' started tracking 'TblFactory' entity. Consider using 'DbContextOptionsBuilder.EnableSensitiveDataLogging' to see key values.
dbug: Microsoft.EntityFrameworkCore.ChangeTracking[10806]
      Context 'TransportMgmtContext' started tracking 'TblFactory' entity. Consider using 'DbContextOptionsBuilder.EnableSensitiveDataLogging' to see key values.
dbug: Microsoft.EntityFrameworkCore.ChangeTracking[10806]
      Context 'TransportMgmtContext' started tracking 'TblFactory' entity. Consider using 'DbContextOptionsBuilder.EnableSensitiveDataLogging' to see key values.
dbug: Microsoft.EntityFrameworkCore.ChangeTracking[10806]
      Context 'TransportMgmtContext' started tracking 'TblFactory' entity. Consider using 'DbContextOptionsBuilder.EnableSensitiveDataLogging' to see key values.
dbug: Microsoft.EntityFrameworkCore.ChangeTracking[10806]
      Context 'TransportMgmtContext' started tracking 'TblFactory' entity. Consider using 'DbContextOptionsBuilder.EnableSensitiveDataLogging' to see key values.
dbug: Microsoft.EntityFrameworkCore.ChangeTracking[10806]
      Context 'TransportMgmtContext' started tracking 'TblFactory' entity. Consider using 'DbContextOptionsBuilder.EnableSensitiveDataLogging' to see key values.
dbug: Microsoft.EntityFrameworkCore.ChangeTracking[10806]
      Context 'TransportMgmtContext' started tracking 'TblFactory' entity. Consider using 'DbContextOptionsBuilder.EnableSensitiveDataLogging' to see key values.
dbug: Microsoft.EntityFrameworkCore.ChangeTracking[10806]
      Context 'TransportMgmtContext' started tracking 'TblFactory' entity. Consider using 'DbContextOptionsBuilder.EnableSensitiveDataLogging' to see key values.
dbug: Microsoft.EntityFrameworkCore.ChangeTracking[10806]
      Context 'TransportMgmtContext' started tracking 'TblFactory' entity. Consider using 'DbContextOptionsBuilder.EnableSensitiveDataLogging' to see key values.
dbug: Microsoft.EntityFrameworkCore.ChangeTracking[10806]
      Context 'TransportMgmtContext' started tracking 'TblFactory' entity. Consider using 'DbContextOptionsBuilder.EnableSensitiveDataLogging' to see key values.
dbug: Microsoft.EntityFrameworkCore.ChangeTracking[10806]
      Context 'TransportMgmtContext' started tracking 'TblFactory' entity. Consider using 'DbContextOptionsBuilder.EnableSensitiveDataLogging' to see key values.
dbug: Microsoft.EntityFrameworkCore.Database.Command[20300]
      A data reader was disposed.
dbug: Microsoft.EntityFrameworkCore.Database.Connection[20002]
      Closing connection to database 'FinalDb' on server 'MUSAKHAN\SQLEXPRESS'.
dbug: Microsoft.EntityFrameworkCore.Database.Connection[20003]
      Closed connection to database 'FinalDb' on server 'MUSAKHAN\SQLEXPRESS'.
info: Microsoft.AspNetCore.Mvc.ViewFeatures.ViewResultExecutor[1]
      Executing ViewResult, running view UploadDispatch.
dbug: Microsoft.WebTools.BrowserLink.Net.BrowserLinkMiddleware[1]
      Response markup is scheduled to include Browser Link script injection.
info: Microsoft.AspNetCore.Mvc.ViewFeatures.ViewResultExecutor[4]
      Executed ViewResult - view UploadDispatch executed in 7.6494ms.
info: Microsoft.AspNetCore.Mvc.Infrastructure.ControllerActionInvoker[2]
      Executed action CodeFirstTransport.Controllers.DispatchController.UploadDispatch (CodeFirstTransport) in 5015.3807ms
info: Microsoft.AspNetCore.Routing.EndpointMiddleware[1]
      Executed endpoint 'CodeFirstTransport.Controllers.DispatchController.UploadDispatch (CodeFirstTransport)'
dbug: Microsoft.WebTools.BrowserLink.Net.BrowserLinkMiddleware[2]
      Response markup was updated to include Browser Link script injection.
dbug: Microsoft.EntityFrameworkCore.Infrastructure[10407]
      'TransportMgmtContext' disposed.
info: Microsoft.AspNetCore.Hosting.Diagnostics[2]
      Request finished HTTP/2 GET https://localhost:44307/Dispatch/UploadDispatch - - - 200 - text/html;+charset=utf-8 5101.4055ms
info: Microsoft.AspNetCore.Hosting.Diagnostics[1]
      Request starting HTTP/2 GET https://localhost:44307/_framework/aspnetcore-browser-refresh.js - -
info: Microsoft.AspNetCore.Hosting.Diagnostics[2]
      Request finished HTTP/2 GET https://localhost:44307/_framework/aspnetcore-browser-refresh.js - - - 200 11994 application/javascript;+charset=utf-8 5.4657ms
info: Microsoft.AspNetCore.Hosting.Diagnostics[1]
      Request starting HTTP/2 POST https://localhost:44307/Dispatch/UploadDispatch multipart/form-data;+boundary=----WebKitFormBoundary3Vuld8CKVrA8MBR5 13963
info: Microsoft.AspNetCore.Routing.EndpointMiddleware[0]
      Executing endpoint 'CodeFirstTransport.Controllers.DispatchController.UploadDispatch (CodeFirstTransport)'
info: Microsoft.AspNetCore.Mvc.Infrastructure.ControllerActionInvoker[3]
      Route matched with {action = "UploadDispatch", controller = "Dispatch"}. Executing controller action with signature System.Threading.Tasks.Task`1[Microsoft.AspNetCore.Mvc.IActionResult] UploadDispatch(Microsoft.AspNetCore.Http.IFormFile) on controller CodeFirstTransport.Controllers.DispatchController (CodeFirstTransport).
info: Microsoft.EntityFrameworkCore.Infrastructure[10403]
      Entity Framework Core 6.0.21 initialized 'TransportMgmtContext' using provider 'Microsoft.EntityFrameworkCore.SqlServer:6.0.21' with options: CommandTimeout=120 
dbug: Microsoft.EntityFrameworkCore.Database.Command[20103]
      Creating DbCommand for 'ExecuteReader'.
dbug: Microsoft.EntityFrameworkCore.Database.Command[20104]
      Created DbCommand for 'ExecuteReader' (3ms).
dbug: Microsoft.EntityFrameworkCore.Database.Connection[20000]
      Opening connection to database 'FinalDb' on server 'MUSAKHAN\SQLEXPRESS'.
dbug: Microsoft.EntityFrameworkCore.Database.Connection[20001]
      Opened connection to database 'FinalDb' on server 'MUSAKHAN\SQLEXPRESS'.
dbug: Microsoft.EntityFrameworkCore.Database.Command[20100]
      Executing DbCommand [Parameters=[@__cell1_0='?' (Size = 4000)], CommandType='Text', CommandTimeout='120']
      SELECT TOP(1) [t].[DispId], [t].[BillID], [t].[ChallanNo], [t].[DeliveryNum], [t].[Destination], [t].[DisVid], [t].[DispatchDate], [t].[DispatchQuantity], [t].[FinalPrice], [t].[ImagePath], [t].[IsReceived], [t].[Lr], [t].[PartyName], [t].[Shortage], [t].[TotalValue], [t].[UnitPrice], [t].[VehicleNo]
      FROM [TblDispatches] AS [t]
      WHERE [t].[ChallanNo] = @__cell1_0
info: Microsoft.EntityFrameworkCore.Database.Command[20101]
      Executed DbCommand (34ms) [Parameters=[@__cell1_0='?' (Size = 4000)], CommandType='Text', CommandTimeout='120']
      SELECT TOP(1) [t].[DispId], [t].[BillID], [t].[ChallanNo], [t].[DeliveryNum], [t].[Destination], [t].[DisVid], [t].[DispatchDate], [t].[DispatchQuantity], [t].[FinalPrice], [t].[ImagePath], [t].[IsReceived], [t].[Lr], [t].[PartyName], [t].[Shortage], [t].[TotalValue], [t].[UnitPrice], [t].[VehicleNo]
      FROM [TblDispatches] AS [t]
      WHERE [t].[ChallanNo] = @__cell1_0
dbug: Microsoft.EntityFrameworkCore.Database.Command[20300]
      A data reader was disposed.
dbug: Microsoft.EntityFrameworkCore.Database.Connection[20002]
      Closing connection to database 'FinalDb' on server 'MUSAKHAN\SQLEXPRESS'.
dbug: Microsoft.EntityFrameworkCore.Database.Connection[20003]
      Closed connection to database 'FinalDb' on server 'MUSAKHAN\SQLEXPRESS'.
dbug: Microsoft.EntityFrameworkCore.Database.Command[20103]
      Creating DbCommand for 'ExecuteReader'.
dbug: Microsoft.EntityFrameworkCore.Database.Command[20104]
      Created DbCommand for 'ExecuteReader' (2ms).
dbug: Microsoft.EntityFrameworkCore.Database.Connection[20000]
      Opening connection to database 'FinalDb' on server 'MUSAKHAN\SQLEXPRESS'.
dbug: Microsoft.EntityFrameworkCore.Database.Connection[20001]
      Opened connection to database 'FinalDb' on server 'MUSAKHAN\SQLEXPRESS'.
dbug: Microsoft.EntityFrameworkCore.Database.Command[20100]
      Executing DbCommand [Parameters=[@__cell1_0='?' (Size = 4000)], CommandType='Text', CommandTimeout='120']
      SELECT TOP(1) [t].[DispId], [t].[BillID], [t].[ChallanNo], [t].[DeliveryNum], [t].[Destination], [t].[DisVid], [t].[DispatchDate], [t].[DispatchQuantity], [t].[FinalPrice], [t].[ImagePath], [t].[IsReceived], [t].[Lr], [t].[PartyName], [t].[Shortage], [t].[TotalValue], [t].[UnitPrice], [t].[VehicleNo]
      FROM [TblDispatches] AS [t]
      WHERE [t].[ChallanNo] = @__cell1_0
info: Microsoft.EntityFrameworkCore.Database.Command[20101]
      Executed DbCommand (11ms) [Parameters=[@__cell1_0='?' (Size = 4000)], CommandType='Text', CommandTimeout='120']
      SELECT TOP(1) [t].[DispId], [t].[BillID], [t].[ChallanNo], [t].[DeliveryNum], [t].[Destination], [t].[DisVid], [t].[DispatchDate], [t].[DispatchQuantity], [t].[FinalPrice], [t].[ImagePath], [t].[IsReceived], [t].[Lr], [t].[PartyName], [t].[Shortage], [t].[TotalValue], [t].[UnitPrice], [t].[VehicleNo]
      FROM [TblDispatches] AS [t]
      WHERE [t].[ChallanNo] = @__cell1_0
dbug: Microsoft.EntityFrameworkCore.Database.Command[20300]
      A data reader was disposed.
dbug: Microsoft.EntityFrameworkCore.Database.Connection[20002]
      Closing connection to database 'FinalDb' on server 'MUSAKHAN\SQLEXPRESS'.
dbug: Microsoft.EntityFrameworkCore.Database.Connection[20003]
      Closed connection to database 'FinalDb' on server 'MUSAKHAN\SQLEXPRESS'.
dbug: Microsoft.EntityFrameworkCore.Database.Command[20103]
      Creating DbCommand for 'ExecuteReader'.
dbug: Microsoft.EntityFrameworkCore.Database.Command[20104]
      Created DbCommand for 'ExecuteReader' (2ms).
dbug: Microsoft.EntityFrameworkCore.Database.Connection[20000]
      Opening connection to database 'FinalDb' on server 'MUSAKHAN\SQLEXPRESS'.
dbug: Microsoft.EntityFrameworkCore.Database.Connection[20001]
      Opened connection to database 'FinalDb' on server 'MUSAKHAN\SQLEXPRESS'.
dbug: Microsoft.EntityFrameworkCore.Database.Command[20100]
      Executing DbCommand [Parameters=[@__cell1_0='?' (Size = 4000)], CommandType='Text', CommandTimeout='120']
      SELECT TOP(1) [t].[DispId], [t].[BillID], [t].[ChallanNo], [t].[DeliveryNum], [t].[Destination], [t].[DisVid], [t].[DispatchDate], [t].[DispatchQuantity], [t].[FinalPrice], [t].[ImagePath], [t].[IsReceived], [t].[Lr], [t].[PartyName], [t].[Shortage], [t].[TotalValue], [t].[UnitPrice], [t].[VehicleNo]
      FROM [TblDispatches] AS [t]
      WHERE [t].[ChallanNo] = @__cell1_0
info: Microsoft.EntityFrameworkCore.Database.Command[20101]
      Executed DbCommand (11ms) [Parameters=[@__cell1_0='?' (Size = 4000)], CommandType='Text', CommandTimeout='120']
      SELECT TOP(1) [t].[DispId], [t].[BillID], [t].[ChallanNo], [t].[DeliveryNum], [t].[Destination], [t].[DisVid], [t].[DispatchDate], [t].[DispatchQuantity], [t].[FinalPrice], [t].[ImagePath], [t].[IsReceived], [t].[Lr], [t].[PartyName], [t].[Shortage], [t].[TotalValue], [t].[UnitPrice], [t].[VehicleNo]
      FROM [TblDispatches] AS [t]
      WHERE [t].[ChallanNo] = @__cell1_0
dbug: Microsoft.EntityFrameworkCore.Database.Command[20300]
      A data reader was disposed.
dbug: Microsoft.EntityFrameworkCore.Database.Connection[20002]
      Closing connection to database 'FinalDb' on server 'MUSAKHAN\SQLEXPRESS'.
dbug: Microsoft.EntityFrameworkCore.Database.Connection[20003]
      Closed connection to database 'FinalDb' on server 'MUSAKHAN\SQLEXPRESS'.
dbug: Microsoft.EntityFrameworkCore.Database.Command[20103]
      Creating DbCommand for 'ExecuteReader'.
dbug: Microsoft.EntityFrameworkCore.Database.Command[20104]
      Created DbCommand for 'ExecuteReader' (2ms).
dbug: Microsoft.EntityFrameworkCore.Database.Connection[20000]
      Opening connection to database 'FinalDb' on server 'MUSAKHAN\SQLEXPRESS'.
dbug: Microsoft.EntityFrameworkCore.Database.Connection[20001]
      Opened connection to database 'FinalDb' on server 'MUSAKHAN\SQLEXPRESS'.
dbug: Microsoft.EntityFrameworkCore.Database.Command[20100]
      Executing DbCommand [Parameters=[@__cell1_0='?' (Size = 4000)], CommandType='Text', CommandTimeout='120']
      SELECT TOP(1) [t].[DispId], [t].[BillID], [t].[ChallanNo], [t].[DeliveryNum], [t].[Destination], [t].[DisVid], [t].[DispatchDate], [t].[DispatchQuantity], [t].[FinalPrice], [t].[ImagePath], [t].[IsReceived], [t].[Lr], [t].[PartyName], [t].[Shortage], [t].[TotalValue], [t].[UnitPrice], [t].[VehicleNo]
      FROM [TblDispatches] AS [t]
      WHERE [t].[ChallanNo] = @__cell1_0
info: Microsoft.EntityFrameworkCore.Database.Command[20101]
      Executed DbCommand (11ms) [Parameters=[@__cell1_0='?' (Size = 4000)], CommandType='Text', CommandTimeout='120']
      SELECT TOP(1) [t].[DispId], [t].[BillID], [t].[ChallanNo], [t].[DeliveryNum], [t].[Destination], [t].[DisVid], [t].[DispatchDate], [t].[DispatchQuantity], [t].[FinalPrice], [t].[ImagePath], [t].[IsReceived], [t].[Lr], [t].[PartyName], [t].[Shortage], [t].[TotalValue], [t].[UnitPrice], [t].[VehicleNo]
      FROM [TblDispatches] AS [t]
      WHERE [t].[ChallanNo] = @__cell1_0
dbug: Microsoft.EntityFrameworkCore.Database.Command[20300]
      A data reader was disposed.
dbug: Microsoft.EntityFrameworkCore.Database.Connection[20002]
      Closing connection to database 'FinalDb' on server 'MUSAKHAN\SQLEXPRESS'.
dbug: Microsoft.EntityFrameworkCore.Database.Connection[20003]
      Closed connection to database 'FinalDb' on server 'MUSAKHAN\SQLEXPRESS'.
dbug: Microsoft.EntityFrameworkCore.Database.Command[20103]
      Creating DbCommand for 'ExecuteReader'.
dbug: Microsoft.EntityFrameworkCore.Database.Command[20104]
      Created DbCommand for 'ExecuteReader' (4ms).
dbug: Microsoft.EntityFrameworkCore.Database.Connection[20000]
      Opening connection to database 'FinalDb' on server 'MUSAKHAN\SQLEXPRESS'.
dbug: Microsoft.EntityFrameworkCore.Database.Connection[20001]
      Opened connection to database 'FinalDb' on server 'MUSAKHAN\SQLEXPRESS'.
dbug: Microsoft.EntityFrameworkCore.Database.Command[20100]
      Executing DbCommand [Parameters=[@__cell1_0='?' (Size = 4000)], CommandType='Text', CommandTimeout='120']
      SELECT TOP(1) [t].[DispId], [t].[BillID], [t].[ChallanNo], [t].[DeliveryNum], [t].[Destination], [t].[DisVid], [t].[DispatchDate], [t].[DispatchQuantity], [t].[FinalPrice], [t].[ImagePath], [t].[IsReceived], [t].[Lr], [t].[PartyName], [t].[Shortage], [t].[TotalValue], [t].[UnitPrice], [t].[VehicleNo]
      FROM [TblDispatches] AS [t]
      WHERE [t].[ChallanNo] = @__cell1_0
info: Microsoft.EntityFrameworkCore.Database.Command[20101]
      Executed DbCommand (11ms) [Parameters=[@__cell1_0='?' (Size = 4000)], CommandType='Text', CommandTimeout='120']
      SELECT TOP(1) [t].[DispId], [t].[BillID], [t].[ChallanNo], [t].[DeliveryNum], [t].[Destination], [t].[DisVid], [t].[DispatchDate], [t].[DispatchQuantity], [t].[FinalPrice], [t].[ImagePath], [t].[IsReceived], [t].[Lr], [t].[PartyName], [t].[Shortage], [t].[TotalValue], [t].[UnitPrice], [t].[VehicleNo]
      FROM [TblDispatches] AS [t]
      WHERE [t].[ChallanNo] = @__cell1_0
dbug: Microsoft.EntityFrameworkCore.Database.Command[20300]
      A data reader was disposed.
dbug: Microsoft.EntityFrameworkCore.Database.Connection[20002]
      Closing connection to database 'FinalDb' on server 'MUSAKHAN\SQLEXPRESS'.
dbug: Microsoft.EntityFrameworkCore.Database.Connection[20003]
      Closed connection to database 'FinalDb' on server 'MUSAKHAN\SQLEXPRESS'.
dbug: Microsoft.EntityFrameworkCore.Database.Command[20103]
      Creating DbCommand for 'ExecuteReader'.
dbug: Microsoft.EntityFrameworkCore.Database.Command[20104]
      Created DbCommand for 'ExecuteReader' (3ms).
dbug: Microsoft.EntityFrameworkCore.Database.Connection[20000]
      Opening connection to database 'FinalDb' on server 'MUSAKHAN\SQLEXPRESS'.
dbug: Microsoft.EntityFrameworkCore.Database.Connection[20001]
      Opened connection to database 'FinalDb' on server 'MUSAKHAN\SQLEXPRESS'.
dbug: Microsoft.EntityFrameworkCore.Database.Command[20100]
      Executing DbCommand [Parameters=[@__cell1_0='?' (Size = 4000)], CommandType='Text', CommandTimeout='120']
      SELECT TOP(1) [t].[DispId], [t].[BillID], [t].[ChallanNo], [t].[DeliveryNum], [t].[Destination], [t].[DisVid], [t].[DispatchDate], [t].[DispatchQuantity], [t].[FinalPrice], [t].[ImagePath], [t].[IsReceived], [t].[Lr], [t].[PartyName], [t].[Shortage], [t].[TotalValue], [t].[UnitPrice], [t].[VehicleNo]
      FROM [TblDispatches] AS [t]
      WHERE [t].[ChallanNo] = @__cell1_0
info: Microsoft.EntityFrameworkCore.Database.Command[20101]
      Executed DbCommand (10ms) [Parameters=[@__cell1_0='?' (Size = 4000)], CommandType='Text', CommandTimeout='120']
      SELECT TOP(1) [t].[DispId], [t].[BillID], [t].[ChallanNo], [t].[DeliveryNum], [t].[Destination], [t].[DisVid], [t].[DispatchDate], [t].[DispatchQuantity], [t].[FinalPrice], [t].[ImagePath], [t].[IsReceived], [t].[Lr], [t].[PartyName], [t].[Shortage], [t].[TotalValue], [t].[UnitPrice], [t].[VehicleNo]
      FROM [TblDispatches] AS [t]
      WHERE [t].[ChallanNo] = @__cell1_0
dbug: Microsoft.EntityFrameworkCore.Database.Command[20300]
      A data reader was disposed.
dbug: Microsoft.EntityFrameworkCore.Database.Connection[20002]
      Closing connection to database 'FinalDb' on server 'MUSAKHAN\SQLEXPRESS'.
dbug: Microsoft.EntityFrameworkCore.Database.Connection[20003]
      Closed connection to database 'FinalDb' on server 'MUSAKHAN\SQLEXPRESS'.
dbug: Microsoft.EntityFrameworkCore.Database.Command[20103]
      Creating DbCommand for 'ExecuteReader'.
dbug: Microsoft.EntityFrameworkCore.Database.Command[20104]
      Created DbCommand for 'ExecuteReader' (2ms).
dbug: Microsoft.EntityFrameworkCore.Database.Connection[20000]
      Opening connection to database 'FinalDb' on server 'MUSAKHAN\SQLEXPRESS'.
dbug: Microsoft.EntityFrameworkCore.Database.Connection[20001]
      Opened connection to database 'FinalDb' on server 'MUSAKHAN\SQLEXPRESS'.
dbug: Microsoft.EntityFrameworkCore.Database.Command[20100]
      Executing DbCommand [Parameters=[@__cell1_0='?' (Size = 4000)], CommandType='Text', CommandTimeout='120']
      SELECT TOP(1) [t].[DispId], [t].[BillID], [t].[ChallanNo], [t].[DeliveryNum], [t].[Destination], [t].[DisVid], [t].[DispatchDate], [t].[DispatchQuantity], [t].[FinalPrice], [t].[ImagePath], [t].[IsReceived], [t].[Lr], [t].[PartyName], [t].[Shortage], [t].[TotalValue], [t].[UnitPrice], [t].[VehicleNo]
      FROM [TblDispatches] AS [t]
      WHERE [t].[ChallanNo] = @__cell1_0
info: Microsoft.EntityFrameworkCore.Database.Command[20101]
      Executed DbCommand (6ms) [Parameters=[@__cell1_0='?' (Size = 4000)], CommandType='Text', CommandTimeout='120']
      SELECT TOP(1) [t].[DispId], [t].[BillID], [t].[ChallanNo], [t].[DeliveryNum], [t].[Destination], [t].[DisVid], [t].[DispatchDate], [t].[DispatchQuantity], [t].[FinalPrice], [t].[ImagePath], [t].[IsReceived], [t].[Lr], [t].[PartyName], [t].[Shortage], [t].[TotalValue], [t].[UnitPrice], [t].[VehicleNo]
      FROM [TblDispatches] AS [t]
      WHERE [t].[ChallanNo] = @__cell1_0
dbug: Microsoft.EntityFrameworkCore.Database.Command[20300]
      A data reader was disposed.
dbug: Microsoft.EntityFrameworkCore.Database.Connection[20002]
      Closing connection to database 'FinalDb' on server 'MUSAKHAN\SQLEXPRESS'.
dbug: Microsoft.EntityFrameworkCore.Database.Connection[20003]
      Closed connection to database 'FinalDb' on server 'MUSAKHAN\SQLEXPRESS'.
dbug: Microsoft.EntityFrameworkCore.Database.Command[20103]
      Creating DbCommand for 'ExecuteReader'.
dbug: Microsoft.EntityFrameworkCore.Database.Command[20104]
      Created DbCommand for 'ExecuteReader' (2ms).
dbug: Microsoft.EntityFrameworkCore.Database.Connection[20000]
      Opening connection to database 'FinalDb' on server 'MUSAKHAN\SQLEXPRESS'.
dbug: Microsoft.EntityFrameworkCore.Database.Connection[20001]
      Opened connection to database 'FinalDb' on server 'MUSAKHAN\SQLEXPRESS'.
dbug: Microsoft.EntityFrameworkCore.Database.Command[20100]
      Executing DbCommand [Parameters=[@__cell1_0='?' (Size = 4000)], CommandType='Text', CommandTimeout='120']
      SELECT TOP(1) [t].[DispId], [t].[BillID], [t].[ChallanNo], [t].[DeliveryNum], [t].[Destination], [t].[DisVid], [t].[DispatchDate], [t].[DispatchQuantity], [t].[FinalPrice], [t].[ImagePath], [t].[IsReceived], [t].[Lr], [t].[PartyName], [t].[Shortage], [t].[TotalValue], [t].[UnitPrice], [t].[VehicleNo]
      FROM [TblDispatches] AS [t]
      WHERE [t].[ChallanNo] = @__cell1_0
info: Microsoft.EntityFrameworkCore.Database.Command[20101]
      Executed DbCommand (9ms) [Parameters=[@__cell1_0='?' (Size = 4000)], CommandType='Text', CommandTimeout='120']
      SELECT TOP(1) [t].[DispId], [t].[BillID], [t].[ChallanNo], [t].[DeliveryNum], [t].[Destination], [t].[DisVid], [t].[DispatchDate], [t].[DispatchQuantity], [t].[FinalPrice], [t].[ImagePath], [t].[IsReceived], [t].[Lr], [t].[PartyName], [t].[Shortage], [t].[TotalValue], [t].[UnitPrice], [t].[VehicleNo]
      FROM [TblDispatches] AS [t]
      WHERE [t].[ChallanNo] = @__cell1_0
dbug: Microsoft.EntityFrameworkCore.Database.Command[20300]
      A data reader was disposed.
dbug: Microsoft.EntityFrameworkCore.Database.Connection[20002]
      Closing connection to database 'FinalDb' on server 'MUSAKHAN\SQLEXPRESS'.
dbug: Microsoft.EntityFrameworkCore.Database.Connection[20003]
      Closed connection to database 'FinalDb' on server 'MUSAKHAN\SQLEXPRESS'.
dbug: Microsoft.EntityFrameworkCore.Database.Command[20103]
      Creating DbCommand for 'ExecuteReader'.
dbug: Microsoft.EntityFrameworkCore.Database.Command[20104]
      Created DbCommand for 'ExecuteReader' (3ms).
dbug: Microsoft.EntityFrameworkCore.Database.Connection[20000]
      Opening connection to database 'FinalDb' on server 'MUSAKHAN\SQLEXPRESS'.
dbug: Microsoft.EntityFrameworkCore.Database.Connection[20001]
      Opened connection to database 'FinalDb' on server 'MUSAKHAN\SQLEXPRESS'.
dbug: Microsoft.EntityFrameworkCore.Database.Command[20100]
      Executing DbCommand [Parameters=[@__cell1_0='?' (Size = 4000)], CommandType='Text', CommandTimeout='120']
      SELECT TOP(1) [t].[DispId], [t].[BillID], [t].[ChallanNo], [t].[DeliveryNum], [t].[Destination], [t].[DisVid], [t].[DispatchDate], [t].[DispatchQuantity], [t].[FinalPrice], [t].[ImagePath], [t].[IsReceived], [t].[Lr], [t].[PartyName], [t].[Shortage], [t].[TotalValue], [t].[UnitPrice], [t].[VehicleNo]
      FROM [TblDispatches] AS [t]
      WHERE [t].[ChallanNo] = @__cell1_0
info: Microsoft.EntityFrameworkCore.Database.Command[20101]
      Executed DbCommand (7ms) [Parameters=[@__cell1_0='?' (Size = 4000)], CommandType='Text', CommandTimeout='120']
      SELECT TOP(1) [t].[DispId], [t].[BillID], [t].[ChallanNo], [t].[DeliveryNum], [t].[Destination], [t].[DisVid], [t].[DispatchDate], [t].[DispatchQuantity], [t].[FinalPrice], [t].[ImagePath], [t].[IsReceived], [t].[Lr], [t].[PartyName], [t].[Shortage], [t].[TotalValue], [t].[UnitPrice], [t].[VehicleNo]
      FROM [TblDispatches] AS [t]
      WHERE [t].[ChallanNo] = @__cell1_0
dbug: Microsoft.EntityFrameworkCore.Database.Command[20300]
      A data reader was disposed.
dbug: Microsoft.EntityFrameworkCore.Database.Connection[20002]
      Closing connection to database 'FinalDb' on server 'MUSAKHAN\SQLEXPRESS'.
dbug: Microsoft.EntityFrameworkCore.Database.Connection[20003]
      Closed connection to database 'FinalDb' on server 'MUSAKHAN\SQLEXPRESS'.
dbug: Microsoft.EntityFrameworkCore.Database.Command[20103]
      Creating DbCommand for 'ExecuteReader'.
dbug: Microsoft.EntityFrameworkCore.Database.Command[20104]
      Created DbCommand for 'ExecuteReader' (2ms).
dbug: Microsoft.EntityFrameworkCore.Database.Connection[20000]
      Opening connection to database 'FinalDb' on server 'MUSAKHAN\SQLEXPRESS'.
dbug: Microsoft.EntityFrameworkCore.Database.Connection[20001]
      Opened connection to database 'FinalDb' on server 'MUSAKHAN\SQLEXPRESS'.
dbug: Microsoft.EntityFrameworkCore.Database.Command[20100]
      Executing DbCommand [Parameters=[@__cell1_0='?' (Size = 4000)], CommandType='Text', CommandTimeout='120']
      SELECT TOP(1) [t].[DispId], [t].[BillID], [t].[ChallanNo], [t].[DeliveryNum], [t].[Destination], [t].[DisVid], [t].[DispatchDate], [t].[DispatchQuantity], [t].[FinalPrice], [t].[ImagePath], [t].[IsReceived], [t].[Lr], [t].[PartyName], [t].[Shortage], [t].[TotalValue], [t].[UnitPrice], [t].[VehicleNo]
      FROM [TblDispatches] AS [t]
      WHERE [t].[ChallanNo] = @__cell1_0
info: Microsoft.EntityFrameworkCore.Database.Command[20101]
      Executed DbCommand (10ms) [Parameters=[@__cell1_0='?' (Size = 4000)], CommandType='Text', CommandTimeout='120']
      SELECT TOP(1) [t].[DispId], [t].[BillID], [t].[ChallanNo], [t].[DeliveryNum], [t].[Destination], [t].[DisVid], [t].[DispatchDate], [t].[DispatchQuantity], [t].[FinalPrice], [t].[ImagePath], [t].[IsReceived], [t].[Lr], [t].[PartyName], [t].[Shortage], [t].[TotalValue], [t].[UnitPrice], [t].[VehicleNo]
      FROM [TblDispatches] AS [t]
      WHERE [t].[ChallanNo] = @__cell1_0
dbug: Microsoft.EntityFrameworkCore.Database.Command[20300]
      A data reader was disposed.
dbug: Microsoft.EntityFrameworkCore.Database.Connection[20002]
      Closing connection to database 'FinalDb' on server 'MUSAKHAN\SQLEXPRESS'.
dbug: Microsoft.EntityFrameworkCore.Database.Connection[20003]
      Closed connection to database 'FinalDb' on server 'MUSAKHAN\SQLEXPRESS'.
dbug: Microsoft.EntityFrameworkCore.Database.Command[20103]
      Creating DbCommand for 'ExecuteReader'.
dbug: Microsoft.EntityFrameworkCore.Database.Command[20104]
      Created DbCommand for 'ExecuteReader' (3ms).
dbug: Microsoft.EntityFrameworkCore.Database.Connection[20000]
      Opening connection to database 'FinalDb' on server 'MUSAKHAN\SQLEXPRESS'.
dbug: Microsoft.EntityFrameworkCore.Database.Connection[20001]
      Opened connection to database 'FinalDb' on server 'MUSAKHAN\SQLEXPRESS'.
dbug: Microsoft.EntityFrameworkCore.Database.Command[20100]
      Executing DbCommand [Parameters=[@__cell1_0='?' (Size = 4000)], CommandType='Text', CommandTimeout='120']
      SELECT TOP(1) [t].[DispId], [t].[BillID], [t].[ChallanNo], [t].[DeliveryNum], [t].[Destination], [t].[DisVid], [t].[DispatchDate], [t].[DispatchQuantity], [t].[FinalPrice], [t].[ImagePath], [t].[IsReceived], [t].[Lr], [t].[PartyName], [t].[Shortage], [t].[TotalValue], [t].[UnitPrice], [t].[VehicleNo]
      FROM [TblDispatches] AS [t]
      WHERE [t].[ChallanNo] = @__cell1_0
info: Microsoft.EntityFrameworkCore.Database.Command[20101]
      Executed DbCommand (9ms) [Parameters=[@__cell1_0='?' (Size = 4000)], CommandType='Text', CommandTimeout='120']
      SELECT TOP(1) [t].[DispId], [t].[BillID], [t].[ChallanNo], [t].[DeliveryNum], [t].[Destination], [t].[DisVid], [t].[DispatchDate], [t].[DispatchQuantity], [t].[FinalPrice], [t].[ImagePath], [t].[IsReceived], [t].[Lr], [t].[PartyName], [t].[Shortage], [t].[TotalValue], [t].[UnitPrice], [t].[VehicleNo]
      FROM [TblDispatches] AS [t]
      WHERE [t].[ChallanNo] = @__cell1_0
dbug: Microsoft.EntityFrameworkCore.Database.Command[20300]
      A data reader was disposed.
dbug: Microsoft.EntityFrameworkCore.Database.Connection[20002]
      Closing connection to database 'FinalDb' on server 'MUSAKHAN\SQLEXPRESS'.
dbug: Microsoft.EntityFrameworkCore.Database.Connection[20003]
      Closed connection to database 'FinalDb' on server 'MUSAKHAN\SQLEXPRESS'.
dbug: Microsoft.EntityFrameworkCore.Database.Command[20103]
      Creating DbCommand for 'ExecuteReader'.
dbug: Microsoft.EntityFrameworkCore.Database.Command[20104]
      Created DbCommand for 'ExecuteReader' (2ms).
dbug: Microsoft.EntityFrameworkCore.Database.Connection[20000]
      Opening connection to database 'FinalDb' on server 'MUSAKHAN\SQLEXPRESS'.
dbug: Microsoft.EntityFrameworkCore.Database.Connection[20001]
      Opened connection to database 'FinalDb' on server 'MUSAKHAN\SQLEXPRESS'.
dbug: Microsoft.EntityFrameworkCore.Database.Command[20100]
      Executing DbCommand [Parameters=[@__cell1_0='?' (Size = 4000)], CommandType='Text', CommandTimeout='120']
      SELECT TOP(1) [t].[DispId], [t].[BillID], [t].[ChallanNo], [t].[DeliveryNum], [t].[Destination], [t].[DisVid], [t].[DispatchDate], [t].[DispatchQuantity], [t].[FinalPrice], [t].[ImagePath], [t].[IsReceived], [t].[Lr], [t].[PartyName], [t].[Shortage], [t].[TotalValue], [t].[UnitPrice], [t].[VehicleNo]
      FROM [TblDispatches] AS [t]
      WHERE [t].[ChallanNo] = @__cell1_0
info: Microsoft.EntityFrameworkCore.Database.Command[20101]
      Executed DbCommand (7ms) [Parameters=[@__cell1_0='?' (Size = 4000)], CommandType='Text', CommandTimeout='120']
      SELECT TOP(1) [t].[DispId], [t].[BillID], [t].[ChallanNo], [t].[DeliveryNum], [t].[Destination], [t].[DisVid], [t].[DispatchDate], [t].[DispatchQuantity], [t].[FinalPrice], [t].[ImagePath], [t].[IsReceived], [t].[Lr], [t].[PartyName], [t].[Shortage], [t].[TotalValue], [t].[UnitPrice], [t].[VehicleNo]
      FROM [TblDispatches] AS [t]
      WHERE [t].[ChallanNo] = @__cell1_0
dbug: Microsoft.EntityFrameworkCore.Database.Command[20300]
      A data reader was disposed.
dbug: Microsoft.EntityFrameworkCore.Database.Connection[20002]
      Closing connection to database 'FinalDb' on server 'MUSAKHAN\SQLEXPRESS'.
dbug: Microsoft.EntityFrameworkCore.Database.Connection[20003]
      Closed connection to database 'FinalDb' on server 'MUSAKHAN\SQLEXPRESS'.
dbug: Microsoft.EntityFrameworkCore.Database.Command[20103]
      Creating DbCommand for 'ExecuteReader'.
dbug: Microsoft.EntityFrameworkCore.Database.Command[20104]
      Created DbCommand for 'ExecuteReader' (2ms).
dbug: Microsoft.EntityFrameworkCore.Database.Connection[20000]
      Opening connection to database 'FinalDb' on server 'MUSAKHAN\SQLEXPRESS'.
dbug: Microsoft.EntityFrameworkCore.Database.Connection[20001]
      Opened connection to database 'FinalDb' on server 'MUSAKHAN\SQLEXPRESS'.
dbug: Microsoft.EntityFrameworkCore.Database.Command[20100]
      Executing DbCommand [Parameters=[@__cell1_0='?' (Size = 4000)], CommandType='Text', CommandTimeout='120']
      SELECT TOP(1) [t].[DispId], [t].[BillID], [t].[ChallanNo], [t].[DeliveryNum], [t].[Destination], [t].[DisVid], [t].[DispatchDate], [t].[DispatchQuantity], [t].[FinalPrice], [t].[ImagePath], [t].[IsReceived], [t].[Lr], [t].[PartyName], [t].[Shortage], [t].[TotalValue], [t].[UnitPrice], [t].[VehicleNo]
      FROM [TblDispatches] AS [t]
      WHERE [t].[ChallanNo] = @__cell1_0
info: Microsoft.EntityFrameworkCore.Database.Command[20101]
      Executed DbCommand (20ms) [Parameters=[@__cell1_0='?' (Size = 4000)], CommandType='Text', CommandTimeout='120']
      SELECT TOP(1) [t].[DispId], [t].[BillID], [t].[ChallanNo], [t].[DeliveryNum], [t].[Destination], [t].[DisVid], [t].[DispatchDate], [t].[DispatchQuantity], [t].[FinalPrice], [t].[ImagePath], [t].[IsReceived], [t].[Lr], [t].[PartyName], [t].[Shortage], [t].[TotalValue], [t].[UnitPrice], [t].[VehicleNo]
      FROM [TblDispatches] AS [t]
      WHERE [t].[ChallanNo] = @__cell1_0
dbug: Microsoft.EntityFrameworkCore.Database.Command[20300]
      A data reader was disposed.
dbug: Microsoft.EntityFrameworkCore.Database.Connection[20002]
      Closing connection to database 'FinalDb' on server 'MUSAKHAN\SQLEXPRESS'.
dbug: Microsoft.EntityFrameworkCore.Database.Connection[20003]
      Closed connection to database 'FinalDb' on server 'MUSAKHAN\SQLEXPRESS'.
dbug: Microsoft.EntityFrameworkCore.Database.Command[20103]
      Creating DbCommand for 'ExecuteReader'.
dbug: Microsoft.EntityFrameworkCore.Database.Command[20104]
      Created DbCommand for 'ExecuteReader' (4ms).
dbug: Microsoft.EntityFrameworkCore.Database.Connection[20000]
      Opening connection to database 'FinalDb' on server 'MUSAKHAN\SQLEXPRESS'.
dbug: Microsoft.EntityFrameworkCore.Database.Connection[20001]
      Opened connection to database 'FinalDb' on server 'MUSAKHAN\SQLEXPRESS'.
dbug: Microsoft.EntityFrameworkCore.Database.Command[20100]
      Executing DbCommand [Parameters=[@__cell1_0='?' (Size = 4000)], CommandType='Text', CommandTimeout='120']
      SELECT TOP(1) [t].[DispId], [t].[BillID], [t].[ChallanNo], [t].[DeliveryNum], [t].[Destination], [t].[DisVid], [t].[DispatchDate], [t].[DispatchQuantity], [t].[FinalPrice], [t].[ImagePath], [t].[IsReceived], [t].[Lr], [t].[PartyName], [t].[Shortage], [t].[TotalValue], [t].[UnitPrice], [t].[VehicleNo]
      FROM [TblDispatches] AS [t]
      WHERE [t].[ChallanNo] = @__cell1_0
info: Microsoft.EntityFrameworkCore.Database.Command[20101]
      Executed DbCommand (13ms) [Parameters=[@__cell1_0='?' (Size = 4000)], CommandType='Text', CommandTimeout='120']
      SELECT TOP(1) [t].[DispId], [t].[BillID], [t].[ChallanNo], [t].[DeliveryNum], [t].[Destination], [t].[DisVid], [t].[DispatchDate], [t].[DispatchQuantity], [t].[FinalPrice], [t].[ImagePath], [t].[IsReceived], [t].[Lr], [t].[PartyName], [t].[Shortage], [t].[TotalValue], [t].[UnitPrice], [t].[VehicleNo]
      FROM [TblDispatches] AS [t]
      WHERE [t].[ChallanNo] = @__cell1_0
dbug: Microsoft.EntityFrameworkCore.Database.Command[20300]
      A data reader was disposed.
dbug: Microsoft.EntityFrameworkCore.Database.Connection[20002]
      Closing connection to database 'FinalDb' on server 'MUSAKHAN\SQLEXPRESS'.
dbug: Microsoft.EntityFrameworkCore.Database.Connection[20003]
      Closed connection to database 'FinalDb' on server 'MUSAKHAN\SQLEXPRESS'.
dbug: Microsoft.EntityFrameworkCore.Database.Command[20103]
      Creating DbCommand for 'ExecuteReader'.
dbug: Microsoft.EntityFrameworkCore.Database.Command[20104]
      Created DbCommand for 'ExecuteReader' (2ms).
dbug: Microsoft.EntityFrameworkCore.Database.Connection[20000]
      Opening connection to database 'FinalDb' on server 'MUSAKHAN\SQLEXPRESS'.
dbug: Microsoft.EntityFrameworkCore.Database.Connection[20001]
      Opened connection to database 'FinalDb' on server 'MUSAKHAN\SQLEXPRESS'.
dbug: Microsoft.EntityFrameworkCore.Database.Command[20100]
      Executing DbCommand [Parameters=[@__cell1_0='?' (Size = 4000)], CommandType='Text', CommandTimeout='120']
      SELECT TOP(1) [t].[DispId], [t].[BillID], [t].[ChallanNo], [t].[DeliveryNum], [t].[Destination], [t].[DisVid], [t].[DispatchDate], [t].[DispatchQuantity], [t].[FinalPrice], [t].[ImagePath], [t].[IsReceived], [t].[Lr], [t].[PartyName], [t].[Shortage], [t].[TotalValue], [t].[UnitPrice], [t].[VehicleNo]
      FROM [TblDispatches] AS [t]
      WHERE [t].[ChallanNo] = @__cell1_0
info: Microsoft.EntityFrameworkCore.Database.Command[20101]
      Executed DbCommand (6ms) [Parameters=[@__cell1_0='?' (Size = 4000)], CommandType='Text', CommandTimeout='120']
      SELECT TOP(1) [t].[DispId], [t].[BillID], [t].[ChallanNo], [t].[DeliveryNum], [t].[Destination], [t].[DisVid], [t].[DispatchDate], [t].[DispatchQuantity], [t].[FinalPrice], [t].[ImagePath], [t].[IsReceived], [t].[Lr], [t].[PartyName], [t].[Shortage], [t].[TotalValue], [t].[UnitPrice], [t].[VehicleNo]
      FROM [TblDispatches] AS [t]
      WHERE [t].[ChallanNo] = @__cell1_0
dbug: Microsoft.EntityFrameworkCore.Database.Command[20300]
      A data reader was disposed.
dbug: Microsoft.EntityFrameworkCore.Database.Connection[20002]
      Closing connection to database 'FinalDb' on server 'MUSAKHAN\SQLEXPRESS'.
dbug: Microsoft.EntityFrameworkCore.Database.Connection[20003]
      Closed connection to database 'FinalDb' on server 'MUSAKHAN\SQLEXPRESS'.
dbug: Microsoft.EntityFrameworkCore.ChangeTracking[10808]
      'TransportMgmtContext' generated a temporary value for the property 'DispId.TblDispatch'. Consider using 'DbContextOptionsBuilder.EnableSensitiveDataLogging' to see key values.
dbug: Microsoft.EntityFrameworkCore.ChangeTracking[10806]
      Context 'TransportMgmtContext' started tracking 'TblDispatch' entity. Consider using 'DbContextOptionsBuilder.EnableSensitiveDataLogging' to see key values.
dbug: Microsoft.EntityFrameworkCore.ChangeTracking[10808]
      'TransportMgmtContext' generated a temporary value for the property 'DispId.TblDispatch'. Consider using 'DbContextOptionsBuilder.EnableSensitiveDataLogging' to see key values.
dbug: Microsoft.EntityFrameworkCore.ChangeTracking[10806]
      Context 'TransportMgmtContext' started tracking 'TblDispatch' entity. Consider using 'DbContextOptionsBuilder.EnableSensitiveDataLogging' to see key values.
dbug: Microsoft.EntityFrameworkCore.ChangeTracking[10808]
      'TransportMgmtContext' generated a temporary value for the property 'DispId.TblDispatch'. Consider using 'DbContextOptionsBuilder.EnableSensitiveDataLogging' to see key values.
dbug: Microsoft.EntityFrameworkCore.ChangeTracking[10806]
      Context 'TransportMgmtContext' started tracking 'TblDispatch' entity. Consider using 'DbContextOptionsBuilder.EnableSensitiveDataLogging' to see key values.
dbug: Microsoft.EntityFrameworkCore.ChangeTracking[10808]
      'TransportMgmtContext' generated a temporary value for the property 'DispId.TblDispatch'. Consider using 'DbContextOptionsBuilder.EnableSensitiveDataLogging' to see key values.
dbug: Microsoft.EntityFrameworkCore.ChangeTracking[10806]
      Context 'TransportMgmtContext' started tracking 'TblDispatch' entity. Consider using 'DbContextOptionsBuilder.EnableSensitiveDataLogging' to see key values.
dbug: Microsoft.EntityFrameworkCore.ChangeTracking[10808]
      'TransportMgmtContext' generated a temporary value for the property 'DispId.TblDispatch'. Consider using 'DbContextOptionsBuilder.EnableSensitiveDataLogging' to see key values.
dbug: Microsoft.EntityFrameworkCore.ChangeTracking[10806]
      Context 'TransportMgmtContext' started tracking 'TblDispatch' entity. Consider using 'DbContextOptionsBuilder.EnableSensitiveDataLogging' to see key values.
dbug: Microsoft.EntityFrameworkCore.ChangeTracking[10808]
      'TransportMgmtContext' generated a temporary value for the property 'DispId.TblDispatch'. Consider using 'DbContextOptionsBuilder.EnableSensitiveDataLogging' to see key values.
dbug: Microsoft.EntityFrameworkCore.ChangeTracking[10806]
      Context 'TransportMgmtContext' started tracking 'TblDispatch' entity. Consider using 'DbContextOptionsBuilder.EnableSensitiveDataLogging' to see key values.
dbug: Microsoft.EntityFrameworkCore.ChangeTracking[10808]
      'TransportMgmtContext' generated a temporary value for the property 'DispId.TblDispatch'. Consider using 'DbContextOptionsBuilder.EnableSensitiveDataLogging' to see key values.
dbug: Microsoft.EntityFrameworkCore.ChangeTracking[10806]
      Context 'TransportMgmtContext' started tracking 'TblDispatch' entity. Consider using 'DbContextOptionsBuilder.EnableSensitiveDataLogging' to see key values.
dbug: Microsoft.EntityFrameworkCore.ChangeTracking[10808]
      'TransportMgmtContext' generated a temporary value for the property 'DispId.TblDispatch'. Consider using 'DbContextOptionsBuilder.EnableSensitiveDataLogging' to see key values.
dbug: Microsoft.EntityFrameworkCore.ChangeTracking[10806]
      Context 'TransportMgmtContext' started tracking 'TblDispatch' entity. Consider using 'DbContextOptionsBuilder.EnableSensitiveDataLogging' to see key values.
dbug: Microsoft.EntityFrameworkCore.ChangeTracking[10808]
      'TransportMgmtContext' generated a temporary value for the property 'DispId.TblDispatch'. Consider using 'DbContextOptionsBuilder.EnableSensitiveDataLogging' to see key values.
dbug: Microsoft.EntityFrameworkCore.ChangeTracking[10806]
      Context 'TransportMgmtContext' started tracking 'TblDispatch' entity. Consider using 'DbContextOptionsBuilder.EnableSensitiveDataLogging' to see key values.
dbug: Microsoft.EntityFrameworkCore.ChangeTracking[10808]
      'TransportMgmtContext' generated a temporary value for the property 'DispId.TblDispatch'. Consider using 'DbContextOptionsBuilder.EnableSensitiveDataLogging' to see key values.
dbug: Microsoft.EntityFrameworkCore.ChangeTracking[10806]
      Context 'TransportMgmtContext' started tracking 'TblDispatch' entity. Consider using 'DbContextOptionsBuilder.EnableSensitiveDataLogging' to see key values.
dbug: Microsoft.EntityFrameworkCore.ChangeTracking[10808]
      'TransportMgmtContext' generated a temporary value for the property 'DispId.TblDispatch'. Consider using 'DbContextOptionsBuilder.EnableSensitiveDataLogging' to see key values.
dbug: Microsoft.EntityFrameworkCore.ChangeTracking[10806]
      Context 'TransportMgmtContext' started tracking 'TblDispatch' entity. Consider using 'DbContextOptionsBuilder.EnableSensitiveDataLogging' to see key values.
dbug: Microsoft.EntityFrameworkCore.ChangeTracking[10808]
      'TransportMgmtContext' generated a temporary value for the property 'DispId.TblDispatch'. Consider using 'DbContextOptionsBuilder.EnableSensitiveDataLogging' to see key values.
dbug: Microsoft.EntityFrameworkCore.ChangeTracking[10806]
      Context 'TransportMgmtContext' started tracking 'TblDispatch' entity. Consider using 'DbContextOptionsBuilder.EnableSensitiveDataLogging' to see key values.
dbug: Microsoft.EntityFrameworkCore.ChangeTracking[10808]
      'TransportMgmtContext' generated a temporary value for the property 'DispId.TblDispatch'. Consider using 'DbContextOptionsBuilder.EnableSensitiveDataLogging' to see key values.
dbug: Microsoft.EntityFrameworkCore.ChangeTracking[10806]
      Context 'TransportMgmtContext' started tracking 'TblDispatch' entity. Consider using 'DbContextOptionsBuilder.EnableSensitiveDataLogging' to see key values.
dbug: Microsoft.EntityFrameworkCore.ChangeTracking[10808]
      'TransportMgmtContext' generated a temporary value for the property 'DispId.TblDispatch'. Consider using 'DbContextOptionsBuilder.EnableSensitiveDataLogging' to see key values.
dbug: Microsoft.EntityFrameworkCore.ChangeTracking[10806]
      Context 'TransportMgmtContext' started tracking 'TblDispatch' entity. Consider using 'DbContextOptionsBuilder.EnableSensitiveDataLogging' to see key values.
dbug: Microsoft.EntityFrameworkCore.ChangeTracking[10808]
      'TransportMgmtContext' generated a temporary value for the property 'DispId.TblDispatch'. Consider using 'DbContextOptionsBuilder.EnableSensitiveDataLogging' to see key values.
dbug: Microsoft.EntityFrameworkCore.ChangeTracking[10806]
      Context 'TransportMgmtContext' started tracking 'TblDispatch' entity. Consider using 'DbContextOptionsBuilder.EnableSensitiveDataLogging' to see key values.
dbug: Microsoft.EntityFrameworkCore.Update[10004]
      SaveChanges starting for 'TransportMgmtContext'.
dbug: Microsoft.EntityFrameworkCore.ChangeTracking[10800]
      DetectChanges starting for 'TransportMgmtContext'.
dbug: Microsoft.EntityFrameworkCore.ChangeTracking[10801]
      DetectChanges completed for 'TransportMgmtContext'.
dbug: Microsoft.EntityFrameworkCore.Database.Connection[20000]
      Opening connection to database 'FinalDb' on server 'MUSAKHAN\SQLEXPRESS'.
dbug: Microsoft.EntityFrameworkCore.Database.Connection[20001]
      Opened connection to database 'FinalDb' on server 'MUSAKHAN\SQLEXPRESS'.
dbug: Microsoft.EntityFrameworkCore.Database.Transaction[20209]
      Beginning transaction with isolation level 'Unspecified'.
dbug: Microsoft.EntityFrameworkCore.Database.Transaction[20200]
      Began transaction with isolation level 'ReadCommitted'.
dbug: Microsoft.EntityFrameworkCore.Update[20700]
      Executing 15 update commands as a batch.
dbug: Microsoft.EntityFrameworkCore.Database.Command[20103]
      Creating DbCommand for 'ExecuteReader'.
dbug: Microsoft.EntityFrameworkCore.Database.Command[20104]
      Created DbCommand for 'ExecuteReader' (3ms).
dbug: Microsoft.EntityFrameworkCore.Database.Command[20100]
      Executing DbCommand [Parameters=[@p0='?' (DbType = Int32), @p1='?' (Size = 4000), @p2='?' (Size = 4000), @p3='?' (Size = 4000), @p4='?' (DbType = Int32), @p5='?' (DbType = DateTime2), @p6='?' (DbType = Double), @p7='?' (DbType = Double), @p8='?' (Size = 4000), @p9='?' (DbType = Boolean), @p10='?' (Size = 4000), @p11='?' (Size = 4000), @p12='?' (DbType = Int32), @p13='?' (DbType = Double), @p14='?' (DbType = Double), @p15='?' (Size = 4000), @p16='?' (DbType = Int32), @p17='?' (Size = 4000), @p18='?' (Size = 4000), @p19='?' (Size = 4000), @p20='?' (DbType = Int32), @p21='?' (DbType = DateTime2), @p22='?' (DbType = Double), @p23='?' (DbType = Double), @p24='?' (Size = 4000), @p25='?' (DbType = Boolean), @p26='?' (Size = 4000), @p27='?' (Size = 4000), @p28='?' (DbType = Int32), @p29='?' (DbType = Double), @p30='?' (DbType = Double), @p31='?' (Size = 4000), @p32='?' (DbType = Int32), @p33='?' (Size = 4000), @p34='?' (Size = 4000), @p35='?' (Size = 4000), @p36='?' (DbType = Int32), @p37='?' (DbType = DateTime2), @p38='?' (DbType = Double), @p39='?' (DbType = Double), @p40='?' (Size = 4000), @p41='?' (DbType = Boolean), @p42='?' (Size = 4000), @p43='?' (Size = 4000), @p44='?' (DbType = Int32), @p45='?' (DbType = Double), @p46='?' (DbType = Double), @p47='?' (Size = 4000), @p48='?' (DbType = Int32), @p49='?' (Size = 4000), @p50='?' (Size = 4000), @p51='?' (Size = 4000), @p52='?' (DbType = Int32), @p53='?' (DbType = DateTime2), @p54='?' (DbType = Double), @p55='?' (DbType = Double), @p56='?' (Size = 4000), @p57='?' (DbType = Boolean), @p58='?' (Size = 4000), @p59='?' (Size = 4000), @p60='?' (DbType = Int32), @p61='?' (DbType = Double), @p62='?' (DbType = Double), @p63='?' (Size = 4000), @p64='?' (DbType = Int32), @p65='?' (Size = 4000), @p66='?' (Size = 4000), @p67='?' (Size = 4000), @p68='?' (DbType = Int32), @p69='?' (DbType = DateTime2), @p70='?' (DbType = Double), @p71='?' (DbType = Double), @p72='?' (Size = 4000), @p73='?' (DbType = Boolean), @p74='?' (Size = 4000), @p75='?' (Size = 4000), @p76='?' (DbType = Int32), @p77='?' (DbType = Double), @p78='?' (DbType = Double), @p79='?' (Size = 4000), @p80='?' (DbType = Int32), @p81='?' (Size = 4000), @p82='?' (Size = 4000), @p83='?' (Size = 4000), @p84='?' (DbType = Int32), @p85='?' (DbType = DateTime2), @p86='?' (DbType = Double), @p87='?' (DbType = Double), @p88='?' (Size = 4000), @p89='?' (DbType = Boolean), @p90='?' (Size = 4000), @p91='?' (Size = 4000), @p92='?' (DbType = Int32), @p93='?' (DbType = Double), @p94='?' (DbType = Double), @p95='?' (Size = 4000), @p96='?' (DbType = Int32), @p97='?' (Size = 4000), @p98='?' (Size = 4000), @p99='?' (Size = 4000), @p100='?' (DbType = Int32), @p101='?' (DbType = DateTime2), @p102='?' (DbType = Double), @p103='?' (DbType = Double), @p104='?' (Size = 4000), @p105='?' (DbType = Boolean), @p106='?' (Size = 4000), @p107='?' (Size = 4000), @p108='?' (DbType = Int32), @p109='?' (DbType = Double), @p110='?' (DbType = Double), @p111='?' (Size = 4000), @p112='?' (DbType = Int32), @p113='?' (Size = 4000), @p114='?' (Size = 4000), @p115='?' (Size = 4000), @p116='?' (DbType = Int32), @p117='?' (DbType = DateTime2), @p118='?' (DbType = Double), @p119='?' (DbType = Double), @p120='?' (Size = 4000), @p121='?' (DbType = Boolean), @p122='?' (Size = 4000), @p123='?' (Size = 4000), @p124='?' (DbType = Int32), @p125='?' (DbType = Double), @p126='?' (DbType = Double), @p127='?' (Size = 4000), @p128='?' (DbType = Int32), @p129='?' (Size = 4000), @p130='?' (Size = 4000), @p131='?' (Size = 4000), @p132='?' (DbType = Int32), @p133='?' (DbType = DateTime2), @p134='?' (DbType = Double), @p135='?' (DbType = Double), @p136='?' (Size = 4000), @p137='?' (DbType = Boolean), @p138='?' (Size = 4000), @p139='?' (Size = 4000), @p140='?' (DbType = Int32), @p141='?' (DbType = Double), @p142='?' (DbType = Double), @p143='?' (Size = 4000), @p144='?' (DbType = Int32), @p145='?' (Size = 4000), @p146='?' (Size = 4000), @p147='?' (Size = 4000), @p148='?' (DbType = Int32), @p149='?' (DbType = DateTime2), @p150='?' (DbType = Double), @p151='?' (DbType = Double), @p152='?' (Size = 4000), @p153='?' (DbType = Boolean), @p154='?' (Size = 4000), @p155='?' (Size = 4000), @p156='?' (DbType = Int32), @p157='?' (DbType = Double), @p158='?' (DbType = Double), @p159='?' (Size = 4000), @p160='?' (DbType = Int32), @p161='?' (Size = 4000), @p162='?' (Size = 4000), @p163='?' (Size = 4000), @p164='?' (DbType = Int32), @p165='?' (DbType = DateTime2), @p166='?' (DbType = Double), @p167='?' (DbType = Double), @p168='?' (Size = 4000), @p169='?' (DbType = Boolean), @p170='?' (Size = 4000), @p171='?' (Size = 4000), @p172='?' (DbType = Int32), @p173='?' (DbType = Double), @p174='?' (DbType = Double), @p175='?' (Size = 4000), @p176='?' (DbType = Int32), @p177='?' (Size = 4000), @p178='?' (Size = 4000), @p179='?' (Size = 4000), @p180='?' (DbType = Int32), @p181='?' (DbType = DateTime2), @p182='?' (DbType = Double), @p183='?' (DbType = Double), @p184='?' (Size = 4000), @p185='?' (DbType = Boolean), @p186='?' (Size = 4000), @p187='?' (Size = 4000), @p188='?' (DbType = Int32), @p189='?' (DbType = Double), @p190='?' (DbType = Double), @p191='?' (Size = 4000), @p192='?' (DbType = Int32), @p193='?' (Size = 4000), @p194='?' (Size = 4000), @p195='?' (Size = 4000), @p196='?' (DbType = Int32), @p197='?' (DbType = DateTime2), @p198='?' (DbType = Double), @p199='?' (DbType = Double), @p200='?' (Size = 4000), @p201='?' (DbType = Boolean), @p202='?' (Size = 4000), @p203='?' (Size = 4000), @p204='?' (DbType = Int32), @p205='?' (DbType = Double), @p206='?' (DbType = Double), @p207='?' (Size = 4000), @p208='?' (DbType = Int32), @p209='?' (Size = 4000), @p210='?' (Size = 4000), @p211='?' (Size = 4000), @p212='?' (DbType = Int32), @p213='?' (DbType = DateTime2), @p214='?' (DbType = Double), @p215='?' (DbType = Double), @p216='?' (Size = 4000), @p217='?' (DbType = Boolean), @p218='?' (Size = 4000), @p219='?' (Size = 4000), @p220='?' (DbType = Int32), @p221='?' (DbType = Double), @p222='?' (DbType = Double), @p223='?' (Size = 4000), @p224='?' (DbType = Int32), @p225='?' (Size = 4000), @p226='?' (Size = 4000), @p227='?' (Size = 4000), @p228='?' (DbType = Int32), @p229='?' (DbType = DateTime2), @p230='?' (DbType = Double), @p231='?' (DbType = Double), @p232='?' (Size = 4000), @p233='?' (DbType = Boolean), @p234='?' (Size = 4000), @p235='?' (Size = 4000), @p236='?' (DbType = Int32), @p237='?' (DbType = Double), @p238='?' (DbType = Double), @p239='?' (Size = 4000)], CommandType='Text', CommandTimeout='120']
      SET NOCOUNT ON;
      DECLARE @inserted0 TABLE ([DispId] int, [_Position] [int]);
      MERGE [TblDispatches] USING (
      VALUES (@p0, @p1, @p2, @p3, @p4, @p5, @p6, @p7, @p8, @p9, @p10, @p11, @p12, @p13, @p14, @p15, 0),
      (@p16, @p17, @p18, @p19, @p20, @p21, @p22, @p23, @p24, @p25, @p26, @p27, @p28, @p29, @p30, @p31, 1),
      (@p32, @p33, @p34, @p35, @p36, @p37, @p38, @p39, @p40, @p41, @p42, @p43, @p44, @p45, @p46, @p47, 2),
      (@p48, @p49, @p50, @p51, @p52, @p53, @p54, @p55, @p56, @p57, @p58, @p59, @p60, @p61, @p62, @p63, 3),
      (@p64, @p65, @p66, @p67, @p68, @p69, @p70, @p71, @p72, @p73, @p74, @p75, @p76, @p77, @p78, @p79, 4),
      (@p80, @p81, @p82, @p83, @p84, @p85, @p86, @p87, @p88, @p89, @p90, @p91, @p92, @p93, @p94, @p95, 5),
      (@p96, @p97, @p98, @p99, @p100, @p101, @p102, @p103, @p104, @p105, @p106, @p107, @p108, @p109, @p110, @p111, 6),
      (@p112, @p113, @p114, @p115, @p116, @p117, @p118, @p119, @p120, @p121, @p122, @p123, @p124, @p125, @p126, @p127, 7),
      (@p128, @p129, @p130, @p131, @p132, @p133, @p134, @p135, @p136, @p137, @p138, @p139, @p140, @p141, @p142, @p143, 8),
      (@p144, @p145, @p146, @p147, @p148, @p149, @p150, @p151, @p152, @p153, @p154, @p155, @p156, @p157, @p158, @p159, 9),
      (@p160, @p161, @p162, @p163, @p164, @p165, @p166, @p167, @p168, @p169, @p170, @p171, @p172, @p173, @p174, @p175, 10),
      (@p176, @p177, @p178, @p179, @p180, @p181, @p182, @p183, @p184, @p185, @p186, @p187, @p188, @p189, @p190, @p191, 11),
      (@p192, @p193, @p194, @p195, @p196, @p197, @p198, @p199, @p200, @p201, @p202, @p203, @p204, @p205, @p206, @p207, 12),
      (@p208, @p209, @p210, @p211, @p212, @p213, @p214, @p215, @p216, @p217, @p218, @p219, @p220, @p221, @p222, @p223, 13),
      (@p224, @p225, @p226, @p227, @p228, @p229, @p230, @p231, @p232, @p233, @p234, @p235, @p236, @p237, @p238, @p239, 14)) AS i ([BillID], [ChallanNo], [DeliveryNum], [Destination], [DisVid], [DispatchDate], [DispatchQuantity], [FinalPrice], [ImagePath], [IsReceived], [Lr], [PartyName], [Shortage], [TotalValue], [UnitPrice], [VehicleNo], _Position) ON 1=0
      WHEN NOT MATCHED THEN
      INSERT ([BillID], [ChallanNo], [DeliveryNum], [Destination], [DisVid], [DispatchDate], [DispatchQuantity], [FinalPrice], [ImagePath], [IsReceived], [Lr], [PartyName], [Shortage], [TotalValue], [UnitPrice], [VehicleNo])
      VALUES (i.[BillID], i.[ChallanNo], i.[DeliveryNum], i.[Destination], i.[DisVid], i.[DispatchDate], i.[DispatchQuantity], i.[FinalPrice], i.[ImagePath], i.[IsReceived], i.[Lr], i.[PartyName], i.[Shortage], i.[TotalValue], i.[UnitPrice], i.[VehicleNo])
      OUTPUT INSERTED.[DispId], i._Position
      INTO @inserted0;
      
      SELECT [i].[DispId] FROM @inserted0 i
      ORDER BY [i].[_Position];
info: Microsoft.EntityFrameworkCore.Database.Command[20101]
      Executed DbCommand (86ms) [Parameters=[@p0='?' (DbType = Int32), @p1='?' (Size = 4000), @p2='?' (Size = 4000), @p3='?' (Size = 4000), @p4='?' (DbType = Int32), @p5='?' (DbType = DateTime2), @p6='?' (DbType = Double), @p7='?' (DbType = Double), @p8='?' (Size = 4000), @p9='?' (DbType = Boolean), @p10='?' (Size = 4000), @p11='?' (Size = 4000), @p12='?' (DbType = Int32), @p13='?' (DbType = Double), @p14='?' (DbType = Double), @p15='?' (Size = 4000), @p16='?' (DbType = Int32), @p17='?' (Size = 4000), @p18='?' (Size = 4000), @p19='?' (Size = 4000), @p20='?' (DbType = Int32), @p21='?' (DbType = DateTime2), @p22='?' (DbType = Double), @p23='?' (DbType = Double), @p24='?' (Size = 4000), @p25='?' (DbType = Boolean), @p26='?' (Size = 4000), @p27='?' (Size = 4000), @p28='?' (DbType = Int32), @p29='?' (DbType = Double), @p30='?' (DbType = Double), @p31='?' (Size = 4000), @p32='?' (DbType = Int32), @p33='?' (Size = 4000), @p34='?' (Size = 4000), @p35='?' (Size = 4000), @p36='?' (DbType = Int32), @p37='?' (DbType = DateTime2), @p38='?' (DbType = Double), @p39='?' (DbType = Double), @p40='?' (Size = 4000), @p41='?' (DbType = Boolean), @p42='?' (Size = 4000), @p43='?' (Size = 4000), @p44='?' (DbType = Int32), @p45='?' (DbType = Double), @p46='?' (DbType = Double), @p47='?' (Size = 4000), @p48='?' (DbType = Int32), @p49='?' (Size = 4000), @p50='?' (Size = 4000), @p51='?' (Size = 4000), @p52='?' (DbType = Int32), @p53='?' (DbType = DateTime2), @p54='?' (DbType = Double), @p55='?' (DbType = Double), @p56='?' (Size = 4000), @p57='?' (DbType = Boolean), @p58='?' (Size = 4000), @p59='?' (Size = 4000), @p60='?' (DbType = Int32), @p61='?' (DbType = Double), @p62='?' (DbType = Double), @p63='?' (Size = 4000), @p64='?' (DbType = Int32), @p65='?' (Size = 4000), @p66='?' (Size = 4000), @p67='?' (Size = 4000), @p68='?' (DbType = Int32), @p69='?' (DbType = DateTime2), @p70='?' (DbType = Double), @p71='?' (DbType = Double), @p72='?' (Size = 4000), @p73='?' (DbType = Boolean), @p74='?' (Size = 4000), @p75='?' (Size = 4000), @p76='?' (DbType = Int32), @p77='?' (DbType = Double), @p78='?' (DbType = Double), @p79='?' (Size = 4000), @p80='?' (DbType = Int32), @p81='?' (Size = 4000), @p82='?' (Size = 4000), @p83='?' (Size = 4000), @p84='?' (DbType = Int32), @p85='?' (DbType = DateTime2), @p86='?' (DbType = Double), @p87='?' (DbType = Double), @p88='?' (Size = 4000), @p89='?' (DbType = Boolean), @p90='?' (Size = 4000), @p91='?' (Size = 4000), @p92='?' (DbType = Int32), @p93='?' (DbType = Double), @p94='?' (DbType = Double), @p95='?' (Size = 4000), @p96='?' (DbType = Int32), @p97='?' (Size = 4000), @p98='?' (Size = 4000), @p99='?' (Size = 4000), @p100='?' (DbType = Int32), @p101='?' (DbType = DateTime2), @p102='?' (DbType = Double), @p103='?' (DbType = Double), @p104='?' (Size = 4000), @p105='?' (DbType = Boolean), @p106='?' (Size = 4000), @p107='?' (Size = 4000), @p108='?' (DbType = Int32), @p109='?' (DbType = Double), @p110='?' (DbType = Double), @p111='?' (Size = 4000), @p112='?' (DbType = Int32), @p113='?' (Size = 4000), @p114='?' (Size = 4000), @p115='?' (Size = 4000), @p116='?' (DbType = Int32), @p117='?' (DbType = DateTime2), @p118='?' (DbType = Double), @p119='?' (DbType = Double), @p120='?' (Size = 4000), @p121='?' (DbType = Boolean), @p122='?' (Size = 4000), @p123='?' (Size = 4000), @p124='?' (DbType = Int32), @p125='?' (DbType = Double), @p126='?' (DbType = Double), @p127='?' (Size = 4000), @p128='?' (DbType = Int32), @p129='?' (Size = 4000), @p130='?' (Size = 4000), @p131='?' (Size = 4000), @p132='?' (DbType = Int32), @p133='?' (DbType = DateTime2), @p134='?' (DbType = Double), @p135='?' (DbType = Double), @p136='?' (Size = 4000), @p137='?' (DbType = Boolean), @p138='?' (Size = 4000), @p139='?' (Size = 4000), @p140='?' (DbType = Int32), @p141='?' (DbType = Double), @p142='?' (DbType = Double), @p143='?' (Size = 4000), @p144='?' (DbType = Int32), @p145='?' (Size = 4000), @p146='?' (Size = 4000), @p147='?' (Size = 4000), @p148='?' (DbType = Int32), @p149='?' (DbType = DateTime2), @p150='?' (DbType = Double), @p151='?' (DbType = Double), @p152='?' (Size = 4000), @p153='?' (DbType = Boolean), @p154='?' (Size = 4000), @p155='?' (Size = 4000), @p156='?' (DbType = Int32), @p157='?' (DbType = Double), @p158='?' (DbType = Double), @p159='?' (Size = 4000), @p160='?' (DbType = Int32), @p161='?' (Size = 4000), @p162='?' (Size = 4000), @p163='?' (Size = 4000), @p164='?' (DbType = Int32), @p165='?' (DbType = DateTime2), @p166='?' (DbType = Double), @p167='?' (DbType = Double), @p168='?' (Size = 4000), @p169='?' (DbType = Boolean), @p170='?' (Size = 4000), @p171='?' (Size = 4000), @p172='?' (DbType = Int32), @p173='?' (DbType = Double), @p174='?' (DbType = Double), @p175='?' (Size = 4000), @p176='?' (DbType = Int32), @p177='?' (Size = 4000), @p178='?' (Size = 4000), @p179='?' (Size = 4000), @p180='?' (DbType = Int32), @p181='?' (DbType = DateTime2), @p182='?' (DbType = Double), @p183='?' (DbType = Double), @p184='?' (Size = 4000), @p185='?' (DbType = Boolean), @p186='?' (Size = 4000), @p187='?' (Size = 4000), @p188='?' (DbType = Int32), @p189='?' (DbType = Double), @p190='?' (DbType = Double), @p191='?' (Size = 4000), @p192='?' (DbType = Int32), @p193='?' (Size = 4000), @p194='?' (Size = 4000), @p195='?' (Size = 4000), @p196='?' (DbType = Int32), @p197='?' (DbType = DateTime2), @p198='?' (DbType = Double), @p199='?' (DbType = Double), @p200='?' (Size = 4000), @p201='?' (DbType = Boolean), @p202='?' (Size = 4000), @p203='?' (Size = 4000), @p204='?' (DbType = Int32), @p205='?' (DbType = Double), @p206='?' (DbType = Double), @p207='?' (Size = 4000), @p208='?' (DbType = Int32), @p209='?' (Size = 4000), @p210='?' (Size = 4000), @p211='?' (Size = 4000), @p212='?' (DbType = Int32), @p213='?' (DbType = DateTime2), @p214='?' (DbType = Double), @p215='?' (DbType = Double), @p216='?' (Size = 4000), @p217='?' (DbType = Boolean), @p218='?' (Size = 4000), @p219='?' (Size = 4000), @p220='?' (DbType = Int32), @p221='?' (DbType = Double), @p222='?' (DbType = Double), @p223='?' (Size = 4000), @p224='?' (DbType = Int32), @p225='?' (Size = 4000), @p226='?' (Size = 4000), @p227='?' (Size = 4000), @p228='?' (DbType = Int32), @p229='?' (DbType = DateTime2), @p230='?' (DbType = Double), @p231='?' (DbType = Double), @p232='?' (Size = 4000), @p233='?' (DbType = Boolean), @p234='?' (Size = 4000), @p235='?' (Size = 4000), @p236='?' (DbType = Int32), @p237='?' (DbType = Double), @p238='?' (DbType = Double), @p239='?' (Size = 4000)], CommandType='Text', CommandTimeout='120']
      SET NOCOUNT ON;
      DECLARE @inserted0 TABLE ([DispId] int, [_Position] [int]);
      MERGE [TblDispatches] USING (
      VALUES (@p0, @p1, @p2, @p3, @p4, @p5, @p6, @p7, @p8, @p9, @p10, @p11, @p12, @p13, @p14, @p15, 0),
      (@p16, @p17, @p18, @p19, @p20, @p21, @p22, @p23, @p24, @p25, @p26, @p27, @p28, @p29, @p30, @p31, 1),
      (@p32, @p33, @p34, @p35, @p36, @p37, @p38, @p39, @p40, @p41, @p42, @p43, @p44, @p45, @p46, @p47, 2),
      (@p48, @p49, @p50, @p51, @p52, @p53, @p54, @p55, @p56, @p57, @p58, @p59, @p60, @p61, @p62, @p63, 3),
      (@p64, @p65, @p66, @p67, @p68, @p69, @p70, @p71, @p72, @p73, @p74, @p75, @p76, @p77, @p78, @p79, 4),
      (@p80, @p81, @p82, @p83, @p84, @p85, @p86, @p87, @p88, @p89, @p90, @p91, @p92, @p93, @p94, @p95, 5),
      (@p96, @p97, @p98, @p99, @p100, @p101, @p102, @p103, @p104, @p105, @p106, @p107, @p108, @p109, @p110, @p111, 6),
      (@p112, @p113, @p114, @p115, @p116, @p117, @p118, @p119, @p120, @p121, @p122, @p123, @p124, @p125, @p126, @p127, 7),
      (@p128, @p129, @p130, @p131, @p132, @p133, @p134, @p135, @p136, @p137, @p138, @p139, @p140, @p141, @p142, @p143, 8),
      (@p144, @p145, @p146, @p147, @p148, @p149, @p150, @p151, @p152, @p153, @p154, @p155, @p156, @p157, @p158, @p159, 9),
      (@p160, @p161, @p162, @p163, @p164, @p165, @p166, @p167, @p168, @p169, @p170, @p171, @p172, @p173, @p174, @p175, 10),
      (@p176, @p177, @p178, @p179, @p180, @p181, @p182, @p183, @p184, @p185, @p186, @p187, @p188, @p189, @p190, @p191, 11),
      (@p192, @p193, @p194, @p195, @p196, @p197, @p198, @p199, @p200, @p201, @p202, @p203, @p204, @p205, @p206, @p207, 12),
      (@p208, @p209, @p210, @p211, @p212, @p213, @p214, @p215, @p216, @p217, @p218, @p219, @p220, @p221, @p222, @p223, 13),
      (@p224, @p225, @p226, @p227, @p228, @p229, @p230, @p231, @p232, @p233, @p234, @p235, @p236, @p237, @p238, @p239, 14)) AS i ([BillID], [ChallanNo], [DeliveryNum], [Destination], [DisVid], [DispatchDate], [DispatchQuantity], [FinalPrice], [ImagePath], [IsReceived], [Lr], [PartyName], [Shortage], [TotalValue], [UnitPrice], [VehicleNo], _Position) ON 1=0
      WHEN NOT MATCHED THEN
      INSERT ([BillID], [ChallanNo], [DeliveryNum], [Destination], [DisVid], [DispatchDate], [DispatchQuantity], [FinalPrice], [ImagePath], [IsReceived], [Lr], [PartyName], [Shortage], [TotalValue], [UnitPrice], [VehicleNo])
      VALUES (i.[BillID], i.[ChallanNo], i.[DeliveryNum], i.[Destination], i.[DisVid], i.[DispatchDate], i.[DispatchQuantity], i.[FinalPrice], i.[ImagePath], i.[IsReceived], i.[Lr], i.[PartyName], i.[Shortage], i.[TotalValue], i.[UnitPrice], i.[VehicleNo])
      OUTPUT INSERTED.[DispId], i._Position
      INTO @inserted0;
      
      SELECT [i].[DispId] FROM @inserted0 i
      ORDER BY [i].[_Position];
dbug: Microsoft.EntityFrameworkCore.ChangeTracking[10803]
      The foreign key property 'TblDispatch.DispId' was detected as changed. Consider using 'DbContextOptionsBuilder.EnableSensitiveDataLogging' to see property values.
dbug: Microsoft.EntityFrameworkCore.ChangeTracking[10803]
      The foreign key property 'TblDispatch.DispId' was detected as changed. Consider using 'DbContextOptionsBuilder.EnableSensitiveDataLogging' to see property values.
dbug: Microsoft.EntityFrameworkCore.ChangeTracking[10803]
      The foreign key property 'TblDispatch.DispId' was detected as changed. Consider using 'DbContextOptionsBuilder.EnableSensitiveDataLogging' to see property values.
dbug: Microsoft.EntityFrameworkCore.ChangeTracking[10803]
      The foreign key property 'TblDispatch.DispId' was detected as changed. Consider using 'DbContextOptionsBuilder.EnableSensitiveDataLogging' to see property values.
dbug: Microsoft.EntityFrameworkCore.ChangeTracking[10803]
      The foreign key property 'TblDispatch.DispId' was detected as changed. Consider using 'DbContextOptionsBuilder.EnableSensitiveDataLogging' to see property values.
dbug: Microsoft.EntityFrameworkCore.ChangeTracking[10803]
      The foreign key property 'TblDispatch.DispId' was detected as changed. Consider using 'DbContextOptionsBuilder.EnableSensitiveDataLogging' to see property values.
dbug: Microsoft.EntityFrameworkCore.ChangeTracking[10803]
      The foreign key property 'TblDispatch.DispId' was detected as changed. Consider using 'DbContextOptionsBuilder.EnableSensitiveDataLogging' to see property values.
dbug: Microsoft.EntityFrameworkCore.ChangeTracking[10803]
      The foreign key property 'TblDispatch.DispId' was detected as changed. Consider using 'DbContextOptionsBuilder.EnableSensitiveDataLogging' to see property values.
dbug: Microsoft.EntityFrameworkCore.ChangeTracking[10803]
      The foreign key property 'TblDispatch.DispId' was detected as changed. Consider using 'DbContextOptionsBuilder.EnableSensitiveDataLogging' to see property values.
dbug: Microsoft.EntityFrameworkCore.ChangeTracking[10803]
      The foreign key property 'TblDispatch.DispId' was detected as changed. Consider using 'DbContextOptionsBuilder.EnableSensitiveDataLogging' to see property values.
dbug: Microsoft.EntityFrameworkCore.ChangeTracking[10803]
      The foreign key property 'TblDispatch.DispId' was detected as changed. Consider using 'DbContextOptionsBuilder.EnableSensitiveDataLogging' to see property values.
dbug: Microsoft.EntityFrameworkCore.ChangeTracking[10803]
      The foreign key property 'TblDispatch.DispId' was detected as changed. Consider using 'DbContextOptionsBuilder.EnableSensitiveDataLogging' to see property values.
dbug: Microsoft.EntityFrameworkCore.ChangeTracking[10803]
      The foreign key property 'TblDispatch.DispId' was detected as changed. Consider using 'DbContextOptionsBuilder.EnableSensitiveDataLogging' to see property values.
dbug: Microsoft.EntityFrameworkCore.ChangeTracking[10803]
      The foreign key property 'TblDispatch.DispId' was detected as changed. Consider using 'DbContextOptionsBuilder.EnableSensitiveDataLogging' to see property values.
dbug: Microsoft.EntityFrameworkCore.ChangeTracking[10803]
      The foreign key property 'TblDispatch.DispId' was detected as changed. Consider using 'DbContextOptionsBuilder.EnableSensitiveDataLogging' to see property values.
dbug: Microsoft.EntityFrameworkCore.Database.Command[20300]
      A data reader was disposed.
dbug: Microsoft.EntityFrameworkCore.Database.Transaction[20210]
      Committing transaction.
dbug: Microsoft.EntityFrameworkCore.Database.Transaction[20202]
      Committed transaction.
dbug: Microsoft.EntityFrameworkCore.Database.Connection[20002]
      Closing connection to database 'FinalDb' on server 'MUSAKHAN\SQLEXPRESS'.
dbug: Microsoft.EntityFrameworkCore.Database.Connection[20003]
      Closed connection to database 'FinalDb' on server 'MUSAKHAN\SQLEXPRESS'.
dbug: Microsoft.EntityFrameworkCore.Database.Transaction[20204]
      Disposing transaction.
dbug: Microsoft.EntityFrameworkCore.ChangeTracking[10807]
      An entity of type 'TblDispatch' tracked by 'TransportMgmtContext' changed state from 'Added' to 'Unchanged'. Consider using 'DbContextOptionsBuilder.EnableSensitiveDataLogging' to see key values.
dbug: Microsoft.EntityFrameworkCore.ChangeTracking[10807]
      An entity of type 'TblDispatch' tracked by 'TransportMgmtContext' changed state from 'Added' to 'Unchanged'. Consider using 'DbContextOptionsBuilder.EnableSensitiveDataLogging' to see key values.
dbug: Microsoft.EntityFrameworkCore.ChangeTracking[10807]
      An entity of type 'TblDispatch' tracked by 'TransportMgmtContext' changed state from 'Added' to 'Unchanged'. Consider using 'DbContextOptionsBuilder.EnableSensitiveDataLogging' to see key values.
dbug: Microsoft.EntityFrameworkCore.ChangeTracking[10807]
      An entity of type 'TblDispatch' tracked by 'TransportMgmtContext' changed state from 'Added' to 'Unchanged'. Consider using 'DbContextOptionsBuilder.EnableSensitiveDataLogging' to see key values.
dbug: Microsoft.EntityFrameworkCore.ChangeTracking[10807]
      An entity of type 'TblDispatch' tracked by 'TransportMgmtContext' changed state from 'Added' to 'Unchanged'. Consider using 'DbContextOptionsBuilder.EnableSensitiveDataLogging' to see key values.
dbug: Microsoft.EntityFrameworkCore.ChangeTracking[10807]
      An entity of type 'TblDispatch' tracked by 'TransportMgmtContext' changed state from 'Added' to 'Unchanged'. Consider using 'DbContextOptionsBuilder.EnableSensitiveDataLogging' to see key values.
dbug: Microsoft.EntityFrameworkCore.ChangeTracking[10807]
      An entity of type 'TblDispatch' tracked by 'TransportMgmtContext' changed state from 'Added' to 'Unchanged'. Consider using 'DbContextOptionsBuilder.EnableSensitiveDataLogging' to see key values.
dbug: Microsoft.EntityFrameworkCore.ChangeTracking[10807]
      An entity of type 'TblDispatch' tracked by 'TransportMgmtContext' changed state from 'Added' to 'Unchanged'. Consider using 'DbContextOptionsBuilder.EnableSensitiveDataLogging' to see key values.
dbug: Microsoft.EntityFrameworkCore.ChangeTracking[10807]
      An entity of type 'TblDispatch' tracked by 'TransportMgmtContext' changed state from 'Added' to 'Unchanged'. Consider using 'DbContextOptionsBuilder.EnableSensitiveDataLogging' to see key values.
dbug: Microsoft.EntityFrameworkCore.ChangeTracking[10807]
      An entity of type 'TblDispatch' tracked by 'TransportMgmtContext' changed state from 'Added' to 'Unchanged'. Consider using 'DbContextOptionsBuilder.EnableSensitiveDataLogging' to see key values.
dbug: Microsoft.EntityFrameworkCore.ChangeTracking[10807]
      An entity of type 'TblDispatch' tracked by 'TransportMgmtContext' changed state from 'Added' to 'Unchanged'. Consider using 'DbContextOptionsBuilder.EnableSensitiveDataLogging' to see key values.
dbug: Microsoft.EntityFrameworkCore.ChangeTracking[10807]
      An entity of type 'TblDispatch' tracked by 'TransportMgmtContext' changed state from 'Added' to 'Unchanged'. Consider using 'DbContextOptionsBuilder.EnableSensitiveDataLogging' to see key values.
dbug: Microsoft.EntityFrameworkCore.ChangeTracking[10807]
      An entity of type 'TblDispatch' tracked by 'TransportMgmtContext' changed state from 'Added' to 'Unchanged'. Consider using 'DbContextOptionsBuilder.EnableSensitiveDataLogging' to see key values.
dbug: Microsoft.EntityFrameworkCore.ChangeTracking[10807]
      An entity of type 'TblDispatch' tracked by 'TransportMgmtContext' changed state from 'Added' to 'Unchanged'. Consider using 'DbContextOptionsBuilder.EnableSensitiveDataLogging' to see key values.
dbug: Microsoft.EntityFrameworkCore.ChangeTracking[10807]
      An entity of type 'TblDispatch' tracked by 'TransportMgmtContext' changed state from 'Added' to 'Unchanged'. Consider using 'DbContextOptionsBuilder.EnableSensitiveDataLogging' to see key values.
dbug: Microsoft.EntityFrameworkCore.Update[10005]
      SaveChanges completed for 'TransportMgmtContext' with 15 entities written to the database.
info: Microsoft.AspNetCore.Mvc.RedirectToActionResult[1]
      Executing RedirectResult, redirecting to /Dispatch/UploadDispatch.
info: Microsoft.AspNetCore.Mvc.Infrastructure.ControllerActionInvoker[2]
      Executed action CodeFirstTransport.Controllers.DispatchController.UploadDispatch (CodeFirstTransport) in 1078.0745ms
info: Microsoft.AspNetCore.Routing.EndpointMiddleware[1]
      Executed endpoint 'CodeFirstTransport.Controllers.DispatchController.UploadDispatch (CodeFirstTransport)'
dbug: Microsoft.EntityFrameworkCore.Infrastructure[10407]
      'TransportMgmtContext' disposed.
info: Microsoft.AspNetCore.Hosting.Diagnostics[2]
      Request finished HTTP/2 POST https://localhost:44307/Dispatch/UploadDispatch multipart/form-data;+boundary=----WebKitFormBoundary3Vuld8CKVrA8MBR5 13963 - 302 - - 1152.8719ms
info: Microsoft.AspNetCore.Hosting.Diagnostics[1]
      Request starting HTTP/2 GET https://localhost:44307/Dispatch/UploadDispatch - -
info: Microsoft.AspNetCore.Routing.EndpointMiddleware[0]
      Executing endpoint 'CodeFirstTransport.Controllers.DispatchController.UploadDispatch (CodeFirstTransport)'
info: Microsoft.AspNetCore.Mvc.Infrastructure.ControllerActionInvoker[3]
      Route matched with {action = "UploadDispatch", controller = "Dispatch"}. Executing controller action with signature Microsoft.AspNetCore.Mvc.IActionResult UploadDispatch() on controller CodeFirstTransport.Controllers.DispatchController (CodeFirstTransport).
info: Microsoft.EntityFrameworkCore.Infrastructure[10403]
      Entity Framework Core 6.0.21 initialized 'TransportMgmtContext' using provider 'Microsoft.EntityFrameworkCore.SqlServer:6.0.21' with options: CommandTimeout=120 
dbug: Microsoft.EntityFrameworkCore.Database.Command[20103]
      Creating DbCommand for 'ExecuteReader'.
dbug: Microsoft.EntityFrameworkCore.Database.Command[20104]
      Created DbCommand for 'ExecuteReader' (3ms).
dbug: Microsoft.EntityFrameworkCore.Database.Connection[20000]
      Opening connection to database 'FinalDb' on server 'MUSAKHAN\SQLEXPRESS'.
dbug: Microsoft.EntityFrameworkCore.Database.Connection[20001]
      Opened connection to database 'FinalDb' on server 'MUSAKHAN\SQLEXPRESS'.
dbug: Microsoft.EntityFrameworkCore.Database.Command[20100]
      Executing DbCommand [Parameters=[], CommandType='Text', CommandTimeout='120']
      SELECT [t].[FID], [t].[Address], [t].[Code], [t].[CreatedBy], [t].[CreatedOn], [t].[FactoryName], [t].[Gstin], [t].[IsActive], [t].[ModifiedBy], [t].[ModifiedOn]
      FROM [TblFactories] AS [t]
info: Microsoft.EntityFrameworkCore.Database.Command[20101]
      Executed DbCommand (15ms) [Parameters=[], CommandType='Text', CommandTimeout='120']
      SELECT [t].[FID], [t].[Address], [t].[Code], [t].[CreatedBy], [t].[CreatedOn], [t].[FactoryName], [t].[Gstin], [t].[IsActive], [t].[ModifiedBy], [t].[ModifiedOn]
      FROM [TblFactories] AS [t]
dbug: Microsoft.EntityFrameworkCore.ChangeTracking[10806]
      Context 'TransportMgmtContext' started tracking 'TblFactory' entity. Consider using 'DbContextOptionsBuilder.EnableSensitiveDataLogging' to see key values.
dbug: Microsoft.EntityFrameworkCore.ChangeTracking[10806]
      Context 'TransportMgmtContext' started tracking 'TblFactory' entity. Consider using 'DbContextOptionsBuilder.EnableSensitiveDataLogging' to see key values.
dbug: Microsoft.EntityFrameworkCore.ChangeTracking[10806]
      Context 'TransportMgmtContext' started tracking 'TblFactory' entity. Consider using 'DbContextOptionsBuilder.EnableSensitiveDataLogging' to see key values.
dbug: Microsoft.EntityFrameworkCore.ChangeTracking[10806]
      Context 'TransportMgmtContext' started tracking 'TblFactory' entity. Consider using 'DbContextOptionsBuilder.EnableSensitiveDataLogging' to see key values.
dbug: Microsoft.EntityFrameworkCore.ChangeTracking[10806]
      Context 'TransportMgmtContext' started tracking 'TblFactory' entity. Consider using 'DbContextOptionsBuilder.EnableSensitiveDataLogging' to see key values.
dbug: Microsoft.EntityFrameworkCore.ChangeTracking[10806]
      Context 'TransportMgmtContext' started tracking 'TblFactory' entity. Consider using 'DbContextOptionsBuilder.EnableSensitiveDataLogging' to see key values.
dbug: Microsoft.EntityFrameworkCore.ChangeTracking[10806]
      Context 'TransportMgmtContext' started tracking 'TblFactory' entity. Consider using 'DbContextOptionsBuilder.EnableSensitiveDataLogging' to see key values.
dbug: Microsoft.EntityFrameworkCore.ChangeTracking[10806]
      Context 'TransportMgmtContext' started tracking 'TblFactory' entity. Consider using 'DbContextOptionsBuilder.EnableSensitiveDataLogging' to see key values.
dbug: Microsoft.EntityFrameworkCore.ChangeTracking[10806]
      Context 'TransportMgmtContext' started tracking 'TblFactory' entity. Consider using 'DbContextOptionsBuilder.EnableSensitiveDataLogging' to see key values.
dbug: Microsoft.EntityFrameworkCore.ChangeTracking[10806]
      Context 'TransportMgmtContext' started tracking 'TblFactory' entity. Consider using 'DbContextOptionsBuilder.EnableSensitiveDataLogging' to see key values.
dbug: Microsoft.EntityFrameworkCore.ChangeTracking[10806]
      Context 'TransportMgmtContext' started tracking 'TblFactory' entity. Consider using 'DbContextOptionsBuilder.EnableSensitiveDataLogging' to see key values.
dbug: Microsoft.EntityFrameworkCore.Database.Command[20300]
      A data reader was disposed.
dbug: Microsoft.EntityFrameworkCore.Database.Connection[20002]
      Closing connection to database 'FinalDb' on server 'MUSAKHAN\SQLEXPRESS'.
dbug: Microsoft.EntityFrameworkCore.Database.Connection[20003]
      Closed connection to database 'FinalDb' on server 'MUSAKHAN\SQLEXPRESS'.
info: Microsoft.AspNetCore.Mvc.ViewFeatures.ViewResultExecutor[1]
      Executing ViewResult, running view UploadDispatch.
dbug: Microsoft.WebTools.BrowserLink.Net.BrowserLinkMiddleware[1]
      Response markup is scheduled to include Browser Link script injection.
info: Microsoft.AspNetCore.Mvc.ViewFeatures.ViewResultExecutor[4]
      Executed ViewResult - view UploadDispatch executed in 8.0121ms.
info: Microsoft.AspNetCore.Mvc.Infrastructure.ControllerActionInvoker[2]
      Executed action CodeFirstTransport.Controllers.DispatchController.UploadDispatch (CodeFirstTransport) in 108.8191ms
info: Microsoft.AspNetCore.Routing.EndpointMiddleware[1]
      Executed endpoint 'CodeFirstTransport.Controllers.DispatchController.UploadDispatch (CodeFirstTransport)'
dbug: Microsoft.WebTools.BrowserLink.Net.BrowserLinkMiddleware[2]
      Response markup was updated to include Browser Link script injection.
info: Microsoft.AspNetCore.Hosting.Diagnostics[1]
      Request starting HTTP/2 GET https://localhost:44307/CodeFirstTransport.styles.css - -
dbug: Microsoft.EntityFrameworkCore.Infrastructure[10407]
      'TransportMgmtContext' disposed.
info: Microsoft.AspNetCore.Hosting.Diagnostics[1]
      Request starting HTTP/2 GET https://localhost:44307/_framework/aspnetcore-browser-refresh.js - -
info: Microsoft.AspNetCore.Hosting.Diagnostics[2]
      Request finished HTTP/2 GET https://localhost:44307/Dispatch/UploadDispatch - - - 200 - text/html;+charset=utf-8 155.3710ms
info: Microsoft.AspNetCore.Hosting.Diagnostics[2]
      Request finished HTTP/2 GET https://localhost:44307/CodeFirstTransport.styles.css - - - 404 - - 10.6624ms
info: Microsoft.AspNetCore.Hosting.Diagnostics[2]
      Request finished HTTP/2 GET https://localhost:44307/_framework/aspnetcore-browser-refresh.js - - - 200 11994 application/javascript;+charset=utf-8 6.7724ms
info: Microsoft.AspNetCore.Hosting.Diagnostics[1]
      Request starting HTTP/2 GET https://localhost:44307/_vs/browserLink - -
info: Microsoft.AspNetCore.Hosting.Diagnostics[2]
      Request finished HTTP/2 GET https://localhost:44307/_vs/browserLink - - - 200 - text/javascript;+charset=UTF-8 43.4849ms
info: Microsoft.AspNetCore.Hosting.Diagnostics[1]
      Request starting HTTP/2 GET https://localhost:44307/Payment/ShowBill - -
info: Microsoft.AspNetCore.Routing.EndpointMiddleware[0]
      Executing endpoint 'CodeFirstTransport.Controllers.PaymentController.ShowBill (CodeFirstTransport)'
info: Microsoft.AspNetCore.Mvc.Infrastructure.ControllerActionInvoker[3]
      Route matched with {action = "ShowBill", controller = "Payment"}. Executing controller action with signature Microsoft.AspNetCore.Mvc.IActionResult ShowBill() on controller CodeFirstTransport.Controllers.PaymentController (CodeFirstTransport).
info: Microsoft.EntityFrameworkCore.Infrastructure[10403]
      Entity Framework Core 6.0.21 initialized 'TransportMgmtContext' using provider 'Microsoft.EntityFrameworkCore.SqlServer:6.0.21' with options: CommandTimeout=120 
dbug: Microsoft.EntityFrameworkCore.Database.Command[20103]
      Creating DbCommand for 'ExecuteReader'.
dbug: Microsoft.EntityFrameworkCore.Database.Command[20104]
      Created DbCommand for 'ExecuteReader' (2ms).
dbug: Microsoft.EntityFrameworkCore.Database.Connection[20000]
      Opening connection to database 'FinalDb' on server 'MUSAKHAN\SQLEXPRESS'.
dbug: Microsoft.EntityFrameworkCore.Database.Connection[20001]
      Opened connection to database 'FinalDb' on server 'MUSAKHAN\SQLEXPRESS'.
dbug: Microsoft.EntityFrameworkCore.Database.Command[20100]
      Executing DbCommand [Parameters=[], CommandType='Text', CommandTimeout='120']
      SELECT [t].[FID], [t].[Address], [t].[Code], [t].[CreatedBy], [t].[CreatedOn], [t].[FactoryName], [t].[Gstin], [t].[IsActive], [t].[ModifiedBy], [t].[ModifiedOn]
      FROM [TblFactories] AS [t]
info: Microsoft.EntityFrameworkCore.Database.Command[20101]
      Executed DbCommand (15ms) [Parameters=[], CommandType='Text', CommandTimeout='120']
      SELECT [t].[FID], [t].[Address], [t].[Code], [t].[CreatedBy], [t].[CreatedOn], [t].[FactoryName], [t].[Gstin], [t].[IsActive], [t].[ModifiedBy], [t].[ModifiedOn]
      FROM [TblFactories] AS [t]
dbug: Microsoft.EntityFrameworkCore.ChangeTracking[10806]
      Context 'TransportMgmtContext' started tracking 'TblFactory' entity. Consider using 'DbContextOptionsBuilder.EnableSensitiveDataLogging' to see key values.
dbug: Microsoft.EntityFrameworkCore.ChangeTracking[10806]
      Context 'TransportMgmtContext' started tracking 'TblFactory' entity. Consider using 'DbContextOptionsBuilder.EnableSensitiveDataLogging' to see key values.
dbug: Microsoft.EntityFrameworkCore.ChangeTracking[10806]
      Context 'TransportMgmtContext' started tracking 'TblFactory' entity. Consider using 'DbContextOptionsBuilder.EnableSensitiveDataLogging' to see key values.
dbug: Microsoft.EntityFrameworkCore.ChangeTracking[10806]
      Context 'TransportMgmtContext' started tracking 'TblFactory' entity. Consider using 'DbContextOptionsBuilder.EnableSensitiveDataLogging' to see key values.
dbug: Microsoft.EntityFrameworkCore.ChangeTracking[10806]
      Context 'TransportMgmtContext' started tracking 'TblFactory' entity. Consider using 'DbContextOptionsBuilder.EnableSensitiveDataLogging' to see key values.
dbug: Microsoft.EntityFrameworkCore.ChangeTracking[10806]
      Context 'TransportMgmtContext' started tracking 'TblFactory' entity. Consider using 'DbContextOptionsBuilder.EnableSensitiveDataLogging' to see key values.
dbug: Microsoft.EntityFrameworkCore.ChangeTracking[10806]
      Context 'TransportMgmtContext' started tracking 'TblFactory' entity. Consider using 'DbContextOptionsBuilder.EnableSensitiveDataLogging' to see key values.
dbug: Microsoft.EntityFrameworkCore.ChangeTracking[10806]
      Context 'TransportMgmtContext' started tracking 'TblFactory' entity. Consider using 'DbContextOptionsBuilder.EnableSensitiveDataLogging' to see key values.
dbug: Microsoft.EntityFrameworkCore.ChangeTracking[10806]
      Context 'TransportMgmtContext' started tracking 'TblFactory' entity. Consider using 'DbContextOptionsBuilder.EnableSensitiveDataLogging' to see key values.
dbug: Microsoft.EntityFrameworkCore.ChangeTracking[10806]
      Context 'TransportMgmtContext' started tracking 'TblFactory' entity. Consider using 'DbContextOptionsBuilder.EnableSensitiveDataLogging' to see key values.
dbug: Microsoft.EntityFrameworkCore.ChangeTracking[10806]
      Context 'TransportMgmtContext' started tracking 'TblFactory' entity. Consider using 'DbContextOptionsBuilder.EnableSensitiveDataLogging' to see key values.
dbug: Microsoft.EntityFrameworkCore.Database.Command[20300]
      A data reader was disposed.
dbug: Microsoft.EntityFrameworkCore.Database.Connection[20002]
      Closing connection to database 'FinalDb' on server 'MUSAKHAN\SQLEXPRESS'.
dbug: Microsoft.EntityFrameworkCore.Database.Connection[20003]
      Closed connection to database 'FinalDb' on server 'MUSAKHAN\SQLEXPRESS'.
dbug: Microsoft.EntityFrameworkCore.Database.Command[20103]
      Creating DbCommand for 'ExecuteReader'.
dbug: Microsoft.EntityFrameworkCore.Database.Command[20104]
      Created DbCommand for 'ExecuteReader' (2ms).
dbug: Microsoft.EntityFrameworkCore.Database.Connection[20000]
      Opening connection to database 'FinalDb' on server 'MUSAKHAN\SQLEXPRESS'.
dbug: Microsoft.EntityFrameworkCore.Database.Connection[20001]
      Opened connection to database 'FinalDb' on server 'MUSAKHAN\SQLEXPRESS'.
dbug: Microsoft.EntityFrameworkCore.Database.Command[20100]
      Executing DbCommand [Parameters=[], CommandType='Text', CommandTimeout='120']
      SELECT [t].[FID], [t].[Address], [t].[Code], [t].[CreatedBy], [t].[CreatedOn], [t].[FactoryName], [t].[Gstin], [t].[IsActive], [t].[ModifiedBy], [t].[ModifiedOn]
      FROM [TblFactories] AS [t]
info: Microsoft.EntityFrameworkCore.Database.Command[20101]
      Executed DbCommand (3ms) [Parameters=[], CommandType='Text', CommandTimeout='120']
      SELECT [t].[FID], [t].[Address], [t].[Code], [t].[CreatedBy], [t].[CreatedOn], [t].[FactoryName], [t].[Gstin], [t].[IsActive], [t].[ModifiedBy], [t].[ModifiedOn]
      FROM [TblFactories] AS [t]
dbug: Microsoft.EntityFrameworkCore.Database.Command[20300]
      A data reader was disposed.
dbug: Microsoft.EntityFrameworkCore.Database.Connection[20002]
      Closing connection to database 'FinalDb' on server 'MUSAKHAN\SQLEXPRESS'.
dbug: Microsoft.EntityFrameworkCore.Database.Connection[20003]
      Closed connection to database 'FinalDb' on server 'MUSAKHAN\SQLEXPRESS'.
dbug: Microsoft.EntityFrameworkCore.Query[10111]
      Compiling query expression: 
      'DbSet<BillTable>()'
dbug: Microsoft.EntityFrameworkCore.Query[10107]
      Generated query execution expression: 
      'queryContext => new SingleQueryingEnumerable<BillTable>(
          (RelationalQueryContext)queryContext, 
          RelationalCommandCache.SelectExpression(
              Projection Mapping:
                  EmptyProjectionMember -> Dictionary<IProperty, int> { [Property: BillTable.BillID (int) Required PK AfterSave:Throw ValueGenerated.OnAdd, 0], [Property: BillTable.ActualAmount (double?), 1], [Property: BillTable.BillDate (DateTime?), 2], [Property: BillTable.BillNum (string), 3], [Property: BillTable.BillType (string), 4], [Property: BillTable.FID (int?), 5], [Property: BillTable.Gst (double?), 6], [Property: BillTable.GstDate (DateTime?), 7], [Property: BillTable.PId (int?), 8], [Property: BillTable.PartyName (string), 9], [Property: BillTable.PaymentReceived (double?), 10], [Property: BillTable.PaymentTablePId (no field, int?) Shadow FK Index, 11], [Property: BillTable.Tds (double?), 12], [Property: BillTable.TotalValue (double?), 13] }
              SELECT b.BillID, b.ActualAmount, b.BillDate, b.BillNum, b.BillType, b.FID, b.Gst, b.GstDate, b.PId, b.PartyName, b.PaymentReceived, b.PaymentTablePId, b.Tds, b.TotalValue
              FROM BillTables AS b), 
          Func<QueryContext, DbDataReader, ResultContext, SingleQueryResultCoordinator, BillTable>, 
          CodeFirstTransport.Models.TransportMgmtContext, 
          False, 
          False, 
          True
      )'
dbug: Microsoft.EntityFrameworkCore.Database.Command[20103]
      Creating DbCommand for 'ExecuteReader'.
dbug: Microsoft.EntityFrameworkCore.Database.Command[20104]
      Created DbCommand for 'ExecuteReader' (3ms).
dbug: Microsoft.EntityFrameworkCore.Database.Connection[20000]
      Opening connection to database 'FinalDb' on server 'MUSAKHAN\SQLEXPRESS'.
dbug: Microsoft.EntityFrameworkCore.Database.Connection[20001]
      Opened connection to database 'FinalDb' on server 'MUSAKHAN\SQLEXPRESS'.
dbug: Microsoft.EntityFrameworkCore.Database.Command[20100]
      Executing DbCommand [Parameters=[], CommandType='Text', CommandTimeout='120']
      SELECT [b].[BillID], [b].[ActualAmount], [b].[BillDate], [b].[BillNum], [b].[BillType], [b].[FID], [b].[Gst], [b].[GstDate], [b].[PId], [b].[PartyName], [b].[PaymentReceived], [b].[PaymentTablePId], [b].[Tds], [b].[TotalValue]
      FROM [BillTables] AS [b]
info: Microsoft.EntityFrameworkCore.Database.Command[20101]
      Executed DbCommand (11ms) [Parameters=[], CommandType='Text', CommandTimeout='120']
      SELECT [b].[BillID], [b].[ActualAmount], [b].[BillDate], [b].[BillNum], [b].[BillType], [b].[FID], [b].[Gst], [b].[GstDate], [b].[PId], [b].[PartyName], [b].[PaymentReceived], [b].[PaymentTablePId], [b].[Tds], [b].[TotalValue]
      FROM [BillTables] AS [b]
dbug: Microsoft.EntityFrameworkCore.ChangeTracking[10806]
      Context 'TransportMgmtContext' started tracking 'BillTable' entity. Consider using 'DbContextOptionsBuilder.EnableSensitiveDataLogging' to see key values.
dbug: Microsoft.EntityFrameworkCore.ChangeTracking[10806]
      Context 'TransportMgmtContext' started tracking 'BillTable' entity. Consider using 'DbContextOptionsBuilder.EnableSensitiveDataLogging' to see key values.
dbug: Microsoft.EntityFrameworkCore.ChangeTracking[10806]
      Context 'TransportMgmtContext' started tracking 'BillTable' entity. Consider using 'DbContextOptionsBuilder.EnableSensitiveDataLogging' to see key values.
dbug: Microsoft.EntityFrameworkCore.ChangeTracking[10806]
      Context 'TransportMgmtContext' started tracking 'BillTable' entity. Consider using 'DbContextOptionsBuilder.EnableSensitiveDataLogging' to see key values.
dbug: Microsoft.EntityFrameworkCore.ChangeTracking[10806]
      Context 'TransportMgmtContext' started tracking 'BillTable' entity. Consider using 'DbContextOptionsBuilder.EnableSensitiveDataLogging' to see key values.
dbug: Microsoft.EntityFrameworkCore.ChangeTracking[10806]
      Context 'TransportMgmtContext' started tracking 'BillTable' entity. Consider using 'DbContextOptionsBuilder.EnableSensitiveDataLogging' to see key values.
dbug: Microsoft.EntityFrameworkCore.ChangeTracking[10806]
      Context 'TransportMgmtContext' started tracking 'BillTable' entity. Consider using 'DbContextOptionsBuilder.EnableSensitiveDataLogging' to see key values.
dbug: Microsoft.EntityFrameworkCore.ChangeTracking[10806]
      Context 'TransportMgmtContext' started tracking 'BillTable' entity. Consider using 'DbContextOptionsBuilder.EnableSensitiveDataLogging' to see key values.
dbug: Microsoft.EntityFrameworkCore.ChangeTracking[10806]
      Context 'TransportMgmtContext' started tracking 'BillTable' entity. Consider using 'DbContextOptionsBuilder.EnableSensitiveDataLogging' to see key values.
dbug: Microsoft.EntityFrameworkCore.ChangeTracking[10806]
      Context 'TransportMgmtContext' started tracking 'BillTable' entity. Consider using 'DbContextOptionsBuilder.EnableSensitiveDataLogging' to see key values.
dbug: Microsoft.EntityFrameworkCore.ChangeTracking[10806]
      Context 'TransportMgmtContext' started tracking 'BillTable' entity. Consider using 'DbContextOptionsBuilder.EnableSensitiveDataLogging' to see key values.
dbug: Microsoft.EntityFrameworkCore.ChangeTracking[10806]
      Context 'TransportMgmtContext' started tracking 'BillTable' entity. Consider using 'DbContextOptionsBuilder.EnableSensitiveDataLogging' to see key values.
dbug: Microsoft.EntityFrameworkCore.ChangeTracking[10806]
      Context 'TransportMgmtContext' started tracking 'BillTable' entity. Consider using 'DbContextOptionsBuilder.EnableSensitiveDataLogging' to see key values.
dbug: Microsoft.EntityFrameworkCore.ChangeTracking[10806]
      Context 'TransportMgmtContext' started tracking 'BillTable' entity. Consider using 'DbContextOptionsBuilder.EnableSensitiveDataLogging' to see key values.
dbug: Microsoft.EntityFrameworkCore.ChangeTracking[10806]
      Context 'TransportMgmtContext' started tracking 'BillTable' entity. Consider using 'DbContextOptionsBuilder.EnableSensitiveDataLogging' to see key values.
dbug: Microsoft.EntityFrameworkCore.ChangeTracking[10806]
      Context 'TransportMgmtContext' started tracking 'BillTable' entity. Consider using 'DbContextOptionsBuilder.EnableSensitiveDataLogging' to see key values.
dbug: Microsoft.EntityFrameworkCore.ChangeTracking[10806]
      Context 'TransportMgmtContext' started tracking 'BillTable' entity. Consider using 'DbContextOptionsBuilder.EnableSensitiveDataLogging' to see key values.
dbug: Microsoft.EntityFrameworkCore.ChangeTracking[10806]
      Context 'TransportMgmtContext' started tracking 'BillTable' entity. Consider using 'DbContextOptionsBuilder.EnableSensitiveDataLogging' to see key values.
dbug: Microsoft.EntityFrameworkCore.ChangeTracking[10806]
      Context 'TransportMgmtContext' started tracking 'BillTable' entity. Consider using 'DbContextOptionsBuilder.EnableSensitiveDataLogging' to see key values.
dbug: Microsoft.EntityFrameworkCore.ChangeTracking[10806]
      Context 'TransportMgmtContext' started tracking 'BillTable' entity. Consider using 'DbContextOptionsBuilder.EnableSensitiveDataLogging' to see key values.
dbug: Microsoft.EntityFrameworkCore.ChangeTracking[10806]
      Context 'TransportMgmtContext' started tracking 'BillTable' entity. Consider using 'DbContextOptionsBuilder.EnableSensitiveDataLogging' to see key values.
dbug: Microsoft.EntityFrameworkCore.ChangeTracking[10806]
      Context 'TransportMgmtContext' started tracking 'BillTable' entity. Consider using 'DbContextOptionsBuilder.EnableSensitiveDataLogging' to see key values.
dbug: Microsoft.EntityFrameworkCore.ChangeTracking[10806]
      Context 'TransportMgmtContext' started tracking 'BillTable' entity. Consider using 'DbContextOptionsBuilder.EnableSensitiveDataLogging' to see key values.
dbug: Microsoft.EntityFrameworkCore.ChangeTracking[10806]
      Context 'TransportMgmtContext' started tracking 'BillTable' entity. Consider using 'DbContextOptionsBuilder.EnableSensitiveDataLogging' to see key values.
dbug: Microsoft.EntityFrameworkCore.ChangeTracking[10806]
      Context 'TransportMgmtContext' started tracking 'BillTable' entity. Consider using 'DbContextOptionsBuilder.EnableSensitiveDataLogging' to see key values.
dbug: Microsoft.EntityFrameworkCore.ChangeTracking[10806]
      Context 'TransportMgmtContext' started tracking 'BillTable' entity. Consider using 'DbContextOptionsBuilder.EnableSensitiveDataLogging' to see key values.
dbug: Microsoft.EntityFrameworkCore.ChangeTracking[10806]
      Context 'TransportMgmtContext' started tracking 'BillTable' entity. Consider using 'DbContextOptionsBuilder.EnableSensitiveDataLogging' to see key values.
dbug: Microsoft.EntityFrameworkCore.ChangeTracking[10806]
      Context 'TransportMgmtContext' started tracking 'BillTable' entity. Consider using 'DbContextOptionsBuilder.EnableSensitiveDataLogging' to see key values.
dbug: Microsoft.EntityFrameworkCore.ChangeTracking[10806]
      Context 'TransportMgmtContext' started tracking 'BillTable' entity. Consider using 'DbContextOptionsBuilder.EnableSensitiveDataLogging' to see key values.
dbug: Microsoft.EntityFrameworkCore.ChangeTracking[10806]
      Context 'TransportMgmtContext' started tracking 'BillTable' entity. Consider using 'DbContextOptionsBuilder.EnableSensitiveDataLogging' to see key values.
dbug: Microsoft.EntityFrameworkCore.ChangeTracking[10806]
      Context 'TransportMgmtContext' started tracking 'BillTable' entity. Consider using 'DbContextOptionsBuilder.EnableSensitiveDataLogging' to see key values.
dbug: Microsoft.EntityFrameworkCore.ChangeTracking[10806]
      Context 'TransportMgmtContext' started tracking 'BillTable' entity. Consider using 'DbContextOptionsBuilder.EnableSensitiveDataLogging' to see key values.
dbug: Microsoft.EntityFrameworkCore.ChangeTracking[10806]
      Context 'TransportMgmtContext' started tracking 'BillTable' entity. Consider using 'DbContextOptionsBuilder.EnableSensitiveDataLogging' to see key values.
dbug: Microsoft.EntityFrameworkCore.ChangeTracking[10806]
      Context 'TransportMgmtContext' started tracking 'BillTable' entity. Consider using 'DbContextOptionsBuilder.EnableSensitiveDataLogging' to see key values.
dbug: Microsoft.EntityFrameworkCore.ChangeTracking[10806]
      Context 'TransportMgmtContext' started tracking 'BillTable' entity. Consider using 'DbContextOptionsBuilder.EnableSensitiveDataLogging' to see key values.
dbug: Microsoft.EntityFrameworkCore.ChangeTracking[10806]
      Context 'TransportMgmtContext' started tracking 'BillTable' entity. Consider using 'DbContextOptionsBuilder.EnableSensitiveDataLogging' to see key values.
dbug: Microsoft.EntityFrameworkCore.ChangeTracking[10806]
      Context 'TransportMgmtContext' started tracking 'BillTable' entity. Consider using 'DbContextOptionsBuilder.EnableSensitiveDataLogging' to see key values.
dbug: Microsoft.EntityFrameworkCore.ChangeTracking[10806]
      Context 'TransportMgmtContext' started tracking 'BillTable' entity. Consider using 'DbContextOptionsBuilder.EnableSensitiveDataLogging' to see key values.
dbug: Microsoft.EntityFrameworkCore.ChangeTracking[10806]
      Context 'TransportMgmtContext' started tracking 'BillTable' entity. Consider using 'DbContextOptionsBuilder.EnableSensitiveDataLogging' to see key values.
dbug: Microsoft.EntityFrameworkCore.ChangeTracking[10806]
      Context 'TransportMgmtContext' started tracking 'BillTable' entity. Consider using 'DbContextOptionsBuilder.EnableSensitiveDataLogging' to see key values.
dbug: Microsoft.EntityFrameworkCore.ChangeTracking[10806]
      Context 'TransportMgmtContext' started tracking 'BillTable' entity. Consider using 'DbContextOptionsBuilder.EnableSensitiveDataLogging' to see key values.
dbug: Microsoft.EntityFrameworkCore.ChangeTracking[10806]
      Context 'TransportMgmtContext' started tracking 'BillTable' entity. Consider using 'DbContextOptionsBuilder.EnableSensitiveDataLogging' to see key values.
dbug: Microsoft.EntityFrameworkCore.ChangeTracking[10806]
      Context 'TransportMgmtContext' started tracking 'BillTable' entity. Consider using 'DbContextOptionsBuilder.EnableSensitiveDataLogging' to see key values.
dbug: Microsoft.EntityFrameworkCore.ChangeTracking[10806]
      Context 'TransportMgmtContext' started tracking 'BillTable' entity. Consider using 'DbContextOptionsBuilder.EnableSensitiveDataLogging' to see key values.
dbug: Microsoft.EntityFrameworkCore.ChangeTracking[10806]
      Context 'TransportMgmtContext' started tracking 'BillTable' entity. Consider using 'DbContextOptionsBuilder.EnableSensitiveDataLogging' to see key values.
dbug: Microsoft.EntityFrameworkCore.ChangeTracking[10806]
      Context 'TransportMgmtContext' started tracking 'BillTable' entity. Consider using 'DbContextOptionsBuilder.EnableSensitiveDataLogging' to see key values.
dbug: Microsoft.EntityFrameworkCore.ChangeTracking[10806]
      Context 'TransportMgmtContext' started tracking 'BillTable' entity. Consider using 'DbContextOptionsBuilder.EnableSensitiveDataLogging' to see key values.
dbug: Microsoft.EntityFrameworkCore.ChangeTracking[10806]
      Context 'TransportMgmtContext' started tracking 'BillTable' entity. Consider using 'DbContextOptionsBuilder.EnableSensitiveDataLogging' to see key values.
dbug: Microsoft.EntityFrameworkCore.ChangeTracking[10806]
      Context 'TransportMgmtContext' started tracking 'BillTable' entity. Consider using 'DbContextOptionsBuilder.EnableSensitiveDataLogging' to see key values.
dbug: Microsoft.EntityFrameworkCore.ChangeTracking[10806]
      Context 'TransportMgmtContext' started tracking 'BillTable' entity. Consider using 'DbContextOptionsBuilder.EnableSensitiveDataLogging' to see key values.
dbug: Microsoft.EntityFrameworkCore.ChangeTracking[10806]
      Context 'TransportMgmtContext' started tracking 'BillTable' entity. Consider using 'DbContextOptionsBuilder.EnableSensitiveDataLogging' to see key values.
dbug: Microsoft.EntityFrameworkCore.ChangeTracking[10806]
      Context 'TransportMgmtContext' started tracking 'BillTable' entity. Consider using 'DbContextOptionsBuilder.EnableSensitiveDataLogging' to see key values.
dbug: Microsoft.EntityFrameworkCore.ChangeTracking[10806]
      Context 'TransportMgmtContext' started tracking 'BillTable' entity. Consider using 'DbContextOptionsBuilder.EnableSensitiveDataLogging' to see key values.
dbug: Microsoft.EntityFrameworkCore.ChangeTracking[10806]
      Context 'TransportMgmtContext' started tracking 'BillTable' entity. Consider using 'DbContextOptionsBuilder.EnableSensitiveDataLogging' to see key values.
dbug: Microsoft.EntityFrameworkCore.ChangeTracking[10806]
      Context 'TransportMgmtContext' started tracking 'BillTable' entity. Consider using 'DbContextOptionsBuilder.EnableSensitiveDataLogging' to see key values.
dbug: Microsoft.EntityFrameworkCore.ChangeTracking[10806]
      Context 'TransportMgmtContext' started tracking 'BillTable' entity. Consider using 'DbContextOptionsBuilder.EnableSensitiveDataLogging' to see key values.
dbug: Microsoft.EntityFrameworkCore.ChangeTracking[10806]
      Context 'TransportMgmtContext' started tracking 'BillTable' entity. Consider using 'DbContextOptionsBuilder.EnableSensitiveDataLogging' to see key values.
dbug: Microsoft.EntityFrameworkCore.ChangeTracking[10806]
      Context 'TransportMgmtContext' started tracking 'BillTable' entity. Consider using 'DbContextOptionsBuilder.EnableSensitiveDataLogging' to see key values.
dbug: Microsoft.EntityFrameworkCore.ChangeTracking[10806]
      Context 'TransportMgmtContext' started tracking 'BillTable' entity. Consider using 'DbContextOptionsBuilder.EnableSensitiveDataLogging' to see key values.
dbug: Microsoft.EntityFrameworkCore.ChangeTracking[10806]
      Context 'TransportMgmtContext' started tracking 'BillTable' entity. Consider using 'DbContextOptionsBuilder.EnableSensitiveDataLogging' to see key values.
dbug: Microsoft.EntityFrameworkCore.ChangeTracking[10806]
      Context 'TransportMgmtContext' started tracking 'BillTable' entity. Consider using 'DbContextOptionsBuilder.EnableSensitiveDataLogging' to see key values.
dbug: Microsoft.EntityFrameworkCore.ChangeTracking[10806]
      Context 'TransportMgmtContext' started tracking 'BillTable' entity. Consider using 'DbContextOptionsBuilder.EnableSensitiveDataLogging' to see key values.
dbug: Microsoft.EntityFrameworkCore.ChangeTracking[10806]
      Context 'TransportMgmtContext' started tracking 'BillTable' entity. Consider using 'DbContextOptionsBuilder.EnableSensitiveDataLogging' to see key values.
dbug: Microsoft.EntityFrameworkCore.ChangeTracking[10806]
      Context 'TransportMgmtContext' started tracking 'BillTable' entity. Consider using 'DbContextOptionsBuilder.EnableSensitiveDataLogging' to see key values.
dbug: Microsoft.EntityFrameworkCore.ChangeTracking[10806]
      Context 'TransportMgmtContext' started tracking 'BillTable' entity. Consider using 'DbContextOptionsBuilder.EnableSensitiveDataLogging' to see key values.
dbug: Microsoft.EntityFrameworkCore.ChangeTracking[10806]
      Context 'TransportMgmtContext' started tracking 'BillTable' entity. Consider using 'DbContextOptionsBuilder.EnableSensitiveDataLogging' to see key values.
dbug: Microsoft.EntityFrameworkCore.ChangeTracking[10806]
      Context 'TransportMgmtContext' started tracking 'BillTable' entity. Consider using 'DbContextOptionsBuilder.EnableSensitiveDataLogging' to see key values.
dbug: Microsoft.EntityFrameworkCore.ChangeTracking[10806]
      Context 'TransportMgmtContext' started tracking 'BillTable' entity. Consider using 'DbContextOptionsBuilder.EnableSensitiveDataLogging' to see key values.
dbug: Microsoft.EntityFrameworkCore.ChangeTracking[10806]
      Context 'TransportMgmtContext' started tracking 'BillTable' entity. Consider using 'DbContextOptionsBuilder.EnableSensitiveDataLogging' to see key values.
dbug: Microsoft.EntityFrameworkCore.ChangeTracking[10806]
      Context 'TransportMgmtContext' started tracking 'BillTable' entity. Consider using 'DbContextOptionsBuilder.EnableSensitiveDataLogging' to see key values.
dbug: Microsoft.EntityFrameworkCore.ChangeTracking[10806]
      Context 'TransportMgmtContext' started tracking 'BillTable' entity. Consider using 'DbContextOptionsBuilder.EnableSensitiveDataLogging' to see key values.
dbug: Microsoft.EntityFrameworkCore.ChangeTracking[10806]
      Context 'TransportMgmtContext' started tracking 'BillTable' entity. Consider using 'DbContextOptionsBuilder.EnableSensitiveDataLogging' to see key values.
dbug: Microsoft.EntityFrameworkCore.ChangeTracking[10806]
      Context 'TransportMgmtContext' started tracking 'BillTable' entity. Consider using 'DbContextOptionsBuilder.EnableSensitiveDataLogging' to see key values.
dbug: Microsoft.EntityFrameworkCore.ChangeTracking[10806]
      Context 'TransportMgmtContext' started tracking 'BillTable' entity. Consider using 'DbContextOptionsBuilder.EnableSensitiveDataLogging' to see key values.
dbug: Microsoft.EntityFrameworkCore.ChangeTracking[10806]
      Context 'TransportMgmtContext' started tracking 'BillTable' entity. Consider using 'DbContextOptionsBuilder.EnableSensitiveDataLogging' to see key values.
dbug: Microsoft.EntityFrameworkCore.ChangeTracking[10806]
      Context 'TransportMgmtContext' started tracking 'BillTable' entity. Consider using 'DbContextOptionsBuilder.EnableSensitiveDataLogging' to see key values.
dbug: Microsoft.EntityFrameworkCore.ChangeTracking[10806]
      Context 'TransportMgmtContext' started tracking 'BillTable' entity. Consider using 'DbContextOptionsBuilder.EnableSensitiveDataLogging' to see key values.
dbug: Microsoft.EntityFrameworkCore.ChangeTracking[10806]
      Context 'TransportMgmtContext' started tracking 'BillTable' entity. Consider using 'DbContextOptionsBuilder.EnableSensitiveDataLogging' to see key values.
dbug: Microsoft.EntityFrameworkCore.ChangeTracking[10806]
      Context 'TransportMgmtContext' started tracking 'BillTable' entity. Consider using 'DbContextOptionsBuilder.EnableSensitiveDataLogging' to see key values.
dbug: Microsoft.EntityFrameworkCore.ChangeTracking[10806]
      Context 'TransportMgmtContext' started tracking 'BillTable' entity. Consider using 'DbContextOptionsBuilder.EnableSensitiveDataLogging' to see key values.
dbug: Microsoft.EntityFrameworkCore.ChangeTracking[10806]
      Context 'TransportMgmtContext' started tracking 'BillTable' entity. Consider using 'DbContextOptionsBuilder.EnableSensitiveDataLogging' to see key values.
dbug: Microsoft.EntityFrameworkCore.ChangeTracking[10806]
      Context 'TransportMgmtContext' started tracking 'BillTable' entity. Consider using 'DbContextOptionsBuilder.EnableSensitiveDataLogging' to see key values.
dbug: Microsoft.EntityFrameworkCore.ChangeTracking[10806]
      Context 'TransportMgmtContext' started tracking 'BillTable' entity. Consider using 'DbContextOptionsBuilder.EnableSensitiveDataLogging' to see key values.
dbug: Microsoft.EntityFrameworkCore.ChangeTracking[10806]
      Context 'TransportMgmtContext' started tracking 'BillTable' entity. Consider using 'DbContextOptionsBuilder.EnableSensitiveDataLogging' to see key values.
dbug: Microsoft.EntityFrameworkCore.ChangeTracking[10806]
      Context 'TransportMgmtContext' started tracking 'BillTable' entity. Consider using 'DbContextOptionsBuilder.EnableSensitiveDataLogging' to see key values.
dbug: Microsoft.EntityFrameworkCore.ChangeTracking[10806]
      Context 'TransportMgmtContext' started tracking 'BillTable' entity. Consider using 'DbContextOptionsBuilder.EnableSensitiveDataLogging' to see key values.
dbug: Microsoft.EntityFrameworkCore.ChangeTracking[10806]
      Context 'TransportMgmtContext' started tracking 'BillTable' entity. Consider using 'DbContextOptionsBuilder.EnableSensitiveDataLogging' to see key values.
dbug: Microsoft.EntityFrameworkCore.ChangeTracking[10806]
      Context 'TransportMgmtContext' started tracking 'BillTable' entity. Consider using 'DbContextOptionsBuilder.EnableSensitiveDataLogging' to see key values.
dbug: Microsoft.EntityFrameworkCore.ChangeTracking[10806]
      Context 'TransportMgmtContext' started tracking 'BillTable' entity. Consider using 'DbContextOptionsBuilder.EnableSensitiveDataLogging' to see key values.
dbug: Microsoft.EntityFrameworkCore.ChangeTracking[10806]
      Context 'TransportMgmtContext' started tracking 'BillTable' entity. Consider using 'DbContextOptionsBuilder.EnableSensitiveDataLogging' to see key values.
dbug: Microsoft.EntityFrameworkCore.ChangeTracking[10806]
      Context 'TransportMgmtContext' started tracking 'BillTable' entity. Consider using 'DbContextOptionsBuilder.EnableSensitiveDataLogging' to see key values.
dbug: Microsoft.EntityFrameworkCore.ChangeTracking[10806]
      Context 'TransportMgmtContext' started tracking 'BillTable' entity. Consider using 'DbContextOptionsBuilder.EnableSensitiveDataLogging' to see key values.
dbug: Microsoft.EntityFrameworkCore.ChangeTracking[10806]
      Context 'TransportMgmtContext' started tracking 'BillTable' entity. Consider using 'DbContextOptionsBuilder.EnableSensitiveDataLogging' to see key values.
dbug: Microsoft.EntityFrameworkCore.ChangeTracking[10806]
      Context 'TransportMgmtContext' started tracking 'BillTable' entity. Consider using 'DbContextOptionsBuilder.EnableSensitiveDataLogging' to see key values.
dbug: Microsoft.EntityFrameworkCore.ChangeTracking[10806]
      Context 'TransportMgmtContext' started tracking 'BillTable' entity. Consider using 'DbContextOptionsBuilder.EnableSensitiveDataLogging' to see key values.
dbug: Microsoft.EntityFrameworkCore.ChangeTracking[10806]
      Context 'TransportMgmtContext' started tracking 'BillTable' entity. Consider using 'DbContextOptionsBuilder.EnableSensitiveDataLogging' to see key values.
dbug: Microsoft.EntityFrameworkCore.ChangeTracking[10806]
      Context 'TransportMgmtContext' started tracking 'BillTable' entity. Consider using 'DbContextOptionsBuilder.EnableSensitiveDataLogging' to see key values.
dbug: Microsoft.EntityFrameworkCore.ChangeTracking[10806]
      Context 'TransportMgmtContext' started tracking 'BillTable' entity. Consider using 'DbContextOptionsBuilder.EnableSensitiveDataLogging' to see key values.
dbug: Microsoft.EntityFrameworkCore.ChangeTracking[10806]
      Context 'TransportMgmtContext' started tracking 'BillTable' entity. Consider using 'DbContextOptionsBuilder.EnableSensitiveDataLogging' to see key values.
dbug: Microsoft.EntityFrameworkCore.ChangeTracking[10806]
      Context 'TransportMgmtContext' started tracking 'BillTable' entity. Consider using 'DbContextOptionsBuilder.EnableSensitiveDataLogging' to see key values.
dbug: Microsoft.EntityFrameworkCore.ChangeTracking[10806]
      Context 'TransportMgmtContext' started tracking 'BillTable' entity. Consider using 'DbContextOptionsBuilder.EnableSensitiveDataLogging' to see key values.
dbug: Microsoft.EntityFrameworkCore.ChangeTracking[10806]
      Context 'TransportMgmtContext' started tracking 'BillTable' entity. Consider using 'DbContextOptionsBuilder.EnableSensitiveDataLogging' to see key values.
dbug: Microsoft.EntityFrameworkCore.ChangeTracking[10806]
      Context 'TransportMgmtContext' started tracking 'BillTable' entity. Consider using 'DbContextOptionsBuilder.EnableSensitiveDataLogging' to see key values.
dbug: Microsoft.EntityFrameworkCore.ChangeTracking[10806]
      Context 'TransportMgmtContext' started tracking 'BillTable' entity. Consider using 'DbContextOptionsBuilder.EnableSensitiveDataLogging' to see key values.
dbug: Microsoft.EntityFrameworkCore.ChangeTracking[10806]
      Context 'TransportMgmtContext' started tracking 'BillTable' entity. Consider using 'DbContextOptionsBuilder.EnableSensitiveDataLogging' to see key values.
dbug: Microsoft.EntityFrameworkCore.ChangeTracking[10806]
      Context 'TransportMgmtContext' started tracking 'BillTable' entity. Consider using 'DbContextOptionsBuilder.EnableSensitiveDataLogging' to see key values.
dbug: Microsoft.EntityFrameworkCore.ChangeTracking[10806]
      Context 'TransportMgmtContext' started tracking 'BillTable' entity. Consider using 'DbContextOptionsBuilder.EnableSensitiveDataLogging' to see key values.
dbug: Microsoft.EntityFrameworkCore.ChangeTracking[10806]
      Context 'TransportMgmtContext' started tracking 'BillTable' entity. Consider using 'DbContextOptionsBuilder.EnableSensitiveDataLogging' to see key values.
dbug: Microsoft.EntityFrameworkCore.ChangeTracking[10806]
      Context 'TransportMgmtContext' started tracking 'BillTable' entity. Consider using 'DbContextOptionsBuilder.EnableSensitiveDataLogging' to see key values.
dbug: Microsoft.EntityFrameworkCore.ChangeTracking[10806]
      Context 'TransportMgmtContext' started tracking 'BillTable' entity. Consider using 'DbContextOptionsBuilder.EnableSensitiveDataLogging' to see key values.
dbug: Microsoft.EntityFrameworkCore.ChangeTracking[10806]
      Context 'TransportMgmtContext' started tracking 'BillTable' entity. Consider using 'DbContextOptionsBuilder.EnableSensitiveDataLogging' to see key values.
dbug: Microsoft.EntityFrameworkCore.ChangeTracking[10806]
      Context 'TransportMgmtContext' started tracking 'BillTable' entity. Consider using 'DbContextOptionsBuilder.EnableSensitiveDataLogging' to see key values.
dbug: Microsoft.EntityFrameworkCore.ChangeTracking[10806]
      Context 'TransportMgmtContext' started tracking 'BillTable' entity. Consider using 'DbContextOptionsBuilder.EnableSensitiveDataLogging' to see key values.
dbug: Microsoft.EntityFrameworkCore.ChangeTracking[10806]
      Context 'TransportMgmtContext' started tracking 'BillTable' entity. Consider using 'DbContextOptionsBuilder.EnableSensitiveDataLogging' to see key values.
dbug: Microsoft.EntityFrameworkCore.ChangeTracking[10806]
      Context 'TransportMgmtContext' started tracking 'BillTable' entity. Consider using 'DbContextOptionsBuilder.EnableSensitiveDataLogging' to see key values.
dbug: Microsoft.EntityFrameworkCore.ChangeTracking[10806]
      Context 'TransportMgmtContext' started tracking 'BillTable' entity. Consider using 'DbContextOptionsBuilder.EnableSensitiveDataLogging' to see key values.
dbug: Microsoft.EntityFrameworkCore.ChangeTracking[10806]
      Context 'TransportMgmtContext' started tracking 'BillTable' entity. Consider using 'DbContextOptionsBuilder.EnableSensitiveDataLogging' to see key values.
dbug: Microsoft.EntityFrameworkCore.ChangeTracking[10806]
      Context 'TransportMgmtContext' started tracking 'BillTable' entity. Consider using 'DbContextOptionsBuilder.EnableSensitiveDataLogging' to see key values.
dbug: Microsoft.EntityFrameworkCore.ChangeTracking[10806]
      Context 'TransportMgmtContext' started tracking 'BillTable' entity. Consider using 'DbContextOptionsBuilder.EnableSensitiveDataLogging' to see key values.
dbug: Microsoft.EntityFrameworkCore.ChangeTracking[10806]
      Context 'TransportMgmtContext' started tracking 'BillTable' entity. Consider using 'DbContextOptionsBuilder.EnableSensitiveDataLogging' to see key values.
dbug: Microsoft.EntityFrameworkCore.ChangeTracking[10806]
      Context 'TransportMgmtContext' started tracking 'BillTable' entity. Consider using 'DbContextOptionsBuilder.EnableSensitiveDataLogging' to see key values.
dbug: Microsoft.EntityFrameworkCore.ChangeTracking[10806]
      Context 'TransportMgmtContext' started tracking 'BillTable' entity. Consider using 'DbContextOptionsBuilder.EnableSensitiveDataLogging' to see key values.
dbug: Microsoft.EntityFrameworkCore.ChangeTracking[10806]
      Context 'TransportMgmtContext' started tracking 'BillTable' entity. Consider using 'DbContextOptionsBuilder.EnableSensitiveDataLogging' to see key values.
dbug: Microsoft.EntityFrameworkCore.ChangeTracking[10806]
      Context 'TransportMgmtContext' started tracking 'BillTable' entity. Consider using 'DbContextOptionsBuilder.EnableSensitiveDataLogging' to see key values.
dbug: Microsoft.EntityFrameworkCore.ChangeTracking[10806]
      Context 'TransportMgmtContext' started tracking 'BillTable' entity. Consider using 'DbContextOptionsBuilder.EnableSensitiveDataLogging' to see key values.
dbug: Microsoft.EntityFrameworkCore.ChangeTracking[10806]
      Context 'TransportMgmtContext' started tracking 'BillTable' entity. Consider using 'DbContextOptionsBuilder.EnableSensitiveDataLogging' to see key values.
dbug: Microsoft.EntityFrameworkCore.ChangeTracking[10806]
      Context 'TransportMgmtContext' started tracking 'BillTable' entity. Consider using 'DbContextOptionsBuilder.EnableSensitiveDataLogging' to see key values.
dbug: Microsoft.EntityFrameworkCore.ChangeTracking[10806]
      Context 'TransportMgmtContext' started tracking 'BillTable' entity. Consider using 'DbContextOptionsBuilder.EnableSensitiveDataLogging' to see key values.
dbug: Microsoft.EntityFrameworkCore.ChangeTracking[10806]
      Context 'TransportMgmtContext' started tracking 'BillTable' entity. Consider using 'DbContextOptionsBuilder.EnableSensitiveDataLogging' to see key values.
dbug: Microsoft.EntityFrameworkCore.ChangeTracking[10806]
      Context 'TransportMgmtContext' started tracking 'BillTable' entity. Consider using 'DbContextOptionsBuilder.EnableSensitiveDataLogging' to see key values.
dbug: Microsoft.EntityFrameworkCore.ChangeTracking[10806]
      Context 'TransportMgmtContext' started tracking 'BillTable' entity. Consider using 'DbContextOptionsBuilder.EnableSensitiveDataLogging' to see key values.
dbug: Microsoft.EntityFrameworkCore.ChangeTracking[10806]
      Context 'TransportMgmtContext' started tracking 'BillTable' entity. Consider using 'DbContextOptionsBuilder.EnableSensitiveDataLogging' to see key values.
dbug: Microsoft.EntityFrameworkCore.ChangeTracking[10806]
      Context 'TransportMgmtContext' started tracking 'BillTable' entity. Consider using 'DbContextOptionsBuilder.EnableSensitiveDataLogging' to see key values.
dbug: Microsoft.EntityFrameworkCore.ChangeTracking[10806]
      Context 'TransportMgmtContext' started tracking 'BillTable' entity. Consider using 'DbContextOptionsBuilder.EnableSensitiveDataLogging' to see key values.
dbug: Microsoft.EntityFrameworkCore.ChangeTracking[10806]
      Context 'TransportMgmtContext' started tracking 'BillTable' entity. Consider using 'DbContextOptionsBuilder.EnableSensitiveDataLogging' to see key values.
dbug: Microsoft.EntityFrameworkCore.ChangeTracking[10806]
      Context 'TransportMgmtContext' started tracking 'BillTable' entity. Consider using 'DbContextOptionsBuilder.EnableSensitiveDataLogging' to see key values.
dbug: Microsoft.EntityFrameworkCore.ChangeTracking[10806]
      Context 'TransportMgmtContext' started tracking 'BillTable' entity. Consider using 'DbContextOptionsBuilder.EnableSensitiveDataLogging' to see key values.
dbug: Microsoft.EntityFrameworkCore.ChangeTracking[10806]
      Context 'TransportMgmtContext' started tracking 'BillTable' entity. Consider using 'DbContextOptionsBuilder.EnableSensitiveDataLogging' to see key values.
dbug: Microsoft.EntityFrameworkCore.ChangeTracking[10806]
      Context 'TransportMgmtContext' started tracking 'BillTable' entity. Consider using 'DbContextOptionsBuilder.EnableSensitiveDataLogging' to see key values.
dbug: Microsoft.EntityFrameworkCore.ChangeTracking[10806]
      Context 'TransportMgmtContext' started tracking 'BillTable' entity. Consider using 'DbContextOptionsBuilder.EnableSensitiveDataLogging' to see key values.
dbug: Microsoft.EntityFrameworkCore.ChangeTracking[10806]
      Context 'TransportMgmtContext' started tracking 'BillTable' entity. Consider using 'DbContextOptionsBuilder.EnableSensitiveDataLogging' to see key values.
dbug: Microsoft.EntityFrameworkCore.ChangeTracking[10806]
      Context 'TransportMgmtContext' started tracking 'BillTable' entity. Consider using 'DbContextOptionsBuilder.EnableSensitiveDataLogging' to see key values.
dbug: Microsoft.EntityFrameworkCore.ChangeTracking[10806]
      Context 'TransportMgmtContext' started tracking 'BillTable' entity. Consider using 'DbContextOptionsBuilder.EnableSensitiveDataLogging' to see key values.
dbug: Microsoft.EntityFrameworkCore.ChangeTracking[10806]
      Context 'TransportMgmtContext' started tracking 'BillTable' entity. Consider using 'DbContextOptionsBuilder.EnableSensitiveDataLogging' to see key values.
dbug: Microsoft.EntityFrameworkCore.ChangeTracking[10806]
      Context 'TransportMgmtContext' started tracking 'BillTable' entity. Consider using 'DbContextOptionsBuilder.EnableSensitiveDataLogging' to see key values.
dbug: Microsoft.EntityFrameworkCore.ChangeTracking[10806]
      Context 'TransportMgmtContext' started tracking 'BillTable' entity. Consider using 'DbContextOptionsBuilder.EnableSensitiveDataLogging' to see key values.
dbug: Microsoft.EntityFrameworkCore.ChangeTracking[10806]
      Context 'TransportMgmtContext' started tracking 'BillTable' entity. Consider using 'DbContextOptionsBuilder.EnableSensitiveDataLogging' to see key values.
dbug: Microsoft.EntityFrameworkCore.ChangeTracking[10806]
      Context 'TransportMgmtContext' started tracking 'BillTable' entity. Consider using 'DbContextOptionsBuilder.EnableSensitiveDataLogging' to see key values.
dbug: Microsoft.EntityFrameworkCore.ChangeTracking[10806]
      Context 'TransportMgmtContext' started tracking 'BillTable' entity. Consider using 'DbContextOptionsBuilder.EnableSensitiveDataLogging' to see key values.
dbug: Microsoft.EntityFrameworkCore.ChangeTracking[10806]
      Context 'TransportMgmtContext' started tracking 'BillTable' entity. Consider using 'DbContextOptionsBuilder.EnableSensitiveDataLogging' to see key values.
dbug: Microsoft.EntityFrameworkCore.ChangeTracking[10806]
      Context 'TransportMgmtContext' started tracking 'BillTable' entity. Consider using 'DbContextOptionsBuilder.EnableSensitiveDataLogging' to see key values.
dbug: Microsoft.EntityFrameworkCore.ChangeTracking[10806]
      Context 'TransportMgmtContext' started tracking 'BillTable' entity. Consider using 'DbContextOptionsBuilder.EnableSensitiveDataLogging' to see key values.
dbug: Microsoft.EntityFrameworkCore.ChangeTracking[10806]
      Context 'TransportMgmtContext' started tracking 'BillTable' entity. Consider using 'DbContextOptionsBuilder.EnableSensitiveDataLogging' to see key values.
dbug: Microsoft.EntityFrameworkCore.ChangeTracking[10806]
      Context 'TransportMgmtContext' started tracking 'BillTable' entity. Consider using 'DbContextOptionsBuilder.EnableSensitiveDataLogging' to see key values.
dbug: Microsoft.EntityFrameworkCore.ChangeTracking[10806]
      Context 'TransportMgmtContext' started tracking 'BillTable' entity. Consider using 'DbContextOptionsBuilder.EnableSensitiveDataLogging' to see key values.
dbug: Microsoft.EntityFrameworkCore.ChangeTracking[10806]
      Context 'TransportMgmtContext' started tracking 'BillTable' entity. Consider using 'DbContextOptionsBuilder.EnableSensitiveDataLogging' to see key values.
dbug: Microsoft.EntityFrameworkCore.ChangeTracking[10806]
      Context 'TransportMgmtContext' started tracking 'BillTable' entity. Consider using 'DbContextOptionsBuilder.EnableSensitiveDataLogging' to see key values.
dbug: Microsoft.EntityFrameworkCore.ChangeTracking[10806]
      Context 'TransportMgmtContext' started tracking 'BillTable' entity. Consider using 'DbContextOptionsBuilder.EnableSensitiveDataLogging' to see key values.
dbug: Microsoft.EntityFrameworkCore.ChangeTracking[10806]
      Context 'TransportMgmtContext' started tracking 'BillTable' entity. Consider using 'DbContextOptionsBuilder.EnableSensitiveDataLogging' to see key values.
dbug: Microsoft.EntityFrameworkCore.ChangeTracking[10806]
      Context 'TransportMgmtContext' started tracking 'BillTable' entity. Consider using 'DbContextOptionsBuilder.EnableSensitiveDataLogging' to see key values.
dbug: Microsoft.EntityFrameworkCore.ChangeTracking[10806]
      Context 'TransportMgmtContext' started tracking 'BillTable' entity. Consider using 'DbContextOptionsBuilder.EnableSensitiveDataLogging' to see key values.
dbug: Microsoft.EntityFrameworkCore.ChangeTracking[10806]
      Context 'TransportMgmtContext' started tracking 'BillTable' entity. Consider using 'DbContextOptionsBuilder.EnableSensitiveDataLogging' to see key values.
dbug: Microsoft.EntityFrameworkCore.ChangeTracking[10806]
      Context 'TransportMgmtContext' started tracking 'BillTable' entity. Consider using 'DbContextOptionsBuilder.EnableSensitiveDataLogging' to see key values.
dbug: Microsoft.EntityFrameworkCore.ChangeTracking[10806]
      Context 'TransportMgmtContext' started tracking 'BillTable' entity. Consider using 'DbContextOptionsBuilder.EnableSensitiveDataLogging' to see key values.
dbug: Microsoft.EntityFrameworkCore.ChangeTracking[10806]
      Context 'TransportMgmtContext' started tracking 'BillTable' entity. Consider using 'DbContextOptionsBuilder.EnableSensitiveDataLogging' to see key values.
dbug: Microsoft.EntityFrameworkCore.ChangeTracking[10806]
      Context 'TransportMgmtContext' started tracking 'BillTable' entity. Consider using 'DbContextOptionsBuilder.EnableSensitiveDataLogging' to see key values.
dbug: Microsoft.EntityFrameworkCore.ChangeTracking[10806]
      Context 'TransportMgmtContext' started tracking 'BillTable' entity. Consider using 'DbContextOptionsBuilder.EnableSensitiveDataLogging' to see key values.
dbug: Microsoft.EntityFrameworkCore.ChangeTracking[10806]
      Context 'TransportMgmtContext' started tracking 'BillTable' entity. Consider using 'DbContextOptionsBuilder.EnableSensitiveDataLogging' to see key values.
dbug: Microsoft.EntityFrameworkCore.ChangeTracking[10806]
      Context 'TransportMgmtContext' started tracking 'BillTable' entity. Consider using 'DbContextOptionsBuilder.EnableSensitiveDataLogging' to see key values.
dbug: Microsoft.EntityFrameworkCore.ChangeTracking[10806]
      Context 'TransportMgmtContext' started tracking 'BillTable' entity. Consider using 'DbContextOptionsBuilder.EnableSensitiveDataLogging' to see key values.
dbug: Microsoft.EntityFrameworkCore.ChangeTracking[10806]
      Context 'TransportMgmtContext' started tracking 'BillTable' entity. Consider using 'DbContextOptionsBuilder.EnableSensitiveDataLogging' to see key values.
dbug: Microsoft.EntityFrameworkCore.ChangeTracking[10806]
      Context 'TransportMgmtContext' started tracking 'BillTable' entity. Consider using 'DbContextOptionsBuilder.EnableSensitiveDataLogging' to see key values.
dbug: Microsoft.EntityFrameworkCore.ChangeTracking[10806]
      Context 'TransportMgmtContext' started tracking 'BillTable' entity. Consider using 'DbContextOptionsBuilder.EnableSensitiveDataLogging' to see key values.
dbug: Microsoft.EntityFrameworkCore.ChangeTracking[10806]
      Context 'TransportMgmtContext' started tracking 'BillTable' entity. Consider using 'DbContextOptionsBuilder.EnableSensitiveDataLogging' to see key values.
dbug: Microsoft.EntityFrameworkCore.ChangeTracking[10806]
      Context 'TransportMgmtContext' started tracking 'BillTable' entity. Consider using 'DbContextOptionsBuilder.EnableSensitiveDataLogging' to see key values.
dbug: Microsoft.EntityFrameworkCore.ChangeTracking[10806]
      Context 'TransportMgmtContext' started tracking 'BillTable' entity. Consider using 'DbContextOptionsBuilder.EnableSensitiveDataLogging' to see key values.
dbug: Microsoft.EntityFrameworkCore.ChangeTracking[10806]
      Context 'TransportMgmtContext' started tracking 'BillTable' entity. Consider using 'DbContextOptionsBuilder.EnableSensitiveDataLogging' to see key values.
dbug: Microsoft.EntityFrameworkCore.ChangeTracking[10806]
      Context 'TransportMgmtContext' started tracking 'BillTable' entity. Consider using 'DbContextOptionsBuilder.EnableSensitiveDataLogging' to see key values.
dbug: Microsoft.EntityFrameworkCore.ChangeTracking[10806]
      Context 'TransportMgmtContext' started tracking 'BillTable' entity. Consider using 'DbContextOptionsBuilder.EnableSensitiveDataLogging' to see key values.
dbug: Microsoft.EntityFrameworkCore.ChangeTracking[10806]
      Context 'TransportMgmtContext' started tracking 'BillTable' entity. Consider using 'DbContextOptionsBuilder.EnableSensitiveDataLogging' to see key values.
dbug: Microsoft.EntityFrameworkCore.ChangeTracking[10806]
      Context 'TransportMgmtContext' started tracking 'BillTable' entity. Consider using 'DbContextOptionsBuilder.EnableSensitiveDataLogging' to see key values.
dbug: Microsoft.EntityFrameworkCore.ChangeTracking[10806]
      Context 'TransportMgmtContext' started tracking 'BillTable' entity. Consider using 'DbContextOptionsBuilder.EnableSensitiveDataLogging' to see key values.
dbug: Microsoft.EntityFrameworkCore.ChangeTracking[10806]
      Context 'TransportMgmtContext' started tracking 'BillTable' entity. Consider using 'DbContextOptionsBuilder.EnableSensitiveDataLogging' to see key values.
dbug: Microsoft.EntityFrameworkCore.ChangeTracking[10806]
      Context 'TransportMgmtContext' started tracking 'BillTable' entity. Consider using 'DbContextOptionsBuilder.EnableSensitiveDataLogging' to see key values.
dbug: Microsoft.EntityFrameworkCore.ChangeTracking[10806]
      Context 'TransportMgmtContext' started tracking 'BillTable' entity. Consider using 'DbContextOptionsBuilder.EnableSensitiveDataLogging' to see key values.
dbug: Microsoft.EntityFrameworkCore.ChangeTracking[10806]
      Context 'TransportMgmtContext' started tracking 'BillTable' entity. Consider using 'DbContextOptionsBuilder.EnableSensitiveDataLogging' to see key values.
dbug: Microsoft.EntityFrameworkCore.ChangeTracking[10806]
      Context 'TransportMgmtContext' started tracking 'BillTable' entity. Consider using 'DbContextOptionsBuilder.EnableSensitiveDataLogging' to see key values.
dbug: Microsoft.EntityFrameworkCore.ChangeTracking[10806]
      Context 'TransportMgmtContext' started tracking 'BillTable' entity. Consider using 'DbContextOptionsBuilder.EnableSensitiveDataLogging' to see key values.
dbug: Microsoft.EntityFrameworkCore.ChangeTracking[10806]
      Context 'TransportMgmtContext' started tracking 'BillTable' entity. Consider using 'DbContextOptionsBuilder.EnableSensitiveDataLogging' to see key values.
dbug: Microsoft.EntityFrameworkCore.ChangeTracking[10806]
      Context 'TransportMgmtContext' started tracking 'BillTable' entity. Consider using 'DbContextOptionsBuilder.EnableSensitiveDataLogging' to see key values.
dbug: Microsoft.EntityFrameworkCore.ChangeTracking[10806]
      Context 'TransportMgmtContext' started tracking 'BillTable' entity. Consider using 'DbContextOptionsBuilder.EnableSensitiveDataLogging' to see key values.
dbug: Microsoft.EntityFrameworkCore.ChangeTracking[10806]
      Context 'TransportMgmtContext' started tracking 'BillTable' entity. Consider using 'DbContextOptionsBuilder.EnableSensitiveDataLogging' to see key values.
dbug: Microsoft.EntityFrameworkCore.ChangeTracking[10806]
      Context 'TransportMgmtContext' started tracking 'BillTable' entity. Consider using 'DbContextOptionsBuilder.EnableSensitiveDataLogging' to see key values.
dbug: Microsoft.EntityFrameworkCore.ChangeTracking[10806]
      Context 'TransportMgmtContext' started tracking 'BillTable' entity. Consider using 'DbContextOptionsBuilder.EnableSensitiveDataLogging' to see key values.
dbug: Microsoft.EntityFrameworkCore.ChangeTracking[10806]
      Context 'TransportMgmtContext' started tracking 'BillTable' entity. Consider using 'DbContextOptionsBuilder.EnableSensitiveDataLogging' to see key values.
dbug: Microsoft.EntityFrameworkCore.ChangeTracking[10806]
      Context 'TransportMgmtContext' started tracking 'BillTable' entity. Consider using 'DbContextOptionsBuilder.EnableSensitiveDataLogging' to see key values.
dbug: Microsoft.EntityFrameworkCore.ChangeTracking[10806]
      Context 'TransportMgmtContext' started tracking 'BillTable' entity. Consider using 'DbContextOptionsBuilder.EnableSensitiveDataLogging' to see key values.
dbug: Microsoft.EntityFrameworkCore.ChangeTracking[10806]
      Context 'TransportMgmtContext' started tracking 'BillTable' entity. Consider using 'DbContextOptionsBuilder.EnableSensitiveDataLogging' to see key values.
dbug: Microsoft.EntityFrameworkCore.ChangeTracking[10806]
      Context 'TransportMgmtContext' started tracking 'BillTable' entity. Consider using 'DbContextOptionsBuilder.EnableSensitiveDataLogging' to see key values.
dbug: Microsoft.EntityFrameworkCore.ChangeTracking[10806]
      Context 'TransportMgmtContext' started tracking 'BillTable' entity. Consider using 'DbContextOptionsBuilder.EnableSensitiveDataLogging' to see key values.
dbug: Microsoft.EntityFrameworkCore.ChangeTracking[10806]
      Context 'TransportMgmtContext' started tracking 'BillTable' entity. Consider using 'DbContextOptionsBuilder.EnableSensitiveDataLogging' to see key values.
dbug: Microsoft.EntityFrameworkCore.ChangeTracking[10806]
      Context 'TransportMgmtContext' started tracking 'BillTable' entity. Consider using 'DbContextOptionsBuilder.EnableSensitiveDataLogging' to see key values.
dbug: Microsoft.EntityFrameworkCore.ChangeTracking[10806]
      Context 'TransportMgmtContext' started tracking 'BillTable' entity. Consider using 'DbContextOptionsBuilder.EnableSensitiveDataLogging' to see key values.
dbug: Microsoft.EntityFrameworkCore.ChangeTracking[10806]
      Context 'TransportMgmtContext' started tracking 'BillTable' entity. Consider using 'DbContextOptionsBuilder.EnableSensitiveDataLogging' to see key values.
dbug: Microsoft.EntityFrameworkCore.ChangeTracking[10806]
      Context 'TransportMgmtContext' started tracking 'BillTable' entity. Consider using 'DbContextOptionsBuilder.EnableSensitiveDataLogging' to see key values.
dbug: Microsoft.EntityFrameworkCore.ChangeTracking[10806]
      Context 'TransportMgmtContext' started tracking 'BillTable' entity. Consider using 'DbContextOptionsBuilder.EnableSensitiveDataLogging' to see key values.
dbug: Microsoft.EntityFrameworkCore.ChangeTracking[10806]
      Context 'TransportMgmtContext' started tracking 'BillTable' entity. Consider using 'DbContextOptionsBuilder.EnableSensitiveDataLogging' to see key values.
dbug: Microsoft.EntityFrameworkCore.ChangeTracking[10806]
      Context 'TransportMgmtContext' started tracking 'BillTable' entity. Consider using 'DbContextOptionsBuilder.EnableSensitiveDataLogging' to see key values.
dbug: Microsoft.EntityFrameworkCore.ChangeTracking[10806]
      Context 'TransportMgmtContext' started tracking 'BillTable' entity. Consider using 'DbContextOptionsBuilder.EnableSensitiveDataLogging' to see key values.
dbug: Microsoft.EntityFrameworkCore.ChangeTracking[10806]
      Context 'TransportMgmtContext' started tracking 'BillTable' entity. Consider using 'DbContextOptionsBuilder.EnableSensitiveDataLogging' to see key values.
dbug: Microsoft.EntityFrameworkCore.ChangeTracking[10806]
      Context 'TransportMgmtContext' started tracking 'BillTable' entity. Consider using 'DbContextOptionsBuilder.EnableSensitiveDataLogging' to see key values.
dbug: Microsoft.EntityFrameworkCore.ChangeTracking[10806]
      Context 'TransportMgmtContext' started tracking 'BillTable' entity. Consider using 'DbContextOptionsBuilder.EnableSensitiveDataLogging' to see key values.
dbug: Microsoft.EntityFrameworkCore.ChangeTracking[10806]
      Context 'TransportMgmtContext' started tracking 'BillTable' entity. Consider using 'DbContextOptionsBuilder.EnableSensitiveDataLogging' to see key values.
dbug: Microsoft.EntityFrameworkCore.ChangeTracking[10806]
      Context 'TransportMgmtContext' started tracking 'BillTable' entity. Consider using 'DbContextOptionsBuilder.EnableSensitiveDataLogging' to see key values.
dbug: Microsoft.EntityFrameworkCore.ChangeTracking[10806]
      Context 'TransportMgmtContext' started tracking 'BillTable' entity. Consider using 'DbContextOptionsBuilder.EnableSensitiveDataLogging' to see key values.
dbug: Microsoft.EntityFrameworkCore.ChangeTracking[10806]
      Context 'TransportMgmtContext' started tracking 'BillTable' entity. Consider using 'DbContextOptionsBuilder.EnableSensitiveDataLogging' to see key values.
dbug: Microsoft.EntityFrameworkCore.ChangeTracking[10806]
      Context 'TransportMgmtContext' started tracking 'BillTable' entity. Consider using 'DbContextOptionsBuilder.EnableSensitiveDataLogging' to see key values.
dbug: Microsoft.EntityFrameworkCore.ChangeTracking[10806]
      Context 'TransportMgmtContext' started tracking 'BillTable' entity. Consider using 'DbContextOptionsBuilder.EnableSensitiveDataLogging' to see key values.
dbug: Microsoft.EntityFrameworkCore.ChangeTracking[10806]
      Context 'TransportMgmtContext' started tracking 'BillTable' entity. Consider using 'DbContextOptionsBuilder.EnableSensitiveDataLogging' to see key values.
dbug: Microsoft.EntityFrameworkCore.ChangeTracking[10806]
      Context 'TransportMgmtContext' started tracking 'BillTable' entity. Consider using 'DbContextOptionsBuilder.EnableSensitiveDataLogging' to see key values.
dbug: Microsoft.EntityFrameworkCore.ChangeTracking[10806]
      Context 'TransportMgmtContext' started tracking 'BillTable' entity. Consider using 'DbContextOptionsBuilder.EnableSensitiveDataLogging' to see key values.
dbug: Microsoft.EntityFrameworkCore.ChangeTracking[10806]
      Context 'TransportMgmtContext' started tracking 'BillTable' entity. Consider using 'DbContextOptionsBuilder.EnableSensitiveDataLogging' to see key values.
dbug: Microsoft.EntityFrameworkCore.ChangeTracking[10806]
      Context 'TransportMgmtContext' started tracking 'BillTable' entity. Consider using 'DbContextOptionsBuilder.EnableSensitiveDataLogging' to see key values.
dbug: Microsoft.EntityFrameworkCore.ChangeTracking[10806]
      Context 'TransportMgmtContext' started tracking 'BillTable' entity. Consider using 'DbContextOptionsBuilder.EnableSensitiveDataLogging' to see key values.
dbug: Microsoft.EntityFrameworkCore.ChangeTracking[10806]
      Context 'TransportMgmtContext' started tracking 'BillTable' entity. Consider using 'DbContextOptionsBuilder.EnableSensitiveDataLogging' to see key values.
dbug: Microsoft.EntityFrameworkCore.ChangeTracking[10806]
      Context 'TransportMgmtContext' started tracking 'BillTable' entity. Consider using 'DbContextOptionsBuilder.EnableSensitiveDataLogging' to see key values.
dbug: Microsoft.EntityFrameworkCore.ChangeTracking[10806]
      Context 'TransportMgmtContext' started tracking 'BillTable' entity. Consider using 'DbContextOptionsBuilder.EnableSensitiveDataLogging' to see key values.
dbug: Microsoft.EntityFrameworkCore.ChangeTracking[10806]
      Context 'TransportMgmtContext' started tracking 'BillTable' entity. Consider using 'DbContextOptionsBuilder.EnableSensitiveDataLogging' to see key values.
dbug: Microsoft.EntityFrameworkCore.ChangeTracking[10806]
      Context 'TransportMgmtContext' started tracking 'BillTable' entity. Consider using 'DbContextOptionsBuilder.EnableSensitiveDataLogging' to see key values.
dbug: Microsoft.EntityFrameworkCore.ChangeTracking[10806]
      Context 'TransportMgmtContext' started tracking 'BillTable' entity. Consider using 'DbContextOptionsBuilder.EnableSensitiveDataLogging' to see key values.
dbug: Microsoft.EntityFrameworkCore.ChangeTracking[10806]
      Context 'TransportMgmtContext' started tracking 'BillTable' entity. Consider using 'DbContextOptionsBuilder.EnableSensitiveDataLogging' to see key values.
dbug: Microsoft.EntityFrameworkCore.ChangeTracking[10806]
      Context 'TransportMgmtContext' started tracking 'BillTable' entity. Consider using 'DbContextOptionsBuilder.EnableSensitiveDataLogging' to see key values.
dbug: Microsoft.EntityFrameworkCore.ChangeTracking[10806]
      Context 'TransportMgmtContext' started tracking 'BillTable' entity. Consider using 'DbContextOptionsBuilder.EnableSensitiveDataLogging' to see key values.
dbug: Microsoft.EntityFrameworkCore.ChangeTracking[10806]
      Context 'TransportMgmtContext' started tracking 'BillTable' entity. Consider using 'DbContextOptionsBuilder.EnableSensitiveDataLogging' to see key values.
dbug: Microsoft.EntityFrameworkCore.ChangeTracking[10806]
      Context 'TransportMgmtContext' started tracking 'BillTable' entity. Consider using 'DbContextOptionsBuilder.EnableSensitiveDataLogging' to see key values.
dbug: Microsoft.EntityFrameworkCore.ChangeTracking[10806]
      Context 'TransportMgmtContext' started tracking 'BillTable' entity. Consider using 'DbContextOptionsBuilder.EnableSensitiveDataLogging' to see key values.
dbug: Microsoft.EntityFrameworkCore.ChangeTracking[10806]
      Context 'TransportMgmtContext' started tracking 'BillTable' entity. Consider using 'DbContextOptionsBuilder.EnableSensitiveDataLogging' to see key values.
dbug: Microsoft.EntityFrameworkCore.ChangeTracking[10806]
      Context 'TransportMgmtContext' started tracking 'BillTable' entity. Consider using 'DbContextOptionsBuilder.EnableSensitiveDataLogging' to see key values.
dbug: Microsoft.EntityFrameworkCore.ChangeTracking[10806]
      Context 'TransportMgmtContext' started tracking 'BillTable' entity. Consider using 'DbContextOptionsBuilder.EnableSensitiveDataLogging' to see key values.
dbug: Microsoft.EntityFrameworkCore.ChangeTracking[10806]
      Context 'TransportMgmtContext' started tracking 'BillTable' entity. Consider using 'DbContextOptionsBuilder.EnableSensitiveDataLogging' to see key values.
dbug: Microsoft.EntityFrameworkCore.ChangeTracking[10806]
      Context 'TransportMgmtContext' started tracking 'BillTable' entity. Consider using 'DbContextOptionsBuilder.EnableSensitiveDataLogging' to see key values.
dbug: Microsoft.EntityFrameworkCore.ChangeTracking[10806]
      Context 'TransportMgmtContext' started tracking 'BillTable' entity. Consider using 'DbContextOptionsBuilder.EnableSensitiveDataLogging' to see key values.
dbug: Microsoft.EntityFrameworkCore.ChangeTracking[10806]
      Context 'TransportMgmtContext' started tracking 'BillTable' entity. Consider using 'DbContextOptionsBuilder.EnableSensitiveDataLogging' to see key values.
dbug: Microsoft.EntityFrameworkCore.ChangeTracking[10806]
      Context 'TransportMgmtContext' started tracking 'BillTable' entity. Consider using 'DbContextOptionsBuilder.EnableSensitiveDataLogging' to see key values.
dbug: Microsoft.EntityFrameworkCore.ChangeTracking[10806]
      Context 'TransportMgmtContext' started tracking 'BillTable' entity. Consider using 'DbContextOptionsBuilder.EnableSensitiveDataLogging' to see key values.
dbug: Microsoft.EntityFrameworkCore.ChangeTracking[10806]
      Context 'TransportMgmtContext' started tracking 'BillTable' entity. Consider using 'DbContextOptionsBuilder.EnableSensitiveDataLogging' to see key values.
dbug: Microsoft.EntityFrameworkCore.ChangeTracking[10806]
      Context 'TransportMgmtContext' started tracking 'BillTable' entity. Consider using 'DbContextOptionsBuilder.EnableSensitiveDataLogging' to see key values.
dbug: Microsoft.EntityFrameworkCore.ChangeTracking[10806]
      Context 'TransportMgmtContext' started tracking 'BillTable' entity. Consider using 'DbContextOptionsBuilder.EnableSensitiveDataLogging' to see key values.
dbug: Microsoft.EntityFrameworkCore.ChangeTracking[10806]
      Context 'TransportMgmtContext' started tracking 'BillTable' entity. Consider using 'DbContextOptionsBuilder.EnableSensitiveDataLogging' to see key values.
dbug: Microsoft.EntityFrameworkCore.ChangeTracking[10806]
      Context 'TransportMgmtContext' started tracking 'BillTable' entity. Consider using 'DbContextOptionsBuilder.EnableSensitiveDataLogging' to see key values.
dbug: Microsoft.EntityFrameworkCore.ChangeTracking[10806]
      Context 'TransportMgmtContext' started tracking 'BillTable' entity. Consider using 'DbContextOptionsBuilder.EnableSensitiveDataLogging' to see key values.
dbug: Microsoft.EntityFrameworkCore.ChangeTracking[10806]
      Context 'TransportMgmtContext' started tracking 'BillTable' entity. Consider using 'DbContextOptionsBuilder.EnableSensitiveDataLogging' to see key values.
dbug: Microsoft.EntityFrameworkCore.ChangeTracking[10806]
      Context 'TransportMgmtContext' started tracking 'BillTable' entity. Consider using 'DbContextOptionsBuilder.EnableSensitiveDataLogging' to see key values.
dbug: Microsoft.EntityFrameworkCore.ChangeTracking[10806]
      Context 'TransportMgmtContext' started tracking 'BillTable' entity. Consider using 'DbContextOptionsBuilder.EnableSensitiveDataLogging' to see key values.
dbug: Microsoft.EntityFrameworkCore.ChangeTracking[10806]
      Context 'TransportMgmtContext' started tracking 'BillTable' entity. Consider using 'DbContextOptionsBuilder.EnableSensitiveDataLogging' to see key values.
dbug: Microsoft.EntityFrameworkCore.ChangeTracking[10806]
      Context 'TransportMgmtContext' started tracking 'BillTable' entity. Consider using 'DbContextOptionsBuilder.EnableSensitiveDataLogging' to see key values.
dbug: Microsoft.EntityFrameworkCore.ChangeTracking[10806]
      Context 'TransportMgmtContext' started tracking 'BillTable' entity. Consider using 'DbContextOptionsBuilder.EnableSensitiveDataLogging' to see key values.
dbug: Microsoft.EntityFrameworkCore.ChangeTracking[10806]
      Context 'TransportMgmtContext' started tracking 'BillTable' entity. Consider using 'DbContextOptionsBuilder.EnableSensitiveDataLogging' to see key values.
dbug: Microsoft.EntityFrameworkCore.ChangeTracking[10806]
      Context 'TransportMgmtContext' started tracking 'BillTable' entity. Consider using 'DbContextOptionsBuilder.EnableSensitiveDataLogging' to see key values.
dbug: Microsoft.EntityFrameworkCore.ChangeTracking[10806]
      Context 'TransportMgmtContext' started tracking 'BillTable' entity. Consider using 'DbContextOptionsBuilder.EnableSensitiveDataLogging' to see key values.
dbug: Microsoft.EntityFrameworkCore.ChangeTracking[10806]
      Context 'TransportMgmtContext' started tracking 'BillTable' entity. Consider using 'DbContextOptionsBuilder.EnableSensitiveDataLogging' to see key values.
dbug: Microsoft.EntityFrameworkCore.ChangeTracking[10806]
      Context 'TransportMgmtContext' started tracking 'BillTable' entity. Consider using 'DbContextOptionsBuilder.EnableSensitiveDataLogging' to see key values.
dbug: Microsoft.EntityFrameworkCore.ChangeTracking[10806]
      Context 'TransportMgmtContext' started tracking 'BillTable' entity. Consider using 'DbContextOptionsBuilder.EnableSensitiveDataLogging' to see key values.
dbug: Microsoft.EntityFrameworkCore.ChangeTracking[10806]
      Context 'TransportMgmtContext' started tracking 'BillTable' entity. Consider using 'DbContextOptionsBuilder.EnableSensitiveDataLogging' to see key values.
dbug: Microsoft.EntityFrameworkCore.ChangeTracking[10806]
      Context 'TransportMgmtContext' started tracking 'BillTable' entity. Consider using 'DbContextOptionsBuilder.EnableSensitiveDataLogging' to see key values.
dbug: Microsoft.EntityFrameworkCore.ChangeTracking[10806]
      Context 'TransportMgmtContext' started tracking 'BillTable' entity. Consider using 'DbContextOptionsBuilder.EnableSensitiveDataLogging' to see key values.
dbug: Microsoft.EntityFrameworkCore.ChangeTracking[10806]
      Context 'TransportMgmtContext' started tracking 'BillTable' entity. Consider using 'DbContextOptionsBuilder.EnableSensitiveDataLogging' to see key values.
dbug: Microsoft.EntityFrameworkCore.ChangeTracking[10806]
      Context 'TransportMgmtContext' started tracking 'BillTable' entity. Consider using 'DbContextOptionsBuilder.EnableSensitiveDataLogging' to see key values.
dbug: Microsoft.EntityFrameworkCore.ChangeTracking[10806]
      Context 'TransportMgmtContext' started tracking 'BillTable' entity. Consider using 'DbContextOptionsBuilder.EnableSensitiveDataLogging' to see key values.
dbug: Microsoft.EntityFrameworkCore.ChangeTracking[10806]
      Context 'TransportMgmtContext' started tracking 'BillTable' entity. Consider using 'DbContextOptionsBuilder.EnableSensitiveDataLogging' to see key values.
dbug: Microsoft.EntityFrameworkCore.ChangeTracking[10806]
      Context 'TransportMgmtContext' started tracking 'BillTable' entity. Consider using 'DbContextOptionsBuilder.EnableSensitiveDataLogging' to see key values.
dbug: Microsoft.EntityFrameworkCore.ChangeTracking[10806]
      Context 'TransportMgmtContext' started tracking 'BillTable' entity. Consider using 'DbContextOptionsBuilder.EnableSensitiveDataLogging' to see key values.
dbug: Microsoft.EntityFrameworkCore.ChangeTracking[10806]
      Context 'TransportMgmtContext' started tracking 'BillTable' entity. Consider using 'DbContextOptionsBuilder.EnableSensitiveDataLogging' to see key values.
dbug: Microsoft.EntityFrameworkCore.ChangeTracking[10806]
      Context 'TransportMgmtContext' started tracking 'BillTable' entity. Consider using 'DbContextOptionsBuilder.EnableSensitiveDataLogging' to see key values.
dbug: Microsoft.EntityFrameworkCore.ChangeTracking[10806]
      Context 'TransportMgmtContext' started tracking 'BillTable' entity. Consider using 'DbContextOptionsBuilder.EnableSensitiveDataLogging' to see key values.
dbug: Microsoft.EntityFrameworkCore.ChangeTracking[10806]
      Context 'TransportMgmtContext' started tracking 'BillTable' entity. Consider using 'DbContextOptionsBuilder.EnableSensitiveDataLogging' to see key values.
dbug: Microsoft.EntityFrameworkCore.ChangeTracking[10806]
      Context 'TransportMgmtContext' started tracking 'BillTable' entity. Consider using 'DbContextOptionsBuilder.EnableSensitiveDataLogging' to see key values.
dbug: Microsoft.EntityFrameworkCore.ChangeTracking[10806]
      Context 'TransportMgmtContext' started tracking 'BillTable' entity. Consider using 'DbContextOptionsBuilder.EnableSensitiveDataLogging' to see key values.
dbug: Microsoft.EntityFrameworkCore.ChangeTracking[10806]
      Context 'TransportMgmtContext' started tracking 'BillTable' entity. Consider using 'DbContextOptionsBuilder.EnableSensitiveDataLogging' to see key values.
dbug: Microsoft.EntityFrameworkCore.ChangeTracking[10806]
      Context 'TransportMgmtContext' started tracking 'BillTable' entity. Consider using 'DbContextOptionsBuilder.EnableSensitiveDataLogging' to see key values.
dbug: Microsoft.EntityFrameworkCore.ChangeTracking[10806]
      Context 'TransportMgmtContext' started tracking 'BillTable' entity. Consider using 'DbContextOptionsBuilder.EnableSensitiveDataLogging' to see key values.
dbug: Microsoft.EntityFrameworkCore.ChangeTracking[10806]
      Context 'TransportMgmtContext' started tracking 'BillTable' entity. Consider using 'DbContextOptionsBuilder.EnableSensitiveDataLogging' to see key values.
dbug: Microsoft.EntityFrameworkCore.ChangeTracking[10806]
      Context 'TransportMgmtContext' started tracking 'BillTable' entity. Consider using 'DbContextOptionsBuilder.EnableSensitiveDataLogging' to see key values.
dbug: Microsoft.EntityFrameworkCore.ChangeTracking[10806]
      Context 'TransportMgmtContext' started tracking 'BillTable' entity. Consider using 'DbContextOptionsBuilder.EnableSensitiveDataLogging' to see key values.
dbug: Microsoft.EntityFrameworkCore.ChangeTracking[10806]
      Context 'TransportMgmtContext' started tracking 'BillTable' entity. Consider using 'DbContextOptionsBuilder.EnableSensitiveDataLogging' to see key values.
dbug: Microsoft.EntityFrameworkCore.ChangeTracking[10806]
      Context 'TransportMgmtContext' started tracking 'BillTable' entity. Consider using 'DbContextOptionsBuilder.EnableSensitiveDataLogging' to see key values.
dbug: Microsoft.EntityFrameworkCore.ChangeTracking[10806]
      Context 'TransportMgmtContext' started tracking 'BillTable' entity. Consider using 'DbContextOptionsBuilder.EnableSensitiveDataLogging' to see key values.
dbug: Microsoft.EntityFrameworkCore.ChangeTracking[10806]
      Context 'TransportMgmtContext' started tracking 'BillTable' entity. Consider using 'DbContextOptionsBuilder.EnableSensitiveDataLogging' to see key values.
dbug: Microsoft.EntityFrameworkCore.ChangeTracking[10806]
      Context 'TransportMgmtContext' started tracking 'BillTable' entity. Consider using 'DbContextOptionsBuilder.EnableSensitiveDataLogging' to see key values.
dbug: Microsoft.EntityFrameworkCore.ChangeTracking[10806]
      Context 'TransportMgmtContext' started tracking 'BillTable' entity. Consider using 'DbContextOptionsBuilder.EnableSensitiveDataLogging' to see key values.
dbug: Microsoft.EntityFrameworkCore.ChangeTracking[10806]
      Context 'TransportMgmtContext' started tracking 'BillTable' entity. Consider using 'DbContextOptionsBuilder.EnableSensitiveDataLogging' to see key values.
dbug: Microsoft.EntityFrameworkCore.ChangeTracking[10806]
      Context 'TransportMgmtContext' started tracking 'BillTable' entity. Consider using 'DbContextOptionsBuilder.EnableSensitiveDataLogging' to see key values.
dbug: Microsoft.EntityFrameworkCore.ChangeTracking[10806]
      Context 'TransportMgmtContext' started tracking 'BillTable' entity. Consider using 'DbContextOptionsBuilder.EnableSensitiveDataLogging' to see key values.
dbug: Microsoft.EntityFrameworkCore.ChangeTracking[10806]
      Context 'TransportMgmtContext' started tracking 'BillTable' entity. Consider using 'DbContextOptionsBuilder.EnableSensitiveDataLogging' to see key values.
dbug: Microsoft.EntityFrameworkCore.ChangeTracking[10806]
      Context 'TransportMgmtContext' started tracking 'BillTable' entity. Consider using 'DbContextOptionsBuilder.EnableSensitiveDataLogging' to see key values.
dbug: Microsoft.EntityFrameworkCore.ChangeTracking[10806]
      Context 'TransportMgmtContext' started tracking 'BillTable' entity. Consider using 'DbContextOptionsBuilder.EnableSensitiveDataLogging' to see key values.
dbug: Microsoft.EntityFrameworkCore.ChangeTracking[10806]
      Context 'TransportMgmtContext' started tracking 'BillTable' entity. Consider using 'DbContextOptionsBuilder.EnableSensitiveDataLogging' to see key values.
dbug: Microsoft.EntityFrameworkCore.ChangeTracking[10806]
      Context 'TransportMgmtContext' started tracking 'BillTable' entity. Consider using 'DbContextOptionsBuilder.EnableSensitiveDataLogging' to see key values.
dbug: Microsoft.EntityFrameworkCore.ChangeTracking[10806]
      Context 'TransportMgmtContext' started tracking 'BillTable' entity. Consider using 'DbContextOptionsBuilder.EnableSensitiveDataLogging' to see key values.
dbug: Microsoft.EntityFrameworkCore.ChangeTracking[10806]
      Context 'TransportMgmtContext' started tracking 'BillTable' entity. Consider using 'DbContextOptionsBuilder.EnableSensitiveDataLogging' to see key values.
dbug: Microsoft.EntityFrameworkCore.ChangeTracking[10806]
      Context 'TransportMgmtContext' started tracking 'BillTable' entity. Consider using 'DbContextOptionsBuilder.EnableSensitiveDataLogging' to see key values.
dbug: Microsoft.EntityFrameworkCore.ChangeTracking[10806]
      Context 'TransportMgmtContext' started tracking 'BillTable' entity. Consider using 'DbContextOptionsBuilder.EnableSensitiveDataLogging' to see key values.
dbug: Microsoft.EntityFrameworkCore.ChangeTracking[10806]
      Context 'TransportMgmtContext' started tracking 'BillTable' entity. Consider using 'DbContextOptionsBuilder.EnableSensitiveDataLogging' to see key values.
dbug: Microsoft.EntityFrameworkCore.ChangeTracking[10806]
      Context 'TransportMgmtContext' started tracking 'BillTable' entity. Consider using 'DbContextOptionsBuilder.EnableSensitiveDataLogging' to see key values.
dbug: Microsoft.EntityFrameworkCore.ChangeTracking[10806]
      Context 'TransportMgmtContext' started tracking 'BillTable' entity. Consider using 'DbContextOptionsBuilder.EnableSensitiveDataLogging' to see key values.
dbug: Microsoft.EntityFrameworkCore.ChangeTracking[10806]
      Context 'TransportMgmtContext' started tracking 'BillTable' entity. Consider using 'DbContextOptionsBuilder.EnableSensitiveDataLogging' to see key values.
dbug: Microsoft.EntityFrameworkCore.ChangeTracking[10806]
      Context 'TransportMgmtContext' started tracking 'BillTable' entity. Consider using 'DbContextOptionsBuilder.EnableSensitiveDataLogging' to see key values.
dbug: Microsoft.EntityFrameworkCore.ChangeTracking[10806]
      Context 'TransportMgmtContext' started tracking 'BillTable' entity. Consider using 'DbContextOptionsBuilder.EnableSensitiveDataLogging' to see key values.
dbug: Microsoft.EntityFrameworkCore.ChangeTracking[10806]
      Context 'TransportMgmtContext' started tracking 'BillTable' entity. Consider using 'DbContextOptionsBuilder.EnableSensitiveDataLogging' to see key values.
dbug: Microsoft.EntityFrameworkCore.ChangeTracking[10806]
      Context 'TransportMgmtContext' started tracking 'BillTable' entity. Consider using 'DbContextOptionsBuilder.EnableSensitiveDataLogging' to see key values.
dbug: Microsoft.EntityFrameworkCore.ChangeTracking[10806]
      Context 'TransportMgmtContext' started tracking 'BillTable' entity. Consider using 'DbContextOptionsBuilder.EnableSensitiveDataLogging' to see key values.
dbug: Microsoft.EntityFrameworkCore.ChangeTracking[10806]
      Context 'TransportMgmtContext' started tracking 'BillTable' entity. Consider using 'DbContextOptionsBuilder.EnableSensitiveDataLogging' to see key values.
dbug: Microsoft.EntityFrameworkCore.ChangeTracking[10806]
      Context 'TransportMgmtContext' started tracking 'BillTable' entity. Consider using 'DbContextOptionsBuilder.EnableSensitiveDataLogging' to see key values.
dbug: Microsoft.EntityFrameworkCore.ChangeTracking[10806]
      Context 'TransportMgmtContext' started tracking 'BillTable' entity. Consider using 'DbContextOptionsBuilder.EnableSensitiveDataLogging' to see key values.
dbug: Microsoft.EntityFrameworkCore.ChangeTracking[10806]
      Context 'TransportMgmtContext' started tracking 'BillTable' entity. Consider using 'DbContextOptionsBuilder.EnableSensitiveDataLogging' to see key values.
dbug: Microsoft.EntityFrameworkCore.ChangeTracking[10806]
      Context 'TransportMgmtContext' started tracking 'BillTable' entity. Consider using 'DbContextOptionsBuilder.EnableSensitiveDataLogging' to see key values.
dbug: Microsoft.EntityFrameworkCore.ChangeTracking[10806]
      Context 'TransportMgmtContext' started tracking 'BillTable' entity. Consider using 'DbContextOptionsBuilder.EnableSensitiveDataLogging' to see key values.
dbug: Microsoft.EntityFrameworkCore.ChangeTracking[10806]
      Context 'TransportMgmtContext' started tracking 'BillTable' entity. Consider using 'DbContextOptionsBuilder.EnableSensitiveDataLogging' to see key values.
dbug: Microsoft.EntityFrameworkCore.ChangeTracking[10806]
      Context 'TransportMgmtContext' started tracking 'BillTable' entity. Consider using 'DbContextOptionsBuilder.EnableSensitiveDataLogging' to see key values.
dbug: Microsoft.EntityFrameworkCore.ChangeTracking[10806]
      Context 'TransportMgmtContext' started tracking 'BillTable' entity. Consider using 'DbContextOptionsBuilder.EnableSensitiveDataLogging' to see key values.
dbug: Microsoft.EntityFrameworkCore.ChangeTracking[10806]
      Context 'TransportMgmtContext' started tracking 'BillTable' entity. Consider using 'DbContextOptionsBuilder.EnableSensitiveDataLogging' to see key values.
dbug: Microsoft.EntityFrameworkCore.ChangeTracking[10806]
      Context 'TransportMgmtContext' started tracking 'BillTable' entity. Consider using 'DbContextOptionsBuilder.EnableSensitiveDataLogging' to see key values.
dbug: Microsoft.EntityFrameworkCore.ChangeTracking[10806]
      Context 'TransportMgmtContext' started tracking 'BillTable' entity. Consider using 'DbContextOptionsBuilder.EnableSensitiveDataLogging' to see key values.
dbug: Microsoft.EntityFrameworkCore.ChangeTracking[10806]
      Context 'TransportMgmtContext' started tracking 'BillTable' entity. Consider using 'DbContextOptionsBuilder.EnableSensitiveDataLogging' to see key values.
dbug: Microsoft.EntityFrameworkCore.ChangeTracking[10806]
      Context 'TransportMgmtContext' started tracking 'BillTable' entity. Consider using 'DbContextOptionsBuilder.EnableSensitiveDataLogging' to see key values.
dbug: Microsoft.EntityFrameworkCore.ChangeTracking[10806]
      Context 'TransportMgmtContext' started tracking 'BillTable' entity. Consider using 'DbContextOptionsBuilder.EnableSensitiveDataLogging' to see key values.
dbug: Microsoft.EntityFrameworkCore.ChangeTracking[10806]
      Context 'TransportMgmtContext' started tracking 'BillTable' entity. Consider using 'DbContextOptionsBuilder.EnableSensitiveDataLogging' to see key values.
dbug: Microsoft.EntityFrameworkCore.ChangeTracking[10806]
      Context 'TransportMgmtContext' started tracking 'BillTable' entity. Consider using 'DbContextOptionsBuilder.EnableSensitiveDataLogging' to see key values.
dbug: Microsoft.EntityFrameworkCore.ChangeTracking[10806]
      Context 'TransportMgmtContext' started tracking 'BillTable' entity. Consider using 'DbContextOptionsBuilder.EnableSensitiveDataLogging' to see key values.
dbug: Microsoft.EntityFrameworkCore.ChangeTracking[10806]
      Context 'TransportMgmtContext' started tracking 'BillTable' entity. Consider using 'DbContextOptionsBuilder.EnableSensitiveDataLogging' to see key values.
dbug: Microsoft.EntityFrameworkCore.ChangeTracking[10806]
      Context 'TransportMgmtContext' started tracking 'BillTable' entity. Consider using 'DbContextOptionsBuilder.EnableSensitiveDataLogging' to see key values.
dbug: Microsoft.EntityFrameworkCore.ChangeTracking[10806]
      Context 'TransportMgmtContext' started tracking 'BillTable' entity. Consider using 'DbContextOptionsBuilder.EnableSensitiveDataLogging' to see key values.
dbug: Microsoft.EntityFrameworkCore.ChangeTracking[10806]
      Context 'TransportMgmtContext' started tracking 'BillTable' entity. Consider using 'DbContextOptionsBuilder.EnableSensitiveDataLogging' to see key values.
dbug: Microsoft.EntityFrameworkCore.ChangeTracking[10806]
      Context 'TransportMgmtContext' started tracking 'BillTable' entity. Consider using 'DbContextOptionsBuilder.EnableSensitiveDataLogging' to see key values.
dbug: Microsoft.EntityFrameworkCore.ChangeTracking[10806]
      Context 'TransportMgmtContext' started tracking 'BillTable' entity. Consider using 'DbContextOptionsBuilder.EnableSensitiveDataLogging' to see key values.
dbug: Microsoft.EntityFrameworkCore.ChangeTracking[10806]
      Context 'TransportMgmtContext' started tracking 'BillTable' entity. Consider using 'DbContextOptionsBuilder.EnableSensitiveDataLogging' to see key values.
dbug: Microsoft.EntityFrameworkCore.ChangeTracking[10806]
      Context 'TransportMgmtContext' started tracking 'BillTable' entity. Consider using 'DbContextOptionsBuilder.EnableSensitiveDataLogging' to see key values.
dbug: Microsoft.EntityFrameworkCore.ChangeTracking[10806]
      Context 'TransportMgmtContext' started tracking 'BillTable' entity. Consider using 'DbContextOptionsBuilder.EnableSensitiveDataLogging' to see key values.
dbug: Microsoft.EntityFrameworkCore.ChangeTracking[10806]
      Context 'TransportMgmtContext' started tracking 'BillTable' entity. Consider using 'DbContextOptionsBuilder.EnableSensitiveDataLogging' to see key values.
dbug: Microsoft.EntityFrameworkCore.ChangeTracking[10806]
      Context 'TransportMgmtContext' started tracking 'BillTable' entity. Consider using 'DbContextOptionsBuilder.EnableSensitiveDataLogging' to see key values.
dbug: Microsoft.EntityFrameworkCore.ChangeTracking[10806]
      Context 'TransportMgmtContext' started tracking 'BillTable' entity. Consider using 'DbContextOptionsBuilder.EnableSensitiveDataLogging' to see key values.
dbug: Microsoft.EntityFrameworkCore.ChangeTracking[10806]
      Context 'TransportMgmtContext' started tracking 'BillTable' entity. Consider using 'DbContextOptionsBuilder.EnableSensitiveDataLogging' to see key values.
dbug: Microsoft.EntityFrameworkCore.ChangeTracking[10806]
      Context 'TransportMgmtContext' started tracking 'BillTable' entity. Consider using 'DbContextOptionsBuilder.EnableSensitiveDataLogging' to see key values.
dbug: Microsoft.EntityFrameworkCore.ChangeTracking[10806]
      Context 'TransportMgmtContext' started tracking 'BillTable' entity. Consider using 'DbContextOptionsBuilder.EnableSensitiveDataLogging' to see key values.
dbug: Microsoft.EntityFrameworkCore.ChangeTracking[10806]
      Context 'TransportMgmtContext' started tracking 'BillTable' entity. Consider using 'DbContextOptionsBuilder.EnableSensitiveDataLogging' to see key values.
dbug: Microsoft.EntityFrameworkCore.ChangeTracking[10806]
      Context 'TransportMgmtContext' started tracking 'BillTable' entity. Consider using 'DbContextOptionsBuilder.EnableSensitiveDataLogging' to see key values.
dbug: Microsoft.EntityFrameworkCore.ChangeTracking[10806]
      Context 'TransportMgmtContext' started tracking 'BillTable' entity. Consider using 'DbContextOptionsBuilder.EnableSensitiveDataLogging' to see key values.
dbug: Microsoft.EntityFrameworkCore.ChangeTracking[10806]
      Context 'TransportMgmtContext' started tracking 'BillTable' entity. Consider using 'DbContextOptionsBuilder.EnableSensitiveDataLogging' to see key values.
dbug: Microsoft.EntityFrameworkCore.ChangeTracking[10806]
      Context 'TransportMgmtContext' started tracking 'BillTable' entity. Consider using 'DbContextOptionsBuilder.EnableSensitiveDataLogging' to see key values.
dbug: Microsoft.EntityFrameworkCore.ChangeTracking[10806]
      Context 'TransportMgmtContext' started tracking 'BillTable' entity. Consider using 'DbContextOptionsBuilder.EnableSensitiveDataLogging' to see key values.
dbug: Microsoft.EntityFrameworkCore.ChangeTracking[10806]
      Context 'TransportMgmtContext' started tracking 'BillTable' entity. Consider using 'DbContextOptionsBuilder.EnableSensitiveDataLogging' to see key values.
dbug: Microsoft.EntityFrameworkCore.ChangeTracking[10806]
      Context 'TransportMgmtContext' started tracking 'BillTable' entity. Consider using 'DbContextOptionsBuilder.EnableSensitiveDataLogging' to see key values.
dbug: Microsoft.EntityFrameworkCore.ChangeTracking[10806]
      Context 'TransportMgmtContext' started tracking 'BillTable' entity. Consider using 'DbContextOptionsBuilder.EnableSensitiveDataLogging' to see key values.
dbug: Microsoft.EntityFrameworkCore.ChangeTracking[10806]
      Context 'TransportMgmtContext' started tracking 'BillTable' entity. Consider using 'DbContextOptionsBuilder.EnableSensitiveDataLogging' to see key values.
dbug: Microsoft.EntityFrameworkCore.ChangeTracking[10806]
      Context 'TransportMgmtContext' started tracking 'BillTable' entity. Consider using 'DbContextOptionsBuilder.EnableSensitiveDataLogging' to see key values.
dbug: Microsoft.EntityFrameworkCore.ChangeTracking[10806]
      Context 'TransportMgmtContext' started tracking 'BillTable' entity. Consider using 'DbContextOptionsBuilder.EnableSensitiveDataLogging' to see key values.
dbug: Microsoft.EntityFrameworkCore.ChangeTracking[10806]
      Context 'TransportMgmtContext' started tracking 'BillTable' entity. Consider using 'DbContextOptionsBuilder.EnableSensitiveDataLogging' to see key values.
dbug: Microsoft.EntityFrameworkCore.ChangeTracking[10806]
      Context 'TransportMgmtContext' started tracking 'BillTable' entity. Consider using 'DbContextOptionsBuilder.EnableSensitiveDataLogging' to see key values.
dbug: Microsoft.EntityFrameworkCore.ChangeTracking[10806]
      Context 'TransportMgmtContext' started tracking 'BillTable' entity. Consider using 'DbContextOptionsBuilder.EnableSensitiveDataLogging' to see key values.
dbug: Microsoft.EntityFrameworkCore.ChangeTracking[10806]
      Context 'TransportMgmtContext' started tracking 'BillTable' entity. Consider using 'DbContextOptionsBuilder.EnableSensitiveDataLogging' to see key values.
dbug: Microsoft.EntityFrameworkCore.ChangeTracking[10806]
      Context 'TransportMgmtContext' started tracking 'BillTable' entity. Consider using 'DbContextOptionsBuilder.EnableSensitiveDataLogging' to see key values.
dbug: Microsoft.EntityFrameworkCore.ChangeTracking[10806]
      Context 'TransportMgmtContext' started tracking 'BillTable' entity. Consider using 'DbContextOptionsBuilder.EnableSensitiveDataLogging' to see key values.
dbug: Microsoft.EntityFrameworkCore.ChangeTracking[10806]
      Context 'TransportMgmtContext' started tracking 'BillTable' entity. Consider using 'DbContextOptionsBuilder.EnableSensitiveDataLogging' to see key values.
dbug: Microsoft.EntityFrameworkCore.ChangeTracking[10806]
      Context 'TransportMgmtContext' started tracking 'BillTable' entity. Consider using 'DbContextOptionsBuilder.EnableSensitiveDataLogging' to see key values.
dbug: Microsoft.EntityFrameworkCore.ChangeTracking[10806]
      Context 'TransportMgmtContext' started tracking 'BillTable' entity. Consider using 'DbContextOptionsBuilder.EnableSensitiveDataLogging' to see key values.
dbug: Microsoft.EntityFrameworkCore.ChangeTracking[10806]
      Context 'TransportMgmtContext' started tracking 'BillTable' entity. Consider using 'DbContextOptionsBuilder.EnableSensitiveDataLogging' to see key values.
dbug: Microsoft.EntityFrameworkCore.ChangeTracking[10806]
      Context 'TransportMgmtContext' started tracking 'BillTable' entity. Consider using 'DbContextOptionsBuilder.EnableSensitiveDataLogging' to see key values.
dbug: Microsoft.EntityFrameworkCore.ChangeTracking[10806]
      Context 'TransportMgmtContext' started tracking 'BillTable' entity. Consider using 'DbContextOptionsBuilder.EnableSensitiveDataLogging' to see key values.
dbug: Microsoft.EntityFrameworkCore.ChangeTracking[10806]
      Context 'TransportMgmtContext' started tracking 'BillTable' entity. Consider using 'DbContextOptionsBuilder.EnableSensitiveDataLogging' to see key values.
dbug: Microsoft.EntityFrameworkCore.ChangeTracking[10806]
      Context 'TransportMgmtContext' started tracking 'BillTable' entity. Consider using 'DbContextOptionsBuilder.EnableSensitiveDataLogging' to see key values.
dbug: Microsoft.EntityFrameworkCore.ChangeTracking[10806]
      Context 'TransportMgmtContext' started tracking 'BillTable' entity. Consider using 'DbContextOptionsBuilder.EnableSensitiveDataLogging' to see key values.
dbug: Microsoft.EntityFrameworkCore.ChangeTracking[10806]
      Context 'TransportMgmtContext' started tracking 'BillTable' entity. Consider using 'DbContextOptionsBuilder.EnableSensitiveDataLogging' to see key values.
dbug: Microsoft.EntityFrameworkCore.ChangeTracking[10806]
      Context 'TransportMgmtContext' started tracking 'BillTable' entity. Consider using 'DbContextOptionsBuilder.EnableSensitiveDataLogging' to see key values.
dbug: Microsoft.EntityFrameworkCore.ChangeTracking[10806]
      Context 'TransportMgmtContext' started tracking 'BillTable' entity. Consider using 'DbContextOptionsBuilder.EnableSensitiveDataLogging' to see key values.
dbug: Microsoft.EntityFrameworkCore.ChangeTracking[10806]
      Context 'TransportMgmtContext' started tracking 'BillTable' entity. Consider using 'DbContextOptionsBuilder.EnableSensitiveDataLogging' to see key values.
dbug: Microsoft.EntityFrameworkCore.ChangeTracking[10806]
      Context 'TransportMgmtContext' started tracking 'BillTable' entity. Consider using 'DbContextOptionsBuilder.EnableSensitiveDataLogging' to see key values.
dbug: Microsoft.EntityFrameworkCore.ChangeTracking[10806]
      Context 'TransportMgmtContext' started tracking 'BillTable' entity. Consider using 'DbContextOptionsBuilder.EnableSensitiveDataLogging' to see key values.
dbug: Microsoft.EntityFrameworkCore.ChangeTracking[10806]
      Context 'TransportMgmtContext' started tracking 'BillTable' entity. Consider using 'DbContextOptionsBuilder.EnableSensitiveDataLogging' to see key values.
dbug: Microsoft.EntityFrameworkCore.ChangeTracking[10806]
      Context 'TransportMgmtContext' started tracking 'BillTable' entity. Consider using 'DbContextOptionsBuilder.EnableSensitiveDataLogging' to see key values.
dbug: Microsoft.EntityFrameworkCore.ChangeTracking[10806]
      Context 'TransportMgmtContext' started tracking 'BillTable' entity. Consider using 'DbContextOptionsBuilder.EnableSensitiveDataLogging' to see key values.
dbug: Microsoft.EntityFrameworkCore.ChangeTracking[10806]
      Context 'TransportMgmtContext' started tracking 'BillTable' entity. Consider using 'DbContextOptionsBuilder.EnableSensitiveDataLogging' to see key values.
dbug: Microsoft.EntityFrameworkCore.ChangeTracking[10806]
      Context 'TransportMgmtContext' started tracking 'BillTable' entity. Consider using 'DbContextOptionsBuilder.EnableSensitiveDataLogging' to see key values.
dbug: Microsoft.EntityFrameworkCore.ChangeTracking[10806]
      Context 'TransportMgmtContext' started tracking 'BillTable' entity. Consider using 'DbContextOptionsBuilder.EnableSensitiveDataLogging' to see key values.
dbug: Microsoft.EntityFrameworkCore.ChangeTracking[10806]
      Context 'TransportMgmtContext' started tracking 'BillTable' entity. Consider using 'DbContextOptionsBuilder.EnableSensitiveDataLogging' to see key values.
dbug: Microsoft.EntityFrameworkCore.ChangeTracking[10806]
      Context 'TransportMgmtContext' started tracking 'BillTable' entity. Consider using 'DbContextOptionsBuilder.EnableSensitiveDataLogging' to see key values.
dbug: Microsoft.EntityFrameworkCore.ChangeTracking[10806]
      Context 'TransportMgmtContext' started tracking 'BillTable' entity. Consider using 'DbContextOptionsBuilder.EnableSensitiveDataLogging' to see key values.
dbug: Microsoft.EntityFrameworkCore.ChangeTracking[10806]
      Context 'TransportMgmtContext' started tracking 'BillTable' entity. Consider using 'DbContextOptionsBuilder.EnableSensitiveDataLogging' to see key values.
dbug: Microsoft.EntityFrameworkCore.ChangeTracking[10806]
      Context 'TransportMgmtContext' started tracking 'BillTable' entity. Consider using 'DbContextOptionsBuilder.EnableSensitiveDataLogging' to see key values.
dbug: Microsoft.EntityFrameworkCore.ChangeTracking[10806]
      Context 'TransportMgmtContext' started tracking 'BillTable' entity. Consider using 'DbContextOptionsBuilder.EnableSensitiveDataLogging' to see key values.
dbug: Microsoft.EntityFrameworkCore.ChangeTracking[10806]
      Context 'TransportMgmtContext' started tracking 'BillTable' entity. Consider using 'DbContextOptionsBuilder.EnableSensitiveDataLogging' to see key values.
dbug: Microsoft.EntityFrameworkCore.ChangeTracking[10806]
      Context 'TransportMgmtContext' started tracking 'BillTable' entity. Consider using 'DbContextOptionsBuilder.EnableSensitiveDataLogging' to see key values.
dbug: Microsoft.EntityFrameworkCore.ChangeTracking[10806]
      Context 'TransportMgmtContext' started tracking 'BillTable' entity. Consider using 'DbContextOptionsBuilder.EnableSensitiveDataLogging' to see key values.
dbug: Microsoft.EntityFrameworkCore.ChangeTracking[10806]
      Context 'TransportMgmtContext' started tracking 'BillTable' entity. Consider using 'DbContextOptionsBuilder.EnableSensitiveDataLogging' to see key values.
dbug: Microsoft.EntityFrameworkCore.ChangeTracking[10806]
      Context 'TransportMgmtContext' started tracking 'BillTable' entity. Consider using 'DbContextOptionsBuilder.EnableSensitiveDataLogging' to see key values.
dbug: Microsoft.EntityFrameworkCore.ChangeTracking[10806]
      Context 'TransportMgmtContext' started tracking 'BillTable' entity. Consider using 'DbContextOptionsBuilder.EnableSensitiveDataLogging' to see key values.
dbug: Microsoft.EntityFrameworkCore.ChangeTracking[10806]
      Context 'TransportMgmtContext' started tracking 'BillTable' entity. Consider using 'DbContextOptionsBuilder.EnableSensitiveDataLogging' to see key values.
dbug: Microsoft.EntityFrameworkCore.ChangeTracking[10806]
      Context 'TransportMgmtContext' started tracking 'BillTable' entity. Consider using 'DbContextOptionsBuilder.EnableSensitiveDataLogging' to see key values.
dbug: Microsoft.EntityFrameworkCore.ChangeTracking[10806]
      Context 'TransportMgmtContext' started tracking 'BillTable' entity. Consider using 'DbContextOptionsBuilder.EnableSensitiveDataLogging' to see key values.
dbug: Microsoft.EntityFrameworkCore.ChangeTracking[10806]
      Context 'TransportMgmtContext' started tracking 'BillTable' entity. Consider using 'DbContextOptionsBuilder.EnableSensitiveDataLogging' to see key values.
dbug: Microsoft.EntityFrameworkCore.ChangeTracking[10806]
      Context 'TransportMgmtContext' started tracking 'BillTable' entity. Consider using 'DbContextOptionsBuilder.EnableSensitiveDataLogging' to see key values.
dbug: Microsoft.EntityFrameworkCore.ChangeTracking[10806]
      Context 'TransportMgmtContext' started tracking 'BillTable' entity. Consider using 'DbContextOptionsBuilder.EnableSensitiveDataLogging' to see key values.
dbug: Microsoft.EntityFrameworkCore.ChangeTracking[10806]
      Context 'TransportMgmtContext' started tracking 'BillTable' entity. Consider using 'DbContextOptionsBuilder.EnableSensitiveDataLogging' to see key values.
dbug: Microsoft.EntityFrameworkCore.ChangeTracking[10806]
      Context 'TransportMgmtContext' started tracking 'BillTable' entity. Consider using 'DbContextOptionsBuilder.EnableSensitiveDataLogging' to see key values.
dbug: Microsoft.EntityFrameworkCore.ChangeTracking[10806]
      Context 'TransportMgmtContext' started tracking 'BillTable' entity. Consider using 'DbContextOptionsBuilder.EnableSensitiveDataLogging' to see key values.
dbug: Microsoft.EntityFrameworkCore.ChangeTracking[10806]
      Context 'TransportMgmtContext' started tracking 'BillTable' entity. Consider using 'DbContextOptionsBuilder.EnableSensitiveDataLogging' to see key values.
dbug: Microsoft.EntityFrameworkCore.ChangeTracking[10806]
      Context 'TransportMgmtContext' started tracking 'BillTable' entity. Consider using 'DbContextOptionsBuilder.EnableSensitiveDataLogging' to see key values.
dbug: Microsoft.EntityFrameworkCore.ChangeTracking[10806]
      Context 'TransportMgmtContext' started tracking 'BillTable' entity. Consider using 'DbContextOptionsBuilder.EnableSensitiveDataLogging' to see key values.
dbug: Microsoft.EntityFrameworkCore.ChangeTracking[10806]
      Context 'TransportMgmtContext' started tracking 'BillTable' entity. Consider using 'DbContextOptionsBuilder.EnableSensitiveDataLogging' to see key values.
dbug: Microsoft.EntityFrameworkCore.ChangeTracking[10806]
      Context 'TransportMgmtContext' started tracking 'BillTable' entity. Consider using 'DbContextOptionsBuilder.EnableSensitiveDataLogging' to see key values.
dbug: Microsoft.EntityFrameworkCore.ChangeTracking[10806]
      Context 'TransportMgmtContext' started tracking 'BillTable' entity. Consider using 'DbContextOptionsBuilder.EnableSensitiveDataLogging' to see key values.
dbug: Microsoft.EntityFrameworkCore.ChangeTracking[10806]
      Context 'TransportMgmtContext' started tracking 'BillTable' entity. Consider using 'DbContextOptionsBuilder.EnableSensitiveDataLogging' to see key values.
dbug: Microsoft.EntityFrameworkCore.ChangeTracking[10806]
      Context 'TransportMgmtContext' started tracking 'BillTable' entity. Consider using 'DbContextOptionsBuilder.EnableSensitiveDataLogging' to see key values.
dbug: Microsoft.EntityFrameworkCore.ChangeTracking[10806]
      Context 'TransportMgmtContext' started tracking 'BillTable' entity. Consider using 'DbContextOptionsBuilder.EnableSensitiveDataLogging' to see key values.
dbug: Microsoft.EntityFrameworkCore.ChangeTracking[10806]
      Context 'TransportMgmtContext' started tracking 'BillTable' entity. Consider using 'DbContextOptionsBuilder.EnableSensitiveDataLogging' to see key values.
dbug: Microsoft.EntityFrameworkCore.ChangeTracking[10806]
      Context 'TransportMgmtContext' started tracking 'BillTable' entity. Consider using 'DbContextOptionsBuilder.EnableSensitiveDataLogging' to see key values.
dbug: Microsoft.EntityFrameworkCore.ChangeTracking[10806]
      Context 'TransportMgmtContext' started tracking 'BillTable' entity. Consider using 'DbContextOptionsBuilder.EnableSensitiveDataLogging' to see key values.
dbug: Microsoft.EntityFrameworkCore.ChangeTracking[10806]
      Context 'TransportMgmtContext' started tracking 'BillTable' entity. Consider using 'DbContextOptionsBuilder.EnableSensitiveDataLogging' to see key values.
dbug: Microsoft.EntityFrameworkCore.ChangeTracking[10806]
      Context 'TransportMgmtContext' started tracking 'BillTable' entity. Consider using 'DbContextOptionsBuilder.EnableSensitiveDataLogging' to see key values.
dbug: Microsoft.EntityFrameworkCore.ChangeTracking[10806]
      Context 'TransportMgmtContext' started tracking 'BillTable' entity. Consider using 'DbContextOptionsBuilder.EnableSensitiveDataLogging' to see key values.
dbug: Microsoft.EntityFrameworkCore.ChangeTracking[10806]
      Context 'TransportMgmtContext' started tracking 'BillTable' entity. Consider using 'DbContextOptionsBuilder.EnableSensitiveDataLogging' to see key values.
dbug: Microsoft.EntityFrameworkCore.ChangeTracking[10806]
      Context 'TransportMgmtContext' started tracking 'BillTable' entity. Consider using 'DbContextOptionsBuilder.EnableSensitiveDataLogging' to see key values.
dbug: Microsoft.EntityFrameworkCore.ChangeTracking[10806]
      Context 'TransportMgmtContext' started tracking 'BillTable' entity. Consider using 'DbContextOptionsBuilder.EnableSensitiveDataLogging' to see key values.
dbug: Microsoft.EntityFrameworkCore.Database.Command[20300]
      A data reader was disposed.
dbug: Microsoft.EntityFrameworkCore.Database.Connection[20002]
      Closing connection to database 'FinalDb' on server 'MUSAKHAN\SQLEXPRESS'.
dbug: Microsoft.EntityFrameworkCore.Database.Connection[20003]
      Closed connection to database 'FinalDb' on server 'MUSAKHAN\SQLEXPRESS'.
info: Microsoft.AspNetCore.Mvc.ViewFeatures.ViewResultExecutor[1]
      Executing ViewResult, running view ShowBill.
dbug: Microsoft.WebTools.BrowserLink.Net.BrowserLinkMiddleware[1]
      Response markup is scheduled to include Browser Link script injection.
info: Microsoft.AspNetCore.Mvc.ViewFeatures.ViewResultExecutor[4]
      Executed ViewResult - view ShowBill executed in 590.9161ms.
info: Microsoft.AspNetCore.Mvc.Infrastructure.ControllerActionInvoker[2]
      Executed action CodeFirstTransport.Controllers.PaymentController.ShowBill (CodeFirstTransport) in 2387.3938ms
info: Microsoft.AspNetCore.Routing.EndpointMiddleware[1]
      Executed endpoint 'CodeFirstTransport.Controllers.PaymentController.ShowBill (CodeFirstTransport)'
dbug: Microsoft.WebTools.BrowserLink.Net.BrowserLinkMiddleware[2]
      Response markup was updated to include Browser Link script injection.
info: Microsoft.AspNetCore.Hosting.Diagnostics[1]
      Request starting HTTP/2 GET https://localhost:44307/CodeFirstTransport.styles.css - -
dbug: Microsoft.EntityFrameworkCore.Infrastructure[10407]
      'TransportMgmtContext' disposed.
info: Microsoft.AspNetCore.Hosting.Diagnostics[1]
      Request starting HTTP/2 GET https://localhost:44307/_framework/aspnetcore-browser-refresh.js - -
info: Microsoft.AspNetCore.Hosting.Diagnostics[2]
      Request finished HTTP/2 GET https://localhost:44307/Payment/ShowBill - - - 200 - text/html;+charset=utf-8 2546.6996ms
info: Microsoft.AspNetCore.Hosting.Diagnostics[2]
      Request finished HTTP/2 GET https://localhost:44307/CodeFirstTransport.styles.css - - - 404 - - 16.4953ms
info: Microsoft.AspNetCore.Hosting.Diagnostics[1]
      Request starting HTTP/2 GET https://localhost:44307/_vs/browserLink - -
info: Microsoft.AspNetCore.Hosting.Diagnostics[2]
      Request finished HTTP/2 GET https://localhost:44307/_framework/aspnetcore-browser-refresh.js - - - 200 11994 application/javascript;+charset=utf-8 39.0523ms
info: Microsoft.AspNetCore.Hosting.Diagnostics[2]
      Request finished HTTP/2 GET https://localhost:44307/_vs/browserLink - - - 200 - text/javascript;+charset=UTF-8 128.2075ms
info: Microsoft.AspNetCore.Hosting.Diagnostics[1]
      Request starting HTTP/2 POST https://localhost:44307/Payment/ShowBill multipart/form-data;+boundary=----WebKitFormBoundaryGkucTBByTHk3Rmds 11107
info: Microsoft.AspNetCore.Routing.EndpointMiddleware[0]
      Executing endpoint 'CodeFirstTransport.Controllers.PaymentController.ShowBill (CodeFirstTransport)'
info: Microsoft.AspNetCore.Mvc.Infrastructure.ControllerActionInvoker[3]
      Route matched with {action = "ShowBill", controller = "Payment"}. Executing controller action with signature System.Threading.Tasks.Task`1[Microsoft.AspNetCore.Mvc.IActionResult] ShowBill(Microsoft.AspNetCore.Http.IFormFile) on controller CodeFirstTransport.Controllers.PaymentController (CodeFirstTransport).
info: Microsoft.EntityFrameworkCore.Infrastructure[10403]
      Entity Framework Core 6.0.21 initialized 'TransportMgmtContext' using provider 'Microsoft.EntityFrameworkCore.SqlServer:6.0.21' with options: CommandTimeout=120 
dbug: Microsoft.EntityFrameworkCore.Query[10111]
      Compiling query expression: 
      'DbSet<BillTable>()
          .FirstOrDefault(b => b.BillNum == __billNumber_0)'
dbug: Microsoft.EntityFrameworkCore.Query[10107]
      Generated query execution expression: 
      'queryContext => new SingleQueryingEnumerable<BillTable>(
          (RelationalQueryContext)queryContext, 
          RelationalCommandCache.SelectExpression(
              Projection Mapping:
                  EmptyProjectionMember -> Dictionary<IProperty, int> { [Property: BillTable.BillID (int) Required PK AfterSave:Throw ValueGenerated.OnAdd, 0], [Property: BillTable.ActualAmount (double?), 1], [Property: BillTable.BillDate (DateTime?), 2], [Property: BillTable.BillNum (string), 3], [Property: BillTable.BillType (string), 4], [Property: BillTable.FID (int?), 5], [Property: BillTable.Gst (double?), 6], [Property: BillTable.GstDate (DateTime?), 7], [Property: BillTable.PId (int?), 8], [Property: BillTable.PartyName (string), 9], [Property: BillTable.PaymentReceived (double?), 10], [Property: BillTable.PaymentTablePId (no field, int?) Shadow FK Index, 11], [Property: BillTable.Tds (double?), 12], [Property: BillTable.TotalValue (double?), 13] }
              SELECT TOP(1) b.BillID, b.ActualAmount, b.BillDate, b.BillNum, b.BillType, b.FID, b.Gst, b.GstDate, b.PId, b.PartyName, b.PaymentReceived, b.PaymentTablePId, b.Tds, b.TotalValue
              FROM BillTables AS b
              WHERE b.BillNum == @__billNumber_0), 
          Func<QueryContext, DbDataReader, ResultContext, SingleQueryResultCoordinator, BillTable>, 
          CodeFirstTransport.Models.TransportMgmtContext, 
          False, 
          False, 
          True
      )
          .SingleOrDefault()'
dbug: Microsoft.EntityFrameworkCore.Database.Command[20103]
      Creating DbCommand for 'ExecuteReader'.
dbug: Microsoft.EntityFrameworkCore.Database.Command[20104]
      Created DbCommand for 'ExecuteReader' (2ms).
dbug: Microsoft.EntityFrameworkCore.Database.Connection[20000]
      Opening connection to database 'FinalDb' on server 'MUSAKHAN\SQLEXPRESS'.
dbug: Microsoft.EntityFrameworkCore.Database.Connection[20001]
      Opened connection to database 'FinalDb' on server 'MUSAKHAN\SQLEXPRESS'.
dbug: Microsoft.EntityFrameworkCore.Database.Command[20100]
      Executing DbCommand [Parameters=[@__billNumber_0='?' (Size = 4000)], CommandType='Text', CommandTimeout='120']
      SELECT TOP(1) [b].[BillID], [b].[ActualAmount], [b].[BillDate], [b].[BillNum], [b].[BillType], [b].[FID], [b].[Gst], [b].[GstDate], [b].[PId], [b].[PartyName], [b].[PaymentReceived], [b].[PaymentTablePId], [b].[Tds], [b].[TotalValue]
      FROM [BillTables] AS [b]
      WHERE [b].[BillNum] = @__billNumber_0
info: Microsoft.EntityFrameworkCore.Database.Command[20101]
      Executed DbCommand (18ms) [Parameters=[@__billNumber_0='?' (Size = 4000)], CommandType='Text', CommandTimeout='120']
      SELECT TOP(1) [b].[BillID], [b].[ActualAmount], [b].[BillDate], [b].[BillNum], [b].[BillType], [b].[FID], [b].[Gst], [b].[GstDate], [b].[PId], [b].[PartyName], [b].[PaymentReceived], [b].[PaymentTablePId], [b].[Tds], [b].[TotalValue]
      FROM [BillTables] AS [b]
      WHERE [b].[BillNum] = @__billNumber_0
dbug: Microsoft.EntityFrameworkCore.Database.Command[20300]
      A data reader was disposed.
dbug: Microsoft.EntityFrameworkCore.Database.Connection[20002]
      Closing connection to database 'FinalDb' on server 'MUSAKHAN\SQLEXPRESS'.
dbug: Microsoft.EntityFrameworkCore.Database.Connection[20003]
      Closed connection to database 'FinalDb' on server 'MUSAKHAN\SQLEXPRESS'.
dbug: Microsoft.EntityFrameworkCore.Database.Command[20103]
      Creating DbCommand for 'ExecuteReader'.
dbug: Microsoft.EntityFrameworkCore.Database.Command[20104]
      Created DbCommand for 'ExecuteReader' (2ms).
dbug: Microsoft.EntityFrameworkCore.Database.Connection[20000]
      Opening connection to database 'FinalDb' on server 'MUSAKHAN\SQLEXPRESS'.
dbug: Microsoft.EntityFrameworkCore.Database.Connection[20001]
      Opened connection to database 'FinalDb' on server 'MUSAKHAN\SQLEXPRESS'.
dbug: Microsoft.EntityFrameworkCore.Database.Command[20100]
      Executing DbCommand [Parameters=[@__billNumber_0='?' (Size = 4000)], CommandType='Text', CommandTimeout='120']
      SELECT TOP(1) [b].[BillID], [b].[ActualAmount], [b].[BillDate], [b].[BillNum], [b].[BillType], [b].[FID], [b].[Gst], [b].[GstDate], [b].[PId], [b].[PartyName], [b].[PaymentReceived], [b].[PaymentTablePId], [b].[Tds], [b].[TotalValue]
      FROM [BillTables] AS [b]
      WHERE [b].[BillNum] = @__billNumber_0
info: Microsoft.EntityFrameworkCore.Database.Command[20101]
      Executed DbCommand (5ms) [Parameters=[@__billNumber_0='?' (Size = 4000)], CommandType='Text', CommandTimeout='120']
      SELECT TOP(1) [b].[BillID], [b].[ActualAmount], [b].[BillDate], [b].[BillNum], [b].[BillType], [b].[FID], [b].[Gst], [b].[GstDate], [b].[PId], [b].[PartyName], [b].[PaymentReceived], [b].[PaymentTablePId], [b].[Tds], [b].[TotalValue]
      FROM [BillTables] AS [b]
      WHERE [b].[BillNum] = @__billNumber_0
dbug: Microsoft.EntityFrameworkCore.ChangeTracking[10806]
      Context 'TransportMgmtContext' started tracking 'BillTable' entity. Consider using 'DbContextOptionsBuilder.EnableSensitiveDataLogging' to see key values.
dbug: Microsoft.EntityFrameworkCore.Database.Command[20300]
      A data reader was disposed.
dbug: Microsoft.EntityFrameworkCore.Database.Connection[20002]
      Closing connection to database 'FinalDb' on server 'MUSAKHAN\SQLEXPRESS'.
dbug: Microsoft.EntityFrameworkCore.Database.Connection[20003]
      Closed connection to database 'FinalDb' on server 'MUSAKHAN\SQLEXPRESS'.
dbug: Microsoft.EntityFrameworkCore.Query[10111]
      Compiling query expression: 
      'DbSet<PaymentTable>()
          .FirstOrDefault(p => p.DocNumber == __paymentNumber_0)'
dbug: Microsoft.EntityFrameworkCore.Query[10107]
      Generated query execution expression: 
      'queryContext => new SingleQueryingEnumerable<PaymentTable>(
          (RelationalQueryContext)queryContext, 
          RelationalCommandCache.SelectExpression(
              Projection Mapping:
                  EmptyProjectionMember -> Dictionary<IProperty, int> { [Property: PaymentTable.PId (int) Required PK AfterSave:Throw ValueGenerated.OnAdd, 0], [Property: PaymentTable.DocNumber (string), 1], [Property: PaymentTable.FID (int?), 2], [Property: PaymentTable.PayRecDate (DateTime?), 3], [Property: PaymentTable.Shortage (double?), 4] }
              SELECT TOP(1) p.PId, p.DocNumber, p.FID, p.PayRecDate, p.Shortage
              FROM PaymentTables AS p
              WHERE p.DocNumber == @__paymentNumber_0), 
          Func<QueryContext, DbDataReader, ResultContext, SingleQueryResultCoordinator, PaymentTable>, 
          CodeFirstTransport.Models.TransportMgmtContext, 
          False, 
          False, 
          True
      )
          .SingleOrDefault()'
dbug: Microsoft.EntityFrameworkCore.Database.Command[20103]
      Creating DbCommand for 'ExecuteReader'.
dbug: Microsoft.EntityFrameworkCore.Database.Command[20104]
      Created DbCommand for 'ExecuteReader' (2ms).
dbug: Microsoft.EntityFrameworkCore.Database.Connection[20000]
      Opening connection to database 'FinalDb' on server 'MUSAKHAN\SQLEXPRESS'.
dbug: Microsoft.EntityFrameworkCore.Database.Connection[20001]
      Opened connection to database 'FinalDb' on server 'MUSAKHAN\SQLEXPRESS'.
dbug: Microsoft.EntityFrameworkCore.Database.Command[20100]
      Executing DbCommand [Parameters=[@__paymentNumber_0='?' (Size = 4000)], CommandType='Text', CommandTimeout='120']
      SELECT TOP(1) [p].[PId], [p].[DocNumber], [p].[FID], [p].[PayRecDate], [p].[Shortage]
      FROM [PaymentTables] AS [p]
      WHERE [p].[DocNumber] = @__paymentNumber_0
info: Microsoft.EntityFrameworkCore.Database.Command[20101]
      Executed DbCommand (8ms) [Parameters=[@__paymentNumber_0='?' (Size = 4000)], CommandType='Text', CommandTimeout='120']
      SELECT TOP(1) [p].[PId], [p].[DocNumber], [p].[FID], [p].[PayRecDate], [p].[Shortage]
      FROM [PaymentTables] AS [p]
      WHERE [p].[DocNumber] = @__paymentNumber_0
dbug: Microsoft.EntityFrameworkCore.Database.Command[20300]
      A data reader was disposed.
dbug: Microsoft.EntityFrameworkCore.Database.Connection[20002]
      Closing connection to database 'FinalDb' on server 'MUSAKHAN\SQLEXPRESS'.
dbug: Microsoft.EntityFrameworkCore.Database.Connection[20003]
      Closed connection to database 'FinalDb' on server 'MUSAKHAN\SQLEXPRESS'.
dbug: Microsoft.EntityFrameworkCore.ChangeTracking[10808]
      'TransportMgmtContext' generated a temporary value for the property 'PId.PaymentTable'. Consider using 'DbContextOptionsBuilder.EnableSensitiveDataLogging' to see key values.
dbug: Microsoft.EntityFrameworkCore.ChangeTracking[10806]
      Context 'TransportMgmtContext' started tracking 'PaymentTable' entity. Consider using 'DbContextOptionsBuilder.EnableSensitiveDataLogging' to see key values.
dbug: Microsoft.EntityFrameworkCore.Update[10004]
      SaveChanges starting for 'TransportMgmtContext'.
dbug: Microsoft.EntityFrameworkCore.ChangeTracking[10800]
      DetectChanges starting for 'TransportMgmtContext'.
dbug: Microsoft.EntityFrameworkCore.ChangeTracking[10802]
      The unchanged property 'BillTable.ActualAmount' was detected as changed and will be marked as modified. Consider using 'DbContextOptionsBuilder.EnableSensitiveDataLogging' to see property values.
dbug: Microsoft.EntityFrameworkCore.ChangeTracking[10807]
      An entity of type 'BillTable' tracked by 'TransportMgmtContext' changed state from 'Unchanged' to 'Modified'. Consider using 'DbContextOptionsBuilder.EnableSensitiveDataLogging' to see key values.
dbug: Microsoft.EntityFrameworkCore.ChangeTracking[10802]
      The unchanged property 'BillTable.Gst' was detected as changed and will be marked as modified. Consider using 'DbContextOptionsBuilder.EnableSensitiveDataLogging' to see property values.
dbug: Microsoft.EntityFrameworkCore.ChangeTracking[10802]
      The unchanged property 'BillTable.PaymentReceived' was detected as changed and will be marked as modified. Consider using 'DbContextOptionsBuilder.EnableSensitiveDataLogging' to see property values.
dbug: Microsoft.EntityFrameworkCore.ChangeTracking[10802]
      The unchanged property 'BillTable.Tds' was detected as changed and will be marked as modified. Consider using 'DbContextOptionsBuilder.EnableSensitiveDataLogging' to see property values.
dbug: Microsoft.EntityFrameworkCore.ChangeTracking[10801]
      DetectChanges completed for 'TransportMgmtContext'.
dbug: Microsoft.EntityFrameworkCore.Database.Connection[20000]
      Opening connection to database 'FinalDb' on server 'MUSAKHAN\SQLEXPRESS'.
dbug: Microsoft.EntityFrameworkCore.Database.Connection[20001]
      Opened connection to database 'FinalDb' on server 'MUSAKHAN\SQLEXPRESS'.
dbug: Microsoft.EntityFrameworkCore.Database.Transaction[20209]
      Beginning transaction with isolation level 'Unspecified'.
dbug: Microsoft.EntityFrameworkCore.Database.Transaction[20200]
      Began transaction with isolation level 'ReadCommitted'.
dbug: Microsoft.EntityFrameworkCore.Update[20701]
      Executing update commands individually as the number of batchable commands (2) is smaller than the minimum batch size (4).
dbug: Microsoft.EntityFrameworkCore.Database.Command[20103]
      Creating DbCommand for 'ExecuteReader'.
dbug: Microsoft.EntityFrameworkCore.Database.Command[20104]
      Created DbCommand for 'ExecuteReader' (2ms).
dbug: Microsoft.EntityFrameworkCore.Database.Command[20100]
      Executing DbCommand [Parameters=[@p4='?' (DbType = Int32), @p0='?' (DbType = Double), @p1='?' (DbType = Double), @p2='?' (DbType = Double), @p3='?' (DbType = Double)], CommandType='Text', CommandTimeout='120']
      SET NOCOUNT ON;
      UPDATE [BillTables] SET [ActualAmount] = @p0, [Gst] = @p1, [PaymentReceived] = @p2, [Tds] = @p3
      WHERE [BillID] = @p4;
      SELECT @@ROWCOUNT;
info: Microsoft.EntityFrameworkCore.Database.Command[20101]
      Executed DbCommand (46ms) [Parameters=[@p4='?' (DbType = Int32), @p0='?' (DbType = Double), @p1='?' (DbType = Double), @p2='?' (DbType = Double), @p3='?' (DbType = Double)], CommandType='Text', CommandTimeout='120']
      SET NOCOUNT ON;
      UPDATE [BillTables] SET [ActualAmount] = @p0, [Gst] = @p1, [PaymentReceived] = @p2, [Tds] = @p3
      WHERE [BillID] = @p4;
      SELECT @@ROWCOUNT;
dbug: Microsoft.EntityFrameworkCore.Database.Command[20300]
      A data reader was disposed.
dbug: Microsoft.EntityFrameworkCore.Database.Command[20103]
      Creating DbCommand for 'ExecuteReader'.
dbug: Microsoft.EntityFrameworkCore.Database.Command[20104]
      Created DbCommand for 'ExecuteReader' (2ms).
dbug: Microsoft.EntityFrameworkCore.Database.Command[20100]
      Executing DbCommand [Parameters=[@p0='?' (Size = 4000), @p1='?' (DbType = Int32), @p2='?' (DbType = DateTime2), @p3='?' (DbType = Double)], CommandType='Text', CommandTimeout='120']
      SET NOCOUNT ON;
      INSERT INTO [PaymentTables] ([DocNumber], [FID], [PayRecDate], [Shortage])
      VALUES (@p0, @p1, @p2, @p3);
      SELECT [PId]
      FROM [PaymentTables]
      WHERE @@ROWCOUNT = 1 AND [PId] = scope_identity();
info: Microsoft.EntityFrameworkCore.Database.Command[20101]
      Executed DbCommand (5ms) [Parameters=[@p0='?' (Size = 4000), @p1='?' (DbType = Int32), @p2='?' (DbType = DateTime2), @p3='?' (DbType = Double)], CommandType='Text', CommandTimeout='120']
      SET NOCOUNT ON;
      INSERT INTO [PaymentTables] ([DocNumber], [FID], [PayRecDate], [Shortage])
      VALUES (@p0, @p1, @p2, @p3);
      SELECT [PId]
      FROM [PaymentTables]
      WHERE @@ROWCOUNT = 1 AND [PId] = scope_identity();
dbug: Microsoft.EntityFrameworkCore.ChangeTracking[10803]
      The foreign key property 'PaymentTable.PId' was detected as changed. Consider using 'DbContextOptionsBuilder.EnableSensitiveDataLogging' to see property values.
dbug: Microsoft.EntityFrameworkCore.Database.Command[20300]
      A data reader was disposed.
dbug: Microsoft.EntityFrameworkCore.Database.Transaction[20210]
      Committing transaction.
dbug: Microsoft.EntityFrameworkCore.Database.Transaction[20202]
      Committed transaction.
dbug: Microsoft.EntityFrameworkCore.Database.Connection[20002]
      Closing connection to database 'FinalDb' on server 'MUSAKHAN\SQLEXPRESS'.
dbug: Microsoft.EntityFrameworkCore.Database.Connection[20003]
      Closed connection to database 'FinalDb' on server 'MUSAKHAN\SQLEXPRESS'.
dbug: Microsoft.EntityFrameworkCore.Database.Transaction[20204]
      Disposing transaction.
dbug: Microsoft.EntityFrameworkCore.ChangeTracking[10807]
      An entity of type 'PaymentTable' tracked by 'TransportMgmtContext' changed state from 'Added' to 'Unchanged'. Consider using 'DbContextOptionsBuilder.EnableSensitiveDataLogging' to see key values.
dbug: Microsoft.EntityFrameworkCore.ChangeTracking[10807]
      An entity of type 'BillTable' tracked by 'TransportMgmtContext' changed state from 'Modified' to 'Unchanged'. Consider using 'DbContextOptionsBuilder.EnableSensitiveDataLogging' to see key values.
dbug: Microsoft.EntityFrameworkCore.Update[10005]
      SaveChanges completed for 'TransportMgmtContext' with 2 entities written to the database.
dbug: Microsoft.EntityFrameworkCore.Database.Command[20103]
      Creating DbCommand for 'ExecuteReader'.
dbug: Microsoft.EntityFrameworkCore.Database.Command[20104]
      Created DbCommand for 'ExecuteReader' (1ms).
dbug: Microsoft.EntityFrameworkCore.Database.Connection[20000]
      Opening connection to database 'FinalDb' on server 'MUSAKHAN\SQLEXPRESS'.
dbug: Microsoft.EntityFrameworkCore.Database.Connection[20001]
      Opened connection to database 'FinalDb' on server 'MUSAKHAN\SQLEXPRESS'.
dbug: Microsoft.EntityFrameworkCore.Database.Command[20100]
      Executing DbCommand [Parameters=[@__billNumber_0='?' (Size = 4000)], CommandType='Text', CommandTimeout='120']
      SELECT TOP(1) [b].[BillID], [b].[ActualAmount], [b].[BillDate], [b].[BillNum], [b].[BillType], [b].[FID], [b].[Gst], [b].[GstDate], [b].[PId], [b].[PartyName], [b].[PaymentReceived], [b].[PaymentTablePId], [b].[Tds], [b].[TotalValue]
      FROM [BillTables] AS [b]
      WHERE [b].[BillNum] = @__billNumber_0
info: Microsoft.EntityFrameworkCore.Database.Command[20101]
      Executed DbCommand (4ms) [Parameters=[@__billNumber_0='?' (Size = 4000)], CommandType='Text', CommandTimeout='120']
      SELECT TOP(1) [b].[BillID], [b].[ActualAmount], [b].[BillDate], [b].[BillNum], [b].[BillType], [b].[FID], [b].[Gst], [b].[GstDate], [b].[PId], [b].[PartyName], [b].[PaymentReceived], [b].[PaymentTablePId], [b].[Tds], [b].[TotalValue]
      FROM [BillTables] AS [b]
      WHERE [b].[BillNum] = @__billNumber_0
dbug: Microsoft.EntityFrameworkCore.ChangeTracking[10806]
      Context 'TransportMgmtContext' started tracking 'BillTable' entity. Consider using 'DbContextOptionsBuilder.EnableSensitiveDataLogging' to see key values.
dbug: Microsoft.EntityFrameworkCore.Database.Command[20300]
      A data reader was disposed.
dbug: Microsoft.EntityFrameworkCore.Database.Connection[20002]
      Closing connection to database 'FinalDb' on server 'MUSAKHAN\SQLEXPRESS'.
dbug: Microsoft.EntityFrameworkCore.Database.Connection[20003]
      Closed connection to database 'FinalDb' on server 'MUSAKHAN\SQLEXPRESS'.
dbug: Microsoft.EntityFrameworkCore.Database.Command[20103]
      Creating DbCommand for 'ExecuteReader'.
dbug: Microsoft.EntityFrameworkCore.Database.Command[20104]
      Created DbCommand for 'ExecuteReader' (2ms).
dbug: Microsoft.EntityFrameworkCore.Database.Connection[20000]
      Opening connection to database 'FinalDb' on server 'MUSAKHAN\SQLEXPRESS'.
dbug: Microsoft.EntityFrameworkCore.Database.Connection[20001]
      Opened connection to database 'FinalDb' on server 'MUSAKHAN\SQLEXPRESS'.
dbug: Microsoft.EntityFrameworkCore.Database.Command[20100]
      Executing DbCommand [Parameters=[@__billNumber_0='?' (Size = 4000)], CommandType='Text', CommandTimeout='120']
      SELECT TOP(1) [b].[BillID], [b].[ActualAmount], [b].[BillDate], [b].[BillNum], [b].[BillType], [b].[FID], [b].[Gst], [b].[GstDate], [b].[PId], [b].[PartyName], [b].[PaymentReceived], [b].[PaymentTablePId], [b].[Tds], [b].[TotalValue]
      FROM [BillTables] AS [b]
      WHERE [b].[BillNum] = @__billNumber_0
info: Microsoft.EntityFrameworkCore.Database.Command[20101]
      Executed DbCommand (3ms) [Parameters=[@__billNumber_0='?' (Size = 4000)], CommandType='Text', CommandTimeout='120']
      SELECT TOP(1) [b].[BillID], [b].[ActualAmount], [b].[BillDate], [b].[BillNum], [b].[BillType], [b].[FID], [b].[Gst], [b].[GstDate], [b].[PId], [b].[PartyName], [b].[PaymentReceived], [b].[PaymentTablePId], [b].[Tds], [b].[TotalValue]
      FROM [BillTables] AS [b]
      WHERE [b].[BillNum] = @__billNumber_0
dbug: Microsoft.EntityFrameworkCore.ChangeTracking[10806]
      Context 'TransportMgmtContext' started tracking 'BillTable' entity. Consider using 'DbContextOptionsBuilder.EnableSensitiveDataLogging' to see key values.
dbug: Microsoft.EntityFrameworkCore.Database.Command[20300]
      A data reader was disposed.
dbug: Microsoft.EntityFrameworkCore.Database.Connection[20002]
      Closing connection to database 'FinalDb' on server 'MUSAKHAN\SQLEXPRESS'.
dbug: Microsoft.EntityFrameworkCore.Database.Connection[20003]
      Closed connection to database 'FinalDb' on server 'MUSAKHAN\SQLEXPRESS'.
dbug: Microsoft.EntityFrameworkCore.Database.Command[20103]
      Creating DbCommand for 'ExecuteReader'.
dbug: Microsoft.EntityFrameworkCore.Database.Command[20104]
      Created DbCommand for 'ExecuteReader' (2ms).
dbug: Microsoft.EntityFrameworkCore.Database.Connection[20000]
      Opening connection to database 'FinalDb' on server 'MUSAKHAN\SQLEXPRESS'.
dbug: Microsoft.EntityFrameworkCore.Database.Connection[20001]
      Opened connection to database 'FinalDb' on server 'MUSAKHAN\SQLEXPRESS'.
dbug: Microsoft.EntityFrameworkCore.Database.Command[20100]
      Executing DbCommand [Parameters=[@__billNumber_0='?' (Size = 4000)], CommandType='Text', CommandTimeout='120']
      SELECT TOP(1) [b].[BillID], [b].[ActualAmount], [b].[BillDate], [b].[BillNum], [b].[BillType], [b].[FID], [b].[Gst], [b].[GstDate], [b].[PId], [b].[PartyName], [b].[PaymentReceived], [b].[PaymentTablePId], [b].[Tds], [b].[TotalValue]
      FROM [BillTables] AS [b]
      WHERE [b].[BillNum] = @__billNumber_0
info: Microsoft.EntityFrameworkCore.Database.Command[20101]
      Executed DbCommand (3ms) [Parameters=[@__billNumber_0='?' (Size = 4000)], CommandType='Text', CommandTimeout='120']
      SELECT TOP(1) [b].[BillID], [b].[ActualAmount], [b].[BillDate], [b].[BillNum], [b].[BillType], [b].[FID], [b].[Gst], [b].[GstDate], [b].[PId], [b].[PartyName], [b].[PaymentReceived], [b].[PaymentTablePId], [b].[Tds], [b].[TotalValue]
      FROM [BillTables] AS [b]
      WHERE [b].[BillNum] = @__billNumber_0
dbug: Microsoft.EntityFrameworkCore.ChangeTracking[10806]
      Context 'TransportMgmtContext' started tracking 'BillTable' entity. Consider using 'DbContextOptionsBuilder.EnableSensitiveDataLogging' to see key values.
dbug: Microsoft.EntityFrameworkCore.Database.Command[20300]
      A data reader was disposed.
dbug: Microsoft.EntityFrameworkCore.Database.Connection[20002]
      Closing connection to database 'FinalDb' on server 'MUSAKHAN\SQLEXPRESS'.
dbug: Microsoft.EntityFrameworkCore.Database.Connection[20003]
      Closed connection to database 'FinalDb' on server 'MUSAKHAN\SQLEXPRESS'.
dbug: Microsoft.EntityFrameworkCore.Database.Command[20103]
      Creating DbCommand for 'ExecuteReader'.
dbug: Microsoft.EntityFrameworkCore.Database.Command[20104]
      Created DbCommand for 'ExecuteReader' (2ms).
dbug: Microsoft.EntityFrameworkCore.Database.Connection[20000]
      Opening connection to database 'FinalDb' on server 'MUSAKHAN\SQLEXPRESS'.
dbug: Microsoft.EntityFrameworkCore.Database.Connection[20001]
      Opened connection to database 'FinalDb' on server 'MUSAKHAN\SQLEXPRESS'.
dbug: Microsoft.EntityFrameworkCore.Database.Command[20100]
      Executing DbCommand [Parameters=[@__billNumber_0='?' (Size = 4000)], CommandType='Text', CommandTimeout='120']
      SELECT TOP(1) [b].[BillID], [b].[ActualAmount], [b].[BillDate], [b].[BillNum], [b].[BillType], [b].[FID], [b].[Gst], [b].[GstDate], [b].[PId], [b].[PartyName], [b].[PaymentReceived], [b].[PaymentTablePId], [b].[Tds], [b].[TotalValue]
      FROM [BillTables] AS [b]
      WHERE [b].[BillNum] = @__billNumber_0
info: Microsoft.EntityFrameworkCore.Database.Command[20101]
      Executed DbCommand (7ms) [Parameters=[@__billNumber_0='?' (Size = 4000)], CommandType='Text', CommandTimeout='120']
      SELECT TOP(1) [b].[BillID], [b].[ActualAmount], [b].[BillDate], [b].[BillNum], [b].[BillType], [b].[FID], [b].[Gst], [b].[GstDate], [b].[PId], [b].[PartyName], [b].[PaymentReceived], [b].[PaymentTablePId], [b].[Tds], [b].[TotalValue]
      FROM [BillTables] AS [b]
      WHERE [b].[BillNum] = @__billNumber_0
dbug: Microsoft.EntityFrameworkCore.ChangeTracking[10806]
      Context 'TransportMgmtContext' started tracking 'BillTable' entity. Consider using 'DbContextOptionsBuilder.EnableSensitiveDataLogging' to see key values.
dbug: Microsoft.EntityFrameworkCore.Database.Command[20300]
      A data reader was disposed.
dbug: Microsoft.EntityFrameworkCore.Database.Connection[20002]
      Closing connection to database 'FinalDb' on server 'MUSAKHAN\SQLEXPRESS'.
dbug: Microsoft.EntityFrameworkCore.Database.Connection[20003]
      Closed connection to database 'FinalDb' on server 'MUSAKHAN\SQLEXPRESS'.
dbug: Microsoft.EntityFrameworkCore.Database.Command[20103]
      Creating DbCommand for 'ExecuteReader'.
dbug: Microsoft.EntityFrameworkCore.Database.Command[20104]
      Created DbCommand for 'ExecuteReader' (2ms).
dbug: Microsoft.EntityFrameworkCore.Database.Connection[20000]
      Opening connection to database 'FinalDb' on server 'MUSAKHAN\SQLEXPRESS'.
dbug: Microsoft.EntityFrameworkCore.Database.Connection[20001]
      Opened connection to database 'FinalDb' on server 'MUSAKHAN\SQLEXPRESS'.
dbug: Microsoft.EntityFrameworkCore.Database.Command[20100]
      Executing DbCommand [Parameters=[@__billNumber_0='?' (Size = 4000)], CommandType='Text', CommandTimeout='120']
      SELECT TOP(1) [b].[BillID], [b].[ActualAmount], [b].[BillDate], [b].[BillNum], [b].[BillType], [b].[FID], [b].[Gst], [b].[GstDate], [b].[PId], [b].[PartyName], [b].[PaymentReceived], [b].[PaymentTablePId], [b].[Tds], [b].[TotalValue]
      FROM [BillTables] AS [b]
      WHERE [b].[BillNum] = @__billNumber_0
info: Microsoft.EntityFrameworkCore.Database.Command[20101]
      Executed DbCommand (6ms) [Parameters=[@__billNumber_0='?' (Size = 4000)], CommandType='Text', CommandTimeout='120']
      SELECT TOP(1) [b].[BillID], [b].[ActualAmount], [b].[BillDate], [b].[BillNum], [b].[BillType], [b].[FID], [b].[Gst], [b].[GstDate], [b].[PId], [b].[PartyName], [b].[PaymentReceived], [b].[PaymentTablePId], [b].[Tds], [b].[TotalValue]
      FROM [BillTables] AS [b]
      WHERE [b].[BillNum] = @__billNumber_0
dbug: Microsoft.EntityFrameworkCore.ChangeTracking[10806]
      Context 'TransportMgmtContext' started tracking 'BillTable' entity. Consider using 'DbContextOptionsBuilder.EnableSensitiveDataLogging' to see key values.
dbug: Microsoft.EntityFrameworkCore.Database.Command[20300]
      A data reader was disposed.
dbug: Microsoft.EntityFrameworkCore.Database.Connection[20002]
      Closing connection to database 'FinalDb' on server 'MUSAKHAN\SQLEXPRESS'.
dbug: Microsoft.EntityFrameworkCore.Database.Connection[20003]
      Closed connection to database 'FinalDb' on server 'MUSAKHAN\SQLEXPRESS'.
dbug: Microsoft.EntityFrameworkCore.Database.Command[20103]
      Creating DbCommand for 'ExecuteReader'.
dbug: Microsoft.EntityFrameworkCore.Database.Command[20104]
      Created DbCommand for 'ExecuteReader' (2ms).
dbug: Microsoft.EntityFrameworkCore.Database.Connection[20000]
      Opening connection to database 'FinalDb' on server 'MUSAKHAN\SQLEXPRESS'.
dbug: Microsoft.EntityFrameworkCore.Database.Connection[20001]
      Opened connection to database 'FinalDb' on server 'MUSAKHAN\SQLEXPRESS'.
dbug: Microsoft.EntityFrameworkCore.Database.Command[20100]
      Executing DbCommand [Parameters=[@__billNumber_0='?' (Size = 4000)], CommandType='Text', CommandTimeout='120']
      SELECT TOP(1) [b].[BillID], [b].[ActualAmount], [b].[BillDate], [b].[BillNum], [b].[BillType], [b].[FID], [b].[Gst], [b].[GstDate], [b].[PId], [b].[PartyName], [b].[PaymentReceived], [b].[PaymentTablePId], [b].[Tds], [b].[TotalValue]
      FROM [BillTables] AS [b]
      WHERE [b].[BillNum] = @__billNumber_0
info: Microsoft.EntityFrameworkCore.Database.Command[20101]
      Executed DbCommand (6ms) [Parameters=[@__billNumber_0='?' (Size = 4000)], CommandType='Text', CommandTimeout='120']
      SELECT TOP(1) [b].[BillID], [b].[ActualAmount], [b].[BillDate], [b].[BillNum], [b].[BillType], [b].[FID], [b].[Gst], [b].[GstDate], [b].[PId], [b].[PartyName], [b].[PaymentReceived], [b].[PaymentTablePId], [b].[Tds], [b].[TotalValue]
      FROM [BillTables] AS [b]
      WHERE [b].[BillNum] = @__billNumber_0
dbug: Microsoft.EntityFrameworkCore.ChangeTracking[10806]
      Context 'TransportMgmtContext' started tracking 'BillTable' entity. Consider using 'DbContextOptionsBuilder.EnableSensitiveDataLogging' to see key values.
dbug: Microsoft.EntityFrameworkCore.Database.Command[20300]
      A data reader was disposed.
dbug: Microsoft.EntityFrameworkCore.Database.Connection[20002]
      Closing connection to database 'FinalDb' on server 'MUSAKHAN\SQLEXPRESS'.
dbug: Microsoft.EntityFrameworkCore.Database.Connection[20003]
      Closed connection to database 'FinalDb' on server 'MUSAKHAN\SQLEXPRESS'.
dbug: Microsoft.EntityFrameworkCore.Database.Command[20103]
      Creating DbCommand for 'ExecuteReader'.
dbug: Microsoft.EntityFrameworkCore.Database.Command[20104]
      Created DbCommand for 'ExecuteReader' (2ms).
dbug: Microsoft.EntityFrameworkCore.Database.Connection[20000]
      Opening connection to database 'FinalDb' on server 'MUSAKHAN\SQLEXPRESS'.
dbug: Microsoft.EntityFrameworkCore.Database.Connection[20001]
      Opened connection to database 'FinalDb' on server 'MUSAKHAN\SQLEXPRESS'.
dbug: Microsoft.EntityFrameworkCore.Database.Command[20100]
      Executing DbCommand [Parameters=[@__billNumber_0='?' (Size = 4000)], CommandType='Text', CommandTimeout='120']
      SELECT TOP(1) [b].[BillID], [b].[ActualAmount], [b].[BillDate], [b].[BillNum], [b].[BillType], [b].[FID], [b].[Gst], [b].[GstDate], [b].[PId], [b].[PartyName], [b].[PaymentReceived], [b].[PaymentTablePId], [b].[Tds], [b].[TotalValue]
      FROM [BillTables] AS [b]
      WHERE [b].[BillNum] = @__billNumber_0
info: Microsoft.EntityFrameworkCore.Database.Command[20101]
      Executed DbCommand (9ms) [Parameters=[@__billNumber_0='?' (Size = 4000)], CommandType='Text', CommandTimeout='120']
      SELECT TOP(1) [b].[BillID], [b].[ActualAmount], [b].[BillDate], [b].[BillNum], [b].[BillType], [b].[FID], [b].[Gst], [b].[GstDate], [b].[PId], [b].[PartyName], [b].[PaymentReceived], [b].[PaymentTablePId], [b].[Tds], [b].[TotalValue]
      FROM [BillTables] AS [b]
      WHERE [b].[BillNum] = @__billNumber_0
dbug: Microsoft.EntityFrameworkCore.ChangeTracking[10806]
      Context 'TransportMgmtContext' started tracking 'BillTable' entity. Consider using 'DbContextOptionsBuilder.EnableSensitiveDataLogging' to see key values.
dbug: Microsoft.EntityFrameworkCore.Database.Command[20300]
      A data reader was disposed.
dbug: Microsoft.EntityFrameworkCore.Database.Connection[20002]
      Closing connection to database 'FinalDb' on server 'MUSAKHAN\SQLEXPRESS'.
dbug: Microsoft.EntityFrameworkCore.Database.Connection[20003]
      Closed connection to database 'FinalDb' on server 'MUSAKHAN\SQLEXPRESS'.
dbug: Microsoft.EntityFrameworkCore.Database.Command[20103]
      Creating DbCommand for 'ExecuteReader'.
dbug: Microsoft.EntityFrameworkCore.Database.Command[20104]
      Created DbCommand for 'ExecuteReader' (2ms).
dbug: Microsoft.EntityFrameworkCore.Database.Connection[20000]
      Opening connection to database 'FinalDb' on server 'MUSAKHAN\SQLEXPRESS'.
dbug: Microsoft.EntityFrameworkCore.Database.Connection[20001]
      Opened connection to database 'FinalDb' on server 'MUSAKHAN\SQLEXPRESS'.
dbug: Microsoft.EntityFrameworkCore.Database.Command[20100]
      Executing DbCommand [Parameters=[@__billNumber_0='?' (Size = 4000)], CommandType='Text', CommandTimeout='120']
      SELECT TOP(1) [b].[BillID], [b].[ActualAmount], [b].[BillDate], [b].[BillNum], [b].[BillType], [b].[FID], [b].[Gst], [b].[GstDate], [b].[PId], [b].[PartyName], [b].[PaymentReceived], [b].[PaymentTablePId], [b].[Tds], [b].[TotalValue]
      FROM [BillTables] AS [b]
      WHERE [b].[BillNum] = @__billNumber_0
info: Microsoft.EntityFrameworkCore.Database.Command[20101]
      Executed DbCommand (6ms) [Parameters=[@__billNumber_0='?' (Size = 4000)], CommandType='Text', CommandTimeout='120']
      SELECT TOP(1) [b].[BillID], [b].[ActualAmount], [b].[BillDate], [b].[BillNum], [b].[BillType], [b].[FID], [b].[Gst], [b].[GstDate], [b].[PId], [b].[PartyName], [b].[PaymentReceived], [b].[PaymentTablePId], [b].[Tds], [b].[TotalValue]
      FROM [BillTables] AS [b]
      WHERE [b].[BillNum] = @__billNumber_0
dbug: Microsoft.EntityFrameworkCore.ChangeTracking[10806]
      Context 'TransportMgmtContext' started tracking 'BillTable' entity. Consider using 'DbContextOptionsBuilder.EnableSensitiveDataLogging' to see key values.
dbug: Microsoft.EntityFrameworkCore.Database.Command[20300]
      A data reader was disposed.
dbug: Microsoft.EntityFrameworkCore.Database.Connection[20002]
      Closing connection to database 'FinalDb' on server 'MUSAKHAN\SQLEXPRESS'.
dbug: Microsoft.EntityFrameworkCore.Database.Connection[20003]
      Closed connection to database 'FinalDb' on server 'MUSAKHAN\SQLEXPRESS'.
dbug: Microsoft.EntityFrameworkCore.Database.Command[20103]
      Creating DbCommand for 'ExecuteReader'.
dbug: Microsoft.EntityFrameworkCore.Database.Command[20104]
      Created DbCommand for 'ExecuteReader' (2ms).
dbug: Microsoft.EntityFrameworkCore.Database.Connection[20000]
      Opening connection to database 'FinalDb' on server 'MUSAKHAN\SQLEXPRESS'.
dbug: Microsoft.EntityFrameworkCore.Database.Connection[20001]
      Opened connection to database 'FinalDb' on server 'MUSAKHAN\SQLEXPRESS'.
dbug: Microsoft.EntityFrameworkCore.Database.Command[20100]
      Executing DbCommand [Parameters=[@__billNumber_0='?' (Size = 4000)], CommandType='Text', CommandTimeout='120']
      SELECT TOP(1) [b].[BillID], [b].[ActualAmount], [b].[BillDate], [b].[BillNum], [b].[BillType], [b].[FID], [b].[Gst], [b].[GstDate], [b].[PId], [b].[PartyName], [b].[PaymentReceived], [b].[PaymentTablePId], [b].[Tds], [b].[TotalValue]
      FROM [BillTables] AS [b]
      WHERE [b].[BillNum] = @__billNumber_0
info: Microsoft.EntityFrameworkCore.Database.Command[20101]
      Executed DbCommand (6ms) [Parameters=[@__billNumber_0='?' (Size = 4000)], CommandType='Text', CommandTimeout='120']
      SELECT TOP(1) [b].[BillID], [b].[ActualAmount], [b].[BillDate], [b].[BillNum], [b].[BillType], [b].[FID], [b].[Gst], [b].[GstDate], [b].[PId], [b].[PartyName], [b].[PaymentReceived], [b].[PaymentTablePId], [b].[Tds], [b].[TotalValue]
      FROM [BillTables] AS [b]
      WHERE [b].[BillNum] = @__billNumber_0
dbug: Microsoft.EntityFrameworkCore.ChangeTracking[10806]
      Context 'TransportMgmtContext' started tracking 'BillTable' entity. Consider using 'DbContextOptionsBuilder.EnableSensitiveDataLogging' to see key values.
dbug: Microsoft.EntityFrameworkCore.Database.Command[20300]
      A data reader was disposed.
dbug: Microsoft.EntityFrameworkCore.Database.Connection[20002]
      Closing connection to database 'FinalDb' on server 'MUSAKHAN\SQLEXPRESS'.
dbug: Microsoft.EntityFrameworkCore.Database.Connection[20003]
      Closed connection to database 'FinalDb' on server 'MUSAKHAN\SQLEXPRESS'.
dbug: Microsoft.EntityFrameworkCore.Database.Command[20103]
      Creating DbCommand for 'ExecuteReader'.
dbug: Microsoft.EntityFrameworkCore.Database.Command[20104]
      Created DbCommand for 'ExecuteReader' (2ms).
dbug: Microsoft.EntityFrameworkCore.Database.Connection[20000]
      Opening connection to database 'FinalDb' on server 'MUSAKHAN\SQLEXPRESS'.
dbug: Microsoft.EntityFrameworkCore.Database.Connection[20001]
      Opened connection to database 'FinalDb' on server 'MUSAKHAN\SQLEXPRESS'.
dbug: Microsoft.EntityFrameworkCore.Database.Command[20100]
      Executing DbCommand [Parameters=[@__billNumber_0='?' (Size = 4000)], CommandType='Text', CommandTimeout='120']
      SELECT TOP(1) [b].[BillID], [b].[ActualAmount], [b].[BillDate], [b].[BillNum], [b].[BillType], [b].[FID], [b].[Gst], [b].[GstDate], [b].[PId], [b].[PartyName], [b].[PaymentReceived], [b].[PaymentTablePId], [b].[Tds], [b].[TotalValue]
      FROM [BillTables] AS [b]
      WHERE [b].[BillNum] = @__billNumber_0
info: Microsoft.EntityFrameworkCore.Database.Command[20101]
      Executed DbCommand (4ms) [Parameters=[@__billNumber_0='?' (Size = 4000)], CommandType='Text', CommandTimeout='120']
      SELECT TOP(1) [b].[BillID], [b].[ActualAmount], [b].[BillDate], [b].[BillNum], [b].[BillType], [b].[FID], [b].[Gst], [b].[GstDate], [b].[PId], [b].[PartyName], [b].[PaymentReceived], [b].[PaymentTablePId], [b].[Tds], [b].[TotalValue]
      FROM [BillTables] AS [b]
      WHERE [b].[BillNum] = @__billNumber_0
dbug: Microsoft.EntityFrameworkCore.ChangeTracking[10806]
      Context 'TransportMgmtContext' started tracking 'BillTable' entity. Consider using 'DbContextOptionsBuilder.EnableSensitiveDataLogging' to see key values.
dbug: Microsoft.EntityFrameworkCore.Database.Command[20300]
      A data reader was disposed.
dbug: Microsoft.EntityFrameworkCore.Database.Connection[20002]
      Closing connection to database 'FinalDb' on server 'MUSAKHAN\SQLEXPRESS'.
dbug: Microsoft.EntityFrameworkCore.Database.Connection[20003]
      Closed connection to database 'FinalDb' on server 'MUSAKHAN\SQLEXPRESS'.
dbug: Microsoft.EntityFrameworkCore.Database.Command[20103]
      Creating DbCommand for 'ExecuteReader'.
dbug: Microsoft.EntityFrameworkCore.Database.Command[20104]
      Created DbCommand for 'ExecuteReader' (2ms).
dbug: Microsoft.EntityFrameworkCore.Database.Connection[20000]
      Opening connection to database 'FinalDb' on server 'MUSAKHAN\SQLEXPRESS'.
dbug: Microsoft.EntityFrameworkCore.Database.Connection[20001]
      Opened connection to database 'FinalDb' on server 'MUSAKHAN\SQLEXPRESS'.
dbug: Microsoft.EntityFrameworkCore.Database.Command[20100]
      Executing DbCommand [Parameters=[@__billNumber_0='?' (Size = 4000)], CommandType='Text', CommandTimeout='120']
      SELECT TOP(1) [b].[BillID], [b].[ActualAmount], [b].[BillDate], [b].[BillNum], [b].[BillType], [b].[FID], [b].[Gst], [b].[GstDate], [b].[PId], [b].[PartyName], [b].[PaymentReceived], [b].[PaymentTablePId], [b].[Tds], [b].[TotalValue]
      FROM [BillTables] AS [b]
      WHERE [b].[BillNum] = @__billNumber_0
info: Microsoft.EntityFrameworkCore.Database.Command[20101]
      Executed DbCommand (3ms) [Parameters=[@__billNumber_0='?' (Size = 4000)], CommandType='Text', CommandTimeout='120']
      SELECT TOP(1) [b].[BillID], [b].[ActualAmount], [b].[BillDate], [b].[BillNum], [b].[BillType], [b].[FID], [b].[Gst], [b].[GstDate], [b].[PId], [b].[PartyName], [b].[PaymentReceived], [b].[PaymentTablePId], [b].[Tds], [b].[TotalValue]
      FROM [BillTables] AS [b]
      WHERE [b].[BillNum] = @__billNumber_0
dbug: Microsoft.EntityFrameworkCore.ChangeTracking[10806]
      Context 'TransportMgmtContext' started tracking 'BillTable' entity. Consider using 'DbContextOptionsBuilder.EnableSensitiveDataLogging' to see key values.
dbug: Microsoft.EntityFrameworkCore.Database.Command[20300]
      A data reader was disposed.
dbug: Microsoft.EntityFrameworkCore.Database.Connection[20002]
      Closing connection to database 'FinalDb' on server 'MUSAKHAN\SQLEXPRESS'.
dbug: Microsoft.EntityFrameworkCore.Database.Connection[20003]
      Closed connection to database 'FinalDb' on server 'MUSAKHAN\SQLEXPRESS'.
dbug: Microsoft.EntityFrameworkCore.Database.Command[20103]
      Creating DbCommand for 'ExecuteReader'.
dbug: Microsoft.EntityFrameworkCore.Database.Command[20104]
      Created DbCommand for 'ExecuteReader' (2ms).
dbug: Microsoft.EntityFrameworkCore.Database.Connection[20000]
      Opening connection to database 'FinalDb' on server 'MUSAKHAN\SQLEXPRESS'.
dbug: Microsoft.EntityFrameworkCore.Database.Connection[20001]
      Opened connection to database 'FinalDb' on server 'MUSAKHAN\SQLEXPRESS'.
dbug: Microsoft.EntityFrameworkCore.Database.Command[20100]
      Executing DbCommand [Parameters=[@__billNumber_0='?' (Size = 4000)], CommandType='Text', CommandTimeout='120']
      SELECT TOP(1) [b].[BillID], [b].[ActualAmount], [b].[BillDate], [b].[BillNum], [b].[BillType], [b].[FID], [b].[Gst], [b].[GstDate], [b].[PId], [b].[PartyName], [b].[PaymentReceived], [b].[PaymentTablePId], [b].[Tds], [b].[TotalValue]
      FROM [BillTables] AS [b]
      WHERE [b].[BillNum] = @__billNumber_0
info: Microsoft.EntityFrameworkCore.Database.Command[20101]
      Executed DbCommand (4ms) [Parameters=[@__billNumber_0='?' (Size = 4000)], CommandType='Text', CommandTimeout='120']
      SELECT TOP(1) [b].[BillID], [b].[ActualAmount], [b].[BillDate], [b].[BillNum], [b].[BillType], [b].[FID], [b].[Gst], [b].[GstDate], [b].[PId], [b].[PartyName], [b].[PaymentReceived], [b].[PaymentTablePId], [b].[Tds], [b].[TotalValue]
      FROM [BillTables] AS [b]
      WHERE [b].[BillNum] = @__billNumber_0
dbug: Microsoft.EntityFrameworkCore.ChangeTracking[10806]
      Context 'TransportMgmtContext' started tracking 'BillTable' entity. Consider using 'DbContextOptionsBuilder.EnableSensitiveDataLogging' to see key values.
dbug: Microsoft.EntityFrameworkCore.Database.Command[20300]
      A data reader was disposed.
dbug: Microsoft.EntityFrameworkCore.Database.Connection[20002]
      Closing connection to database 'FinalDb' on server 'MUSAKHAN\SQLEXPRESS'.
dbug: Microsoft.EntityFrameworkCore.Database.Connection[20003]
      Closed connection to database 'FinalDb' on server 'MUSAKHAN\SQLEXPRESS'.
dbug: Microsoft.EntityFrameworkCore.Database.Command[20103]
      Creating DbCommand for 'ExecuteReader'.
dbug: Microsoft.EntityFrameworkCore.Database.Command[20104]
      Created DbCommand for 'ExecuteReader' (3ms).
dbug: Microsoft.EntityFrameworkCore.Database.Connection[20000]
      Opening connection to database 'FinalDb' on server 'MUSAKHAN\SQLEXPRESS'.
dbug: Microsoft.EntityFrameworkCore.Database.Connection[20001]
      Opened connection to database 'FinalDb' on server 'MUSAKHAN\SQLEXPRESS'.
dbug: Microsoft.EntityFrameworkCore.Database.Command[20100]
      Executing DbCommand [Parameters=[@__billNumber_0='?' (Size = 4000)], CommandType='Text', CommandTimeout='120']
      SELECT TOP(1) [b].[BillID], [b].[ActualAmount], [b].[BillDate], [b].[BillNum], [b].[BillType], [b].[FID], [b].[Gst], [b].[GstDate], [b].[PId], [b].[PartyName], [b].[PaymentReceived], [b].[PaymentTablePId], [b].[Tds], [b].[TotalValue]
      FROM [BillTables] AS [b]
      WHERE [b].[BillNum] = @__billNumber_0
info: Microsoft.EntityFrameworkCore.Database.Command[20101]
      Executed DbCommand (10ms) [Parameters=[@__billNumber_0='?' (Size = 4000)], CommandType='Text', CommandTimeout='120']
      SELECT TOP(1) [b].[BillID], [b].[ActualAmount], [b].[BillDate], [b].[BillNum], [b].[BillType], [b].[FID], [b].[Gst], [b].[GstDate], [b].[PId], [b].[PartyName], [b].[PaymentReceived], [b].[PaymentTablePId], [b].[Tds], [b].[TotalValue]
      FROM [BillTables] AS [b]
      WHERE [b].[BillNum] = @__billNumber_0
dbug: Microsoft.EntityFrameworkCore.ChangeTracking[10806]
      Context 'TransportMgmtContext' started tracking 'BillTable' entity. Consider using 'DbContextOptionsBuilder.EnableSensitiveDataLogging' to see key values.
dbug: Microsoft.EntityFrameworkCore.Database.Command[20300]
      A data reader was disposed.
dbug: Microsoft.EntityFrameworkCore.Database.Connection[20002]
      Closing connection to database 'FinalDb' on server 'MUSAKHAN\SQLEXPRESS'.
dbug: Microsoft.EntityFrameworkCore.Database.Connection[20003]
      Closed connection to database 'FinalDb' on server 'MUSAKHAN\SQLEXPRESS'.
dbug: Microsoft.EntityFrameworkCore.Database.Command[20103]
      Creating DbCommand for 'ExecuteReader'.
dbug: Microsoft.EntityFrameworkCore.Database.Command[20104]
      Created DbCommand for 'ExecuteReader' (4ms).
dbug: Microsoft.EntityFrameworkCore.Database.Connection[20000]
      Opening connection to database 'FinalDb' on server 'MUSAKHAN\SQLEXPRESS'.
dbug: Microsoft.EntityFrameworkCore.Database.Connection[20001]
      Opened connection to database 'FinalDb' on server 'MUSAKHAN\SQLEXPRESS'.
dbug: Microsoft.EntityFrameworkCore.Database.Command[20100]
      Executing DbCommand [Parameters=[@__billNumber_0='?' (Size = 4000)], CommandType='Text', CommandTimeout='120']
      SELECT TOP(1) [b].[BillID], [b].[ActualAmount], [b].[BillDate], [b].[BillNum], [b].[BillType], [b].[FID], [b].[Gst], [b].[GstDate], [b].[PId], [b].[PartyName], [b].[PaymentReceived], [b].[PaymentTablePId], [b].[Tds], [b].[TotalValue]
      FROM [BillTables] AS [b]
      WHERE [b].[BillNum] = @__billNumber_0
info: Microsoft.EntityFrameworkCore.Database.Command[20101]
      Executed DbCommand (22ms) [Parameters=[@__billNumber_0='?' (Size = 4000)], CommandType='Text', CommandTimeout='120']
      SELECT TOP(1) [b].[BillID], [b].[ActualAmount], [b].[BillDate], [b].[BillNum], [b].[BillType], [b].[FID], [b].[Gst], [b].[GstDate], [b].[PId], [b].[PartyName], [b].[PaymentReceived], [b].[PaymentTablePId], [b].[Tds], [b].[TotalValue]
      FROM [BillTables] AS [b]
      WHERE [b].[BillNum] = @__billNumber_0
dbug: Microsoft.EntityFrameworkCore.ChangeTracking[10806]
      Context 'TransportMgmtContext' started tracking 'BillTable' entity. Consider using 'DbContextOptionsBuilder.EnableSensitiveDataLogging' to see key values.
dbug: Microsoft.EntityFrameworkCore.Database.Command[20300]
      A data reader was disposed.
dbug: Microsoft.EntityFrameworkCore.Database.Connection[20002]
      Closing connection to database 'FinalDb' on server 'MUSAKHAN\SQLEXPRESS'.
dbug: Microsoft.EntityFrameworkCore.Database.Connection[20003]
      Closed connection to database 'FinalDb' on server 'MUSAKHAN\SQLEXPRESS'.
dbug: Microsoft.EntityFrameworkCore.Database.Command[20103]
      Creating DbCommand for 'ExecuteReader'.
dbug: Microsoft.EntityFrameworkCore.Database.Command[20104]
      Created DbCommand for 'ExecuteReader' (2ms).
dbug: Microsoft.EntityFrameworkCore.Database.Connection[20000]
      Opening connection to database 'FinalDb' on server 'MUSAKHAN\SQLEXPRESS'.
dbug: Microsoft.EntityFrameworkCore.Database.Connection[20001]
      Opened connection to database 'FinalDb' on server 'MUSAKHAN\SQLEXPRESS'.
dbug: Microsoft.EntityFrameworkCore.Database.Command[20100]
      Executing DbCommand [Parameters=[@__billNumber_0='?' (Size = 4000)], CommandType='Text', CommandTimeout='120']
      SELECT TOP(1) [b].[BillID], [b].[ActualAmount], [b].[BillDate], [b].[BillNum], [b].[BillType], [b].[FID], [b].[Gst], [b].[GstDate], [b].[PId], [b].[PartyName], [b].[PaymentReceived], [b].[PaymentTablePId], [b].[Tds], [b].[TotalValue]
      FROM [BillTables] AS [b]
      WHERE [b].[BillNum] = @__billNumber_0
info: Microsoft.EntityFrameworkCore.Database.Command[20101]
      Executed DbCommand (7ms) [Parameters=[@__billNumber_0='?' (Size = 4000)], CommandType='Text', CommandTimeout='120']
      SELECT TOP(1) [b].[BillID], [b].[ActualAmount], [b].[BillDate], [b].[BillNum], [b].[BillType], [b].[FID], [b].[Gst], [b].[GstDate], [b].[PId], [b].[PartyName], [b].[PaymentReceived], [b].[PaymentTablePId], [b].[Tds], [b].[TotalValue]
      FROM [BillTables] AS [b]
      WHERE [b].[BillNum] = @__billNumber_0
dbug: Microsoft.EntityFrameworkCore.ChangeTracking[10806]
      Context 'TransportMgmtContext' started tracking 'BillTable' entity. Consider using 'DbContextOptionsBuilder.EnableSensitiveDataLogging' to see key values.
dbug: Microsoft.EntityFrameworkCore.Database.Command[20300]
      A data reader was disposed.
dbug: Microsoft.EntityFrameworkCore.Database.Connection[20002]
      Closing connection to database 'FinalDb' on server 'MUSAKHAN\SQLEXPRESS'.
dbug: Microsoft.EntityFrameworkCore.Database.Connection[20003]
      Closed connection to database 'FinalDb' on server 'MUSAKHAN\SQLEXPRESS'.
dbug: Microsoft.EntityFrameworkCore.Database.Command[20103]
      Creating DbCommand for 'ExecuteReader'.
dbug: Microsoft.EntityFrameworkCore.Database.Command[20104]
      Created DbCommand for 'ExecuteReader' (7ms).
dbug: Microsoft.EntityFrameworkCore.Database.Connection[20000]
      Opening connection to database 'FinalDb' on server 'MUSAKHAN\SQLEXPRESS'.
dbug: Microsoft.EntityFrameworkCore.Database.Connection[20001]
      Opened connection to database 'FinalDb' on server 'MUSAKHAN\SQLEXPRESS'.
dbug: Microsoft.EntityFrameworkCore.Database.Command[20100]
      Executing DbCommand [Parameters=[@__billNumber_0='?' (Size = 4000)], CommandType='Text', CommandTimeout='120']
      SELECT TOP(1) [b].[BillID], [b].[ActualAmount], [b].[BillDate], [b].[BillNum], [b].[BillType], [b].[FID], [b].[Gst], [b].[GstDate], [b].[PId], [b].[PartyName], [b].[PaymentReceived], [b].[PaymentTablePId], [b].[Tds], [b].[TotalValue]
      FROM [BillTables] AS [b]
      WHERE [b].[BillNum] = @__billNumber_0
info: Microsoft.EntityFrameworkCore.Database.Command[20101]
      Executed DbCommand (9ms) [Parameters=[@__billNumber_0='?' (Size = 4000)], CommandType='Text', CommandTimeout='120']
      SELECT TOP(1) [b].[BillID], [b].[ActualAmount], [b].[BillDate], [b].[BillNum], [b].[BillType], [b].[FID], [b].[Gst], [b].[GstDate], [b].[PId], [b].[PartyName], [b].[PaymentReceived], [b].[PaymentTablePId], [b].[Tds], [b].[TotalValue]
      FROM [BillTables] AS [b]
      WHERE [b].[BillNum] = @__billNumber_0
dbug: Microsoft.EntityFrameworkCore.ChangeTracking[10806]
      Context 'TransportMgmtContext' started tracking 'BillTable' entity. Consider using 'DbContextOptionsBuilder.EnableSensitiveDataLogging' to see key values.
dbug: Microsoft.EntityFrameworkCore.Database.Command[20300]
      A data reader was disposed.
dbug: Microsoft.EntityFrameworkCore.Database.Connection[20002]
      Closing connection to database 'FinalDb' on server 'MUSAKHAN\SQLEXPRESS'.
dbug: Microsoft.EntityFrameworkCore.Database.Connection[20003]
      Closed connection to database 'FinalDb' on server 'MUSAKHAN\SQLEXPRESS'.
dbug: Microsoft.EntityFrameworkCore.Database.Command[20103]
      Creating DbCommand for 'ExecuteReader'.
dbug: Microsoft.EntityFrameworkCore.Database.Command[20104]
      Created DbCommand for 'ExecuteReader' (2ms).
dbug: Microsoft.EntityFrameworkCore.Database.Connection[20000]
      Opening connection to database 'FinalDb' on server 'MUSAKHAN\SQLEXPRESS'.
dbug: Microsoft.EntityFrameworkCore.Database.Connection[20001]
      Opened connection to database 'FinalDb' on server 'MUSAKHAN\SQLEXPRESS'.
dbug: Microsoft.EntityFrameworkCore.Database.Command[20100]
      Executing DbCommand [Parameters=[@__billNumber_0='?' (Size = 4000)], CommandType='Text', CommandTimeout='120']
      SELECT TOP(1) [b].[BillID], [b].[ActualAmount], [b].[BillDate], [b].[BillNum], [b].[BillType], [b].[FID], [b].[Gst], [b].[GstDate], [b].[PId], [b].[PartyName], [b].[PaymentReceived], [b].[PaymentTablePId], [b].[Tds], [b].[TotalValue]
      FROM [BillTables] AS [b]
      WHERE [b].[BillNum] = @__billNumber_0
info: Microsoft.EntityFrameworkCore.Database.Command[20101]
      Executed DbCommand (5ms) [Parameters=[@__billNumber_0='?' (Size = 4000)], CommandType='Text', CommandTimeout='120']
      SELECT TOP(1) [b].[BillID], [b].[ActualAmount], [b].[BillDate], [b].[BillNum], [b].[BillType], [b].[FID], [b].[Gst], [b].[GstDate], [b].[PId], [b].[PartyName], [b].[PaymentReceived], [b].[PaymentTablePId], [b].[Tds], [b].[TotalValue]
      FROM [BillTables] AS [b]
      WHERE [b].[BillNum] = @__billNumber_0
dbug: Microsoft.EntityFrameworkCore.ChangeTracking[10806]
      Context 'TransportMgmtContext' started tracking 'BillTable' entity. Consider using 'DbContextOptionsBuilder.EnableSensitiveDataLogging' to see key values.
dbug: Microsoft.EntityFrameworkCore.Database.Command[20300]
      A data reader was disposed.
dbug: Microsoft.EntityFrameworkCore.Database.Connection[20002]
      Closing connection to database 'FinalDb' on server 'MUSAKHAN\SQLEXPRESS'.
dbug: Microsoft.EntityFrameworkCore.Database.Connection[20003]
      Closed connection to database 'FinalDb' on server 'MUSAKHAN\SQLEXPRESS'.
dbug: Microsoft.EntityFrameworkCore.Database.Command[20103]
      Creating DbCommand for 'ExecuteReader'.
dbug: Microsoft.EntityFrameworkCore.Database.Command[20104]
      Created DbCommand for 'ExecuteReader' (3ms).
dbug: Microsoft.EntityFrameworkCore.Database.Connection[20000]
      Opening connection to database 'FinalDb' on server 'MUSAKHAN\SQLEXPRESS'.
dbug: Microsoft.EntityFrameworkCore.Database.Connection[20001]
      Opened connection to database 'FinalDb' on server 'MUSAKHAN\SQLEXPRESS'.
dbug: Microsoft.EntityFrameworkCore.Database.Command[20100]
      Executing DbCommand [Parameters=[@__billNumber_0='?' (Size = 4000)], CommandType='Text', CommandTimeout='120']
      SELECT TOP(1) [b].[BillID], [b].[ActualAmount], [b].[BillDate], [b].[BillNum], [b].[BillType], [b].[FID], [b].[Gst], [b].[GstDate], [b].[PId], [b].[PartyName], [b].[PaymentReceived], [b].[PaymentTablePId], [b].[Tds], [b].[TotalValue]
      FROM [BillTables] AS [b]
      WHERE [b].[BillNum] = @__billNumber_0
info: Microsoft.EntityFrameworkCore.Database.Command[20101]
      Executed DbCommand (4ms) [Parameters=[@__billNumber_0='?' (Size = 4000)], CommandType='Text', CommandTimeout='120']
      SELECT TOP(1) [b].[BillID], [b].[ActualAmount], [b].[BillDate], [b].[BillNum], [b].[BillType], [b].[FID], [b].[Gst], [b].[GstDate], [b].[PId], [b].[PartyName], [b].[PaymentReceived], [b].[PaymentTablePId], [b].[Tds], [b].[TotalValue]
      FROM [BillTables] AS [b]
      WHERE [b].[BillNum] = @__billNumber_0
dbug: Microsoft.EntityFrameworkCore.ChangeTracking[10806]
      Context 'TransportMgmtContext' started tracking 'BillTable' entity. Consider using 'DbContextOptionsBuilder.EnableSensitiveDataLogging' to see key values.
dbug: Microsoft.EntityFrameworkCore.Database.Command[20300]
      A data reader was disposed.
dbug: Microsoft.EntityFrameworkCore.Database.Connection[20002]
      Closing connection to database 'FinalDb' on server 'MUSAKHAN\SQLEXPRESS'.
dbug: Microsoft.EntityFrameworkCore.Database.Connection[20003]
      Closed connection to database 'FinalDb' on server 'MUSAKHAN\SQLEXPRESS'.
dbug: Microsoft.EntityFrameworkCore.Database.Command[20103]
      Creating DbCommand for 'ExecuteReader'.
dbug: Microsoft.EntityFrameworkCore.Database.Command[20104]
      Created DbCommand for 'ExecuteReader' (2ms).
dbug: Microsoft.EntityFrameworkCore.Database.Connection[20000]
      Opening connection to database 'FinalDb' on server 'MUSAKHAN\SQLEXPRESS'.
dbug: Microsoft.EntityFrameworkCore.Database.Connection[20001]
      Opened connection to database 'FinalDb' on server 'MUSAKHAN\SQLEXPRESS'.
dbug: Microsoft.EntityFrameworkCore.Database.Command[20100]
      Executing DbCommand [Parameters=[@__billNumber_0='?' (Size = 4000)], CommandType='Text', CommandTimeout='120']
      SELECT TOP(1) [b].[BillID], [b].[ActualAmount], [b].[BillDate], [b].[BillNum], [b].[BillType], [b].[FID], [b].[Gst], [b].[GstDate], [b].[PId], [b].[PartyName], [b].[PaymentReceived], [b].[PaymentTablePId], [b].[Tds], [b].[TotalValue]
      FROM [BillTables] AS [b]
      WHERE [b].[BillNum] = @__billNumber_0
info: Microsoft.EntityFrameworkCore.Database.Command[20101]
      Executed DbCommand (6ms) [Parameters=[@__billNumber_0='?' (Size = 4000)], CommandType='Text', CommandTimeout='120']
      SELECT TOP(1) [b].[BillID], [b].[ActualAmount], [b].[BillDate], [b].[BillNum], [b].[BillType], [b].[FID], [b].[Gst], [b].[GstDate], [b].[PId], [b].[PartyName], [b].[PaymentReceived], [b].[PaymentTablePId], [b].[Tds], [b].[TotalValue]
      FROM [BillTables] AS [b]
      WHERE [b].[BillNum] = @__billNumber_0
dbug: Microsoft.EntityFrameworkCore.ChangeTracking[10806]
      Context 'TransportMgmtContext' started tracking 'BillTable' entity. Consider using 'DbContextOptionsBuilder.EnableSensitiveDataLogging' to see key values.
dbug: Microsoft.EntityFrameworkCore.Database.Command[20300]
      A data reader was disposed.
dbug: Microsoft.EntityFrameworkCore.Database.Connection[20002]
      Closing connection to database 'FinalDb' on server 'MUSAKHAN\SQLEXPRESS'.
dbug: Microsoft.EntityFrameworkCore.Database.Connection[20003]
      Closed connection to database 'FinalDb' on server 'MUSAKHAN\SQLEXPRESS'.
dbug: Microsoft.EntityFrameworkCore.Database.Command[20103]
      Creating DbCommand for 'ExecuteReader'.
dbug: Microsoft.EntityFrameworkCore.Database.Command[20104]
      Created DbCommand for 'ExecuteReader' (2ms).
dbug: Microsoft.EntityFrameworkCore.Database.Connection[20000]
      Opening connection to database 'FinalDb' on server 'MUSAKHAN\SQLEXPRESS'.
dbug: Microsoft.EntityFrameworkCore.Database.Connection[20001]
      Opened connection to database 'FinalDb' on server 'MUSAKHAN\SQLEXPRESS'.
dbug: Microsoft.EntityFrameworkCore.Database.Command[20100]
      Executing DbCommand [Parameters=[@__billNumber_0='?' (Size = 4000)], CommandType='Text', CommandTimeout='120']
      SELECT TOP(1) [b].[BillID], [b].[ActualAmount], [b].[BillDate], [b].[BillNum], [b].[BillType], [b].[FID], [b].[Gst], [b].[GstDate], [b].[PId], [b].[PartyName], [b].[PaymentReceived], [b].[PaymentTablePId], [b].[Tds], [b].[TotalValue]
      FROM [BillTables] AS [b]
      WHERE [b].[BillNum] = @__billNumber_0
info: Microsoft.EntityFrameworkCore.Database.Command[20101]
      Executed DbCommand (7ms) [Parameters=[@__billNumber_0='?' (Size = 4000)], CommandType='Text', CommandTimeout='120']
      SELECT TOP(1) [b].[BillID], [b].[ActualAmount], [b].[BillDate], [b].[BillNum], [b].[BillType], [b].[FID], [b].[Gst], [b].[GstDate], [b].[PId], [b].[PartyName], [b].[PaymentReceived], [b].[PaymentTablePId], [b].[Tds], [b].[TotalValue]
      FROM [BillTables] AS [b]
      WHERE [b].[BillNum] = @__billNumber_0
dbug: Microsoft.EntityFrameworkCore.ChangeTracking[10806]
      Context 'TransportMgmtContext' started tracking 'BillTable' entity. Consider using 'DbContextOptionsBuilder.EnableSensitiveDataLogging' to see key values.
dbug: Microsoft.EntityFrameworkCore.Database.Command[20300]
      A data reader was disposed.
dbug: Microsoft.EntityFrameworkCore.Database.Connection[20002]
      Closing connection to database 'FinalDb' on server 'MUSAKHAN\SQLEXPRESS'.
dbug: Microsoft.EntityFrameworkCore.Database.Connection[20003]
      Closed connection to database 'FinalDb' on server 'MUSAKHAN\SQLEXPRESS'.
dbug: Microsoft.EntityFrameworkCore.Database.Command[20103]
      Creating DbCommand for 'ExecuteReader'.
dbug: Microsoft.EntityFrameworkCore.Database.Command[20104]
      Created DbCommand for 'ExecuteReader' (2ms).
dbug: Microsoft.EntityFrameworkCore.Database.Connection[20000]
      Opening connection to database 'FinalDb' on server 'MUSAKHAN\SQLEXPRESS'.
dbug: Microsoft.EntityFrameworkCore.Database.Connection[20001]
      Opened connection to database 'FinalDb' on server 'MUSAKHAN\SQLEXPRESS'.
dbug: Microsoft.EntityFrameworkCore.Database.Command[20100]
      Executing DbCommand [Parameters=[@__billNumber_0='?' (Size = 4000)], CommandType='Text', CommandTimeout='120']
      SELECT TOP(1) [b].[BillID], [b].[ActualAmount], [b].[BillDate], [b].[BillNum], [b].[BillType], [b].[FID], [b].[Gst], [b].[GstDate], [b].[PId], [b].[PartyName], [b].[PaymentReceived], [b].[PaymentTablePId], [b].[Tds], [b].[TotalValue]
      FROM [BillTables] AS [b]
      WHERE [b].[BillNum] = @__billNumber_0
info: Microsoft.EntityFrameworkCore.Database.Command[20101]
      Executed DbCommand (6ms) [Parameters=[@__billNumber_0='?' (Size = 4000)], CommandType='Text', CommandTimeout='120']
      SELECT TOP(1) [b].[BillID], [b].[ActualAmount], [b].[BillDate], [b].[BillNum], [b].[BillType], [b].[FID], [b].[Gst], [b].[GstDate], [b].[PId], [b].[PartyName], [b].[PaymentReceived], [b].[PaymentTablePId], [b].[Tds], [b].[TotalValue]
      FROM [BillTables] AS [b]
      WHERE [b].[BillNum] = @__billNumber_0
dbug: Microsoft.EntityFrameworkCore.ChangeTracking[10806]
      Context 'TransportMgmtContext' started tracking 'BillTable' entity. Consider using 'DbContextOptionsBuilder.EnableSensitiveDataLogging' to see key values.
dbug: Microsoft.EntityFrameworkCore.Database.Command[20300]
      A data reader was disposed.
dbug: Microsoft.EntityFrameworkCore.Database.Connection[20002]
      Closing connection to database 'FinalDb' on server 'MUSAKHAN\SQLEXPRESS'.
dbug: Microsoft.EntityFrameworkCore.Database.Connection[20003]
      Closed connection to database 'FinalDb' on server 'MUSAKHAN\SQLEXPRESS'.
dbug: Microsoft.EntityFrameworkCore.Database.Command[20103]
      Creating DbCommand for 'ExecuteReader'.
dbug: Microsoft.EntityFrameworkCore.Database.Command[20104]
      Created DbCommand for 'ExecuteReader' (2ms).
dbug: Microsoft.EntityFrameworkCore.Database.Connection[20000]
      Opening connection to database 'FinalDb' on server 'MUSAKHAN\SQLEXPRESS'.
dbug: Microsoft.EntityFrameworkCore.Database.Connection[20001]
      Opened connection to database 'FinalDb' on server 'MUSAKHAN\SQLEXPRESS'.
dbug: Microsoft.EntityFrameworkCore.Database.Command[20100]
      Executing DbCommand [Parameters=[@__billNumber_0='?' (Size = 4000)], CommandType='Text', CommandTimeout='120']
      SELECT TOP(1) [b].[BillID], [b].[ActualAmount], [b].[BillDate], [b].[BillNum], [b].[BillType], [b].[FID], [b].[Gst], [b].[GstDate], [b].[PId], [b].[PartyName], [b].[PaymentReceived], [b].[PaymentTablePId], [b].[Tds], [b].[TotalValue]
      FROM [BillTables] AS [b]
      WHERE [b].[BillNum] = @__billNumber_0
info: Microsoft.EntityFrameworkCore.Database.Command[20101]
      Executed DbCommand (7ms) [Parameters=[@__billNumber_0='?' (Size = 4000)], CommandType='Text', CommandTimeout='120']
      SELECT TOP(1) [b].[BillID], [b].[ActualAmount], [b].[BillDate], [b].[BillNum], [b].[BillType], [b].[FID], [b].[Gst], [b].[GstDate], [b].[PId], [b].[PartyName], [b].[PaymentReceived], [b].[PaymentTablePId], [b].[Tds], [b].[TotalValue]
      FROM [BillTables] AS [b]
      WHERE [b].[BillNum] = @__billNumber_0
dbug: Microsoft.EntityFrameworkCore.ChangeTracking[10806]
      Context 'TransportMgmtContext' started tracking 'BillTable' entity. Consider using 'DbContextOptionsBuilder.EnableSensitiveDataLogging' to see key values.
dbug: Microsoft.EntityFrameworkCore.Database.Command[20300]
      A data reader was disposed.
dbug: Microsoft.EntityFrameworkCore.Database.Connection[20002]
      Closing connection to database 'FinalDb' on server 'MUSAKHAN\SQLEXPRESS'.
dbug: Microsoft.EntityFrameworkCore.Database.Connection[20003]
      Closed connection to database 'FinalDb' on server 'MUSAKHAN\SQLEXPRESS'.
dbug: Microsoft.EntityFrameworkCore.Database.Command[20103]
      Creating DbCommand for 'ExecuteReader'.
dbug: Microsoft.EntityFrameworkCore.Database.Command[20104]
      Created DbCommand for 'ExecuteReader' (2ms).
dbug: Microsoft.EntityFrameworkCore.Database.Connection[20000]
      Opening connection to database 'FinalDb' on server 'MUSAKHAN\SQLEXPRESS'.
dbug: Microsoft.EntityFrameworkCore.Database.Connection[20001]
      Opened connection to database 'FinalDb' on server 'MUSAKHAN\SQLEXPRESS'.
dbug: Microsoft.EntityFrameworkCore.Database.Command[20100]
      Executing DbCommand [Parameters=[@__billNumber_0='?' (Size = 4000)], CommandType='Text', CommandTimeout='120']
      SELECT TOP(1) [b].[BillID], [b].[ActualAmount], [b].[BillDate], [b].[BillNum], [b].[BillType], [b].[FID], [b].[Gst], [b].[GstDate], [b].[PId], [b].[PartyName], [b].[PaymentReceived], [b].[PaymentTablePId], [b].[Tds], [b].[TotalValue]
      FROM [BillTables] AS [b]
      WHERE [b].[BillNum] = @__billNumber_0
info: Microsoft.EntityFrameworkCore.Database.Command[20101]
      Executed DbCommand (6ms) [Parameters=[@__billNumber_0='?' (Size = 4000)], CommandType='Text', CommandTimeout='120']
      SELECT TOP(1) [b].[BillID], [b].[ActualAmount], [b].[BillDate], [b].[BillNum], [b].[BillType], [b].[FID], [b].[Gst], [b].[GstDate], [b].[PId], [b].[PartyName], [b].[PaymentReceived], [b].[PaymentTablePId], [b].[Tds], [b].[TotalValue]
      FROM [BillTables] AS [b]
      WHERE [b].[BillNum] = @__billNumber_0
dbug: Microsoft.EntityFrameworkCore.ChangeTracking[10806]
      Context 'TransportMgmtContext' started tracking 'BillTable' entity. Consider using 'DbContextOptionsBuilder.EnableSensitiveDataLogging' to see key values.
dbug: Microsoft.EntityFrameworkCore.Database.Command[20300]
      A data reader was disposed.
dbug: Microsoft.EntityFrameworkCore.Database.Connection[20002]
      Closing connection to database 'FinalDb' on server 'MUSAKHAN\SQLEXPRESS'.
dbug: Microsoft.EntityFrameworkCore.Database.Connection[20003]
      Closed connection to database 'FinalDb' on server 'MUSAKHAN\SQLEXPRESS'.
dbug: Microsoft.EntityFrameworkCore.Database.Command[20103]
      Creating DbCommand for 'ExecuteReader'.
dbug: Microsoft.EntityFrameworkCore.Database.Command[20104]
      Created DbCommand for 'ExecuteReader' (2ms).
dbug: Microsoft.EntityFrameworkCore.Database.Connection[20000]
      Opening connection to database 'FinalDb' on server 'MUSAKHAN\SQLEXPRESS'.
dbug: Microsoft.EntityFrameworkCore.Database.Connection[20001]
      Opened connection to database 'FinalDb' on server 'MUSAKHAN\SQLEXPRESS'.
dbug: Microsoft.EntityFrameworkCore.Database.Command[20100]
      Executing DbCommand [Parameters=[@__billNumber_0='?' (Size = 4000)], CommandType='Text', CommandTimeout='120']
      SELECT TOP(1) [b].[BillID], [b].[ActualAmount], [b].[BillDate], [b].[BillNum], [b].[BillType], [b].[FID], [b].[Gst], [b].[GstDate], [b].[PId], [b].[PartyName], [b].[PaymentReceived], [b].[PaymentTablePId], [b].[Tds], [b].[TotalValue]
      FROM [BillTables] AS [b]
      WHERE [b].[BillNum] = @__billNumber_0
info: Microsoft.EntityFrameworkCore.Database.Command[20101]
      Executed DbCommand (7ms) [Parameters=[@__billNumber_0='?' (Size = 4000)], CommandType='Text', CommandTimeout='120']
      SELECT TOP(1) [b].[BillID], [b].[ActualAmount], [b].[BillDate], [b].[BillNum], [b].[BillType], [b].[FID], [b].[Gst], [b].[GstDate], [b].[PId], [b].[PartyName], [b].[PaymentReceived], [b].[PaymentTablePId], [b].[Tds], [b].[TotalValue]
      FROM [BillTables] AS [b]
      WHERE [b].[BillNum] = @__billNumber_0
dbug: Microsoft.EntityFrameworkCore.ChangeTracking[10806]
      Context 'TransportMgmtContext' started tracking 'BillTable' entity. Consider using 'DbContextOptionsBuilder.EnableSensitiveDataLogging' to see key values.
dbug: Microsoft.EntityFrameworkCore.Database.Command[20300]
      A data reader was disposed.
dbug: Microsoft.EntityFrameworkCore.Database.Connection[20002]
      Closing connection to database 'FinalDb' on server 'MUSAKHAN\SQLEXPRESS'.
dbug: Microsoft.EntityFrameworkCore.Database.Connection[20003]
      Closed connection to database 'FinalDb' on server 'MUSAKHAN\SQLEXPRESS'.
dbug: Microsoft.EntityFrameworkCore.Database.Command[20103]
      Creating DbCommand for 'ExecuteReader'.
dbug: Microsoft.EntityFrameworkCore.Database.Command[20104]
      Created DbCommand for 'ExecuteReader' (2ms).
dbug: Microsoft.EntityFrameworkCore.Database.Connection[20000]
      Opening connection to database 'FinalDb' on server 'MUSAKHAN\SQLEXPRESS'.
dbug: Microsoft.EntityFrameworkCore.Database.Connection[20001]
      Opened connection to database 'FinalDb' on server 'MUSAKHAN\SQLEXPRESS'.
dbug: Microsoft.EntityFrameworkCore.Database.Command[20100]
      Executing DbCommand [Parameters=[@__billNumber_0='?' (Size = 4000)], CommandType='Text', CommandTimeout='120']
      SELECT TOP(1) [b].[BillID], [b].[ActualAmount], [b].[BillDate], [b].[BillNum], [b].[BillType], [b].[FID], [b].[Gst], [b].[GstDate], [b].[PId], [b].[PartyName], [b].[PaymentReceived], [b].[PaymentTablePId], [b].[Tds], [b].[TotalValue]
      FROM [BillTables] AS [b]
      WHERE [b].[BillNum] = @__billNumber_0
info: Microsoft.EntityFrameworkCore.Database.Command[20101]
      Executed DbCommand (4ms) [Parameters=[@__billNumber_0='?' (Size = 4000)], CommandType='Text', CommandTimeout='120']
      SELECT TOP(1) [b].[BillID], [b].[ActualAmount], [b].[BillDate], [b].[BillNum], [b].[BillType], [b].[FID], [b].[Gst], [b].[GstDate], [b].[PId], [b].[PartyName], [b].[PaymentReceived], [b].[PaymentTablePId], [b].[Tds], [b].[TotalValue]
      FROM [BillTables] AS [b]
      WHERE [b].[BillNum] = @__billNumber_0
dbug: Microsoft.EntityFrameworkCore.ChangeTracking[10806]
      Context 'TransportMgmtContext' started tracking 'BillTable' entity. Consider using 'DbContextOptionsBuilder.EnableSensitiveDataLogging' to see key values.
dbug: Microsoft.EntityFrameworkCore.Database.Command[20300]
      A data reader was disposed.
dbug: Microsoft.EntityFrameworkCore.Database.Connection[20002]
      Closing connection to database 'FinalDb' on server 'MUSAKHAN\SQLEXPRESS'.
dbug: Microsoft.EntityFrameworkCore.Database.Connection[20003]
      Closed connection to database 'FinalDb' on server 'MUSAKHAN\SQLEXPRESS'.
dbug: Microsoft.EntityFrameworkCore.Database.Command[20103]
      Creating DbCommand for 'ExecuteReader'.
dbug: Microsoft.EntityFrameworkCore.Database.Command[20104]
      Created DbCommand for 'ExecuteReader' (2ms).
dbug: Microsoft.EntityFrameworkCore.Database.Connection[20000]
      Opening connection to database 'FinalDb' on server 'MUSAKHAN\SQLEXPRESS'.
dbug: Microsoft.EntityFrameworkCore.Database.Connection[20001]
      Opened connection to database 'FinalDb' on server 'MUSAKHAN\SQLEXPRESS'.
dbug: Microsoft.EntityFrameworkCore.Database.Command[20100]
      Executing DbCommand [Parameters=[@__billNumber_0='?' (Size = 4000)], CommandType='Text', CommandTimeout='120']
      SELECT TOP(1) [b].[BillID], [b].[ActualAmount], [b].[BillDate], [b].[BillNum], [b].[BillType], [b].[FID], [b].[Gst], [b].[GstDate], [b].[PId], [b].[PartyName], [b].[PaymentReceived], [b].[PaymentTablePId], [b].[Tds], [b].[TotalValue]
      FROM [BillTables] AS [b]
      WHERE [b].[BillNum] = @__billNumber_0
info: Microsoft.EntityFrameworkCore.Database.Command[20101]
      Executed DbCommand (4ms) [Parameters=[@__billNumber_0='?' (Size = 4000)], CommandType='Text', CommandTimeout='120']
      SELECT TOP(1) [b].[BillID], [b].[ActualAmount], [b].[BillDate], [b].[BillNum], [b].[BillType], [b].[FID], [b].[Gst], [b].[GstDate], [b].[PId], [b].[PartyName], [b].[PaymentReceived], [b].[PaymentTablePId], [b].[Tds], [b].[TotalValue]
      FROM [BillTables] AS [b]
      WHERE [b].[BillNum] = @__billNumber_0
dbug: Microsoft.EntityFrameworkCore.ChangeTracking[10806]
      Context 'TransportMgmtContext' started tracking 'BillTable' entity. Consider using 'DbContextOptionsBuilder.EnableSensitiveDataLogging' to see key values.
dbug: Microsoft.EntityFrameworkCore.Database.Command[20300]
      A data reader was disposed.
dbug: Microsoft.EntityFrameworkCore.Database.Connection[20002]
      Closing connection to database 'FinalDb' on server 'MUSAKHAN\SQLEXPRESS'.
dbug: Microsoft.EntityFrameworkCore.Database.Connection[20003]
      Closed connection to database 'FinalDb' on server 'MUSAKHAN\SQLEXPRESS'.
dbug: Microsoft.EntityFrameworkCore.ChangeTracking[10807]
      An entity of type 'BillTable' tracked by 'TransportMgmtContext' changed state from 'Unchanged' to 'Modified'. Consider using 'DbContextOptionsBuilder.EnableSensitiveDataLogging' to see key values.
dbug: Microsoft.EntityFrameworkCore.ChangeTracking[10807]
      An entity of type 'BillTable' tracked by 'TransportMgmtContext' changed state from 'Unchanged' to 'Modified'. Consider using 'DbContextOptionsBuilder.EnableSensitiveDataLogging' to see key values.
dbug: Microsoft.EntityFrameworkCore.ChangeTracking[10807]
      An entity of type 'BillTable' tracked by 'TransportMgmtContext' changed state from 'Unchanged' to 'Modified'. Consider using 'DbContextOptionsBuilder.EnableSensitiveDataLogging' to see key values.
dbug: Microsoft.EntityFrameworkCore.ChangeTracking[10807]
      An entity of type 'BillTable' tracked by 'TransportMgmtContext' changed state from 'Unchanged' to 'Modified'. Consider using 'DbContextOptionsBuilder.EnableSensitiveDataLogging' to see key values.
dbug: Microsoft.EntityFrameworkCore.ChangeTracking[10807]
      An entity of type 'BillTable' tracked by 'TransportMgmtContext' changed state from 'Unchanged' to 'Modified'. Consider using 'DbContextOptionsBuilder.EnableSensitiveDataLogging' to see key values.
dbug: Microsoft.EntityFrameworkCore.ChangeTracking[10807]
      An entity of type 'BillTable' tracked by 'TransportMgmtContext' changed state from 'Unchanged' to 'Modified'. Consider using 'DbContextOptionsBuilder.EnableSensitiveDataLogging' to see key values.
dbug: Microsoft.EntityFrameworkCore.ChangeTracking[10807]
      An entity of type 'BillTable' tracked by 'TransportMgmtContext' changed state from 'Unchanged' to 'Modified'. Consider using 'DbContextOptionsBuilder.EnableSensitiveDataLogging' to see key values.
dbug: Microsoft.EntityFrameworkCore.ChangeTracking[10807]
      An entity of type 'BillTable' tracked by 'TransportMgmtContext' changed state from 'Unchanged' to 'Modified'. Consider using 'DbContextOptionsBuilder.EnableSensitiveDataLogging' to see key values.
dbug: Microsoft.EntityFrameworkCore.ChangeTracking[10807]
      An entity of type 'BillTable' tracked by 'TransportMgmtContext' changed state from 'Unchanged' to 'Modified'. Consider using 'DbContextOptionsBuilder.EnableSensitiveDataLogging' to see key values.
dbug: Microsoft.EntityFrameworkCore.ChangeTracking[10807]
      An entity of type 'BillTable' tracked by 'TransportMgmtContext' changed state from 'Unchanged' to 'Modified'. Consider using 'DbContextOptionsBuilder.EnableSensitiveDataLogging' to see key values.
dbug: Microsoft.EntityFrameworkCore.ChangeTracking[10807]
      An entity of type 'BillTable' tracked by 'TransportMgmtContext' changed state from 'Unchanged' to 'Modified'. Consider using 'DbContextOptionsBuilder.EnableSensitiveDataLogging' to see key values.
dbug: Microsoft.EntityFrameworkCore.ChangeTracking[10807]
      An entity of type 'BillTable' tracked by 'TransportMgmtContext' changed state from 'Unchanged' to 'Modified'. Consider using 'DbContextOptionsBuilder.EnableSensitiveDataLogging' to see key values.
dbug: Microsoft.EntityFrameworkCore.ChangeTracking[10807]
      An entity of type 'BillTable' tracked by 'TransportMgmtContext' changed state from 'Unchanged' to 'Modified'. Consider using 'DbContextOptionsBuilder.EnableSensitiveDataLogging' to see key values.
dbug: Microsoft.EntityFrameworkCore.ChangeTracking[10807]
      An entity of type 'BillTable' tracked by 'TransportMgmtContext' changed state from 'Unchanged' to 'Modified'. Consider using 'DbContextOptionsBuilder.EnableSensitiveDataLogging' to see key values.
dbug: Microsoft.EntityFrameworkCore.ChangeTracking[10807]
      An entity of type 'BillTable' tracked by 'TransportMgmtContext' changed state from 'Unchanged' to 'Modified'. Consider using 'DbContextOptionsBuilder.EnableSensitiveDataLogging' to see key values.
dbug: Microsoft.EntityFrameworkCore.ChangeTracking[10807]
      An entity of type 'BillTable' tracked by 'TransportMgmtContext' changed state from 'Unchanged' to 'Modified'. Consider using 'DbContextOptionsBuilder.EnableSensitiveDataLogging' to see key values.
dbug: Microsoft.EntityFrameworkCore.ChangeTracking[10807]
      An entity of type 'BillTable' tracked by 'TransportMgmtContext' changed state from 'Unchanged' to 'Modified'. Consider using 'DbContextOptionsBuilder.EnableSensitiveDataLogging' to see key values.
dbug: Microsoft.EntityFrameworkCore.ChangeTracking[10807]
      An entity of type 'BillTable' tracked by 'TransportMgmtContext' changed state from 'Unchanged' to 'Modified'. Consider using 'DbContextOptionsBuilder.EnableSensitiveDataLogging' to see key values.
dbug: Microsoft.EntityFrameworkCore.ChangeTracking[10807]
      An entity of type 'BillTable' tracked by 'TransportMgmtContext' changed state from 'Unchanged' to 'Modified'. Consider using 'DbContextOptionsBuilder.EnableSensitiveDataLogging' to see key values.
dbug: Microsoft.EntityFrameworkCore.ChangeTracking[10807]
      An entity of type 'BillTable' tracked by 'TransportMgmtContext' changed state from 'Unchanged' to 'Modified'. Consider using 'DbContextOptionsBuilder.EnableSensitiveDataLogging' to see key values.
dbug: Microsoft.EntityFrameworkCore.ChangeTracking[10807]
      An entity of type 'BillTable' tracked by 'TransportMgmtContext' changed state from 'Unchanged' to 'Modified'. Consider using 'DbContextOptionsBuilder.EnableSensitiveDataLogging' to see key values.
dbug: Microsoft.EntityFrameworkCore.ChangeTracking[10807]
      An entity of type 'BillTable' tracked by 'TransportMgmtContext' changed state from 'Unchanged' to 'Modified'. Consider using 'DbContextOptionsBuilder.EnableSensitiveDataLogging' to see key values.
dbug: Microsoft.EntityFrameworkCore.ChangeTracking[10807]
      An entity of type 'BillTable' tracked by 'TransportMgmtContext' changed state from 'Unchanged' to 'Modified'. Consider using 'DbContextOptionsBuilder.EnableSensitiveDataLogging' to see key values.
dbug: Microsoft.EntityFrameworkCore.ChangeTracking[10807]
      An entity of type 'BillTable' tracked by 'TransportMgmtContext' changed state from 'Unchanged' to 'Modified'. Consider using 'DbContextOptionsBuilder.EnableSensitiveDataLogging' to see key values.
dbug: Microsoft.EntityFrameworkCore.ChangeTracking[10807]
      An entity of type 'BillTable' tracked by 'TransportMgmtContext' changed state from 'Unchanged' to 'Modified'. Consider using 'DbContextOptionsBuilder.EnableSensitiveDataLogging' to see key values.
dbug: Microsoft.EntityFrameworkCore.ChangeTracking[10807]
      An entity of type 'BillTable' tracked by 'TransportMgmtContext' changed state from 'Unchanged' to 'Modified'. Consider using 'DbContextOptionsBuilder.EnableSensitiveDataLogging' to see key values.
dbug: Microsoft.EntityFrameworkCore.ChangeTracking[10807]
      An entity of type 'BillTable' tracked by 'TransportMgmtContext' changed state from 'Unchanged' to 'Modified'. Consider using 'DbContextOptionsBuilder.EnableSensitiveDataLogging' to see key values.
dbug: Microsoft.EntityFrameworkCore.Update[10004]
      SaveChanges starting for 'TransportMgmtContext'.
dbug: Microsoft.EntityFrameworkCore.ChangeTracking[10800]
      DetectChanges starting for 'TransportMgmtContext'.
dbug: Microsoft.EntityFrameworkCore.ChangeTracking[10801]
      DetectChanges completed for 'TransportMgmtContext'.
dbug: Microsoft.EntityFrameworkCore.Database.Connection[20000]
      Opening connection to database 'FinalDb' on server 'MUSAKHAN\SQLEXPRESS'.
dbug: Microsoft.EntityFrameworkCore.Database.Connection[20001]
      Opened connection to database 'FinalDb' on server 'MUSAKHAN\SQLEXPRESS'.
dbug: Microsoft.EntityFrameworkCore.Database.Transaction[20209]
      Beginning transaction with isolation level 'Unspecified'.
dbug: Microsoft.EntityFrameworkCore.Database.Transaction[20200]
      Began transaction with isolation level 'ReadCommitted'.
dbug: Microsoft.EntityFrameworkCore.Update[20700]
      Executing 27 update commands as a batch.
dbug: Microsoft.EntityFrameworkCore.Database.Command[20103]
      Creating DbCommand for 'ExecuteReader'.
dbug: Microsoft.EntityFrameworkCore.Database.Command[20104]
      Created DbCommand for 'ExecuteReader' (2ms).
dbug: Microsoft.EntityFrameworkCore.Database.Command[20100]
      Executing DbCommand [Parameters=[@p13='?' (DbType = Int32), @p0='?' (DbType = Double), @p1='?' (DbType = DateTime2), @p2='?' (Size = 4000), @p3='?' (Size = 4000), @p4='?' (DbType = Int32), @p5='?' (DbType = Double), @p6='?' (DbType = DateTime2), @p7='?' (DbType = Int32), @p8='?' (Size = 4000), @p9='?' (DbType = Double), @p10='?' (DbType = Int32), @p11='?' (DbType = Double), @p12='?' (DbType = Double), @p27='?' (DbType = Int32), @p14='?' (DbType = Double), @p15='?' (DbType = DateTime2), @p16='?' (Size = 4000), @p17='?' (Size = 4000), @p18='?' (DbType = Int32), @p19='?' (DbType = Double), @p20='?' (DbType = DateTime2), @p21='?' (DbType = Int32), @p22='?' (Size = 4000), @p23='?' (DbType = Double), @p24='?' (DbType = Int32), @p25='?' (DbType = Double), @p26='?' (DbType = Double), @p41='?' (DbType = Int32), @p28='?' (DbType = Double), @p29='?' (DbType = DateTime2), @p30='?' (Size = 4000), @p31='?' (Size = 4000), @p32='?' (DbType = Int32), @p33='?' (DbType = Double), @p34='?' (DbType = DateTime2), @p35='?' (DbType = Int32), @p36='?' (Size = 4000), @p37='?' (DbType = Double), @p38='?' (DbType = Int32), @p39='?' (DbType = Double), @p40='?' (DbType = Double), @p55='?' (DbType = Int32), @p42='?' (DbType = Double), @p43='?' (DbType = DateTime2), @p44='?' (Size = 4000), @p45='?' (Size = 4000), @p46='?' (DbType = Int32), @p47='?' (DbType = Double), @p48='?' (DbType = DateTime2), @p49='?' (DbType = Int32), @p50='?' (Size = 4000), @p51='?' (DbType = Double), @p52='?' (DbType = Int32), @p53='?' (DbType = Double), @p54='?' (DbType = Double), @p69='?' (DbType = Int32), @p56='?' (DbType = Double), @p57='?' (DbType = DateTime2), @p58='?' (Size = 4000), @p59='?' (Size = 4000), @p60='?' (DbType = Int32), @p61='?' (DbType = Double), @p62='?' (DbType = DateTime2), @p63='?' (DbType = Int32), @p64='?' (Size = 4000), @p65='?' (DbType = Double), @p66='?' (DbType = Int32), @p67='?' (DbType = Double), @p68='?' (DbType = Double), @p83='?' (DbType = Int32), @p70='?' (DbType = Double), @p71='?' (DbType = DateTime2), @p72='?' (Size = 4000), @p73='?' (Size = 4000), @p74='?' (DbType = Int32), @p75='?' (DbType = Double), @p76='?' (DbType = DateTime2), @p77='?' (DbType = Int32), @p78='?' (Size = 4000), @p79='?' (DbType = Double), @p80='?' (DbType = Int32), @p81='?' (DbType = Double), @p82='?' (DbType = Double), @p97='?' (DbType = Int32), @p84='?' (DbType = Double), @p85='?' (DbType = DateTime2), @p86='?' (Size = 4000), @p87='?' (Size = 4000), @p88='?' (DbType = Int32), @p89='?' (DbType = Double), @p90='?' (DbType = DateTime2), @p91='?' (DbType = Int32), @p92='?' (Size = 4000), @p93='?' (DbType = Double), @p94='?' (DbType = Int32), @p95='?' (DbType = Double), @p96='?' (DbType = Double), @p111='?' (DbType = Int32), @p98='?' (DbType = Double), @p99='?' (DbType = DateTime2), @p100='?' (Size = 4000), @p101='?' (Size = 4000), @p102='?' (DbType = Int32), @p103='?' (DbType = Double), @p104='?' (DbType = DateTime2), @p105='?' (DbType = Int32), @p106='?' (Size = 4000), @p107='?' (DbType = Double), @p108='?' (DbType = Int32), @p109='?' (DbType = Double), @p110='?' (DbType = Double), @p125='?' (DbType = Int32), @p112='?' (DbType = Double), @p113='?' (DbType = DateTime2), @p114='?' (Size = 4000), @p115='?' (Size = 4000), @p116='?' (DbType = Int32), @p117='?' (DbType = Double), @p118='?' (DbType = DateTime2), @p119='?' (DbType = Int32), @p120='?' (Size = 4000), @p121='?' (DbType = Double), @p122='?' (DbType = Int32), @p123='?' (DbType = Double), @p124='?' (DbType = Double), @p139='?' (DbType = Int32), @p126='?' (DbType = Double), @p127='?' (DbType = DateTime2), @p128='?' (Size = 4000), @p129='?' (Size = 4000), @p130='?' (DbType = Int32), @p131='?' (DbType = Double), @p132='?' (DbType = DateTime2), @p133='?' (DbType = Int32), @p134='?' (Size = 4000), @p135='?' (DbType = Double), @p136='?' (DbType = Int32), @p137='?' (DbType = Double), @p138='?' (DbType = Double), @p153='?' (DbType = Int32), @p140='?' (DbType = Double), @p141='?' (DbType = DateTime2), @p142='?' (Size = 4000), @p143='?' (Size = 4000), @p144='?' (DbType = Int32), @p145='?' (DbType = Double), @p146='?' (DbType = DateTime2), @p147='?' (DbType = Int32), @p148='?' (Size = 4000), @p149='?' (DbType = Double), @p150='?' (DbType = Int32), @p151='?' (DbType = Double), @p152='?' (DbType = Double), @p167='?' (DbType = Int32), @p154='?' (DbType = Double), @p155='?' (DbType = DateTime2), @p156='?' (Size = 4000), @p157='?' (Size = 4000), @p158='?' (DbType = Int32), @p159='?' (DbType = Double), @p160='?' (DbType = DateTime2), @p161='?' (DbType = Int32), @p162='?' (Size = 4000), @p163='?' (DbType = Double), @p164='?' (DbType = Int32), @p165='?' (DbType = Double), @p166='?' (DbType = Double), @p181='?' (DbType = Int32), @p168='?' (DbType = Double), @p169='?' (DbType = DateTime2), @p170='?' (Size = 4000), @p171='?' (Size = 4000), @p172='?' (DbType = Int32), @p173='?' (DbType = Double), @p174='?' (DbType = DateTime2), @p175='?' (DbType = Int32), @p176='?' (Size = 4000), @p177='?' (DbType = Double), @p178='?' (DbType = Int32), @p179='?' (DbType = Double), @p180='?' (DbType = Double), @p195='?' (DbType = Int32), @p182='?' (DbType = Double), @p183='?' (DbType = DateTime2), @p184='?' (Size = 4000), @p185='?' (Size = 4000), @p186='?' (DbType = Int32), @p187='?' (DbType = Double), @p188='?' (DbType = DateTime2), @p189='?' (DbType = Int32), @p190='?' (Size = 4000), @p191='?' (DbType = Double), @p192='?' (DbType = Int32), @p193='?' (DbType = Double), @p194='?' (DbType = Double), @p209='?' (DbType = Int32), @p196='?' (DbType = Double), @p197='?' (DbType = DateTime2), @p198='?' (Size = 4000), @p199='?' (Size = 4000), @p200='?' (DbType = Int32), @p201='?' (DbType = Double), @p202='?' (DbType = DateTime2), @p203='?' (DbType = Int32), @p204='?' (Size = 4000), @p205='?' (DbType = Double), @p206='?' (DbType = Int32), @p207='?' (DbType = Double), @p208='?' (DbType = Double), @p223='?' (DbType = Int32), @p210='?' (DbType = Double), @p211='?' (DbType = DateTime2), @p212='?' (Size = 4000), @p213='?' (Size = 4000), @p214='?' (DbType = Int32), @p215='?' (DbType = Double), @p216='?' (DbType = DateTime2), @p217='?' (DbType = Int32), @p218='?' (Size = 4000), @p219='?' (DbType = Double), @p220='?' (DbType = Int32), @p221='?' (DbType = Double), @p222='?' (DbType = Double), @p237='?' (DbType = Int32), @p224='?' (DbType = Double), @p225='?' (DbType = DateTime2), @p226='?' (Size = 4000), @p227='?' (Size = 4000), @p228='?' (DbType = Int32), @p229='?' (DbType = Double), @p230='?' (DbType = DateTime2), @p231='?' (DbType = Int32), @p232='?' (Size = 4000), @p233='?' (DbType = Double), @p234='?' (DbType = Int32), @p235='?' (DbType = Double), @p236='?' (DbType = Double), @p251='?' (DbType = Int32), @p238='?' (DbType = Double), @p239='?' (DbType = DateTime2), @p240='?' (Size = 4000), @p241='?' (Size = 4000), @p242='?' (DbType = Int32), @p243='?' (DbType = Double), @p244='?' (DbType = DateTime2), @p245='?' (DbType = Int32), @p246='?' (Size = 4000), @p247='?' (DbType = Double), @p248='?' (DbType = Int32), @p249='?' (DbType = Double), @p250='?' (DbType = Double), @p265='?' (DbType = Int32), @p252='?' (DbType = Double), @p253='?' (DbType = DateTime2), @p254='?' (Size = 4000), @p255='?' (Size = 4000), @p256='?' (DbType = Int32), @p257='?' (DbType = Double), @p258='?' (DbType = DateTime2), @p259='?' (DbType = Int32), @p260='?' (Size = 4000), @p261='?' (DbType = Double), @p262='?' (DbType = Int32), @p263='?' (DbType = Double), @p264='?' (DbType = Double), @p279='?' (DbType = Int32), @p266='?' (DbType = Double), @p267='?' (DbType = DateTime2), @p268='?' (Size = 4000), @p269='?' (Size = 4000), @p270='?' (DbType = Int32), @p271='?' (DbType = Double), @p272='?' (DbType = DateTime2), @p273='?' (DbType = Int32), @p274='?' (Size = 4000), @p275='?' (DbType = Double), @p276='?' (DbType = Int32), @p277='?' (DbType = Double), @p278='?' (DbType = Double), @p293='?' (DbType = Int32), @p280='?' (DbType = Double), @p281='?' (DbType = DateTime2), @p282='?' (Size = 4000), @p283='?' (Size = 4000), @p284='?' (DbType = Int32), @p285='?' (DbType = Double), @p286='?' (DbType = DateTime2), @p287='?' (DbType = Int32), @p288='?' (Size = 4000), @p289='?' (DbType = Double), @p290='?' (DbType = Int32), @p291='?' (DbType = Double), @p292='?' (DbType = Double), @p307='?' (DbType = Int32), @p294='?' (DbType = Double), @p295='?' (DbType = DateTime2), @p296='?' (Size = 4000), @p297='?' (Size = 4000), @p298='?' (DbType = Int32), @p299='?' (DbType = Double), @p300='?' (DbType = DateTime2), @p301='?' (DbType = Int32), @p302='?' (Size = 4000), @p303='?' (DbType = Double), @p304='?' (DbType = Int32), @p305='?' (DbType = Double), @p306='?' (DbType = Double), @p321='?' (DbType = Int32), @p308='?' (DbType = Double), @p309='?' (DbType = DateTime2), @p310='?' (Size = 4000), @p311='?' (Size = 4000), @p312='?' (DbType = Int32), @p313='?' (DbType = Double), @p314='?' (DbType = DateTime2), @p315='?' (DbType = Int32), @p316='?' (Size = 4000), @p317='?' (DbType = Double), @p318='?' (DbType = Int32), @p319='?' (DbType = Double), @p320='?' (DbType = Double), @p335='?' (DbType = Int32), @p322='?' (DbType = Double), @p323='?' (DbType = DateTime2), @p324='?' (Size = 4000), @p325='?' (Size = 4000), @p326='?' (DbType = Int32), @p327='?' (DbType = Double), @p328='?' (DbType = DateTime2), @p329='?' (DbType = Int32), @p330='?' (Size = 4000), @p331='?' (DbType = Double), @p332='?' (DbType = Int32), @p333='?' (DbType = Double), @p334='?' (DbType = Double), @p349='?' (DbType = Int32), @p336='?' (DbType = Double), @p337='?' (DbType = DateTime2), @p338='?' (Size = 4000), @p339='?' (Size = 4000), @p340='?' (DbType = Int32), @p341='?' (DbType = Double), @p342='?' (DbType = DateTime2), @p343='?' (DbType = Int32), @p344='?' (Size = 4000), @p345='?' (DbType = Double), @p346='?' (DbType = Int32), @p347='?' (DbType = Double), @p348='?' (DbType = Double), @p363='?' (DbType = Int32), @p350='?' (DbType = Double), @p351='?' (DbType = DateTime2), @p352='?' (Size = 4000), @p353='?' (Size = 4000), @p354='?' (DbType = Int32), @p355='?' (DbType = Double), @p356='?' (DbType = DateTime2), @p357='?' (DbType = Int32), @p358='?' (Size = 4000), @p359='?' (DbType = Double), @p360='?' (DbType = Int32), @p361='?' (DbType = Double), @p362='?' (DbType = Double), @p377='?' (DbType = Int32), @p364='?' (DbType = Double), @p365='?' (DbType = DateTime2), @p366='?' (Size = 4000), @p367='?' (Size = 4000), @p368='?' (DbType = Int32), @p369='?' (DbType = Double), @p370='?' (DbType = DateTime2), @p371='?' (DbType = Int32), @p372='?' (Size = 4000), @p373='?' (DbType = Double), @p374='?' (DbType = Int32), @p375='?' (DbType = Double), @p376='?' (DbType = Double)], CommandType='Text', CommandTimeout='120']
      SET NOCOUNT ON;
      UPDATE [BillTables] SET [ActualAmount] = @p0, [BillDate] = @p1, [BillNum] = @p2, [BillType] = @p3, [FID] = @p4, [Gst] = @p5, [GstDate] = @p6, [PId] = @p7, [PartyName] = @p8, [PaymentReceived] = @p9, [PaymentTablePId] = @p10, [Tds] = @p11, [TotalValue] = @p12
      WHERE [BillID] = @p13;
      SELECT @@ROWCOUNT;
      
      UPDATE [BillTables] SET [ActualAmount] = @p14, [BillDate] = @p15, [BillNum] = @p16, [BillType] = @p17, [FID] = @p18, [Gst] = @p19, [GstDate] = @p20, [PId] = @p21, [PartyName] = @p22, [PaymentReceived] = @p23, [PaymentTablePId] = @p24, [Tds] = @p25, [TotalValue] = @p26
      WHERE [BillID] = @p27;
      SELECT @@ROWCOUNT;
      
      UPDATE [BillTables] SET [ActualAmount] = @p28, [BillDate] = @p29, [BillNum] = @p30, [BillType] = @p31, [FID] = @p32, [Gst] = @p33, [GstDate] = @p34, [PId] = @p35, [PartyName] = @p36, [PaymentReceived] = @p37, [PaymentTablePId] = @p38, [Tds] = @p39, [TotalValue] = @p40
      WHERE [BillID] = @p41;
      SELECT @@ROWCOUNT;
      
      UPDATE [BillTables] SET [ActualAmount] = @p42, [BillDate] = @p43, [BillNum] = @p44, [BillType] = @p45, [FID] = @p46, [Gst] = @p47, [GstDate] = @p48, [PId] = @p49, [PartyName] = @p50, [PaymentReceived] = @p51, [PaymentTablePId] = @p52, [Tds] = @p53, [TotalValue] = @p54
      WHERE [BillID] = @p55;
      SELECT @@ROWCOUNT;
      
      UPDATE [BillTables] SET [ActualAmount] = @p56, [BillDate] = @p57, [BillNum] = @p58, [BillType] = @p59, [FID] = @p60, [Gst] = @p61, [GstDate] = @p62, [PId] = @p63, [PartyName] = @p64, [PaymentReceived] = @p65, [PaymentTablePId] = @p66, [Tds] = @p67, [TotalValue] = @p68
      WHERE [BillID] = @p69;
      SELECT @@ROWCOUNT;
      
      UPDATE [BillTables] SET [ActualAmount] = @p70, [BillDate] = @p71, [BillNum] = @p72, [BillType] = @p73, [FID] = @p74, [Gst] = @p75, [GstDate] = @p76, [PId] = @p77, [PartyName] = @p78, [PaymentReceived] = @p79, [PaymentTablePId] = @p80, [Tds] = @p81, [TotalValue] = @p82
      WHERE [BillID] = @p83;
      SELECT @@ROWCOUNT;
      
      UPDATE [BillTables] SET [ActualAmount] = @p84, [BillDate] = @p85, [BillNum] = @p86, [BillType] = @p87, [FID] = @p88, [Gst] = @p89, [GstDate] = @p90, [PId] = @p91, [PartyName] = @p92, [PaymentReceived] = @p93, [PaymentTablePId] = @p94, [Tds] = @p95, [TotalValue] = @p96
      WHERE [BillID] = @p97;
      SELECT @@ROWCOUNT;
      
      UPDATE [BillTables] SET [ActualAmount] = @p98, [BillDate] = @p99, [BillNum] = @p100, [BillType] = @p101, [FID] = @p102, [Gst] = @p103, [GstDate] = @p104, [PId] = @p105, [PartyName] = @p106, [PaymentReceived] = @p107, [PaymentTablePId] = @p108, [Tds] = @p109, [TotalValue] = @p110
      WHERE [BillID] = @p111;
      SELECT @@ROWCOUNT;
      
      UPDATE [BillTables] SET [ActualAmount] = @p112, [BillDate] = @p113, [BillNum] = @p114, [BillType] = @p115, [FID] = @p116, [Gst] = @p117, [GstDate] = @p118, [PId] = @p119, [PartyName] = @p120, [PaymentReceived] = @p121, [PaymentTablePId] = @p122, [Tds] = @p123, [TotalValue] = @p124
      WHERE [BillID] = @p125;
      SELECT @@ROWCOUNT;
      
      UPDATE [BillTables] SET [ActualAmount] = @p126, [BillDate] = @p127, [BillNum] = @p128, [BillType] = @p129, [FID] = @p130, [Gst] = @p131, [GstDate] = @p132, [PId] = @p133, [PartyName] = @p134, [PaymentReceived] = @p135, [PaymentTablePId] = @p136, [Tds] = @p137, [TotalValue] = @p138
      WHERE [BillID] = @p139;
      SELECT @@ROWCOUNT;
      
      UPDATE [BillTables] SET [ActualAmount] = @p140, [BillDate] = @p141, [BillNum] = @p142, [BillType] = @p143, [FID] = @p144, [Gst] = @p145, [GstDate] = @p146, [PId] = @p147, [PartyName] = @p148, [PaymentReceived] = @p149, [PaymentTablePId] = @p150, [Tds] = @p151, [TotalValue] = @p152
      WHERE [BillID] = @p153;
      SELECT @@ROWCOUNT;
      
      UPDATE [BillTables] SET [ActualAmount] = @p154, [BillDate] = @p155, [BillNum] = @p156, [BillType] = @p157, [FID] = @p158, [Gst] = @p159, [GstDate] = @p160, [PId] = @p161, [PartyName] = @p162, [PaymentReceived] = @p163, [PaymentTablePId] = @p164, [Tds] = @p165, [TotalValue] = @p166
      WHERE [BillID] = @p167;
      SELECT @@ROWCOUNT;
      
      UPDATE [BillTables] SET [ActualAmount] = @p168, [BillDate] = @p169, [BillNum] = @p170, [BillType] = @p171, [FID] = @p172, [Gst] = @p173, [GstDate] = @p174, [PId] = @p175, [PartyName] = @p176, [PaymentReceived] = @p177, [PaymentTablePId] = @p178, [Tds] = @p179, [TotalValue] = @p180
      WHERE [BillID] = @p181;
      SELECT @@ROWCOUNT;
      
      UPDATE [BillTables] SET [ActualAmount] = @p182, [BillDate] = @p183, [BillNum] = @p184, [BillType] = @p185, [FID] = @p186, [Gst] = @p187, [GstDate] = @p188, [PId] = @p189, [PartyName] = @p190, [PaymentReceived] = @p191, [PaymentTablePId] = @p192, [Tds] = @p193, [TotalValue] = @p194
      WHERE [BillID] = @p195;
      SELECT @@ROWCOUNT;
      
      UPDATE [BillTables] SET [ActualAmount] = @p196, [BillDate] = @p197, [BillNum] = @p198, [BillType] = @p199, [FID] = @p200, [Gst] = @p201, [GstDate] = @p202, [PId] = @p203, [PartyName] = @p204, [PaymentReceived] = @p205, [PaymentTablePId] = @p206, [Tds] = @p207, [TotalValue] = @p208
      WHERE [BillID] = @p209;
      SELECT @@ROWCOUNT;
      
      UPDATE [BillTables] SET [ActualAmount] = @p210, [BillDate] = @p211, [BillNum] = @p212, [BillType] = @p213, [FID] = @p214, [Gst] = @p215, [GstDate] = @p216, [PId] = @p217, [PartyName] = @p218, [PaymentReceived] = @p219, [PaymentTablePId] = @p220, [Tds] = @p221, [TotalValue] = @p222
      WHERE [BillID] = @p223;
      SELECT @@ROWCOUNT;
      
      UPDATE [BillTables] SET [ActualAmount] = @p224, [BillDate] = @p225, [BillNum] = @p226, [BillType] = @p227, [FID] = @p228, [Gst] = @p229, [GstDate] = @p230, [PId] = @p231, [PartyName] = @p232, [PaymentReceived] = @p233, [PaymentTablePId] = @p234, [Tds] = @p235, [TotalValue] = @p236
      WHERE [BillID] = @p237;
      SELECT @@ROWCOUNT;
      
      UPDATE [BillTables] SET [ActualAmount] = @p238, [BillDate] = @p239, [BillNum] = @p240, [BillType] = @p241, [FID] = @p242, [Gst] = @p243, [GstDate] = @p244, [PId] = @p245, [PartyName] = @p246, [PaymentReceived] = @p247, [PaymentTablePId] = @p248, [Tds] = @p249, [TotalValue] = @p250
      WHERE [BillID] = @p251;
      SELECT @@ROWCOUNT;
      
      UPDATE [BillTables] SET [ActualAmount] = @p252, [BillDate] = @p253, [BillNum] = @p254, [BillType] = @p255, [FID] = @p256, [Gst] = @p257, [GstDate] = @p258, [PId] = @p259, [PartyName] = @p260, [PaymentReceived] = @p261, [PaymentTablePId] = @p262, [Tds] = @p263, [TotalValue] = @p264
      WHERE [BillID] = @p265;
      SELECT @@ROWCOUNT;
      
      UPDATE [BillTables] SET [ActualAmount] = @p266, [BillDate] = @p267, [BillNum] = @p268, [BillType] = @p269, [FID] = @p270, [Gst] = @p271, [GstDate] = @p272, [PId] = @p273, [PartyName] = @p274, [PaymentReceived] = @p275, [PaymentTablePId] = @p276, [Tds] = @p277, [TotalValue] = @p278
      WHERE [BillID] = @p279;
      SELECT @@ROWCOUNT;
      
      UPDATE [BillTables] SET [ActualAmount] = @p280, [BillDate] = @p281, [BillNum] = @p282, [BillType] = @p283, [FID] = @p284, [Gst] = @p285, [GstDate] = @p286, [PId] = @p287, [PartyName] = @p288, [PaymentReceived] = @p289, [PaymentTablePId] = @p290, [Tds] = @p291, [TotalValue] = @p292
      WHERE [BillID] = @p293;
      SELECT @@ROWCOUNT;
      
      UPDATE [BillTables] SET [ActualAmount] = @p294, [BillDate] = @p295, [BillNum] = @p296, [BillType] = @p297, [FID] = @p298, [Gst] = @p299, [GstDate] = @p300, [PId] = @p301, [PartyName] = @p302, [PaymentReceived] = @p303, [PaymentTablePId] = @p304, [Tds] = @p305, [TotalValue] = @p306
      WHERE [BillID] = @p307;
      SELECT @@ROWCOUNT;
      
      UPDATE [BillTables] SET [ActualAmount] = @p308, [BillDate] = @p309, [BillNum] = @p310, [BillType] = @p311, [FID] = @p312, [Gst] = @p313, [GstDate] = @p314, [PId] = @p315, [PartyName] = @p316, [PaymentReceived] = @p317, [PaymentTablePId] = @p318, [Tds] = @p319, [TotalValue] = @p320
      WHERE [BillID] = @p321;
      SELECT @@ROWCOUNT;
      
      UPDATE [BillTables] SET [ActualAmount] = @p322, [BillDate] = @p323, [BillNum] = @p324, [BillType] = @p325, [FID] = @p326, [Gst] = @p327, [GstDate] = @p328, [PId] = @p329, [PartyName] = @p330, [PaymentReceived] = @p331, [PaymentTablePId] = @p332, [Tds] = @p333, [TotalValue] = @p334
      WHERE [BillID] = @p335;
      SELECT @@ROWCOUNT;
      
      UPDATE [BillTables] SET [ActualAmount] = @p336, [BillDate] = @p337, [BillNum] = @p338, [BillType] = @p339, [FID] = @p340, [Gst] = @p341, [GstDate] = @p342, [PId] = @p343, [PartyName] = @p344, [PaymentReceived] = @p345, [PaymentTablePId] = @p346, [Tds] = @p347, [TotalValue] = @p348
      WHERE [BillID] = @p349;
      SELECT @@ROWCOUNT;
      
      UPDATE [BillTables] SET [ActualAmount] = @p350, [BillDate] = @p351, [BillNum] = @p352, [BillType] = @p353, [FID] = @p354, [Gst] = @p355, [GstDate] = @p356, [PId] = @p357, [PartyName] = @p358, [PaymentReceived] = @p359, [PaymentTablePId] = @p360, [Tds] = @p361, [TotalValue] = @p362
      WHERE [BillID] = @p363;
      SELECT @@ROWCOUNT;
      
      UPDATE [BillTables] SET [ActualAmount] = @p364, [BillDate] = @p365, [BillNum] = @p366, [BillType] = @p367, [FID] = @p368, [Gst] = @p369, [GstDate] = @p370, [PId] = @p371, [PartyName] = @p372, [PaymentReceived] = @p373, [PaymentTablePId] = @p374, [Tds] = @p375, [TotalValue] = @p376
      WHERE [BillID] = @p377;
      SELECT @@ROWCOUNT;
info: Microsoft.EntityFrameworkCore.Database.Command[20101]
      Executed DbCommand (172ms) [Parameters=[@p13='?' (DbType = Int32), @p0='?' (DbType = Double), @p1='?' (DbType = DateTime2), @p2='?' (Size = 4000), @p3='?' (Size = 4000), @p4='?' (DbType = Int32), @p5='?' (DbType = Double), @p6='?' (DbType = DateTime2), @p7='?' (DbType = Int32), @p8='?' (Size = 4000), @p9='?' (DbType = Double), @p10='?' (DbType = Int32), @p11='?' (DbType = Double), @p12='?' (DbType = Double), @p27='?' (DbType = Int32), @p14='?' (DbType = Double), @p15='?' (DbType = DateTime2), @p16='?' (Size = 4000), @p17='?' (Size = 4000), @p18='?' (DbType = Int32), @p19='?' (DbType = Double), @p20='?' (DbType = DateTime2), @p21='?' (DbType = Int32), @p22='?' (Size = 4000), @p23='?' (DbType = Double), @p24='?' (DbType = Int32), @p25='?' (DbType = Double), @p26='?' (DbType = Double), @p41='?' (DbType = Int32), @p28='?' (DbType = Double), @p29='?' (DbType = DateTime2), @p30='?' (Size = 4000), @p31='?' (Size = 4000), @p32='?' (DbType = Int32), @p33='?' (DbType = Double), @p34='?' (DbType = DateTime2), @p35='?' (DbType = Int32), @p36='?' (Size = 4000), @p37='?' (DbType = Double), @p38='?' (DbType = Int32), @p39='?' (DbType = Double), @p40='?' (DbType = Double), @p55='?' (DbType = Int32), @p42='?' (DbType = Double), @p43='?' (DbType = DateTime2), @p44='?' (Size = 4000), @p45='?' (Size = 4000), @p46='?' (DbType = Int32), @p47='?' (DbType = Double), @p48='?' (DbType = DateTime2), @p49='?' (DbType = Int32), @p50='?' (Size = 4000), @p51='?' (DbType = Double), @p52='?' (DbType = Int32), @p53='?' (DbType = Double), @p54='?' (DbType = Double), @p69='?' (DbType = Int32), @p56='?' (DbType = Double), @p57='?' (DbType = DateTime2), @p58='?' (Size = 4000), @p59='?' (Size = 4000), @p60='?' (DbType = Int32), @p61='?' (DbType = Double), @p62='?' (DbType = DateTime2), @p63='?' (DbType = Int32), @p64='?' (Size = 4000), @p65='?' (DbType = Double), @p66='?' (DbType = Int32), @p67='?' (DbType = Double), @p68='?' (DbType = Double), @p83='?' (DbType = Int32), @p70='?' (DbType = Double), @p71='?' (DbType = DateTime2), @p72='?' (Size = 4000), @p73='?' (Size = 4000), @p74='?' (DbType = Int32), @p75='?' (DbType = Double), @p76='?' (DbType = DateTime2), @p77='?' (DbType = Int32), @p78='?' (Size = 4000), @p79='?' (DbType = Double), @p80='?' (DbType = Int32), @p81='?' (DbType = Double), @p82='?' (DbType = Double), @p97='?' (DbType = Int32), @p84='?' (DbType = Double), @p85='?' (DbType = DateTime2), @p86='?' (Size = 4000), @p87='?' (Size = 4000), @p88='?' (DbType = Int32), @p89='?' (DbType = Double), @p90='?' (DbType = DateTime2), @p91='?' (DbType = Int32), @p92='?' (Size = 4000), @p93='?' (DbType = Double), @p94='?' (DbType = Int32), @p95='?' (DbType = Double), @p96='?' (DbType = Double), @p111='?' (DbType = Int32), @p98='?' (DbType = Double), @p99='?' (DbType = DateTime2), @p100='?' (Size = 4000), @p101='?' (Size = 4000), @p102='?' (DbType = Int32), @p103='?' (DbType = Double), @p104='?' (DbType = DateTime2), @p105='?' (DbType = Int32), @p106='?' (Size = 4000), @p107='?' (DbType = Double), @p108='?' (DbType = Int32), @p109='?' (DbType = Double), @p110='?' (DbType = Double), @p125='?' (DbType = Int32), @p112='?' (DbType = Double), @p113='?' (DbType = DateTime2), @p114='?' (Size = 4000), @p115='?' (Size = 4000), @p116='?' (DbType = Int32), @p117='?' (DbType = Double), @p118='?' (DbType = DateTime2), @p119='?' (DbType = Int32), @p120='?' (Size = 4000), @p121='?' (DbType = Double), @p122='?' (DbType = Int32), @p123='?' (DbType = Double), @p124='?' (DbType = Double), @p139='?' (DbType = Int32), @p126='?' (DbType = Double), @p127='?' (DbType = DateTime2), @p128='?' (Size = 4000), @p129='?' (Size = 4000), @p130='?' (DbType = Int32), @p131='?' (DbType = Double), @p132='?' (DbType = DateTime2), @p133='?' (DbType = Int32), @p134='?' (Size = 4000), @p135='?' (DbType = Double), @p136='?' (DbType = Int32), @p137='?' (DbType = Double), @p138='?' (DbType = Double), @p153='?' (DbType = Int32), @p140='?' (DbType = Double), @p141='?' (DbType = DateTime2), @p142='?' (Size = 4000), @p143='?' (Size = 4000), @p144='?' (DbType = Int32), @p145='?' (DbType = Double), @p146='?' (DbType = DateTime2), @p147='?' (DbType = Int32), @p148='?' (Size = 4000), @p149='?' (DbType = Double), @p150='?' (DbType = Int32), @p151='?' (DbType = Double), @p152='?' (DbType = Double), @p167='?' (DbType = Int32), @p154='?' (DbType = Double), @p155='?' (DbType = DateTime2), @p156='?' (Size = 4000), @p157='?' (Size = 4000), @p158='?' (DbType = Int32), @p159='?' (DbType = Double), @p160='?' (DbType = DateTime2), @p161='?' (DbType = Int32), @p162='?' (Size = 4000), @p163='?' (DbType = Double), @p164='?' (DbType = Int32), @p165='?' (DbType = Double), @p166='?' (DbType = Double), @p181='?' (DbType = Int32), @p168='?' (DbType = Double), @p169='?' (DbType = DateTime2), @p170='?' (Size = 4000), @p171='?' (Size = 4000), @p172='?' (DbType = Int32), @p173='?' (DbType = Double), @p174='?' (DbType = DateTime2), @p175='?' (DbType = Int32), @p176='?' (Size = 4000), @p177='?' (DbType = Double), @p178='?' (DbType = Int32), @p179='?' (DbType = Double), @p180='?' (DbType = Double), @p195='?' (DbType = Int32), @p182='?' (DbType = Double), @p183='?' (DbType = DateTime2), @p184='?' (Size = 4000), @p185='?' (Size = 4000), @p186='?' (DbType = Int32), @p187='?' (DbType = Double), @p188='?' (DbType = DateTime2), @p189='?' (DbType = Int32), @p190='?' (Size = 4000), @p191='?' (DbType = Double), @p192='?' (DbType = Int32), @p193='?' (DbType = Double), @p194='?' (DbType = Double), @p209='?' (DbType = Int32), @p196='?' (DbType = Double), @p197='?' (DbType = DateTime2), @p198='?' (Size = 4000), @p199='?' (Size = 4000), @p200='?' (DbType = Int32), @p201='?' (DbType = Double), @p202='?' (DbType = DateTime2), @p203='?' (DbType = Int32), @p204='?' (Size = 4000), @p205='?' (DbType = Double), @p206='?' (DbType = Int32), @p207='?' (DbType = Double), @p208='?' (DbType = Double), @p223='?' (DbType = Int32), @p210='?' (DbType = Double), @p211='?' (DbType = DateTime2), @p212='?' (Size = 4000), @p213='?' (Size = 4000), @p214='?' (DbType = Int32), @p215='?' (DbType = Double), @p216='?' (DbType = DateTime2), @p217='?' (DbType = Int32), @p218='?' (Size = 4000), @p219='?' (DbType = Double), @p220='?' (DbType = Int32), @p221='?' (DbType = Double), @p222='?' (DbType = Double), @p237='?' (DbType = Int32), @p224='?' (DbType = Double), @p225='?' (DbType = DateTime2), @p226='?' (Size = 4000), @p227='?' (Size = 4000), @p228='?' (DbType = Int32), @p229='?' (DbType = Double), @p230='?' (DbType = DateTime2), @p231='?' (DbType = Int32), @p232='?' (Size = 4000), @p233='?' (DbType = Double), @p234='?' (DbType = Int32), @p235='?' (DbType = Double), @p236='?' (DbType = Double), @p251='?' (DbType = Int32), @p238='?' (DbType = Double), @p239='?' (DbType = DateTime2), @p240='?' (Size = 4000), @p241='?' (Size = 4000), @p242='?' (DbType = Int32), @p243='?' (DbType = Double), @p244='?' (DbType = DateTime2), @p245='?' (DbType = Int32), @p246='?' (Size = 4000), @p247='?' (DbType = Double), @p248='?' (DbType = Int32), @p249='?' (DbType = Double), @p250='?' (DbType = Double), @p265='?' (DbType = Int32), @p252='?' (DbType = Double), @p253='?' (DbType = DateTime2), @p254='?' (Size = 4000), @p255='?' (Size = 4000), @p256='?' (DbType = Int32), @p257='?' (DbType = Double), @p258='?' (DbType = DateTime2), @p259='?' (DbType = Int32), @p260='?' (Size = 4000), @p261='?' (DbType = Double), @p262='?' (DbType = Int32), @p263='?' (DbType = Double), @p264='?' (DbType = Double), @p279='?' (DbType = Int32), @p266='?' (DbType = Double), @p267='?' (DbType = DateTime2), @p268='?' (Size = 4000), @p269='?' (Size = 4000), @p270='?' (DbType = Int32), @p271='?' (DbType = Double), @p272='?' (DbType = DateTime2), @p273='?' (DbType = Int32), @p274='?' (Size = 4000), @p275='?' (DbType = Double), @p276='?' (DbType = Int32), @p277='?' (DbType = Double), @p278='?' (DbType = Double), @p293='?' (DbType = Int32), @p280='?' (DbType = Double), @p281='?' (DbType = DateTime2), @p282='?' (Size = 4000), @p283='?' (Size = 4000), @p284='?' (DbType = Int32), @p285='?' (DbType = Double), @p286='?' (DbType = DateTime2), @p287='?' (DbType = Int32), @p288='?' (Size = 4000), @p289='?' (DbType = Double), @p290='?' (DbType = Int32), @p291='?' (DbType = Double), @p292='?' (DbType = Double), @p307='?' (DbType = Int32), @p294='?' (DbType = Double), @p295='?' (DbType = DateTime2), @p296='?' (Size = 4000), @p297='?' (Size = 4000), @p298='?' (DbType = Int32), @p299='?' (DbType = Double), @p300='?' (DbType = DateTime2), @p301='?' (DbType = Int32), @p302='?' (Size = 4000), @p303='?' (DbType = Double), @p304='?' (DbType = Int32), @p305='?' (DbType = Double), @p306='?' (DbType = Double), @p321='?' (DbType = Int32), @p308='?' (DbType = Double), @p309='?' (DbType = DateTime2), @p310='?' (Size = 4000), @p311='?' (Size = 4000), @p312='?' (DbType = Int32), @p313='?' (DbType = Double), @p314='?' (DbType = DateTime2), @p315='?' (DbType = Int32), @p316='?' (Size = 4000), @p317='?' (DbType = Double), @p318='?' (DbType = Int32), @p319='?' (DbType = Double), @p320='?' (DbType = Double), @p335='?' (DbType = Int32), @p322='?' (DbType = Double), @p323='?' (DbType = DateTime2), @p324='?' (Size = 4000), @p325='?' (Size = 4000), @p326='?' (DbType = Int32), @p327='?' (DbType = Double), @p328='?' (DbType = DateTime2), @p329='?' (DbType = Int32), @p330='?' (Size = 4000), @p331='?' (DbType = Double), @p332='?' (DbType = Int32), @p333='?' (DbType = Double), @p334='?' (DbType = Double), @p349='?' (DbType = Int32), @p336='?' (DbType = Double), @p337='?' (DbType = DateTime2), @p338='?' (Size = 4000), @p339='?' (Size = 4000), @p340='?' (DbType = Int32), @p341='?' (DbType = Double), @p342='?' (DbType = DateTime2), @p343='?' (DbType = Int32), @p344='?' (Size = 4000), @p345='?' (DbType = Double), @p346='?' (DbType = Int32), @p347='?' (DbType = Double), @p348='?' (DbType = Double), @p363='?' (DbType = Int32), @p350='?' (DbType = Double), @p351='?' (DbType = DateTime2), @p352='?' (Size = 4000), @p353='?' (Size = 4000), @p354='?' (DbType = Int32), @p355='?' (DbType = Double), @p356='?' (DbType = DateTime2), @p357='?' (DbType = Int32), @p358='?' (Size = 4000), @p359='?' (DbType = Double), @p360='?' (DbType = Int32), @p361='?' (DbType = Double), @p362='?' (DbType = Double), @p377='?' (DbType = Int32), @p364='?' (DbType = Double), @p365='?' (DbType = DateTime2), @p366='?' (Size = 4000), @p367='?' (Size = 4000), @p368='?' (DbType = Int32), @p369='?' (DbType = Double), @p370='?' (DbType = DateTime2), @p371='?' (DbType = Int32), @p372='?' (Size = 4000), @p373='?' (DbType = Double), @p374='?' (DbType = Int32), @p375='?' (DbType = Double), @p376='?' (DbType = Double)], CommandType='Text', CommandTimeout='120']
      SET NOCOUNT ON;
      UPDATE [BillTables] SET [ActualAmount] = @p0, [BillDate] = @p1, [BillNum] = @p2, [BillType] = @p3, [FID] = @p4, [Gst] = @p5, [GstDate] = @p6, [PId] = @p7, [PartyName] = @p8, [PaymentReceived] = @p9, [PaymentTablePId] = @p10, [Tds] = @p11, [TotalValue] = @p12
      WHERE [BillID] = @p13;
      SELECT @@ROWCOUNT;
      
      UPDATE [BillTables] SET [ActualAmount] = @p14, [BillDate] = @p15, [BillNum] = @p16, [BillType] = @p17, [FID] = @p18, [Gst] = @p19, [GstDate] = @p20, [PId] = @p21, [PartyName] = @p22, [PaymentReceived] = @p23, [PaymentTablePId] = @p24, [Tds] = @p25, [TotalValue] = @p26
      WHERE [BillID] = @p27;
      SELECT @@ROWCOUNT;
      
      UPDATE [BillTables] SET [ActualAmount] = @p28, [BillDate] = @p29, [BillNum] = @p30, [BillType] = @p31, [FID] = @p32, [Gst] = @p33, [GstDate] = @p34, [PId] = @p35, [PartyName] = @p36, [PaymentReceived] = @p37, [PaymentTablePId] = @p38, [Tds] = @p39, [TotalValue] = @p40
      WHERE [BillID] = @p41;
      SELECT @@ROWCOUNT;
      
      UPDATE [BillTables] SET [ActualAmount] = @p42, [BillDate] = @p43, [BillNum] = @p44, [BillType] = @p45, [FID] = @p46, [Gst] = @p47, [GstDate] = @p48, [PId] = @p49, [PartyName] = @p50, [PaymentReceived] = @p51, [PaymentTablePId] = @p52, [Tds] = @p53, [TotalValue] = @p54
      WHERE [BillID] = @p55;
      SELECT @@ROWCOUNT;
      
      UPDATE [BillTables] SET [ActualAmount] = @p56, [BillDate] = @p57, [BillNum] = @p58, [BillType] = @p59, [FID] = @p60, [Gst] = @p61, [GstDate] = @p62, [PId] = @p63, [PartyName] = @p64, [PaymentReceived] = @p65, [PaymentTablePId] = @p66, [Tds] = @p67, [TotalValue] = @p68
      WHERE [BillID] = @p69;
      SELECT @@ROWCOUNT;
      
      UPDATE [BillTables] SET [ActualAmount] = @p70, [BillDate] = @p71, [BillNum] = @p72, [BillType] = @p73, [FID] = @p74, [Gst] = @p75, [GstDate] = @p76, [PId] = @p77, [PartyName] = @p78, [PaymentReceived] = @p79, [PaymentTablePId] = @p80, [Tds] = @p81, [TotalValue] = @p82
      WHERE [BillID] = @p83;
      SELECT @@ROWCOUNT;
      
      UPDATE [BillTables] SET [ActualAmount] = @p84, [BillDate] = @p85, [BillNum] = @p86, [BillType] = @p87, [FID] = @p88, [Gst] = @p89, [GstDate] = @p90, [PId] = @p91, [PartyName] = @p92, [PaymentReceived] = @p93, [PaymentTablePId] = @p94, [Tds] = @p95, [TotalValue] = @p96
      WHERE [BillID] = @p97;
      SELECT @@ROWCOUNT;
      
      UPDATE [BillTables] SET [ActualAmount] = @p98, [BillDate] = @p99, [BillNum] = @p100, [BillType] = @p101, [FID] = @p102, [Gst] = @p103, [GstDate] = @p104, [PId] = @p105, [PartyName] = @p106, [PaymentReceived] = @p107, [PaymentTablePId] = @p108, [Tds] = @p109, [TotalValue] = @p110
      WHERE [BillID] = @p111;
      SELECT @@ROWCOUNT;
      
      UPDATE [BillTables] SET [ActualAmount] = @p112, [BillDate] = @p113, [BillNum] = @p114, [BillType] = @p115, [FID] = @p116, [Gst] = @p117, [GstDate] = @p118, [PId] = @p119, [PartyName] = @p120, [PaymentReceived] = @p121, [PaymentTablePId] = @p122, [Tds] = @p123, [TotalValue] = @p124
      WHERE [BillID] = @p125;
      SELECT @@ROWCOUNT;
      
      UPDATE [BillTables] SET [ActualAmount] = @p126, [BillDate] = @p127, [BillNum] = @p128, [BillType] = @p129, [FID] = @p130, [Gst] = @p131, [GstDate] = @p132, [PId] = @p133, [PartyName] = @p134, [PaymentReceived] = @p135, [PaymentTablePId] = @p136, [Tds] = @p137, [TotalValue] = @p138
      WHERE [BillID] = @p139;
      SELECT @@ROWCOUNT;
      
      UPDATE [BillTables] SET [ActualAmount] = @p140, [BillDate] = @p141, [BillNum] = @p142, [BillType] = @p143, [FID] = @p144, [Gst] = @p145, [GstDate] = @p146, [PId] = @p147, [PartyName] = @p148, [PaymentReceived] = @p149, [PaymentTablePId] = @p150, [Tds] = @p151, [TotalValue] = @p152
      WHERE [BillID] = @p153;
      SELECT @@ROWCOUNT;
      
      UPDATE [BillTables] SET [ActualAmount] = @p154, [BillDate] = @p155, [BillNum] = @p156, [BillType] = @p157, [FID] = @p158, [Gst] = @p159, [GstDate] = @p160, [PId] = @p161, [PartyName] = @p162, [PaymentReceived] = @p163, [PaymentTablePId] = @p164, [Tds] = @p165, [TotalValue] = @p166
      WHERE [BillID] = @p167;
      SELECT @@ROWCOUNT;
      
      UPDATE [BillTables] SET [ActualAmount] = @p168, [BillDate] = @p169, [BillNum] = @p170, [BillType] = @p171, [FID] = @p172, [Gst] = @p173, [GstDate] = @p174, [PId] = @p175, [PartyName] = @p176, [PaymentReceived] = @p177, [PaymentTablePId] = @p178, [Tds] = @p179, [TotalValue] = @p180
      WHERE [BillID] = @p181;
      SELECT @@ROWCOUNT;
      
      UPDATE [BillTables] SET [ActualAmount] = @p182, [BillDate] = @p183, [BillNum] = @p184, [BillType] = @p185, [FID] = @p186, [Gst] = @p187, [GstDate] = @p188, [PId] = @p189, [PartyName] = @p190, [PaymentReceived] = @p191, [PaymentTablePId] = @p192, [Tds] = @p193, [TotalValue] = @p194
      WHERE [BillID] = @p195;
      SELECT @@ROWCOUNT;
      
      UPDATE [BillTables] SET [ActualAmount] = @p196, [BillDate] = @p197, [BillNum] = @p198, [BillType] = @p199, [FID] = @p200, [Gst] = @p201, [GstDate] = @p202, [PId] = @p203, [PartyName] = @p204, [PaymentReceived] = @p205, [PaymentTablePId] = @p206, [Tds] = @p207, [TotalValue] = @p208
      WHERE [BillID] = @p209;
      SELECT @@ROWCOUNT;
      
      UPDATE [BillTables] SET [ActualAmount] = @p210, [BillDate] = @p211, [BillNum] = @p212, [BillType] = @p213, [FID] = @p214, [Gst] = @p215, [GstDate] = @p216, [PId] = @p217, [PartyName] = @p218, [PaymentReceived] = @p219, [PaymentTablePId] = @p220, [Tds] = @p221, [TotalValue] = @p222
      WHERE [BillID] = @p223;
      SELECT @@ROWCOUNT;
      
      UPDATE [BillTables] SET [ActualAmount] = @p224, [BillDate] = @p225, [BillNum] = @p226, [BillType] = @p227, [FID] = @p228, [Gst] = @p229, [GstDate] = @p230, [PId] = @p231, [PartyName] = @p232, [PaymentReceived] = @p233, [PaymentTablePId] = @p234, [Tds] = @p235, [TotalValue] = @p236
      WHERE [BillID] = @p237;
      SELECT @@ROWCOUNT;
      
      UPDATE [BillTables] SET [ActualAmount] = @p238, [BillDate] = @p239, [BillNum] = @p240, [BillType] = @p241, [FID] = @p242, [Gst] = @p243, [GstDate] = @p244, [PId] = @p245, [PartyName] = @p246, [PaymentReceived] = @p247, [PaymentTablePId] = @p248, [Tds] = @p249, [TotalValue] = @p250
      WHERE [BillID] = @p251;
      SELECT @@ROWCOUNT;
      
      UPDATE [BillTables] SET [ActualAmount] = @p252, [BillDate] = @p253, [BillNum] = @p254, [BillType] = @p255, [FID] = @p256, [Gst] = @p257, [GstDate] = @p258, [PId] = @p259, [PartyName] = @p260, [PaymentReceived] = @p261, [PaymentTablePId] = @p262, [Tds] = @p263, [TotalValue] = @p264
      WHERE [BillID] = @p265;
      SELECT @@ROWCOUNT;
      
      UPDATE [BillTables] SET [ActualAmount] = @p266, [BillDate] = @p267, [BillNum] = @p268, [BillType] = @p269, [FID] = @p270, [Gst] = @p271, [GstDate] = @p272, [PId] = @p273, [PartyName] = @p274, [PaymentReceived] = @p275, [PaymentTablePId] = @p276, [Tds] = @p277, [TotalValue] = @p278
      WHERE [BillID] = @p279;
      SELECT @@ROWCOUNT;
      
      UPDATE [BillTables] SET [ActualAmount] = @p280, [BillDate] = @p281, [BillNum] = @p282, [BillType] = @p283, [FID] = @p284, [Gst] = @p285, [GstDate] = @p286, [PId] = @p287, [PartyName] = @p288, [PaymentReceived] = @p289, [PaymentTablePId] = @p290, [Tds] = @p291, [TotalValue] = @p292
      WHERE [BillID] = @p293;
      SELECT @@ROWCOUNT;
      
      UPDATE [BillTables] SET [ActualAmount] = @p294, [BillDate] = @p295, [BillNum] = @p296, [BillType] = @p297, [FID] = @p298, [Gst] = @p299, [GstDate] = @p300, [PId] = @p301, [PartyName] = @p302, [PaymentReceived] = @p303, [PaymentTablePId] = @p304, [Tds] = @p305, [TotalValue] = @p306
      WHERE [BillID] = @p307;
      SELECT @@ROWCOUNT;
      
      UPDATE [BillTables] SET [ActualAmount] = @p308, [BillDate] = @p309, [BillNum] = @p310, [BillType] = @p311, [FID] = @p312, [Gst] = @p313, [GstDate] = @p314, [PId] = @p315, [PartyName] = @p316, [PaymentReceived] = @p317, [PaymentTablePId] = @p318, [Tds] = @p319, [TotalValue] = @p320
      WHERE [BillID] = @p321;
      SELECT @@ROWCOUNT;
      
      UPDATE [BillTables] SET [ActualAmount] = @p322, [BillDate] = @p323, [BillNum] = @p324, [BillType] = @p325, [FID] = @p326, [Gst] = @p327, [GstDate] = @p328, [PId] = @p329, [PartyName] = @p330, [PaymentReceived] = @p331, [PaymentTablePId] = @p332, [Tds] = @p333, [TotalValue] = @p334
      WHERE [BillID] = @p335;
      SELECT @@ROWCOUNT;
      
      UPDATE [BillTables] SET [ActualAmount] = @p336, [BillDate] = @p337, [BillNum] = @p338, [BillType] = @p339, [FID] = @p340, [Gst] = @p341, [GstDate] = @p342, [PId] = @p343, [PartyName] = @p344, [PaymentReceived] = @p345, [PaymentTablePId] = @p346, [Tds] = @p347, [TotalValue] = @p348
      WHERE [BillID] = @p349;
      SELECT @@ROWCOUNT;
      
      UPDATE [BillTables] SET [ActualAmount] = @p350, [BillDate] = @p351, [BillNum] = @p352, [BillType] = @p353, [FID] = @p354, [Gst] = @p355, [GstDate] = @p356, [PId] = @p357, [PartyName] = @p358, [PaymentReceived] = @p359, [PaymentTablePId] = @p360, [Tds] = @p361, [TotalValue] = @p362
      WHERE [BillID] = @p363;
      SELECT @@ROWCOUNT;
      
      UPDATE [BillTables] SET [ActualAmount] = @p364, [BillDate] = @p365, [BillNum] = @p366, [BillType] = @p367, [FID] = @p368, [Gst] = @p369, [GstDate] = @p370, [PId] = @p371, [PartyName] = @p372, [PaymentReceived] = @p373, [PaymentTablePId] = @p374, [Tds] = @p375, [TotalValue] = @p376
      WHERE [BillID] = @p377;
      SELECT @@ROWCOUNT;
dbug: Microsoft.EntityFrameworkCore.Database.Command[20300]
      A data reader was disposed.
dbug: Microsoft.EntityFrameworkCore.Database.Transaction[20210]
      Committing transaction.
dbug: Microsoft.EntityFrameworkCore.Database.Transaction[20202]
      Committed transaction.
dbug: Microsoft.EntityFrameworkCore.Database.Connection[20002]
      Closing connection to database 'FinalDb' on server 'MUSAKHAN\SQLEXPRESS'.
dbug: Microsoft.EntityFrameworkCore.Database.Connection[20003]
      Closed connection to database 'FinalDb' on server 'MUSAKHAN\SQLEXPRESS'.
dbug: Microsoft.EntityFrameworkCore.Database.Transaction[20204]
      Disposing transaction.
dbug: Microsoft.EntityFrameworkCore.ChangeTracking[10807]
      An entity of type 'BillTable' tracked by 'TransportMgmtContext' changed state from 'Modified' to 'Unchanged'. Consider using 'DbContextOptionsBuilder.EnableSensitiveDataLogging' to see key values.
dbug: Microsoft.EntityFrameworkCore.ChangeTracking[10807]
      An entity of type 'BillTable' tracked by 'TransportMgmtContext' changed state from 'Modified' to 'Unchanged'. Consider using 'DbContextOptionsBuilder.EnableSensitiveDataLogging' to see key values.
dbug: Microsoft.EntityFrameworkCore.ChangeTracking[10807]
      An entity of type 'BillTable' tracked by 'TransportMgmtContext' changed state from 'Modified' to 'Unchanged'. Consider using 'DbContextOptionsBuilder.EnableSensitiveDataLogging' to see key values.
dbug: Microsoft.EntityFrameworkCore.ChangeTracking[10807]
      An entity of type 'BillTable' tracked by 'TransportMgmtContext' changed state from 'Modified' to 'Unchanged'. Consider using 'DbContextOptionsBuilder.EnableSensitiveDataLogging' to see key values.
dbug: Microsoft.EntityFrameworkCore.ChangeTracking[10807]
      An entity of type 'BillTable' tracked by 'TransportMgmtContext' changed state from 'Modified' to 'Unchanged'. Consider using 'DbContextOptionsBuilder.EnableSensitiveDataLogging' to see key values.
dbug: Microsoft.EntityFrameworkCore.ChangeTracking[10807]
      An entity of type 'BillTable' tracked by 'TransportMgmtContext' changed state from 'Modified' to 'Unchanged'. Consider using 'DbContextOptionsBuilder.EnableSensitiveDataLogging' to see key values.
dbug: Microsoft.EntityFrameworkCore.ChangeTracking[10807]
      An entity of type 'BillTable' tracked by 'TransportMgmtContext' changed state from 'Modified' to 'Unchanged'. Consider using 'DbContextOptionsBuilder.EnableSensitiveDataLogging' to see key values.
dbug: Microsoft.EntityFrameworkCore.ChangeTracking[10807]
      An entity of type 'BillTable' tracked by 'TransportMgmtContext' changed state from 'Modified' to 'Unchanged'. Consider using 'DbContextOptionsBuilder.EnableSensitiveDataLogging' to see key values.
dbug: Microsoft.EntityFrameworkCore.ChangeTracking[10807]
      An entity of type 'BillTable' tracked by 'TransportMgmtContext' changed state from 'Modified' to 'Unchanged'. Consider using 'DbContextOptionsBuilder.EnableSensitiveDataLogging' to see key values.
dbug: Microsoft.EntityFrameworkCore.ChangeTracking[10807]
      An entity of type 'BillTable' tracked by 'TransportMgmtContext' changed state from 'Modified' to 'Unchanged'. Consider using 'DbContextOptionsBuilder.EnableSensitiveDataLogging' to see key values.
dbug: Microsoft.EntityFrameworkCore.ChangeTracking[10807]
      An entity of type 'BillTable' tracked by 'TransportMgmtContext' changed state from 'Modified' to 'Unchanged'. Consider using 'DbContextOptionsBuilder.EnableSensitiveDataLogging' to see key values.
dbug: Microsoft.EntityFrameworkCore.ChangeTracking[10807]
      An entity of type 'BillTable' tracked by 'TransportMgmtContext' changed state from 'Modified' to 'Unchanged'. Consider using 'DbContextOptionsBuilder.EnableSensitiveDataLogging' to see key values.
dbug: Microsoft.EntityFrameworkCore.ChangeTracking[10807]
      An entity of type 'BillTable' tracked by 'TransportMgmtContext' changed state from 'Modified' to 'Unchanged'. Consider using 'DbContextOptionsBuilder.EnableSensitiveDataLogging' to see key values.
dbug: Microsoft.EntityFrameworkCore.ChangeTracking[10807]
      An entity of type 'BillTable' tracked by 'TransportMgmtContext' changed state from 'Modified' to 'Unchanged'. Consider using 'DbContextOptionsBuilder.EnableSensitiveDataLogging' to see key values.
dbug: Microsoft.EntityFrameworkCore.ChangeTracking[10807]
      An entity of type 'BillTable' tracked by 'TransportMgmtContext' changed state from 'Modified' to 'Unchanged'. Consider using 'DbContextOptionsBuilder.EnableSensitiveDataLogging' to see key values.
dbug: Microsoft.EntityFrameworkCore.ChangeTracking[10807]
      An entity of type 'BillTable' tracked by 'TransportMgmtContext' changed state from 'Modified' to 'Unchanged'. Consider using 'DbContextOptionsBuilder.EnableSensitiveDataLogging' to see key values.
dbug: Microsoft.EntityFrameworkCore.ChangeTracking[10807]
      An entity of type 'BillTable' tracked by 'TransportMgmtContext' changed state from 'Modified' to 'Unchanged'. Consider using 'DbContextOptionsBuilder.EnableSensitiveDataLogging' to see key values.
dbug: Microsoft.EntityFrameworkCore.ChangeTracking[10807]
      An entity of type 'BillTable' tracked by 'TransportMgmtContext' changed state from 'Modified' to 'Unchanged'. Consider using 'DbContextOptionsBuilder.EnableSensitiveDataLogging' to see key values.
dbug: Microsoft.EntityFrameworkCore.ChangeTracking[10807]
      An entity of type 'BillTable' tracked by 'TransportMgmtContext' changed state from 'Modified' to 'Unchanged'. Consider using 'DbContextOptionsBuilder.EnableSensitiveDataLogging' to see key values.
dbug: Microsoft.EntityFrameworkCore.ChangeTracking[10807]
      An entity of type 'BillTable' tracked by 'TransportMgmtContext' changed state from 'Modified' to 'Unchanged'. Consider using 'DbContextOptionsBuilder.EnableSensitiveDataLogging' to see key values.
dbug: Microsoft.EntityFrameworkCore.ChangeTracking[10807]
      An entity of type 'BillTable' tracked by 'TransportMgmtContext' changed state from 'Modified' to 'Unchanged'. Consider using 'DbContextOptionsBuilder.EnableSensitiveDataLogging' to see key values.
dbug: Microsoft.EntityFrameworkCore.ChangeTracking[10807]
      An entity of type 'BillTable' tracked by 'TransportMgmtContext' changed state from 'Modified' to 'Unchanged'. Consider using 'DbContextOptionsBuilder.EnableSensitiveDataLogging' to see key values.
dbug: Microsoft.EntityFrameworkCore.ChangeTracking[10807]
      An entity of type 'BillTable' tracked by 'TransportMgmtContext' changed state from 'Modified' to 'Unchanged'. Consider using 'DbContextOptionsBuilder.EnableSensitiveDataLogging' to see key values.
dbug: Microsoft.EntityFrameworkCore.ChangeTracking[10807]
      An entity of type 'BillTable' tracked by 'TransportMgmtContext' changed state from 'Modified' to 'Unchanged'. Consider using 'DbContextOptionsBuilder.EnableSensitiveDataLogging' to see key values.
dbug: Microsoft.EntityFrameworkCore.ChangeTracking[10807]
      An entity of type 'BillTable' tracked by 'TransportMgmtContext' changed state from 'Modified' to 'Unchanged'. Consider using 'DbContextOptionsBuilder.EnableSensitiveDataLogging' to see key values.
dbug: Microsoft.EntityFrameworkCore.ChangeTracking[10807]
      An entity of type 'BillTable' tracked by 'TransportMgmtContext' changed state from 'Modified' to 'Unchanged'. Consider using 'DbContextOptionsBuilder.EnableSensitiveDataLogging' to see key values.
dbug: Microsoft.EntityFrameworkCore.ChangeTracking[10807]
      An entity of type 'BillTable' tracked by 'TransportMgmtContext' changed state from 'Modified' to 'Unchanged'. Consider using 'DbContextOptionsBuilder.EnableSensitiveDataLogging' to see key values.
dbug: Microsoft.EntityFrameworkCore.Update[10005]
      SaveChanges completed for 'TransportMgmtContext' with 27 entities written to the database.
info: Microsoft.AspNetCore.Mvc.Infrastructure.ObjectResultExecutor[1]
      Executing OkObjectResult, writing value of type 'System.Int32'.
info: Microsoft.AspNetCore.Mvc.Infrastructure.ControllerActionInvoker[2]
      Executed action CodeFirstTransport.Controllers.PaymentController.ShowBill (CodeFirstTransport) in 1940.412ms
info: Microsoft.AspNetCore.Routing.EndpointMiddleware[1]
      Executed endpoint 'CodeFirstTransport.Controllers.PaymentController.ShowBill (CodeFirstTransport)'
dbug: Microsoft.EntityFrameworkCore.Infrastructure[10407]
      'TransportMgmtContext' disposed.
info: Microsoft.AspNetCore.Hosting.Diagnostics[2]
      Request finished HTTP/2 POST https://localhost:44307/Payment/ShowBill multipart/form-data;+boundary=----WebKitFormBoundaryGkucTBByTHk3Rmds 11107 - 200 - application/json;+charset=utf-8 1994.1458ms
info: Microsoft.AspNetCore.Hosting.Diagnostics[1]
      Request starting HTTP/2 GET https://localhost:44307/Payment/ShowBill - -
info: Microsoft.AspNetCore.Routing.EndpointMiddleware[0]
      Executing endpoint 'CodeFirstTransport.Controllers.PaymentController.ShowBill (CodeFirstTransport)'
info: Microsoft.AspNetCore.Mvc.Infrastructure.ControllerActionInvoker[3]
      Route matched with {action = "ShowBill", controller = "Payment"}. Executing controller action with signature Microsoft.AspNetCore.Mvc.IActionResult ShowBill() on controller CodeFirstTransport.Controllers.PaymentController (CodeFirstTransport).
info: Microsoft.EntityFrameworkCore.Infrastructure[10403]
      Entity Framework Core 6.0.21 initialized 'TransportMgmtContext' using provider 'Microsoft.EntityFrameworkCore.SqlServer:6.0.21' with options: CommandTimeout=120 
dbug: Microsoft.EntityFrameworkCore.Database.Command[20103]
      Creating DbCommand for 'ExecuteReader'.
dbug: Microsoft.EntityFrameworkCore.Database.Command[20104]
      Created DbCommand for 'ExecuteReader' (2ms).
dbug: Microsoft.EntityFrameworkCore.Database.Connection[20000]
      Opening connection to database 'FinalDb' on server 'MUSAKHAN\SQLEXPRESS'.
dbug: Microsoft.EntityFrameworkCore.Database.Connection[20001]
      Opened connection to database 'FinalDb' on server 'MUSAKHAN\SQLEXPRESS'.
dbug: Microsoft.EntityFrameworkCore.Database.Command[20100]
      Executing DbCommand [Parameters=[], CommandType='Text', CommandTimeout='120']
      SELECT [t].[FID], [t].[Address], [t].[Code], [t].[CreatedBy], [t].[CreatedOn], [t].[FactoryName], [t].[Gstin], [t].[IsActive], [t].[ModifiedBy], [t].[ModifiedOn]
      FROM [TblFactories] AS [t]
info: Microsoft.EntityFrameworkCore.Database.Command[20101]
      Executed DbCommand (18ms) [Parameters=[], CommandType='Text', CommandTimeout='120']
      SELECT [t].[FID], [t].[Address], [t].[Code], [t].[CreatedBy], [t].[CreatedOn], [t].[FactoryName], [t].[Gstin], [t].[IsActive], [t].[ModifiedBy], [t].[ModifiedOn]
      FROM [TblFactories] AS [t]
dbug: Microsoft.EntityFrameworkCore.ChangeTracking[10806]
      Context 'TransportMgmtContext' started tracking 'TblFactory' entity. Consider using 'DbContextOptionsBuilder.EnableSensitiveDataLogging' to see key values.
dbug: Microsoft.EntityFrameworkCore.ChangeTracking[10806]
      Context 'TransportMgmtContext' started tracking 'TblFactory' entity. Consider using 'DbContextOptionsBuilder.EnableSensitiveDataLogging' to see key values.
dbug: Microsoft.EntityFrameworkCore.ChangeTracking[10806]
      Context 'TransportMgmtContext' started tracking 'TblFactory' entity. Consider using 'DbContextOptionsBuilder.EnableSensitiveDataLogging' to see key values.
dbug: Microsoft.EntityFrameworkCore.ChangeTracking[10806]
      Context 'TransportMgmtContext' started tracking 'TblFactory' entity. Consider using 'DbContextOptionsBuilder.EnableSensitiveDataLogging' to see key values.
dbug: Microsoft.EntityFrameworkCore.ChangeTracking[10806]
      Context 'TransportMgmtContext' started tracking 'TblFactory' entity. Consider using 'DbContextOptionsBuilder.EnableSensitiveDataLogging' to see key values.
dbug: Microsoft.EntityFrameworkCore.ChangeTracking[10806]
      Context 'TransportMgmtContext' started tracking 'TblFactory' entity. Consider using 'DbContextOptionsBuilder.EnableSensitiveDataLogging' to see key values.
dbug: Microsoft.EntityFrameworkCore.ChangeTracking[10806]
      Context 'TransportMgmtContext' started tracking 'TblFactory' entity. Consider using 'DbContextOptionsBuilder.EnableSensitiveDataLogging' to see key values.
dbug: Microsoft.EntityFrameworkCore.ChangeTracking[10806]
      Context 'TransportMgmtContext' started tracking 'TblFactory' entity. Consider using 'DbContextOptionsBuilder.EnableSensitiveDataLogging' to see key values.
dbug: Microsoft.EntityFrameworkCore.ChangeTracking[10806]
      Context 'TransportMgmtContext' started tracking 'TblFactory' entity. Consider using 'DbContextOptionsBuilder.EnableSensitiveDataLogging' to see key values.
dbug: Microsoft.EntityFrameworkCore.ChangeTracking[10806]
      Context 'TransportMgmtContext' started tracking 'TblFactory' entity. Consider using 'DbContextOptionsBuilder.EnableSensitiveDataLogging' to see key values.
dbug: Microsoft.EntityFrameworkCore.ChangeTracking[10806]
      Context 'TransportMgmtContext' started tracking 'TblFactory' entity. Consider using 'DbContextOptionsBuilder.EnableSensitiveDataLogging' to see key values.
dbug: Microsoft.EntityFrameworkCore.Database.Command[20300]
      A data reader was disposed.
dbug: Microsoft.EntityFrameworkCore.Database.Connection[20002]
      Closing connection to database 'FinalDb' on server 'MUSAKHAN\SQLEXPRESS'.
dbug: Microsoft.EntityFrameworkCore.Database.Connection[20003]
      Closed connection to database 'FinalDb' on server 'MUSAKHAN\SQLEXPRESS'.
dbug: Microsoft.EntityFrameworkCore.Database.Command[20103]
      Creating DbCommand for 'ExecuteReader'.
dbug: Microsoft.EntityFrameworkCore.Database.Command[20104]
      Created DbCommand for 'ExecuteReader' (3ms).
dbug: Microsoft.EntityFrameworkCore.Database.Connection[20000]
      Opening connection to database 'FinalDb' on server 'MUSAKHAN\SQLEXPRESS'.
dbug: Microsoft.EntityFrameworkCore.Database.Connection[20001]
      Opened connection to database 'FinalDb' on server 'MUSAKHAN\SQLEXPRESS'.
dbug: Microsoft.EntityFrameworkCore.Database.Command[20100]
      Executing DbCommand [Parameters=[], CommandType='Text', CommandTimeout='120']
      SELECT [t].[FID], [t].[Address], [t].[Code], [t].[CreatedBy], [t].[CreatedOn], [t].[FactoryName], [t].[Gstin], [t].[IsActive], [t].[ModifiedBy], [t].[ModifiedOn]
      FROM [TblFactories] AS [t]
info: Microsoft.EntityFrameworkCore.Database.Command[20101]
      Executed DbCommand (5ms) [Parameters=[], CommandType='Text', CommandTimeout='120']
      SELECT [t].[FID], [t].[Address], [t].[Code], [t].[CreatedBy], [t].[CreatedOn], [t].[FactoryName], [t].[Gstin], [t].[IsActive], [t].[ModifiedBy], [t].[ModifiedOn]
      FROM [TblFactories] AS [t]
dbug: Microsoft.EntityFrameworkCore.Database.Command[20300]
      A data reader was disposed.
dbug: Microsoft.EntityFrameworkCore.Database.Connection[20002]
      Closing connection to database 'FinalDb' on server 'MUSAKHAN\SQLEXPRESS'.
dbug: Microsoft.EntityFrameworkCore.Database.Connection[20003]
      Closed connection to database 'FinalDb' on server 'MUSAKHAN\SQLEXPRESS'.
dbug: Microsoft.EntityFrameworkCore.Database.Command[20103]
      Creating DbCommand for 'ExecuteReader'.
dbug: Microsoft.EntityFrameworkCore.Database.Command[20104]
      Created DbCommand for 'ExecuteReader' (2ms).
dbug: Microsoft.EntityFrameworkCore.Database.Connection[20000]
      Opening connection to database 'FinalDb' on server 'MUSAKHAN\SQLEXPRESS'.
dbug: Microsoft.EntityFrameworkCore.Database.Connection[20001]
      Opened connection to database 'FinalDb' on server 'MUSAKHAN\SQLEXPRESS'.
dbug: Microsoft.EntityFrameworkCore.Database.Command[20100]
      Executing DbCommand [Parameters=[], CommandType='Text', CommandTimeout='120']
      SELECT [b].[BillID], [b].[ActualAmount], [b].[BillDate], [b].[BillNum], [b].[BillType], [b].[FID], [b].[Gst], [b].[GstDate], [b].[PId], [b].[PartyName], [b].[PaymentReceived], [b].[PaymentTablePId], [b].[Tds], [b].[TotalValue]
      FROM [BillTables] AS [b]
info: Microsoft.EntityFrameworkCore.Database.Command[20101]
      Executed DbCommand (11ms) [Parameters=[], CommandType='Text', CommandTimeout='120']
      SELECT [b].[BillID], [b].[ActualAmount], [b].[BillDate], [b].[BillNum], [b].[BillType], [b].[FID], [b].[Gst], [b].[GstDate], [b].[PId], [b].[PartyName], [b].[PaymentReceived], [b].[PaymentTablePId], [b].[Tds], [b].[TotalValue]
      FROM [BillTables] AS [b]
dbug: Microsoft.EntityFrameworkCore.ChangeTracking[10806]
      Context 'TransportMgmtContext' started tracking 'BillTable' entity. Consider using 'DbContextOptionsBuilder.EnableSensitiveDataLogging' to see key values.
dbug: Microsoft.EntityFrameworkCore.ChangeTracking[10806]
      Context 'TransportMgmtContext' started tracking 'BillTable' entity. Consider using 'DbContextOptionsBuilder.EnableSensitiveDataLogging' to see key values.
dbug: Microsoft.EntityFrameworkCore.ChangeTracking[10806]
      Context 'TransportMgmtContext' started tracking 'BillTable' entity. Consider using 'DbContextOptionsBuilder.EnableSensitiveDataLogging' to see key values.
dbug: Microsoft.EntityFrameworkCore.ChangeTracking[10806]
      Context 'TransportMgmtContext' started tracking 'BillTable' entity. Consider using 'DbContextOptionsBuilder.EnableSensitiveDataLogging' to see key values.
dbug: Microsoft.EntityFrameworkCore.ChangeTracking[10806]
      Context 'TransportMgmtContext' started tracking 'BillTable' entity. Consider using 'DbContextOptionsBuilder.EnableSensitiveDataLogging' to see key values.
dbug: Microsoft.EntityFrameworkCore.ChangeTracking[10806]
      Context 'TransportMgmtContext' started tracking 'BillTable' entity. Consider using 'DbContextOptionsBuilder.EnableSensitiveDataLogging' to see key values.
dbug: Microsoft.EntityFrameworkCore.ChangeTracking[10806]
      Context 'TransportMgmtContext' started tracking 'BillTable' entity. Consider using 'DbContextOptionsBuilder.EnableSensitiveDataLogging' to see key values.
dbug: Microsoft.EntityFrameworkCore.ChangeTracking[10806]
      Context 'TransportMgmtContext' started tracking 'BillTable' entity. Consider using 'DbContextOptionsBuilder.EnableSensitiveDataLogging' to see key values.
dbug: Microsoft.EntityFrameworkCore.ChangeTracking[10806]
      Context 'TransportMgmtContext' started tracking 'BillTable' entity. Consider using 'DbContextOptionsBuilder.EnableSensitiveDataLogging' to see key values.
dbug: Microsoft.EntityFrameworkCore.ChangeTracking[10806]
      Context 'TransportMgmtContext' started tracking 'BillTable' entity. Consider using 'DbContextOptionsBuilder.EnableSensitiveDataLogging' to see key values.
dbug: Microsoft.EntityFrameworkCore.ChangeTracking[10806]
      Context 'TransportMgmtContext' started tracking 'BillTable' entity. Consider using 'DbContextOptionsBuilder.EnableSensitiveDataLogging' to see key values.
dbug: Microsoft.EntityFrameworkCore.ChangeTracking[10806]
      Context 'TransportMgmtContext' started tracking 'BillTable' entity. Consider using 'DbContextOptionsBuilder.EnableSensitiveDataLogging' to see key values.
dbug: Microsoft.EntityFrameworkCore.ChangeTracking[10806]
      Context 'TransportMgmtContext' started tracking 'BillTable' entity. Consider using 'DbContextOptionsBuilder.EnableSensitiveDataLogging' to see key values.
dbug: Microsoft.EntityFrameworkCore.ChangeTracking[10806]
      Context 'TransportMgmtContext' started tracking 'BillTable' entity. Consider using 'DbContextOptionsBuilder.EnableSensitiveDataLogging' to see key values.
dbug: Microsoft.EntityFrameworkCore.ChangeTracking[10806]
      Context 'TransportMgmtContext' started tracking 'BillTable' entity. Consider using 'DbContextOptionsBuilder.EnableSensitiveDataLogging' to see key values.
dbug: Microsoft.EntityFrameworkCore.ChangeTracking[10806]
      Context 'TransportMgmtContext' started tracking 'BillTable' entity. Consider using 'DbContextOptionsBuilder.EnableSensitiveDataLogging' to see key values.
dbug: Microsoft.EntityFrameworkCore.ChangeTracking[10806]
      Context 'TransportMgmtContext' started tracking 'BillTable' entity. Consider using 'DbContextOptionsBuilder.EnableSensitiveDataLogging' to see key values.
dbug: Microsoft.EntityFrameworkCore.ChangeTracking[10806]
      Context 'TransportMgmtContext' started tracking 'BillTable' entity. Consider using 'DbContextOptionsBuilder.EnableSensitiveDataLogging' to see key values.
dbug: Microsoft.EntityFrameworkCore.ChangeTracking[10806]
      Context 'TransportMgmtContext' started tracking 'BillTable' entity. Consider using 'DbContextOptionsBuilder.EnableSensitiveDataLogging' to see key values.
dbug: Microsoft.EntityFrameworkCore.ChangeTracking[10806]
      Context 'TransportMgmtContext' started tracking 'BillTable' entity. Consider using 'DbContextOptionsBuilder.EnableSensitiveDataLogging' to see key values.
dbug: Microsoft.EntityFrameworkCore.ChangeTracking[10806]
      Context 'TransportMgmtContext' started tracking 'BillTable' entity. Consider using 'DbContextOptionsBuilder.EnableSensitiveDataLogging' to see key values.
dbug: Microsoft.EntityFrameworkCore.ChangeTracking[10806]
      Context 'TransportMgmtContext' started tracking 'BillTable' entity. Consider using 'DbContextOptionsBuilder.EnableSensitiveDataLogging' to see key values.
dbug: Microsoft.EntityFrameworkCore.ChangeTracking[10806]
      Context 'TransportMgmtContext' started tracking 'BillTable' entity. Consider using 'DbContextOptionsBuilder.EnableSensitiveDataLogging' to see key values.
dbug: Microsoft.EntityFrameworkCore.ChangeTracking[10806]
      Context 'TransportMgmtContext' started tracking 'BillTable' entity. Consider using 'DbContextOptionsBuilder.EnableSensitiveDataLogging' to see key values.
dbug: Microsoft.EntityFrameworkCore.ChangeTracking[10806]
      Context 'TransportMgmtContext' started tracking 'BillTable' entity. Consider using 'DbContextOptionsBuilder.EnableSensitiveDataLogging' to see key values.
dbug: Microsoft.EntityFrameworkCore.ChangeTracking[10806]
      Context 'TransportMgmtContext' started tracking 'BillTable' entity. Consider using 'DbContextOptionsBuilder.EnableSensitiveDataLogging' to see key values.
dbug: Microsoft.EntityFrameworkCore.ChangeTracking[10806]
      Context 'TransportMgmtContext' started tracking 'BillTable' entity. Consider using 'DbContextOptionsBuilder.EnableSensitiveDataLogging' to see key values.
dbug: Microsoft.EntityFrameworkCore.ChangeTracking[10806]
      Context 'TransportMgmtContext' started tracking 'BillTable' entity. Consider using 'DbContextOptionsBuilder.EnableSensitiveDataLogging' to see key values.
dbug: Microsoft.EntityFrameworkCore.ChangeTracking[10806]
      Context 'TransportMgmtContext' started tracking 'BillTable' entity. Consider using 'DbContextOptionsBuilder.EnableSensitiveDataLogging' to see key values.
dbug: Microsoft.EntityFrameworkCore.ChangeTracking[10806]
      Context 'TransportMgmtContext' started tracking 'BillTable' entity. Consider using 'DbContextOptionsBuilder.EnableSensitiveDataLogging' to see key values.
dbug: Microsoft.EntityFrameworkCore.ChangeTracking[10806]
      Context 'TransportMgmtContext' started tracking 'BillTable' entity. Consider using 'DbContextOptionsBuilder.EnableSensitiveDataLogging' to see key values.
dbug: Microsoft.EntityFrameworkCore.ChangeTracking[10806]
      Context 'TransportMgmtContext' started tracking 'BillTable' entity. Consider using 'DbContextOptionsBuilder.EnableSensitiveDataLogging' to see key values.
dbug: Microsoft.EntityFrameworkCore.ChangeTracking[10806]
      Context 'TransportMgmtContext' started tracking 'BillTable' entity. Consider using 'DbContextOptionsBuilder.EnableSensitiveDataLogging' to see key values.
dbug: Microsoft.EntityFrameworkCore.ChangeTracking[10806]
      Context 'TransportMgmtContext' started tracking 'BillTable' entity. Consider using 'DbContextOptionsBuilder.EnableSensitiveDataLogging' to see key values.
dbug: Microsoft.EntityFrameworkCore.ChangeTracking[10806]
      Context 'TransportMgmtContext' started tracking 'BillTable' entity. Consider using 'DbContextOptionsBuilder.EnableSensitiveDataLogging' to see key values.
dbug: Microsoft.EntityFrameworkCore.ChangeTracking[10806]
      Context 'TransportMgmtContext' started tracking 'BillTable' entity. Consider using 'DbContextOptionsBuilder.EnableSensitiveDataLogging' to see key values.
dbug: Microsoft.EntityFrameworkCore.ChangeTracking[10806]
      Context 'TransportMgmtContext' started tracking 'BillTable' entity. Consider using 'DbContextOptionsBuilder.EnableSensitiveDataLogging' to see key values.
dbug: Microsoft.EntityFrameworkCore.ChangeTracking[10806]
      Context 'TransportMgmtContext' started tracking 'BillTable' entity. Consider using 'DbContextOptionsBuilder.EnableSensitiveDataLogging' to see key values.
dbug: Microsoft.EntityFrameworkCore.ChangeTracking[10806]
      Context 'TransportMgmtContext' started tracking 'BillTable' entity. Consider using 'DbContextOptionsBuilder.EnableSensitiveDataLogging' to see key values.
dbug: Microsoft.EntityFrameworkCore.ChangeTracking[10806]
      Context 'TransportMgmtContext' started tracking 'BillTable' entity. Consider using 'DbContextOptionsBuilder.EnableSensitiveDataLogging' to see key values.
dbug: Microsoft.EntityFrameworkCore.ChangeTracking[10806]
      Context 'TransportMgmtContext' started tracking 'BillTable' entity. Consider using 'DbContextOptionsBuilder.EnableSensitiveDataLogging' to see key values.
dbug: Microsoft.EntityFrameworkCore.ChangeTracking[10806]
      Context 'TransportMgmtContext' started tracking 'BillTable' entity. Consider using 'DbContextOptionsBuilder.EnableSensitiveDataLogging' to see key values.
dbug: Microsoft.EntityFrameworkCore.ChangeTracking[10806]
      Context 'TransportMgmtContext' started tracking 'BillTable' entity. Consider using 'DbContextOptionsBuilder.EnableSensitiveDataLogging' to see key values.
dbug: Microsoft.EntityFrameworkCore.ChangeTracking[10806]
      Context 'TransportMgmtContext' started tracking 'BillTable' entity. Consider using 'DbContextOptionsBuilder.EnableSensitiveDataLogging' to see key values.
dbug: Microsoft.EntityFrameworkCore.ChangeTracking[10806]
      Context 'TransportMgmtContext' started tracking 'BillTable' entity. Consider using 'DbContextOptionsBuilder.EnableSensitiveDataLogging' to see key values.
dbug: Microsoft.EntityFrameworkCore.ChangeTracking[10806]
      Context 'TransportMgmtContext' started tracking 'BillTable' entity. Consider using 'DbContextOptionsBuilder.EnableSensitiveDataLogging' to see key values.
dbug: Microsoft.EntityFrameworkCore.ChangeTracking[10806]
      Context 'TransportMgmtContext' started tracking 'BillTable' entity. Consider using 'DbContextOptionsBuilder.EnableSensitiveDataLogging' to see key values.
dbug: Microsoft.EntityFrameworkCore.ChangeTracking[10806]
      Context 'TransportMgmtContext' started tracking 'BillTable' entity. Consider using 'DbContextOptionsBuilder.EnableSensitiveDataLogging' to see key values.
dbug: Microsoft.EntityFrameworkCore.ChangeTracking[10806]
      Context 'TransportMgmtContext' started tracking 'BillTable' entity. Consider using 'DbContextOptionsBuilder.EnableSensitiveDataLogging' to see key values.
dbug: Microsoft.EntityFrameworkCore.ChangeTracking[10806]
      Context 'TransportMgmtContext' started tracking 'BillTable' entity. Consider using 'DbContextOptionsBuilder.EnableSensitiveDataLogging' to see key values.
dbug: Microsoft.EntityFrameworkCore.ChangeTracking[10806]
      Context 'TransportMgmtContext' started tracking 'BillTable' entity. Consider using 'DbContextOptionsBuilder.EnableSensitiveDataLogging' to see key values.
dbug: Microsoft.EntityFrameworkCore.ChangeTracking[10806]
      Context 'TransportMgmtContext' started tracking 'BillTable' entity. Consider using 'DbContextOptionsBuilder.EnableSensitiveDataLogging' to see key values.
dbug: Microsoft.EntityFrameworkCore.ChangeTracking[10806]
      Context 'TransportMgmtContext' started tracking 'BillTable' entity. Consider using 'DbContextOptionsBuilder.EnableSensitiveDataLogging' to see key values.
dbug: Microsoft.EntityFrameworkCore.ChangeTracking[10806]
      Context 'TransportMgmtContext' started tracking 'BillTable' entity. Consider using 'DbContextOptionsBuilder.EnableSensitiveDataLogging' to see key values.
dbug: Microsoft.EntityFrameworkCore.ChangeTracking[10806]
      Context 'TransportMgmtContext' started tracking 'BillTable' entity. Consider using 'DbContextOptionsBuilder.EnableSensitiveDataLogging' to see key values.
dbug: Microsoft.EntityFrameworkCore.ChangeTracking[10806]
      Context 'TransportMgmtContext' started tracking 'BillTable' entity. Consider using 'DbContextOptionsBuilder.EnableSensitiveDataLogging' to see key values.
dbug: Microsoft.EntityFrameworkCore.ChangeTracking[10806]
      Context 'TransportMgmtContext' started tracking 'BillTable' entity. Consider using 'DbContextOptionsBuilder.EnableSensitiveDataLogging' to see key values.
dbug: Microsoft.EntityFrameworkCore.ChangeTracking[10806]
      Context 'TransportMgmtContext' started tracking 'BillTable' entity. Consider using 'DbContextOptionsBuilder.EnableSensitiveDataLogging' to see key values.
dbug: Microsoft.EntityFrameworkCore.ChangeTracking[10806]
      Context 'TransportMgmtContext' started tracking 'BillTable' entity. Consider using 'DbContextOptionsBuilder.EnableSensitiveDataLogging' to see key values.
dbug: Microsoft.EntityFrameworkCore.ChangeTracking[10806]
      Context 'TransportMgmtContext' started tracking 'BillTable' entity. Consider using 'DbContextOptionsBuilder.EnableSensitiveDataLogging' to see key values.
dbug: Microsoft.EntityFrameworkCore.ChangeTracking[10806]
      Context 'TransportMgmtContext' started tracking 'BillTable' entity. Consider using 'DbContextOptionsBuilder.EnableSensitiveDataLogging' to see key values.
dbug: Microsoft.EntityFrameworkCore.ChangeTracking[10806]
      Context 'TransportMgmtContext' started tracking 'BillTable' entity. Consider using 'DbContextOptionsBuilder.EnableSensitiveDataLogging' to see key values.
dbug: Microsoft.EntityFrameworkCore.ChangeTracking[10806]
      Context 'TransportMgmtContext' started tracking 'BillTable' entity. Consider using 'DbContextOptionsBuilder.EnableSensitiveDataLogging' to see key values.
dbug: Microsoft.EntityFrameworkCore.ChangeTracking[10806]
      Context 'TransportMgmtContext' started tracking 'BillTable' entity. Consider using 'DbContextOptionsBuilder.EnableSensitiveDataLogging' to see key values.
dbug: Microsoft.EntityFrameworkCore.ChangeTracking[10806]
      Context 'TransportMgmtContext' started tracking 'BillTable' entity. Consider using 'DbContextOptionsBuilder.EnableSensitiveDataLogging' to see key values.
dbug: Microsoft.EntityFrameworkCore.ChangeTracking[10806]
      Context 'TransportMgmtContext' started tracking 'BillTable' entity. Consider using 'DbContextOptionsBuilder.EnableSensitiveDataLogging' to see key values.
dbug: Microsoft.EntityFrameworkCore.ChangeTracking[10806]
      Context 'TransportMgmtContext' started tracking 'BillTable' entity. Consider using 'DbContextOptionsBuilder.EnableSensitiveDataLogging' to see key values.
dbug: Microsoft.EntityFrameworkCore.ChangeTracking[10806]
      Context 'TransportMgmtContext' started tracking 'BillTable' entity. Consider using 'DbContextOptionsBuilder.EnableSensitiveDataLogging' to see key values.
dbug: Microsoft.EntityFrameworkCore.ChangeTracking[10806]
      Context 'TransportMgmtContext' started tracking 'BillTable' entity. Consider using 'DbContextOptionsBuilder.EnableSensitiveDataLogging' to see key values.
dbug: Microsoft.EntityFrameworkCore.ChangeTracking[10806]
      Context 'TransportMgmtContext' started tracking 'BillTable' entity. Consider using 'DbContextOptionsBuilder.EnableSensitiveDataLogging' to see key values.
dbug: Microsoft.EntityFrameworkCore.ChangeTracking[10806]
      Context 'TransportMgmtContext' started tracking 'BillTable' entity. Consider using 'DbContextOptionsBuilder.EnableSensitiveDataLogging' to see key values.
dbug: Microsoft.EntityFrameworkCore.ChangeTracking[10806]
      Context 'TransportMgmtContext' started tracking 'BillTable' entity. Consider using 'DbContextOptionsBuilder.EnableSensitiveDataLogging' to see key values.
dbug: Microsoft.EntityFrameworkCore.ChangeTracking[10806]
      Context 'TransportMgmtContext' started tracking 'BillTable' entity. Consider using 'DbContextOptionsBuilder.EnableSensitiveDataLogging' to see key values.
dbug: Microsoft.EntityFrameworkCore.ChangeTracking[10806]
      Context 'TransportMgmtContext' started tracking 'BillTable' entity. Consider using 'DbContextOptionsBuilder.EnableSensitiveDataLogging' to see key values.
dbug: Microsoft.EntityFrameworkCore.ChangeTracking[10806]
      Context 'TransportMgmtContext' started tracking 'BillTable' entity. Consider using 'DbContextOptionsBuilder.EnableSensitiveDataLogging' to see key values.
dbug: Microsoft.EntityFrameworkCore.ChangeTracking[10806]
      Context 'TransportMgmtContext' started tracking 'BillTable' entity. Consider using 'DbContextOptionsBuilder.EnableSensitiveDataLogging' to see key values.
dbug: Microsoft.EntityFrameworkCore.ChangeTracking[10806]
      Context 'TransportMgmtContext' started tracking 'BillTable' entity. Consider using 'DbContextOptionsBuilder.EnableSensitiveDataLogging' to see key values.
dbug: Microsoft.EntityFrameworkCore.ChangeTracking[10806]
      Context 'TransportMgmtContext' started tracking 'BillTable' entity. Consider using 'DbContextOptionsBuilder.EnableSensitiveDataLogging' to see key values.
dbug: Microsoft.EntityFrameworkCore.ChangeTracking[10806]
      Context 'TransportMgmtContext' started tracking 'BillTable' entity. Consider using 'DbContextOptionsBuilder.EnableSensitiveDataLogging' to see key values.
dbug: Microsoft.EntityFrameworkCore.ChangeTracking[10806]
      Context 'TransportMgmtContext' started tracking 'BillTable' entity. Consider using 'DbContextOptionsBuilder.EnableSensitiveDataLogging' to see key values.
dbug: Microsoft.EntityFrameworkCore.ChangeTracking[10806]
      Context 'TransportMgmtContext' started tracking 'BillTable' entity. Consider using 'DbContextOptionsBuilder.EnableSensitiveDataLogging' to see key values.
dbug: Microsoft.EntityFrameworkCore.ChangeTracking[10806]
      Context 'TransportMgmtContext' started tracking 'BillTable' entity. Consider using 'DbContextOptionsBuilder.EnableSensitiveDataLogging' to see key values.
dbug: Microsoft.EntityFrameworkCore.ChangeTracking[10806]
      Context 'TransportMgmtContext' started tracking 'BillTable' entity. Consider using 'DbContextOptionsBuilder.EnableSensitiveDataLogging' to see key values.
dbug: Microsoft.EntityFrameworkCore.ChangeTracking[10806]
      Context 'TransportMgmtContext' started tracking 'BillTable' entity. Consider using 'DbContextOptionsBuilder.EnableSensitiveDataLogging' to see key values.
dbug: Microsoft.EntityFrameworkCore.ChangeTracking[10806]
      Context 'TransportMgmtContext' started tracking 'BillTable' entity. Consider using 'DbContextOptionsBuilder.EnableSensitiveDataLogging' to see key values.
dbug: Microsoft.EntityFrameworkCore.ChangeTracking[10806]
      Context 'TransportMgmtContext' started tracking 'BillTable' entity. Consider using 'DbContextOptionsBuilder.EnableSensitiveDataLogging' to see key values.
dbug: Microsoft.EntityFrameworkCore.ChangeTracking[10806]
      Context 'TransportMgmtContext' started tracking 'BillTable' entity. Consider using 'DbContextOptionsBuilder.EnableSensitiveDataLogging' to see key values.
dbug: Microsoft.EntityFrameworkCore.ChangeTracking[10806]
      Context 'TransportMgmtContext' started tracking 'BillTable' entity. Consider using 'DbContextOptionsBuilder.EnableSensitiveDataLogging' to see key values.
dbug: Microsoft.EntityFrameworkCore.ChangeTracking[10806]
      Context 'TransportMgmtContext' started tracking 'BillTable' entity. Consider using 'DbContextOptionsBuilder.EnableSensitiveDataLogging' to see key values.
dbug: Microsoft.EntityFrameworkCore.ChangeTracking[10806]
      Context 'TransportMgmtContext' started tracking 'BillTable' entity. Consider using 'DbContextOptionsBuilder.EnableSensitiveDataLogging' to see key values.
dbug: Microsoft.EntityFrameworkCore.ChangeTracking[10806]
      Context 'TransportMgmtContext' started tracking 'BillTable' entity. Consider using 'DbContextOptionsBuilder.EnableSensitiveDataLogging' to see key values.
dbug: Microsoft.EntityFrameworkCore.ChangeTracking[10806]
      Context 'TransportMgmtContext' started tracking 'BillTable' entity. Consider using 'DbContextOptionsBuilder.EnableSensitiveDataLogging' to see key values.
dbug: Microsoft.EntityFrameworkCore.ChangeTracking[10806]
      Context 'TransportMgmtContext' started tracking 'BillTable' entity. Consider using 'DbContextOptionsBuilder.EnableSensitiveDataLogging' to see key values.
dbug: Microsoft.EntityFrameworkCore.ChangeTracking[10806]
      Context 'TransportMgmtContext' started tracking 'BillTable' entity. Consider using 'DbContextOptionsBuilder.EnableSensitiveDataLogging' to see key values.
dbug: Microsoft.EntityFrameworkCore.ChangeTracking[10806]
      Context 'TransportMgmtContext' started tracking 'BillTable' entity. Consider using 'DbContextOptionsBuilder.EnableSensitiveDataLogging' to see key values.
dbug: Microsoft.EntityFrameworkCore.ChangeTracking[10806]
      Context 'TransportMgmtContext' started tracking 'BillTable' entity. Consider using 'DbContextOptionsBuilder.EnableSensitiveDataLogging' to see key values.
dbug: Microsoft.EntityFrameworkCore.ChangeTracking[10806]
      Context 'TransportMgmtContext' started tracking 'BillTable' entity. Consider using 'DbContextOptionsBuilder.EnableSensitiveDataLogging' to see key values.
dbug: Microsoft.EntityFrameworkCore.ChangeTracking[10806]
      Context 'TransportMgmtContext' started tracking 'BillTable' entity. Consider using 'DbContextOptionsBuilder.EnableSensitiveDataLogging' to see key values.
dbug: Microsoft.EntityFrameworkCore.ChangeTracking[10806]
      Context 'TransportMgmtContext' started tracking 'BillTable' entity. Consider using 'DbContextOptionsBuilder.EnableSensitiveDataLogging' to see key values.
dbug: Microsoft.EntityFrameworkCore.ChangeTracking[10806]
      Context 'TransportMgmtContext' started tracking 'BillTable' entity. Consider using 'DbContextOptionsBuilder.EnableSensitiveDataLogging' to see key values.
dbug: Microsoft.EntityFrameworkCore.ChangeTracking[10806]
      Context 'TransportMgmtContext' started tracking 'BillTable' entity. Consider using 'DbContextOptionsBuilder.EnableSensitiveDataLogging' to see key values.
dbug: Microsoft.EntityFrameworkCore.ChangeTracking[10806]
      Context 'TransportMgmtContext' started tracking 'BillTable' entity. Consider using 'DbContextOptionsBuilder.EnableSensitiveDataLogging' to see key values.
dbug: Microsoft.EntityFrameworkCore.ChangeTracking[10806]
      Context 'TransportMgmtContext' started tracking 'BillTable' entity. Consider using 'DbContextOptionsBuilder.EnableSensitiveDataLogging' to see key values.
dbug: Microsoft.EntityFrameworkCore.ChangeTracking[10806]
      Context 'TransportMgmtContext' started tracking 'BillTable' entity. Consider using 'DbContextOptionsBuilder.EnableSensitiveDataLogging' to see key values.
dbug: Microsoft.EntityFrameworkCore.ChangeTracking[10806]
      Context 'TransportMgmtContext' started tracking 'BillTable' entity. Consider using 'DbContextOptionsBuilder.EnableSensitiveDataLogging' to see key values.
dbug: Microsoft.EntityFrameworkCore.ChangeTracking[10806]
      Context 'TransportMgmtContext' started tracking 'BillTable' entity. Consider using 'DbContextOptionsBuilder.EnableSensitiveDataLogging' to see key values.
dbug: Microsoft.EntityFrameworkCore.ChangeTracking[10806]
      Context 'TransportMgmtContext' started tracking 'BillTable' entity. Consider using 'DbContextOptionsBuilder.EnableSensitiveDataLogging' to see key values.
dbug: Microsoft.EntityFrameworkCore.ChangeTracking[10806]
      Context 'TransportMgmtContext' started tracking 'BillTable' entity. Consider using 'DbContextOptionsBuilder.EnableSensitiveDataLogging' to see key values.
dbug: Microsoft.EntityFrameworkCore.ChangeTracking[10806]
      Context 'TransportMgmtContext' started tracking 'BillTable' entity. Consider using 'DbContextOptionsBuilder.EnableSensitiveDataLogging' to see key values.
dbug: Microsoft.EntityFrameworkCore.ChangeTracking[10806]
      Context 'TransportMgmtContext' started tracking 'BillTable' entity. Consider using 'DbContextOptionsBuilder.EnableSensitiveDataLogging' to see key values.
dbug: Microsoft.EntityFrameworkCore.ChangeTracking[10806]
      Context 'TransportMgmtContext' started tracking 'BillTable' entity. Consider using 'DbContextOptionsBuilder.EnableSensitiveDataLogging' to see key values.
dbug: Microsoft.EntityFrameworkCore.ChangeTracking[10806]
      Context 'TransportMgmtContext' started tracking 'BillTable' entity. Consider using 'DbContextOptionsBuilder.EnableSensitiveDataLogging' to see key values.
dbug: Microsoft.EntityFrameworkCore.ChangeTracking[10806]
      Context 'TransportMgmtContext' started tracking 'BillTable' entity. Consider using 'DbContextOptionsBuilder.EnableSensitiveDataLogging' to see key values.
dbug: Microsoft.EntityFrameworkCore.ChangeTracking[10806]
      Context 'TransportMgmtContext' started tracking 'BillTable' entity. Consider using 'DbContextOptionsBuilder.EnableSensitiveDataLogging' to see key values.
dbug: Microsoft.EntityFrameworkCore.ChangeTracking[10806]
      Context 'TransportMgmtContext' started tracking 'BillTable' entity. Consider using 'DbContextOptionsBuilder.EnableSensitiveDataLogging' to see key values.
dbug: Microsoft.EntityFrameworkCore.ChangeTracking[10806]
      Context 'TransportMgmtContext' started tracking 'BillTable' entity. Consider using 'DbContextOptionsBuilder.EnableSensitiveDataLogging' to see key values.
dbug: Microsoft.EntityFrameworkCore.ChangeTracking[10806]
      Context 'TransportMgmtContext' started tracking 'BillTable' entity. Consider using 'DbContextOptionsBuilder.EnableSensitiveDataLogging' to see key values.
dbug: Microsoft.EntityFrameworkCore.ChangeTracking[10806]
      Context 'TransportMgmtContext' started tracking 'BillTable' entity. Consider using 'DbContextOptionsBuilder.EnableSensitiveDataLogging' to see key values.
dbug: Microsoft.EntityFrameworkCore.ChangeTracking[10806]
      Context 'TransportMgmtContext' started tracking 'BillTable' entity. Consider using 'DbContextOptionsBuilder.EnableSensitiveDataLogging' to see key values.
dbug: Microsoft.EntityFrameworkCore.ChangeTracking[10806]
      Context 'TransportMgmtContext' started tracking 'BillTable' entity. Consider using 'DbContextOptionsBuilder.EnableSensitiveDataLogging' to see key values.
dbug: Microsoft.EntityFrameworkCore.ChangeTracking[10806]
      Context 'TransportMgmtContext' started tracking 'BillTable' entity. Consider using 'DbContextOptionsBuilder.EnableSensitiveDataLogging' to see key values.
dbug: Microsoft.EntityFrameworkCore.ChangeTracking[10806]
      Context 'TransportMgmtContext' started tracking 'BillTable' entity. Consider using 'DbContextOptionsBuilder.EnableSensitiveDataLogging' to see key values.
dbug: Microsoft.EntityFrameworkCore.ChangeTracking[10806]
      Context 'TransportMgmtContext' started tracking 'BillTable' entity. Consider using 'DbContextOptionsBuilder.EnableSensitiveDataLogging' to see key values.
dbug: Microsoft.EntityFrameworkCore.ChangeTracking[10806]
      Context 'TransportMgmtContext' started tracking 'BillTable' entity. Consider using 'DbContextOptionsBuilder.EnableSensitiveDataLogging' to see key values.
dbug: Microsoft.EntityFrameworkCore.ChangeTracking[10806]
      Context 'TransportMgmtContext' started tracking 'BillTable' entity. Consider using 'DbContextOptionsBuilder.EnableSensitiveDataLogging' to see key values.
dbug: Microsoft.EntityFrameworkCore.ChangeTracking[10806]
      Context 'TransportMgmtContext' started tracking 'BillTable' entity. Consider using 'DbContextOptionsBuilder.EnableSensitiveDataLogging' to see key values.
dbug: Microsoft.EntityFrameworkCore.ChangeTracking[10806]
      Context 'TransportMgmtContext' started tracking 'BillTable' entity. Consider using 'DbContextOptionsBuilder.EnableSensitiveDataLogging' to see key values.
dbug: Microsoft.EntityFrameworkCore.ChangeTracking[10806]
      Context 'TransportMgmtContext' started tracking 'BillTable' entity. Consider using 'DbContextOptionsBuilder.EnableSensitiveDataLogging' to see key values.
dbug: Microsoft.EntityFrameworkCore.ChangeTracking[10806]
      Context 'TransportMgmtContext' started tracking 'BillTable' entity. Consider using 'DbContextOptionsBuilder.EnableSensitiveDataLogging' to see key values.
dbug: Microsoft.EntityFrameworkCore.ChangeTracking[10806]
      Context 'TransportMgmtContext' started tracking 'BillTable' entity. Consider using 'DbContextOptionsBuilder.EnableSensitiveDataLogging' to see key values.
dbug: Microsoft.EntityFrameworkCore.ChangeTracking[10806]
      Context 'TransportMgmtContext' started tracking 'BillTable' entity. Consider using 'DbContextOptionsBuilder.EnableSensitiveDataLogging' to see key values.
dbug: Microsoft.EntityFrameworkCore.ChangeTracking[10806]
      Context 'TransportMgmtContext' started tracking 'BillTable' entity. Consider using 'DbContextOptionsBuilder.EnableSensitiveDataLogging' to see key values.
dbug: Microsoft.EntityFrameworkCore.ChangeTracking[10806]
      Context 'TransportMgmtContext' started tracking 'BillTable' entity. Consider using 'DbContextOptionsBuilder.EnableSensitiveDataLogging' to see key values.
dbug: Microsoft.EntityFrameworkCore.ChangeTracking[10806]
      Context 'TransportMgmtContext' started tracking 'BillTable' entity. Consider using 'DbContextOptionsBuilder.EnableSensitiveDataLogging' to see key values.
dbug: Microsoft.EntityFrameworkCore.ChangeTracking[10806]
      Context 'TransportMgmtContext' started tracking 'BillTable' entity. Consider using 'DbContextOptionsBuilder.EnableSensitiveDataLogging' to see key values.
dbug: Microsoft.EntityFrameworkCore.ChangeTracking[10806]
      Context 'TransportMgmtContext' started tracking 'BillTable' entity. Consider using 'DbContextOptionsBuilder.EnableSensitiveDataLogging' to see key values.
dbug: Microsoft.EntityFrameworkCore.ChangeTracking[10806]
      Context 'TransportMgmtContext' started tracking 'BillTable' entity. Consider using 'DbContextOptionsBuilder.EnableSensitiveDataLogging' to see key values.
dbug: Microsoft.EntityFrameworkCore.ChangeTracking[10806]
      Context 'TransportMgmtContext' started tracking 'BillTable' entity. Consider using 'DbContextOptionsBuilder.EnableSensitiveDataLogging' to see key values.
dbug: Microsoft.EntityFrameworkCore.ChangeTracking[10806]
      Context 'TransportMgmtContext' started tracking 'BillTable' entity. Consider using 'DbContextOptionsBuilder.EnableSensitiveDataLogging' to see key values.
dbug: Microsoft.EntityFrameworkCore.ChangeTracking[10806]
      Context 'TransportMgmtContext' started tracking 'BillTable' entity. Consider using 'DbContextOptionsBuilder.EnableSensitiveDataLogging' to see key values.
dbug: Microsoft.EntityFrameworkCore.ChangeTracking[10806]
      Context 'TransportMgmtContext' started tracking 'BillTable' entity. Consider using 'DbContextOptionsBuilder.EnableSensitiveDataLogging' to see key values.
dbug: Microsoft.EntityFrameworkCore.ChangeTracking[10806]
      Context 'TransportMgmtContext' started tracking 'BillTable' entity. Consider using 'DbContextOptionsBuilder.EnableSensitiveDataLogging' to see key values.
dbug: Microsoft.EntityFrameworkCore.ChangeTracking[10806]
      Context 'TransportMgmtContext' started tracking 'BillTable' entity. Consider using 'DbContextOptionsBuilder.EnableSensitiveDataLogging' to see key values.
dbug: Microsoft.EntityFrameworkCore.ChangeTracking[10806]
      Context 'TransportMgmtContext' started tracking 'BillTable' entity. Consider using 'DbContextOptionsBuilder.EnableSensitiveDataLogging' to see key values.
dbug: Microsoft.EntityFrameworkCore.ChangeTracking[10806]
      Context 'TransportMgmtContext' started tracking 'BillTable' entity. Consider using 'DbContextOptionsBuilder.EnableSensitiveDataLogging' to see key values.
dbug: Microsoft.EntityFrameworkCore.ChangeTracking[10806]
      Context 'TransportMgmtContext' started tracking 'BillTable' entity. Consider using 'DbContextOptionsBuilder.EnableSensitiveDataLogging' to see key values.
dbug: Microsoft.EntityFrameworkCore.ChangeTracking[10806]
      Context 'TransportMgmtContext' started tracking 'BillTable' entity. Consider using 'DbContextOptionsBuilder.EnableSensitiveDataLogging' to see key values.
dbug: Microsoft.EntityFrameworkCore.ChangeTracking[10806]
      Context 'TransportMgmtContext' started tracking 'BillTable' entity. Consider using 'DbContextOptionsBuilder.EnableSensitiveDataLogging' to see key values.
dbug: Microsoft.EntityFrameworkCore.ChangeTracking[10806]
      Context 'TransportMgmtContext' started tracking 'BillTable' entity. Consider using 'DbContextOptionsBuilder.EnableSensitiveDataLogging' to see key values.
dbug: Microsoft.EntityFrameworkCore.ChangeTracking[10806]
      Context 'TransportMgmtContext' started tracking 'BillTable' entity. Consider using 'DbContextOptionsBuilder.EnableSensitiveDataLogging' to see key values.
dbug: Microsoft.EntityFrameworkCore.ChangeTracking[10806]
      Context 'TransportMgmtContext' started tracking 'BillTable' entity. Consider using 'DbContextOptionsBuilder.EnableSensitiveDataLogging' to see key values.
dbug: Microsoft.EntityFrameworkCore.ChangeTracking[10806]
      Context 'TransportMgmtContext' started tracking 'BillTable' entity. Consider using 'DbContextOptionsBuilder.EnableSensitiveDataLogging' to see key values.
dbug: Microsoft.EntityFrameworkCore.ChangeTracking[10806]
      Context 'TransportMgmtContext' started tracking 'BillTable' entity. Consider using 'DbContextOptionsBuilder.EnableSensitiveDataLogging' to see key values.
dbug: Microsoft.EntityFrameworkCore.ChangeTracking[10806]
      Context 'TransportMgmtContext' started tracking 'BillTable' entity. Consider using 'DbContextOptionsBuilder.EnableSensitiveDataLogging' to see key values.
dbug: Microsoft.EntityFrameworkCore.ChangeTracking[10806]
      Context 'TransportMgmtContext' started tracking 'BillTable' entity. Consider using 'DbContextOptionsBuilder.EnableSensitiveDataLogging' to see key values.
dbug: Microsoft.EntityFrameworkCore.ChangeTracking[10806]
      Context 'TransportMgmtContext' started tracking 'BillTable' entity. Consider using 'DbContextOptionsBuilder.EnableSensitiveDataLogging' to see key values.
dbug: Microsoft.EntityFrameworkCore.ChangeTracking[10806]
      Context 'TransportMgmtContext' started tracking 'BillTable' entity. Consider using 'DbContextOptionsBuilder.EnableSensitiveDataLogging' to see key values.
dbug: Microsoft.EntityFrameworkCore.ChangeTracking[10806]
      Context 'TransportMgmtContext' started tracking 'BillTable' entity. Consider using 'DbContextOptionsBuilder.EnableSensitiveDataLogging' to see key values.
dbug: Microsoft.EntityFrameworkCore.ChangeTracking[10806]
      Context 'TransportMgmtContext' started tracking 'BillTable' entity. Consider using 'DbContextOptionsBuilder.EnableSensitiveDataLogging' to see key values.
dbug: Microsoft.EntityFrameworkCore.ChangeTracking[10806]
      Context 'TransportMgmtContext' started tracking 'BillTable' entity. Consider using 'DbContextOptionsBuilder.EnableSensitiveDataLogging' to see key values.
dbug: Microsoft.EntityFrameworkCore.ChangeTracking[10806]
      Context 'TransportMgmtContext' started tracking 'BillTable' entity. Consider using 'DbContextOptionsBuilder.EnableSensitiveDataLogging' to see key values.
dbug: Microsoft.EntityFrameworkCore.ChangeTracking[10806]
      Context 'TransportMgmtContext' started tracking 'BillTable' entity. Consider using 'DbContextOptionsBuilder.EnableSensitiveDataLogging' to see key values.
dbug: Microsoft.EntityFrameworkCore.ChangeTracking[10806]
      Context 'TransportMgmtContext' started tracking 'BillTable' entity. Consider using 'DbContextOptionsBuilder.EnableSensitiveDataLogging' to see key values.
dbug: Microsoft.EntityFrameworkCore.ChangeTracking[10806]
      Context 'TransportMgmtContext' started tracking 'BillTable' entity. Consider using 'DbContextOptionsBuilder.EnableSensitiveDataLogging' to see key values.
dbug: Microsoft.EntityFrameworkCore.ChangeTracking[10806]
      Context 'TransportMgmtContext' started tracking 'BillTable' entity. Consider using 'DbContextOptionsBuilder.EnableSensitiveDataLogging' to see key values.
dbug: Microsoft.EntityFrameworkCore.ChangeTracking[10806]
      Context 'TransportMgmtContext' started tracking 'BillTable' entity. Consider using 'DbContextOptionsBuilder.EnableSensitiveDataLogging' to see key values.
dbug: Microsoft.EntityFrameworkCore.ChangeTracking[10806]
      Context 'TransportMgmtContext' started tracking 'BillTable' entity. Consider using 'DbContextOptionsBuilder.EnableSensitiveDataLogging' to see key values.
dbug: Microsoft.EntityFrameworkCore.ChangeTracking[10806]
      Context 'TransportMgmtContext' started tracking 'BillTable' entity. Consider using 'DbContextOptionsBuilder.EnableSensitiveDataLogging' to see key values.
dbug: Microsoft.EntityFrameworkCore.ChangeTracking[10806]
      Context 'TransportMgmtContext' started tracking 'BillTable' entity. Consider using 'DbContextOptionsBuilder.EnableSensitiveDataLogging' to see key values.
dbug: Microsoft.EntityFrameworkCore.ChangeTracking[10806]
      Context 'TransportMgmtContext' started tracking 'BillTable' entity. Consider using 'DbContextOptionsBuilder.EnableSensitiveDataLogging' to see key values.
dbug: Microsoft.EntityFrameworkCore.ChangeTracking[10806]
      Context 'TransportMgmtContext' started tracking 'BillTable' entity. Consider using 'DbContextOptionsBuilder.EnableSensitiveDataLogging' to see key values.
dbug: Microsoft.EntityFrameworkCore.ChangeTracking[10806]
      Context 'TransportMgmtContext' started tracking 'BillTable' entity. Consider using 'DbContextOptionsBuilder.EnableSensitiveDataLogging' to see key values.
dbug: Microsoft.EntityFrameworkCore.ChangeTracking[10806]
      Context 'TransportMgmtContext' started tracking 'BillTable' entity. Consider using 'DbContextOptionsBuilder.EnableSensitiveDataLogging' to see key values.
dbug: Microsoft.EntityFrameworkCore.ChangeTracking[10806]
      Context 'TransportMgmtContext' started tracking 'BillTable' entity. Consider using 'DbContextOptionsBuilder.EnableSensitiveDataLogging' to see key values.
dbug: Microsoft.EntityFrameworkCore.ChangeTracking[10806]
      Context 'TransportMgmtContext' started tracking 'BillTable' entity. Consider using 'DbContextOptionsBuilder.EnableSensitiveDataLogging' to see key values.
dbug: Microsoft.EntityFrameworkCore.ChangeTracking[10806]
      Context 'TransportMgmtContext' started tracking 'BillTable' entity. Consider using 'DbContextOptionsBuilder.EnableSensitiveDataLogging' to see key values.
dbug: Microsoft.EntityFrameworkCore.ChangeTracking[10806]
      Context 'TransportMgmtContext' started tracking 'BillTable' entity. Consider using 'DbContextOptionsBuilder.EnableSensitiveDataLogging' to see key values.
dbug: Microsoft.EntityFrameworkCore.ChangeTracking[10806]
      Context 'TransportMgmtContext' started tracking 'BillTable' entity. Consider using 'DbContextOptionsBuilder.EnableSensitiveDataLogging' to see key values.
dbug: Microsoft.EntityFrameworkCore.ChangeTracking[10806]
      Context 'TransportMgmtContext' started tracking 'BillTable' entity. Consider using 'DbContextOptionsBuilder.EnableSensitiveDataLogging' to see key values.
dbug: Microsoft.EntityFrameworkCore.ChangeTracking[10806]
      Context 'TransportMgmtContext' started tracking 'BillTable' entity. Consider using 'DbContextOptionsBuilder.EnableSensitiveDataLogging' to see key values.
dbug: Microsoft.EntityFrameworkCore.ChangeTracking[10806]
      Context 'TransportMgmtContext' started tracking 'BillTable' entity. Consider using 'DbContextOptionsBuilder.EnableSensitiveDataLogging' to see key values.
dbug: Microsoft.EntityFrameworkCore.ChangeTracking[10806]
      Context 'TransportMgmtContext' started tracking 'BillTable' entity. Consider using 'DbContextOptionsBuilder.EnableSensitiveDataLogging' to see key values.
dbug: Microsoft.EntityFrameworkCore.ChangeTracking[10806]
      Context 'TransportMgmtContext' started tracking 'BillTable' entity. Consider using 'DbContextOptionsBuilder.EnableSensitiveDataLogging' to see key values.
dbug: Microsoft.EntityFrameworkCore.ChangeTracking[10806]
      Context 'TransportMgmtContext' started tracking 'BillTable' entity. Consider using 'DbContextOptionsBuilder.EnableSensitiveDataLogging' to see key values.
dbug: Microsoft.EntityFrameworkCore.ChangeTracking[10806]
      Context 'TransportMgmtContext' started tracking 'BillTable' entity. Consider using 'DbContextOptionsBuilder.EnableSensitiveDataLogging' to see key values.
dbug: Microsoft.EntityFrameworkCore.ChangeTracking[10806]
      Context 'TransportMgmtContext' started tracking 'BillTable' entity. Consider using 'DbContextOptionsBuilder.EnableSensitiveDataLogging' to see key values.
dbug: Microsoft.EntityFrameworkCore.ChangeTracking[10806]
      Context 'TransportMgmtContext' started tracking 'BillTable' entity. Consider using 'DbContextOptionsBuilder.EnableSensitiveDataLogging' to see key values.
dbug: Microsoft.EntityFrameworkCore.ChangeTracking[10806]
      Context 'TransportMgmtContext' started tracking 'BillTable' entity. Consider using 'DbContextOptionsBuilder.EnableSensitiveDataLogging' to see key values.
dbug: Microsoft.EntityFrameworkCore.ChangeTracking[10806]
      Context 'TransportMgmtContext' started tracking 'BillTable' entity. Consider using 'DbContextOptionsBuilder.EnableSensitiveDataLogging' to see key values.
dbug: Microsoft.EntityFrameworkCore.ChangeTracking[10806]
      Context 'TransportMgmtContext' started tracking 'BillTable' entity. Consider using 'DbContextOptionsBuilder.EnableSensitiveDataLogging' to see key values.
dbug: Microsoft.EntityFrameworkCore.ChangeTracking[10806]
      Context 'TransportMgmtContext' started tracking 'BillTable' entity. Consider using 'DbContextOptionsBuilder.EnableSensitiveDataLogging' to see key values.
dbug: Microsoft.EntityFrameworkCore.ChangeTracking[10806]
      Context 'TransportMgmtContext' started tracking 'BillTable' entity. Consider using 'DbContextOptionsBuilder.EnableSensitiveDataLogging' to see key values.
dbug: Microsoft.EntityFrameworkCore.ChangeTracking[10806]
      Context 'TransportMgmtContext' started tracking 'BillTable' entity. Consider using 'DbContextOptionsBuilder.EnableSensitiveDataLogging' to see key values.
dbug: Microsoft.EntityFrameworkCore.ChangeTracking[10806]
      Context 'TransportMgmtContext' started tracking 'BillTable' entity. Consider using 'DbContextOptionsBuilder.EnableSensitiveDataLogging' to see key values.
dbug: Microsoft.EntityFrameworkCore.ChangeTracking[10806]
      Context 'TransportMgmtContext' started tracking 'BillTable' entity. Consider using 'DbContextOptionsBuilder.EnableSensitiveDataLogging' to see key values.
dbug: Microsoft.EntityFrameworkCore.ChangeTracking[10806]
      Context 'TransportMgmtContext' started tracking 'BillTable' entity. Consider using 'DbContextOptionsBuilder.EnableSensitiveDataLogging' to see key values.
dbug: Microsoft.EntityFrameworkCore.ChangeTracking[10806]
      Context 'TransportMgmtContext' started tracking 'BillTable' entity. Consider using 'DbContextOptionsBuilder.EnableSensitiveDataLogging' to see key values.
dbug: Microsoft.EntityFrameworkCore.ChangeTracking[10806]
      Context 'TransportMgmtContext' started tracking 'BillTable' entity. Consider using 'DbContextOptionsBuilder.EnableSensitiveDataLogging' to see key values.
dbug: Microsoft.EntityFrameworkCore.ChangeTracking[10806]
      Context 'TransportMgmtContext' started tracking 'BillTable' entity. Consider using 'DbContextOptionsBuilder.EnableSensitiveDataLogging' to see key values.
dbug: Microsoft.EntityFrameworkCore.ChangeTracking[10806]
      Context 'TransportMgmtContext' started tracking 'BillTable' entity. Consider using 'DbContextOptionsBuilder.EnableSensitiveDataLogging' to see key values.
dbug: Microsoft.EntityFrameworkCore.ChangeTracking[10806]
      Context 'TransportMgmtContext' started tracking 'BillTable' entity. Consider using 'DbContextOptionsBuilder.EnableSensitiveDataLogging' to see key values.
dbug: Microsoft.EntityFrameworkCore.ChangeTracking[10806]
      Context 'TransportMgmtContext' started tracking 'BillTable' entity. Consider using 'DbContextOptionsBuilder.EnableSensitiveDataLogging' to see key values.
dbug: Microsoft.EntityFrameworkCore.ChangeTracking[10806]
      Context 'TransportMgmtContext' started tracking 'BillTable' entity. Consider using 'DbContextOptionsBuilder.EnableSensitiveDataLogging' to see key values.
dbug: Microsoft.EntityFrameworkCore.ChangeTracking[10806]
      Context 'TransportMgmtContext' started tracking 'BillTable' entity. Consider using 'DbContextOptionsBuilder.EnableSensitiveDataLogging' to see key values.
dbug: Microsoft.EntityFrameworkCore.ChangeTracking[10806]
      Context 'TransportMgmtContext' started tracking 'BillTable' entity. Consider using 'DbContextOptionsBuilder.EnableSensitiveDataLogging' to see key values.
dbug: Microsoft.EntityFrameworkCore.ChangeTracking[10806]
      Context 'TransportMgmtContext' started tracking 'BillTable' entity. Consider using 'DbContextOptionsBuilder.EnableSensitiveDataLogging' to see key values.
dbug: Microsoft.EntityFrameworkCore.ChangeTracking[10806]
      Context 'TransportMgmtContext' started tracking 'BillTable' entity. Consider using 'DbContextOptionsBuilder.EnableSensitiveDataLogging' to see key values.
dbug: Microsoft.EntityFrameworkCore.ChangeTracking[10806]
      Context 'TransportMgmtContext' started tracking 'BillTable' entity. Consider using 'DbContextOptionsBuilder.EnableSensitiveDataLogging' to see key values.
dbug: Microsoft.EntityFrameworkCore.ChangeTracking[10806]
      Context 'TransportMgmtContext' started tracking 'BillTable' entity. Consider using 'DbContextOptionsBuilder.EnableSensitiveDataLogging' to see key values.
dbug: Microsoft.EntityFrameworkCore.ChangeTracking[10806]
      Context 'TransportMgmtContext' started tracking 'BillTable' entity. Consider using 'DbContextOptionsBuilder.EnableSensitiveDataLogging' to see key values.
dbug: Microsoft.EntityFrameworkCore.ChangeTracking[10806]
      Context 'TransportMgmtContext' started tracking 'BillTable' entity. Consider using 'DbContextOptionsBuilder.EnableSensitiveDataLogging' to see key values.
dbug: Microsoft.EntityFrameworkCore.ChangeTracking[10806]
      Context 'TransportMgmtContext' started tracking 'BillTable' entity. Consider using 'DbContextOptionsBuilder.EnableSensitiveDataLogging' to see key values.
dbug: Microsoft.EntityFrameworkCore.ChangeTracking[10806]
      Context 'TransportMgmtContext' started tracking 'BillTable' entity. Consider using 'DbContextOptionsBuilder.EnableSensitiveDataLogging' to see key values.
dbug: Microsoft.EntityFrameworkCore.ChangeTracking[10806]
      Context 'TransportMgmtContext' started tracking 'BillTable' entity. Consider using 'DbContextOptionsBuilder.EnableSensitiveDataLogging' to see key values.
dbug: Microsoft.EntityFrameworkCore.ChangeTracking[10806]
      Context 'TransportMgmtContext' started tracking 'BillTable' entity. Consider using 'DbContextOptionsBuilder.EnableSensitiveDataLogging' to see key values.
dbug: Microsoft.EntityFrameworkCore.ChangeTracking[10806]
      Context 'TransportMgmtContext' started tracking 'BillTable' entity. Consider using 'DbContextOptionsBuilder.EnableSensitiveDataLogging' to see key values.
dbug: Microsoft.EntityFrameworkCore.ChangeTracking[10806]
      Context 'TransportMgmtContext' started tracking 'BillTable' entity. Consider using 'DbContextOptionsBuilder.EnableSensitiveDataLogging' to see key values.
dbug: Microsoft.EntityFrameworkCore.ChangeTracking[10806]
      Context 'TransportMgmtContext' started tracking 'BillTable' entity. Consider using 'DbContextOptionsBuilder.EnableSensitiveDataLogging' to see key values.
dbug: Microsoft.EntityFrameworkCore.ChangeTracking[10806]
      Context 'TransportMgmtContext' started tracking 'BillTable' entity. Consider using 'DbContextOptionsBuilder.EnableSensitiveDataLogging' to see key values.
dbug: Microsoft.EntityFrameworkCore.ChangeTracking[10806]
      Context 'TransportMgmtContext' started tracking 'BillTable' entity. Consider using 'DbContextOptionsBuilder.EnableSensitiveDataLogging' to see key values.
dbug: Microsoft.EntityFrameworkCore.ChangeTracking[10806]
      Context 'TransportMgmtContext' started tracking 'BillTable' entity. Consider using 'DbContextOptionsBuilder.EnableSensitiveDataLogging' to see key values.
dbug: Microsoft.EntityFrameworkCore.ChangeTracking[10806]
      Context 'TransportMgmtContext' started tracking 'BillTable' entity. Consider using 'DbContextOptionsBuilder.EnableSensitiveDataLogging' to see key values.
dbug: Microsoft.EntityFrameworkCore.ChangeTracking[10806]
      Context 'TransportMgmtContext' started tracking 'BillTable' entity. Consider using 'DbContextOptionsBuilder.EnableSensitiveDataLogging' to see key values.
dbug: Microsoft.EntityFrameworkCore.ChangeTracking[10806]
      Context 'TransportMgmtContext' started tracking 'BillTable' entity. Consider using 'DbContextOptionsBuilder.EnableSensitiveDataLogging' to see key values.
dbug: Microsoft.EntityFrameworkCore.ChangeTracking[10806]
      Context 'TransportMgmtContext' started tracking 'BillTable' entity. Consider using 'DbContextOptionsBuilder.EnableSensitiveDataLogging' to see key values.
dbug: Microsoft.EntityFrameworkCore.ChangeTracking[10806]
      Context 'TransportMgmtContext' started tracking 'BillTable' entity. Consider using 'DbContextOptionsBuilder.EnableSensitiveDataLogging' to see key values.
dbug: Microsoft.EntityFrameworkCore.ChangeTracking[10806]
      Context 'TransportMgmtContext' started tracking 'BillTable' entity. Consider using 'DbContextOptionsBuilder.EnableSensitiveDataLogging' to see key values.
dbug: Microsoft.EntityFrameworkCore.ChangeTracking[10806]
      Context 'TransportMgmtContext' started tracking 'BillTable' entity. Consider using 'DbContextOptionsBuilder.EnableSensitiveDataLogging' to see key values.
dbug: Microsoft.EntityFrameworkCore.ChangeTracking[10806]
      Context 'TransportMgmtContext' started tracking 'BillTable' entity. Consider using 'DbContextOptionsBuilder.EnableSensitiveDataLogging' to see key values.
dbug: Microsoft.EntityFrameworkCore.ChangeTracking[10806]
      Context 'TransportMgmtContext' started tracking 'BillTable' entity. Consider using 'DbContextOptionsBuilder.EnableSensitiveDataLogging' to see key values.
dbug: Microsoft.EntityFrameworkCore.ChangeTracking[10806]
      Context 'TransportMgmtContext' started tracking 'BillTable' entity. Consider using 'DbContextOptionsBuilder.EnableSensitiveDataLogging' to see key values.
dbug: Microsoft.EntityFrameworkCore.ChangeTracking[10806]
      Context 'TransportMgmtContext' started tracking 'BillTable' entity. Consider using 'DbContextOptionsBuilder.EnableSensitiveDataLogging' to see key values.
dbug: Microsoft.EntityFrameworkCore.ChangeTracking[10806]
      Context 'TransportMgmtContext' started tracking 'BillTable' entity. Consider using 'DbContextOptionsBuilder.EnableSensitiveDataLogging' to see key values.
dbug: Microsoft.EntityFrameworkCore.ChangeTracking[10806]
      Context 'TransportMgmtContext' started tracking 'BillTable' entity. Consider using 'DbContextOptionsBuilder.EnableSensitiveDataLogging' to see key values.
dbug: Microsoft.EntityFrameworkCore.ChangeTracking[10806]
      Context 'TransportMgmtContext' started tracking 'BillTable' entity. Consider using 'DbContextOptionsBuilder.EnableSensitiveDataLogging' to see key values.
dbug: Microsoft.EntityFrameworkCore.ChangeTracking[10806]
      Context 'TransportMgmtContext' started tracking 'BillTable' entity. Consider using 'DbContextOptionsBuilder.EnableSensitiveDataLogging' to see key values.
dbug: Microsoft.EntityFrameworkCore.ChangeTracking[10806]
      Context 'TransportMgmtContext' started tracking 'BillTable' entity. Consider using 'DbContextOptionsBuilder.EnableSensitiveDataLogging' to see key values.
dbug: Microsoft.EntityFrameworkCore.ChangeTracking[10806]
      Context 'TransportMgmtContext' started tracking 'BillTable' entity. Consider using 'DbContextOptionsBuilder.EnableSensitiveDataLogging' to see key values.
dbug: Microsoft.EntityFrameworkCore.ChangeTracking[10806]
      Context 'TransportMgmtContext' started tracking 'BillTable' entity. Consider using 'DbContextOptionsBuilder.EnableSensitiveDataLogging' to see key values.
dbug: Microsoft.EntityFrameworkCore.ChangeTracking[10806]
      Context 'TransportMgmtContext' started tracking 'BillTable' entity. Consider using 'DbContextOptionsBuilder.EnableSensitiveDataLogging' to see key values.
dbug: Microsoft.EntityFrameworkCore.ChangeTracking[10806]
      Context 'TransportMgmtContext' started tracking 'BillTable' entity. Consider using 'DbContextOptionsBuilder.EnableSensitiveDataLogging' to see key values.
dbug: Microsoft.EntityFrameworkCore.ChangeTracking[10806]
      Context 'TransportMgmtContext' started tracking 'BillTable' entity. Consider using 'DbContextOptionsBuilder.EnableSensitiveDataLogging' to see key values.
dbug: Microsoft.EntityFrameworkCore.ChangeTracking[10806]
      Context 'TransportMgmtContext' started tracking 'BillTable' entity. Consider using 'DbContextOptionsBuilder.EnableSensitiveDataLogging' to see key values.
dbug: Microsoft.EntityFrameworkCore.ChangeTracking[10806]
      Context 'TransportMgmtContext' started tracking 'BillTable' entity. Consider using 'DbContextOptionsBuilder.EnableSensitiveDataLogging' to see key values.
dbug: Microsoft.EntityFrameworkCore.ChangeTracking[10806]
      Context 'TransportMgmtContext' started tracking 'BillTable' entity. Consider using 'DbContextOptionsBuilder.EnableSensitiveDataLogging' to see key values.
dbug: Microsoft.EntityFrameworkCore.ChangeTracking[10806]
      Context 'TransportMgmtContext' started tracking 'BillTable' entity. Consider using 'DbContextOptionsBuilder.EnableSensitiveDataLogging' to see key values.
dbug: Microsoft.EntityFrameworkCore.ChangeTracking[10806]
      Context 'TransportMgmtContext' started tracking 'BillTable' entity. Consider using 'DbContextOptionsBuilder.EnableSensitiveDataLogging' to see key values.
dbug: Microsoft.EntityFrameworkCore.ChangeTracking[10806]
      Context 'TransportMgmtContext' started tracking 'BillTable' entity. Consider using 'DbContextOptionsBuilder.EnableSensitiveDataLogging' to see key values.
dbug: Microsoft.EntityFrameworkCore.ChangeTracking[10806]
      Context 'TransportMgmtContext' started tracking 'BillTable' entity. Consider using 'DbContextOptionsBuilder.EnableSensitiveDataLogging' to see key values.
dbug: Microsoft.EntityFrameworkCore.ChangeTracking[10806]
      Context 'TransportMgmtContext' started tracking 'BillTable' entity. Consider using 'DbContextOptionsBuilder.EnableSensitiveDataLogging' to see key values.
dbug: Microsoft.EntityFrameworkCore.ChangeTracking[10806]
      Context 'TransportMgmtContext' started tracking 'BillTable' entity. Consider using 'DbContextOptionsBuilder.EnableSensitiveDataLogging' to see key values.
dbug: Microsoft.EntityFrameworkCore.ChangeTracking[10806]
      Context 'TransportMgmtContext' started tracking 'BillTable' entity. Consider using 'DbContextOptionsBuilder.EnableSensitiveDataLogging' to see key values.
dbug: Microsoft.EntityFrameworkCore.ChangeTracking[10806]
      Context 'TransportMgmtContext' started tracking 'BillTable' entity. Consider using 'DbContextOptionsBuilder.EnableSensitiveDataLogging' to see key values.
dbug: Microsoft.EntityFrameworkCore.ChangeTracking[10806]
      Context 'TransportMgmtContext' started tracking 'BillTable' entity. Consider using 'DbContextOptionsBuilder.EnableSensitiveDataLogging' to see key values.
dbug: Microsoft.EntityFrameworkCore.ChangeTracking[10806]
      Context 'TransportMgmtContext' started tracking 'BillTable' entity. Consider using 'DbContextOptionsBuilder.EnableSensitiveDataLogging' to see key values.
dbug: Microsoft.EntityFrameworkCore.ChangeTracking[10806]
      Context 'TransportMgmtContext' started tracking 'BillTable' entity. Consider using 'DbContextOptionsBuilder.EnableSensitiveDataLogging' to see key values.
dbug: Microsoft.EntityFrameworkCore.ChangeTracking[10806]
      Context 'TransportMgmtContext' started tracking 'BillTable' entity. Consider using 'DbContextOptionsBuilder.EnableSensitiveDataLogging' to see key values.
dbug: Microsoft.EntityFrameworkCore.ChangeTracking[10806]
      Context 'TransportMgmtContext' started tracking 'BillTable' entity. Consider using 'DbContextOptionsBuilder.EnableSensitiveDataLogging' to see key values.
dbug: Microsoft.EntityFrameworkCore.ChangeTracking[10806]
      Context 'TransportMgmtContext' started tracking 'BillTable' entity. Consider using 'DbContextOptionsBuilder.EnableSensitiveDataLogging' to see key values.
dbug: Microsoft.EntityFrameworkCore.ChangeTracking[10806]
      Context 'TransportMgmtContext' started tracking 'BillTable' entity. Consider using 'DbContextOptionsBuilder.EnableSensitiveDataLogging' to see key values.
dbug: Microsoft.EntityFrameworkCore.ChangeTracking[10806]
      Context 'TransportMgmtContext' started tracking 'BillTable' entity. Consider using 'DbContextOptionsBuilder.EnableSensitiveDataLogging' to see key values.
dbug: Microsoft.EntityFrameworkCore.ChangeTracking[10806]
      Context 'TransportMgmtContext' started tracking 'BillTable' entity. Consider using 'DbContextOptionsBuilder.EnableSensitiveDataLogging' to see key values.
dbug: Microsoft.EntityFrameworkCore.ChangeTracking[10806]
      Context 'TransportMgmtContext' started tracking 'BillTable' entity. Consider using 'DbContextOptionsBuilder.EnableSensitiveDataLogging' to see key values.
dbug: Microsoft.EntityFrameworkCore.ChangeTracking[10806]
      Context 'TransportMgmtContext' started tracking 'BillTable' entity. Consider using 'DbContextOptionsBuilder.EnableSensitiveDataLogging' to see key values.
dbug: Microsoft.EntityFrameworkCore.ChangeTracking[10806]
      Context 'TransportMgmtContext' started tracking 'BillTable' entity. Consider using 'DbContextOptionsBuilder.EnableSensitiveDataLogging' to see key values.
dbug: Microsoft.EntityFrameworkCore.ChangeTracking[10806]
      Context 'TransportMgmtContext' started tracking 'BillTable' entity. Consider using 'DbContextOptionsBuilder.EnableSensitiveDataLogging' to see key values.
dbug: Microsoft.EntityFrameworkCore.ChangeTracking[10806]
      Context 'TransportMgmtContext' started tracking 'BillTable' entity. Consider using 'DbContextOptionsBuilder.EnableSensitiveDataLogging' to see key values.
dbug: Microsoft.EntityFrameworkCore.ChangeTracking[10806]
      Context 'TransportMgmtContext' started tracking 'BillTable' entity. Consider using 'DbContextOptionsBuilder.EnableSensitiveDataLogging' to see key values.
dbug: Microsoft.EntityFrameworkCore.ChangeTracking[10806]
      Context 'TransportMgmtContext' started tracking 'BillTable' entity. Consider using 'DbContextOptionsBuilder.EnableSensitiveDataLogging' to see key values.
dbug: Microsoft.EntityFrameworkCore.ChangeTracking[10806]
      Context 'TransportMgmtContext' started tracking 'BillTable' entity. Consider using 'DbContextOptionsBuilder.EnableSensitiveDataLogging' to see key values.
dbug: Microsoft.EntityFrameworkCore.ChangeTracking[10806]
      Context 'TransportMgmtContext' started tracking 'BillTable' entity. Consider using 'DbContextOptionsBuilder.EnableSensitiveDataLogging' to see key values.
dbug: Microsoft.EntityFrameworkCore.ChangeTracking[10806]
      Context 'TransportMgmtContext' started tracking 'BillTable' entity. Consider using 'DbContextOptionsBuilder.EnableSensitiveDataLogging' to see key values.
dbug: Microsoft.EntityFrameworkCore.ChangeTracking[10806]
      Context 'TransportMgmtContext' started tracking 'BillTable' entity. Consider using 'DbContextOptionsBuilder.EnableSensitiveDataLogging' to see key values.
dbug: Microsoft.EntityFrameworkCore.ChangeTracking[10806]
      Context 'TransportMgmtContext' started tracking 'BillTable' entity. Consider using 'DbContextOptionsBuilder.EnableSensitiveDataLogging' to see key values.
dbug: Microsoft.EntityFrameworkCore.ChangeTracking[10806]
      Context 'TransportMgmtContext' started tracking 'BillTable' entity. Consider using 'DbContextOptionsBuilder.EnableSensitiveDataLogging' to see key values.
dbug: Microsoft.EntityFrameworkCore.ChangeTracking[10806]
      Context 'TransportMgmtContext' started tracking 'BillTable' entity. Consider using 'DbContextOptionsBuilder.EnableSensitiveDataLogging' to see key values.
dbug: Microsoft.EntityFrameworkCore.ChangeTracking[10806]
      Context 'TransportMgmtContext' started tracking 'BillTable' entity. Consider using 'DbContextOptionsBuilder.EnableSensitiveDataLogging' to see key values.
dbug: Microsoft.EntityFrameworkCore.ChangeTracking[10806]
      Context 'TransportMgmtContext' started tracking 'BillTable' entity. Consider using 'DbContextOptionsBuilder.EnableSensitiveDataLogging' to see key values.
dbug: Microsoft.EntityFrameworkCore.ChangeTracking[10806]
      Context 'TransportMgmtContext' started tracking 'BillTable' entity. Consider using 'DbContextOptionsBuilder.EnableSensitiveDataLogging' to see key values.
dbug: Microsoft.EntityFrameworkCore.ChangeTracking[10806]
      Context 'TransportMgmtContext' started tracking 'BillTable' entity. Consider using 'DbContextOptionsBuilder.EnableSensitiveDataLogging' to see key values.
dbug: Microsoft.EntityFrameworkCore.ChangeTracking[10806]
      Context 'TransportMgmtContext' started tracking 'BillTable' entity. Consider using 'DbContextOptionsBuilder.EnableSensitiveDataLogging' to see key values.
dbug: Microsoft.EntityFrameworkCore.ChangeTracking[10806]
      Context 'TransportMgmtContext' started tracking 'BillTable' entity. Consider using 'DbContextOptionsBuilder.EnableSensitiveDataLogging' to see key values.
dbug: Microsoft.EntityFrameworkCore.ChangeTracking[10806]
      Context 'TransportMgmtContext' started tracking 'BillTable' entity. Consider using 'DbContextOptionsBuilder.EnableSensitiveDataLogging' to see key values.
dbug: Microsoft.EntityFrameworkCore.ChangeTracking[10806]
      Context 'TransportMgmtContext' started tracking 'BillTable' entity. Consider using 'DbContextOptionsBuilder.EnableSensitiveDataLogging' to see key values.
dbug: Microsoft.EntityFrameworkCore.ChangeTracking[10806]
      Context 'TransportMgmtContext' started tracking 'BillTable' entity. Consider using 'DbContextOptionsBuilder.EnableSensitiveDataLogging' to see key values.
dbug: Microsoft.EntityFrameworkCore.ChangeTracking[10806]
      Context 'TransportMgmtContext' started tracking 'BillTable' entity. Consider using 'DbContextOptionsBuilder.EnableSensitiveDataLogging' to see key values.
dbug: Microsoft.EntityFrameworkCore.ChangeTracking[10806]
      Context 'TransportMgmtContext' started tracking 'BillTable' entity. Consider using 'DbContextOptionsBuilder.EnableSensitiveDataLogging' to see key values.
dbug: Microsoft.EntityFrameworkCore.ChangeTracking[10806]
      Context 'TransportMgmtContext' started tracking 'BillTable' entity. Consider using 'DbContextOptionsBuilder.EnableSensitiveDataLogging' to see key values.
dbug: Microsoft.EntityFrameworkCore.ChangeTracking[10806]
      Context 'TransportMgmtContext' started tracking 'BillTable' entity. Consider using 'DbContextOptionsBuilder.EnableSensitiveDataLogging' to see key values.
dbug: Microsoft.EntityFrameworkCore.ChangeTracking[10806]
      Context 'TransportMgmtContext' started tracking 'BillTable' entity. Consider using 'DbContextOptionsBuilder.EnableSensitiveDataLogging' to see key values.
dbug: Microsoft.EntityFrameworkCore.ChangeTracking[10806]
      Context 'TransportMgmtContext' started tracking 'BillTable' entity. Consider using 'DbContextOptionsBuilder.EnableSensitiveDataLogging' to see key values.
dbug: Microsoft.EntityFrameworkCore.ChangeTracking[10806]
      Context 'TransportMgmtContext' started tracking 'BillTable' entity. Consider using 'DbContextOptionsBuilder.EnableSensitiveDataLogging' to see key values.
dbug: Microsoft.EntityFrameworkCore.ChangeTracking[10806]
      Context 'TransportMgmtContext' started tracking 'BillTable' entity. Consider using 'DbContextOptionsBuilder.EnableSensitiveDataLogging' to see key values.
dbug: Microsoft.EntityFrameworkCore.ChangeTracking[10806]
      Context 'TransportMgmtContext' started tracking 'BillTable' entity. Consider using 'DbContextOptionsBuilder.EnableSensitiveDataLogging' to see key values.
dbug: Microsoft.EntityFrameworkCore.ChangeTracking[10806]
      Context 'TransportMgmtContext' started tracking 'BillTable' entity. Consider using 'DbContextOptionsBuilder.EnableSensitiveDataLogging' to see key values.
dbug: Microsoft.EntityFrameworkCore.ChangeTracking[10806]
      Context 'TransportMgmtContext' started tracking 'BillTable' entity. Consider using 'DbContextOptionsBuilder.EnableSensitiveDataLogging' to see key values.
dbug: Microsoft.EntityFrameworkCore.ChangeTracking[10806]
      Context 'TransportMgmtContext' started tracking 'BillTable' entity. Consider using 'DbContextOptionsBuilder.EnableSensitiveDataLogging' to see key values.
dbug: Microsoft.EntityFrameworkCore.ChangeTracking[10806]
      Context 'TransportMgmtContext' started tracking 'BillTable' entity. Consider using 'DbContextOptionsBuilder.EnableSensitiveDataLogging' to see key values.
dbug: Microsoft.EntityFrameworkCore.ChangeTracking[10806]
      Context 'TransportMgmtContext' started tracking 'BillTable' entity. Consider using 'DbContextOptionsBuilder.EnableSensitiveDataLogging' to see key values.
dbug: Microsoft.EntityFrameworkCore.ChangeTracking[10806]
      Context 'TransportMgmtContext' started tracking 'BillTable' entity. Consider using 'DbContextOptionsBuilder.EnableSensitiveDataLogging' to see key values.
dbug: Microsoft.EntityFrameworkCore.ChangeTracking[10806]
      Context 'TransportMgmtContext' started tracking 'BillTable' entity. Consider using 'DbContextOptionsBuilder.EnableSensitiveDataLogging' to see key values.
dbug: Microsoft.EntityFrameworkCore.ChangeTracking[10806]
      Context 'TransportMgmtContext' started tracking 'BillTable' entity. Consider using 'DbContextOptionsBuilder.EnableSensitiveDataLogging' to see key values.
dbug: Microsoft.EntityFrameworkCore.ChangeTracking[10806]
      Context 'TransportMgmtContext' started tracking 'BillTable' entity. Consider using 'DbContextOptionsBuilder.EnableSensitiveDataLogging' to see key values.
dbug: Microsoft.EntityFrameworkCore.ChangeTracking[10806]
      Context 'TransportMgmtContext' started tracking 'BillTable' entity. Consider using 'DbContextOptionsBuilder.EnableSensitiveDataLogging' to see key values.
dbug: Microsoft.EntityFrameworkCore.ChangeTracking[10806]
      Context 'TransportMgmtContext' started tracking 'BillTable' entity. Consider using 'DbContextOptionsBuilder.EnableSensitiveDataLogging' to see key values.
dbug: Microsoft.EntityFrameworkCore.ChangeTracking[10806]
      Context 'TransportMgmtContext' started tracking 'BillTable' entity. Consider using 'DbContextOptionsBuilder.EnableSensitiveDataLogging' to see key values.
dbug: Microsoft.EntityFrameworkCore.ChangeTracking[10806]
      Context 'TransportMgmtContext' started tracking 'BillTable' entity. Consider using 'DbContextOptionsBuilder.EnableSensitiveDataLogging' to see key values.
dbug: Microsoft.EntityFrameworkCore.ChangeTracking[10806]
      Context 'TransportMgmtContext' started tracking 'BillTable' entity. Consider using 'DbContextOptionsBuilder.EnableSensitiveDataLogging' to see key values.
dbug: Microsoft.EntityFrameworkCore.ChangeTracking[10806]
      Context 'TransportMgmtContext' started tracking 'BillTable' entity. Consider using 'DbContextOptionsBuilder.EnableSensitiveDataLogging' to see key values.
dbug: Microsoft.EntityFrameworkCore.ChangeTracking[10806]
      Context 'TransportMgmtContext' started tracking 'BillTable' entity. Consider using 'DbContextOptionsBuilder.EnableSensitiveDataLogging' to see key values.
dbug: Microsoft.EntityFrameworkCore.ChangeTracking[10806]
      Context 'TransportMgmtContext' started tracking 'BillTable' entity. Consider using 'DbContextOptionsBuilder.EnableSensitiveDataLogging' to see key values.
dbug: Microsoft.EntityFrameworkCore.ChangeTracking[10806]
      Context 'TransportMgmtContext' started tracking 'BillTable' entity. Consider using 'DbContextOptionsBuilder.EnableSensitiveDataLogging' to see key values.
dbug: Microsoft.EntityFrameworkCore.ChangeTracking[10806]
      Context 'TransportMgmtContext' started tracking 'BillTable' entity. Consider using 'DbContextOptionsBuilder.EnableSensitiveDataLogging' to see key values.
dbug: Microsoft.EntityFrameworkCore.ChangeTracking[10806]
      Context 'TransportMgmtContext' started tracking 'BillTable' entity. Consider using 'DbContextOptionsBuilder.EnableSensitiveDataLogging' to see key values.
dbug: Microsoft.EntityFrameworkCore.ChangeTracking[10806]
      Context 'TransportMgmtContext' started tracking 'BillTable' entity. Consider using 'DbContextOptionsBuilder.EnableSensitiveDataLogging' to see key values.
dbug: Microsoft.EntityFrameworkCore.ChangeTracking[10806]
      Context 'TransportMgmtContext' started tracking 'BillTable' entity. Consider using 'DbContextOptionsBuilder.EnableSensitiveDataLogging' to see key values.
dbug: Microsoft.EntityFrameworkCore.ChangeTracking[10806]
      Context 'TransportMgmtContext' started tracking 'BillTable' entity. Consider using 'DbContextOptionsBuilder.EnableSensitiveDataLogging' to see key values.
dbug: Microsoft.EntityFrameworkCore.ChangeTracking[10806]
      Context 'TransportMgmtContext' started tracking 'BillTable' entity. Consider using 'DbContextOptionsBuilder.EnableSensitiveDataLogging' to see key values.
dbug: Microsoft.EntityFrameworkCore.ChangeTracking[10806]
      Context 'TransportMgmtContext' started tracking 'BillTable' entity. Consider using 'DbContextOptionsBuilder.EnableSensitiveDataLogging' to see key values.
dbug: Microsoft.EntityFrameworkCore.ChangeTracking[10806]
      Context 'TransportMgmtContext' started tracking 'BillTable' entity. Consider using 'DbContextOptionsBuilder.EnableSensitiveDataLogging' to see key values.
dbug: Microsoft.EntityFrameworkCore.ChangeTracking[10806]
      Context 'TransportMgmtContext' started tracking 'BillTable' entity. Consider using 'DbContextOptionsBuilder.EnableSensitiveDataLogging' to see key values.
dbug: Microsoft.EntityFrameworkCore.ChangeTracking[10806]
      Context 'TransportMgmtContext' started tracking 'BillTable' entity. Consider using 'DbContextOptionsBuilder.EnableSensitiveDataLogging' to see key values.
dbug: Microsoft.EntityFrameworkCore.ChangeTracking[10806]
      Context 'TransportMgmtContext' started tracking 'BillTable' entity. Consider using 'DbContextOptionsBuilder.EnableSensitiveDataLogging' to see key values.
dbug: Microsoft.EntityFrameworkCore.ChangeTracking[10806]
      Context 'TransportMgmtContext' started tracking 'BillTable' entity. Consider using 'DbContextOptionsBuilder.EnableSensitiveDataLogging' to see key values.
dbug: Microsoft.EntityFrameworkCore.ChangeTracking[10806]
      Context 'TransportMgmtContext' started tracking 'BillTable' entity. Consider using 'DbContextOptionsBuilder.EnableSensitiveDataLogging' to see key values.
dbug: Microsoft.EntityFrameworkCore.ChangeTracking[10806]
      Context 'TransportMgmtContext' started tracking 'BillTable' entity. Consider using 'DbContextOptionsBuilder.EnableSensitiveDataLogging' to see key values.
dbug: Microsoft.EntityFrameworkCore.ChangeTracking[10806]
      Context 'TransportMgmtContext' started tracking 'BillTable' entity. Consider using 'DbContextOptionsBuilder.EnableSensitiveDataLogging' to see key values.
dbug: Microsoft.EntityFrameworkCore.ChangeTracking[10806]
      Context 'TransportMgmtContext' started tracking 'BillTable' entity. Consider using 'DbContextOptionsBuilder.EnableSensitiveDataLogging' to see key values.
dbug: Microsoft.EntityFrameworkCore.ChangeTracking[10806]
      Context 'TransportMgmtContext' started tracking 'BillTable' entity. Consider using 'DbContextOptionsBuilder.EnableSensitiveDataLogging' to see key values.
dbug: Microsoft.EntityFrameworkCore.ChangeTracking[10806]
      Context 'TransportMgmtContext' started tracking 'BillTable' entity. Consider using 'DbContextOptionsBuilder.EnableSensitiveDataLogging' to see key values.
dbug: Microsoft.EntityFrameworkCore.ChangeTracking[10806]
      Context 'TransportMgmtContext' started tracking 'BillTable' entity. Consider using 'DbContextOptionsBuilder.EnableSensitiveDataLogging' to see key values.
dbug: Microsoft.EntityFrameworkCore.ChangeTracking[10806]
      Context 'TransportMgmtContext' started tracking 'BillTable' entity. Consider using 'DbContextOptionsBuilder.EnableSensitiveDataLogging' to see key values.
dbug: Microsoft.EntityFrameworkCore.ChangeTracking[10806]
      Context 'TransportMgmtContext' started tracking 'BillTable' entity. Consider using 'DbContextOptionsBuilder.EnableSensitiveDataLogging' to see key values.
dbug: Microsoft.EntityFrameworkCore.ChangeTracking[10806]
      Context 'TransportMgmtContext' started tracking 'BillTable' entity. Consider using 'DbContextOptionsBuilder.EnableSensitiveDataLogging' to see key values.
dbug: Microsoft.EntityFrameworkCore.ChangeTracking[10806]
      Context 'TransportMgmtContext' started tracking 'BillTable' entity. Consider using 'DbContextOptionsBuilder.EnableSensitiveDataLogging' to see key values.
dbug: Microsoft.EntityFrameworkCore.ChangeTracking[10806]
      Context 'TransportMgmtContext' started tracking 'BillTable' entity. Consider using 'DbContextOptionsBuilder.EnableSensitiveDataLogging' to see key values.
dbug: Microsoft.EntityFrameworkCore.ChangeTracking[10806]
      Context 'TransportMgmtContext' started tracking 'BillTable' entity. Consider using 'DbContextOptionsBuilder.EnableSensitiveDataLogging' to see key values.
dbug: Microsoft.EntityFrameworkCore.ChangeTracking[10806]
      Context 'TransportMgmtContext' started tracking 'BillTable' entity. Consider using 'DbContextOptionsBuilder.EnableSensitiveDataLogging' to see key values.
dbug: Microsoft.EntityFrameworkCore.ChangeTracking[10806]
      Context 'TransportMgmtContext' started tracking 'BillTable' entity. Consider using 'DbContextOptionsBuilder.EnableSensitiveDataLogging' to see key values.
dbug: Microsoft.EntityFrameworkCore.ChangeTracking[10806]
      Context 'TransportMgmtContext' started tracking 'BillTable' entity. Consider using 'DbContextOptionsBuilder.EnableSensitiveDataLogging' to see key values.
dbug: Microsoft.EntityFrameworkCore.ChangeTracking[10806]
      Context 'TransportMgmtContext' started tracking 'BillTable' entity. Consider using 'DbContextOptionsBuilder.EnableSensitiveDataLogging' to see key values.
dbug: Microsoft.EntityFrameworkCore.ChangeTracking[10806]
      Context 'TransportMgmtContext' started tracking 'BillTable' entity. Consider using 'DbContextOptionsBuilder.EnableSensitiveDataLogging' to see key values.
dbug: Microsoft.EntityFrameworkCore.ChangeTracking[10806]
      Context 'TransportMgmtContext' started tracking 'BillTable' entity. Consider using 'DbContextOptionsBuilder.EnableSensitiveDataLogging' to see key values.
dbug: Microsoft.EntityFrameworkCore.ChangeTracking[10806]
      Context 'TransportMgmtContext' started tracking 'BillTable' entity. Consider using 'DbContextOptionsBuilder.EnableSensitiveDataLogging' to see key values.
dbug: Microsoft.EntityFrameworkCore.ChangeTracking[10806]
      Context 'TransportMgmtContext' started tracking 'BillTable' entity. Consider using 'DbContextOptionsBuilder.EnableSensitiveDataLogging' to see key values.
dbug: Microsoft.EntityFrameworkCore.ChangeTracking[10806]
      Context 'TransportMgmtContext' started tracking 'BillTable' entity. Consider using 'DbContextOptionsBuilder.EnableSensitiveDataLogging' to see key values.
dbug: Microsoft.EntityFrameworkCore.ChangeTracking[10806]
      Context 'TransportMgmtContext' started tracking 'BillTable' entity. Consider using 'DbContextOptionsBuilder.EnableSensitiveDataLogging' to see key values.
dbug: Microsoft.EntityFrameworkCore.ChangeTracking[10806]
      Context 'TransportMgmtContext' started tracking 'BillTable' entity. Consider using 'DbContextOptionsBuilder.EnableSensitiveDataLogging' to see key values.
dbug: Microsoft.EntityFrameworkCore.ChangeTracking[10806]
      Context 'TransportMgmtContext' started tracking 'BillTable' entity. Consider using 'DbContextOptionsBuilder.EnableSensitiveDataLogging' to see key values.
dbug: Microsoft.EntityFrameworkCore.ChangeTracking[10806]
      Context 'TransportMgmtContext' started tracking 'BillTable' entity. Consider using 'DbContextOptionsBuilder.EnableSensitiveDataLogging' to see key values.
dbug: Microsoft.EntityFrameworkCore.ChangeTracking[10806]
      Context 'TransportMgmtContext' started tracking 'BillTable' entity. Consider using 'DbContextOptionsBuilder.EnableSensitiveDataLogging' to see key values.
dbug: Microsoft.EntityFrameworkCore.ChangeTracking[10806]
      Context 'TransportMgmtContext' started tracking 'BillTable' entity. Consider using 'DbContextOptionsBuilder.EnableSensitiveDataLogging' to see key values.
dbug: Microsoft.EntityFrameworkCore.ChangeTracking[10806]
      Context 'TransportMgmtContext' started tracking 'BillTable' entity. Consider using 'DbContextOptionsBuilder.EnableSensitiveDataLogging' to see key values.
dbug: Microsoft.EntityFrameworkCore.ChangeTracking[10806]
      Context 'TransportMgmtContext' started tracking 'BillTable' entity. Consider using 'DbContextOptionsBuilder.EnableSensitiveDataLogging' to see key values.
dbug: Microsoft.EntityFrameworkCore.ChangeTracking[10806]
      Context 'TransportMgmtContext' started tracking 'BillTable' entity. Consider using 'DbContextOptionsBuilder.EnableSensitiveDataLogging' to see key values.
dbug: Microsoft.EntityFrameworkCore.ChangeTracking[10806]
      Context 'TransportMgmtContext' started tracking 'BillTable' entity. Consider using 'DbContextOptionsBuilder.EnableSensitiveDataLogging' to see key values.
dbug: Microsoft.EntityFrameworkCore.ChangeTracking[10806]
      Context 'TransportMgmtContext' started tracking 'BillTable' entity. Consider using 'DbContextOptionsBuilder.EnableSensitiveDataLogging' to see key values.
dbug: Microsoft.EntityFrameworkCore.ChangeTracking[10806]
      Context 'TransportMgmtContext' started tracking 'BillTable' entity. Consider using 'DbContextOptionsBuilder.EnableSensitiveDataLogging' to see key values.
dbug: Microsoft.EntityFrameworkCore.ChangeTracking[10806]
      Context 'TransportMgmtContext' started tracking 'BillTable' entity. Consider using 'DbContextOptionsBuilder.EnableSensitiveDataLogging' to see key values.
dbug: Microsoft.EntityFrameworkCore.ChangeTracking[10806]
      Context 'TransportMgmtContext' started tracking 'BillTable' entity. Consider using 'DbContextOptionsBuilder.EnableSensitiveDataLogging' to see key values.
dbug: Microsoft.EntityFrameworkCore.ChangeTracking[10806]
      Context 'TransportMgmtContext' started tracking 'BillTable' entity. Consider using 'DbContextOptionsBuilder.EnableSensitiveDataLogging' to see key values.
dbug: Microsoft.EntityFrameworkCore.ChangeTracking[10806]
      Context 'TransportMgmtContext' started tracking 'BillTable' entity. Consider using 'DbContextOptionsBuilder.EnableSensitiveDataLogging' to see key values.
dbug: Microsoft.EntityFrameworkCore.ChangeTracking[10806]
      Context 'TransportMgmtContext' started tracking 'BillTable' entity. Consider using 'DbContextOptionsBuilder.EnableSensitiveDataLogging' to see key values.
dbug: Microsoft.EntityFrameworkCore.ChangeTracking[10806]
      Context 'TransportMgmtContext' started tracking 'BillTable' entity. Consider using 'DbContextOptionsBuilder.EnableSensitiveDataLogging' to see key values.
dbug: Microsoft.EntityFrameworkCore.ChangeTracking[10806]
      Context 'TransportMgmtContext' started tracking 'BillTable' entity. Consider using 'DbContextOptionsBuilder.EnableSensitiveDataLogging' to see key values.
dbug: Microsoft.EntityFrameworkCore.ChangeTracking[10806]
      Context 'TransportMgmtContext' started tracking 'BillTable' entity. Consider using 'DbContextOptionsBuilder.EnableSensitiveDataLogging' to see key values.
dbug: Microsoft.EntityFrameworkCore.ChangeTracking[10806]
      Context 'TransportMgmtContext' started tracking 'BillTable' entity. Consider using 'DbContextOptionsBuilder.EnableSensitiveDataLogging' to see key values.
dbug: Microsoft.EntityFrameworkCore.ChangeTracking[10806]
      Context 'TransportMgmtContext' started tracking 'BillTable' entity. Consider using 'DbContextOptionsBuilder.EnableSensitiveDataLogging' to see key values.
dbug: Microsoft.EntityFrameworkCore.ChangeTracking[10806]
      Context 'TransportMgmtContext' started tracking 'BillTable' entity. Consider using 'DbContextOptionsBuilder.EnableSensitiveDataLogging' to see key values.
dbug: Microsoft.EntityFrameworkCore.ChangeTracking[10806]
      Context 'TransportMgmtContext' started tracking 'BillTable' entity. Consider using 'DbContextOptionsBuilder.EnableSensitiveDataLogging' to see key values.
dbug: Microsoft.EntityFrameworkCore.ChangeTracking[10806]
      Context 'TransportMgmtContext' started tracking 'BillTable' entity. Consider using 'DbContextOptionsBuilder.EnableSensitiveDataLogging' to see key values.
dbug: Microsoft.EntityFrameworkCore.ChangeTracking[10806]
      Context 'TransportMgmtContext' started tracking 'BillTable' entity. Consider using 'DbContextOptionsBuilder.EnableSensitiveDataLogging' to see key values.
dbug: Microsoft.EntityFrameworkCore.ChangeTracking[10806]
      Context 'TransportMgmtContext' started tracking 'BillTable' entity. Consider using 'DbContextOptionsBuilder.EnableSensitiveDataLogging' to see key values.
dbug: Microsoft.EntityFrameworkCore.ChangeTracking[10806]
      Context 'TransportMgmtContext' started tracking 'BillTable' entity. Consider using 'DbContextOptionsBuilder.EnableSensitiveDataLogging' to see key values.
dbug: Microsoft.EntityFrameworkCore.ChangeTracking[10806]
      Context 'TransportMgmtContext' started tracking 'BillTable' entity. Consider using 'DbContextOptionsBuilder.EnableSensitiveDataLogging' to see key values.
dbug: Microsoft.EntityFrameworkCore.ChangeTracking[10806]
      Context 'TransportMgmtContext' started tracking 'BillTable' entity. Consider using 'DbContextOptionsBuilder.EnableSensitiveDataLogging' to see key values.
dbug: Microsoft.EntityFrameworkCore.ChangeTracking[10806]
      Context 'TransportMgmtContext' started tracking 'BillTable' entity. Consider using 'DbContextOptionsBuilder.EnableSensitiveDataLogging' to see key values.
dbug: Microsoft.EntityFrameworkCore.ChangeTracking[10806]
      Context 'TransportMgmtContext' started tracking 'BillTable' entity. Consider using 'DbContextOptionsBuilder.EnableSensitiveDataLogging' to see key values.
dbug: Microsoft.EntityFrameworkCore.ChangeTracking[10806]
      Context 'TransportMgmtContext' started tracking 'BillTable' entity. Consider using 'DbContextOptionsBuilder.EnableSensitiveDataLogging' to see key values.
dbug: Microsoft.EntityFrameworkCore.ChangeTracking[10806]
      Context 'TransportMgmtContext' started tracking 'BillTable' entity. Consider using 'DbContextOptionsBuilder.EnableSensitiveDataLogging' to see key values.
dbug: Microsoft.EntityFrameworkCore.ChangeTracking[10806]
      Context 'TransportMgmtContext' started tracking 'BillTable' entity. Consider using 'DbContextOptionsBuilder.EnableSensitiveDataLogging' to see key values.
dbug: Microsoft.EntityFrameworkCore.ChangeTracking[10806]
      Context 'TransportMgmtContext' started tracking 'BillTable' entity. Consider using 'DbContextOptionsBuilder.EnableSensitiveDataLogging' to see key values.
dbug: Microsoft.EntityFrameworkCore.ChangeTracking[10806]
      Context 'TransportMgmtContext' started tracking 'BillTable' entity. Consider using 'DbContextOptionsBuilder.EnableSensitiveDataLogging' to see key values.
dbug: Microsoft.EntityFrameworkCore.ChangeTracking[10806]
      Context 'TransportMgmtContext' started tracking 'BillTable' entity. Consider using 'DbContextOptionsBuilder.EnableSensitiveDataLogging' to see key values.
dbug: Microsoft.EntityFrameworkCore.ChangeTracking[10806]
      Context 'TransportMgmtContext' started tracking 'BillTable' entity. Consider using 'DbContextOptionsBuilder.EnableSensitiveDataLogging' to see key values.
dbug: Microsoft.EntityFrameworkCore.ChangeTracking[10806]
      Context 'TransportMgmtContext' started tracking 'BillTable' entity. Consider using 'DbContextOptionsBuilder.EnableSensitiveDataLogging' to see key values.
dbug: Microsoft.EntityFrameworkCore.ChangeTracking[10806]
      Context 'TransportMgmtContext' started tracking 'BillTable' entity. Consider using 'DbContextOptionsBuilder.EnableSensitiveDataLogging' to see key values.
dbug: Microsoft.EntityFrameworkCore.ChangeTracking[10806]
      Context 'TransportMgmtContext' started tracking 'BillTable' entity. Consider using 'DbContextOptionsBuilder.EnableSensitiveDataLogging' to see key values.
dbug: Microsoft.EntityFrameworkCore.ChangeTracking[10806]
      Context 'TransportMgmtContext' started tracking 'BillTable' entity. Consider using 'DbContextOptionsBuilder.EnableSensitiveDataLogging' to see key values.
dbug: Microsoft.EntityFrameworkCore.ChangeTracking[10806]
      Context 'TransportMgmtContext' started tracking 'BillTable' entity. Consider using 'DbContextOptionsBuilder.EnableSensitiveDataLogging' to see key values.
dbug: Microsoft.EntityFrameworkCore.ChangeTracking[10806]
      Context 'TransportMgmtContext' started tracking 'BillTable' entity. Consider using 'DbContextOptionsBuilder.EnableSensitiveDataLogging' to see key values.
dbug: Microsoft.EntityFrameworkCore.ChangeTracking[10806]
      Context 'TransportMgmtContext' started tracking 'BillTable' entity. Consider using 'DbContextOptionsBuilder.EnableSensitiveDataLogging' to see key values.
dbug: Microsoft.EntityFrameworkCore.ChangeTracking[10806]
      Context 'TransportMgmtContext' started tracking 'BillTable' entity. Consider using 'DbContextOptionsBuilder.EnableSensitiveDataLogging' to see key values.
dbug: Microsoft.EntityFrameworkCore.ChangeTracking[10806]
      Context 'TransportMgmtContext' started tracking 'BillTable' entity. Consider using 'DbContextOptionsBuilder.EnableSensitiveDataLogging' to see key values.
dbug: Microsoft.EntityFrameworkCore.ChangeTracking[10806]
      Context 'TransportMgmtContext' started tracking 'BillTable' entity. Consider using 'DbContextOptionsBuilder.EnableSensitiveDataLogging' to see key values.
dbug: Microsoft.EntityFrameworkCore.ChangeTracking[10806]
      Context 'TransportMgmtContext' started tracking 'BillTable' entity. Consider using 'DbContextOptionsBuilder.EnableSensitiveDataLogging' to see key values.
dbug: Microsoft.EntityFrameworkCore.ChangeTracking[10806]
      Context 'TransportMgmtContext' started tracking 'BillTable' entity. Consider using 'DbContextOptionsBuilder.EnableSensitiveDataLogging' to see key values.
dbug: Microsoft.EntityFrameworkCore.ChangeTracking[10806]
      Context 'TransportMgmtContext' started tracking 'BillTable' entity. Consider using 'DbContextOptionsBuilder.EnableSensitiveDataLogging' to see key values.
dbug: Microsoft.EntityFrameworkCore.ChangeTracking[10806]
      Context 'TransportMgmtContext' started tracking 'BillTable' entity. Consider using 'DbContextOptionsBuilder.EnableSensitiveDataLogging' to see key values.
dbug: Microsoft.EntityFrameworkCore.ChangeTracking[10806]
      Context 'TransportMgmtContext' started tracking 'BillTable' entity. Consider using 'DbContextOptionsBuilder.EnableSensitiveDataLogging' to see key values.
dbug: Microsoft.EntityFrameworkCore.ChangeTracking[10806]
      Context 'TransportMgmtContext' started tracking 'BillTable' entity. Consider using 'DbContextOptionsBuilder.EnableSensitiveDataLogging' to see key values.
dbug: Microsoft.EntityFrameworkCore.ChangeTracking[10806]
      Context 'TransportMgmtContext' started tracking 'BillTable' entity. Consider using 'DbContextOptionsBuilder.EnableSensitiveDataLogging' to see key values.
dbug: Microsoft.EntityFrameworkCore.ChangeTracking[10806]
      Context 'TransportMgmtContext' started tracking 'BillTable' entity. Consider using 'DbContextOptionsBuilder.EnableSensitiveDataLogging' to see key values.
dbug: Microsoft.EntityFrameworkCore.ChangeTracking[10806]
      Context 'TransportMgmtContext' started tracking 'BillTable' entity. Consider using 'DbContextOptionsBuilder.EnableSensitiveDataLogging' to see key values.
dbug: Microsoft.EntityFrameworkCore.ChangeTracking[10806]
      Context 'TransportMgmtContext' started tracking 'BillTable' entity. Consider using 'DbContextOptionsBuilder.EnableSensitiveDataLogging' to see key values.
dbug: Microsoft.EntityFrameworkCore.ChangeTracking[10806]
      Context 'TransportMgmtContext' started tracking 'BillTable' entity. Consider using 'DbContextOptionsBuilder.EnableSensitiveDataLogging' to see key values.
dbug: Microsoft.EntityFrameworkCore.ChangeTracking[10806]
      Context 'TransportMgmtContext' started tracking 'BillTable' entity. Consider using 'DbContextOptionsBuilder.EnableSensitiveDataLogging' to see key values.
dbug: Microsoft.EntityFrameworkCore.ChangeTracking[10806]
      Context 'TransportMgmtContext' started tracking 'BillTable' entity. Consider using 'DbContextOptionsBuilder.EnableSensitiveDataLogging' to see key values.
dbug: Microsoft.EntityFrameworkCore.ChangeTracking[10806]
      Context 'TransportMgmtContext' started tracking 'BillTable' entity. Consider using 'DbContextOptionsBuilder.EnableSensitiveDataLogging' to see key values.
dbug: Microsoft.EntityFrameworkCore.ChangeTracking[10806]
      Context 'TransportMgmtContext' started tracking 'BillTable' entity. Consider using 'DbContextOptionsBuilder.EnableSensitiveDataLogging' to see key values.
dbug: Microsoft.EntityFrameworkCore.ChangeTracking[10806]
      Context 'TransportMgmtContext' started tracking 'BillTable' entity. Consider using 'DbContextOptionsBuilder.EnableSensitiveDataLogging' to see key values.
dbug: Microsoft.EntityFrameworkCore.ChangeTracking[10806]
      Context 'TransportMgmtContext' started tracking 'BillTable' entity. Consider using 'DbContextOptionsBuilder.EnableSensitiveDataLogging' to see key values.
dbug: Microsoft.EntityFrameworkCore.ChangeTracking[10806]
      Context 'TransportMgmtContext' started tracking 'BillTable' entity. Consider using 'DbContextOptionsBuilder.EnableSensitiveDataLogging' to see key values.
dbug: Microsoft.EntityFrameworkCore.ChangeTracking[10806]
      Context 'TransportMgmtContext' started tracking 'BillTable' entity. Consider using 'DbContextOptionsBuilder.EnableSensitiveDataLogging' to see key values.
dbug: Microsoft.EntityFrameworkCore.ChangeTracking[10806]
      Context 'TransportMgmtContext' started tracking 'BillTable' entity. Consider using 'DbContextOptionsBuilder.EnableSensitiveDataLogging' to see key values.
dbug: Microsoft.EntityFrameworkCore.ChangeTracking[10806]
      Context 'TransportMgmtContext' started tracking 'BillTable' entity. Consider using 'DbContextOptionsBuilder.EnableSensitiveDataLogging' to see key values.
dbug: Microsoft.EntityFrameworkCore.ChangeTracking[10806]
      Context 'TransportMgmtContext' started tracking 'BillTable' entity. Consider using 'DbContextOptionsBuilder.EnableSensitiveDataLogging' to see key values.
dbug: Microsoft.EntityFrameworkCore.ChangeTracking[10806]
      Context 'TransportMgmtContext' started tracking 'BillTable' entity. Consider using 'DbContextOptionsBuilder.EnableSensitiveDataLogging' to see key values.
dbug: Microsoft.EntityFrameworkCore.ChangeTracking[10806]
      Context 'TransportMgmtContext' started tracking 'BillTable' entity. Consider using 'DbContextOptionsBuilder.EnableSensitiveDataLogging' to see key values.
dbug: Microsoft.EntityFrameworkCore.ChangeTracking[10806]
      Context 'TransportMgmtContext' started tracking 'BillTable' entity. Consider using 'DbContextOptionsBuilder.EnableSensitiveDataLogging' to see key values.
dbug: Microsoft.EntityFrameworkCore.ChangeTracking[10806]
      Context 'TransportMgmtContext' started tracking 'BillTable' entity. Consider using 'DbContextOptionsBuilder.EnableSensitiveDataLogging' to see key values.
dbug: Microsoft.EntityFrameworkCore.ChangeTracking[10806]
      Context 'TransportMgmtContext' started tracking 'BillTable' entity. Consider using 'DbContextOptionsBuilder.EnableSensitiveDataLogging' to see key values.
dbug: Microsoft.EntityFrameworkCore.Database.Command[20300]
      A data reader was disposed.
dbug: Microsoft.EntityFrameworkCore.Database.Connection[20002]
      Closing connection to database 'FinalDb' on server 'MUSAKHAN\SQLEXPRESS'.
dbug: Microsoft.EntityFrameworkCore.Database.Connection[20003]
      Closed connection to database 'FinalDb' on server 'MUSAKHAN\SQLEXPRESS'.
info: Microsoft.AspNetCore.Mvc.ViewFeatures.ViewResultExecutor[1]
      Executing ViewResult, running view ShowBill.
dbug: Microsoft.WebTools.BrowserLink.Net.BrowserLinkMiddleware[1]
      Response markup is scheduled to include Browser Link script injection.
info: Microsoft.AspNetCore.Mvc.ViewFeatures.ViewResultExecutor[4]
      Executed ViewResult - view ShowBill executed in 322.4864ms.
info: Microsoft.AspNetCore.Mvc.Infrastructure.ControllerActionInvoker[2]
      Executed action CodeFirstTransport.Controllers.PaymentController.ShowBill (CodeFirstTransport) in 1698.7779ms
info: Microsoft.AspNetCore.Routing.EndpointMiddleware[1]
      Executed endpoint 'CodeFirstTransport.Controllers.PaymentController.ShowBill (CodeFirstTransport)'
dbug: Microsoft.WebTools.BrowserLink.Net.BrowserLinkMiddleware[2]
      Response markup was updated to include Browser Link script injection.
dbug: Microsoft.EntityFrameworkCore.Infrastructure[10407]
      'TransportMgmtContext' disposed.
info: Microsoft.AspNetCore.Hosting.Diagnostics[2]
      Request finished HTTP/2 GET https://localhost:44307/Payment/ShowBill - - - 200 - text/html;+charset=utf-8 1729.1080ms
info: Microsoft.AspNetCore.Hosting.Diagnostics[1]
      Request starting HTTP/2 GET https://localhost:44307/_framework/aspnetcore-browser-refresh.js - -
info: Microsoft.AspNetCore.Hosting.Diagnostics[2]
      Request finished HTTP/2 GET https://localhost:44307/_framework/aspnetcore-browser-refresh.js - - - 200 11994 application/javascript;+charset=utf-8 4.9304ms
info: Microsoft.AspNetCore.Hosting.Diagnostics[1]
      Request starting HTTP/2 GET https://localhost:44307/Dispatch/ShowDispatch - -
info: Microsoft.AspNetCore.Routing.EndpointMiddleware[0]
      Executing endpoint 'CodeFirstTransport.Controllers.DispatchController.ShowDispatch (CodeFirstTransport)'
info: Microsoft.AspNetCore.Mvc.Infrastructure.ControllerActionInvoker[3]
      Route matched with {action = "ShowDispatch", controller = "Dispatch"}. Executing controller action with signature Microsoft.AspNetCore.Mvc.IActionResult ShowDispatch() on controller CodeFirstTransport.Controllers.DispatchController (CodeFirstTransport).
info: Microsoft.EntityFrameworkCore.Infrastructure[10403]
      Entity Framework Core 6.0.21 initialized 'TransportMgmtContext' using provider 'Microsoft.EntityFrameworkCore.SqlServer:6.0.21' with options: CommandTimeout=120 
dbug: Microsoft.EntityFrameworkCore.Database.Command[20103]
      Creating DbCommand for 'ExecuteReader'.
dbug: Microsoft.EntityFrameworkCore.Database.Command[20104]
      Created DbCommand for 'ExecuteReader' (6ms).
dbug: Microsoft.EntityFrameworkCore.Database.Connection[20000]
      Opening connection to database 'FinalDb' on server 'MUSAKHAN\SQLEXPRESS'.
dbug: Microsoft.EntityFrameworkCore.Database.Connection[20001]
      Opened connection to database 'FinalDb' on server 'MUSAKHAN\SQLEXPRESS'.
dbug: Microsoft.EntityFrameworkCore.Database.Command[20100]
      Executing DbCommand [Parameters=[], CommandType='Text', CommandTimeout='120']
      SELECT [t].[FID], [t].[Address], [t].[Code], [t].[CreatedBy], [t].[CreatedOn], [t].[FactoryName], [t].[Gstin], [t].[IsActive], [t].[ModifiedBy], [t].[ModifiedOn]
      FROM [TblFactories] AS [t]
info: Microsoft.EntityFrameworkCore.Database.Command[20101]
      Executed DbCommand (18ms) [Parameters=[], CommandType='Text', CommandTimeout='120']
      SELECT [t].[FID], [t].[Address], [t].[Code], [t].[CreatedBy], [t].[CreatedOn], [t].[FactoryName], [t].[Gstin], [t].[IsActive], [t].[ModifiedBy], [t].[ModifiedOn]
      FROM [TblFactories] AS [t]
dbug: Microsoft.EntityFrameworkCore.ChangeTracking[10806]
      Context 'TransportMgmtContext' started tracking 'TblFactory' entity. Consider using 'DbContextOptionsBuilder.EnableSensitiveDataLogging' to see key values.
dbug: Microsoft.EntityFrameworkCore.ChangeTracking[10806]
      Context 'TransportMgmtContext' started tracking 'TblFactory' entity. Consider using 'DbContextOptionsBuilder.EnableSensitiveDataLogging' to see key values.
dbug: Microsoft.EntityFrameworkCore.ChangeTracking[10806]
      Context 'TransportMgmtContext' started tracking 'TblFactory' entity. Consider using 'DbContextOptionsBuilder.EnableSensitiveDataLogging' to see key values.
dbug: Microsoft.EntityFrameworkCore.ChangeTracking[10806]
      Context 'TransportMgmtContext' started tracking 'TblFactory' entity. Consider using 'DbContextOptionsBuilder.EnableSensitiveDataLogging' to see key values.
dbug: Microsoft.EntityFrameworkCore.ChangeTracking[10806]
      Context 'TransportMgmtContext' started tracking 'TblFactory' entity. Consider using 'DbContextOptionsBuilder.EnableSensitiveDataLogging' to see key values.
dbug: Microsoft.EntityFrameworkCore.ChangeTracking[10806]
      Context 'TransportMgmtContext' started tracking 'TblFactory' entity. Consider using 'DbContextOptionsBuilder.EnableSensitiveDataLogging' to see key values.
dbug: Microsoft.EntityFrameworkCore.ChangeTracking[10806]
      Context 'TransportMgmtContext' started tracking 'TblFactory' entity. Consider using 'DbContextOptionsBuilder.EnableSensitiveDataLogging' to see key values.
dbug: Microsoft.EntityFrameworkCore.ChangeTracking[10806]
      Context 'TransportMgmtContext' started tracking 'TblFactory' entity. Consider using 'DbContextOptionsBuilder.EnableSensitiveDataLogging' to see key values.
dbug: Microsoft.EntityFrameworkCore.ChangeTracking[10806]
      Context 'TransportMgmtContext' started tracking 'TblFactory' entity. Consider using 'DbContextOptionsBuilder.EnableSensitiveDataLogging' to see key values.
dbug: Microsoft.EntityFrameworkCore.ChangeTracking[10806]
      Context 'TransportMgmtContext' started tracking 'TblFactory' entity. Consider using 'DbContextOptionsBuilder.EnableSensitiveDataLogging' to see key values.
dbug: Microsoft.EntityFrameworkCore.ChangeTracking[10806]
      Context 'TransportMgmtContext' started tracking 'TblFactory' entity. Consider using 'DbContextOptionsBuilder.EnableSensitiveDataLogging' to see key values.
dbug: Microsoft.EntityFrameworkCore.Database.Command[20300]
      A data reader was disposed.
dbug: Microsoft.EntityFrameworkCore.Database.Connection[20002]
      Closing connection to database 'FinalDb' on server 'MUSAKHAN\SQLEXPRESS'.
dbug: Microsoft.EntityFrameworkCore.Database.Connection[20003]
      Closed connection to database 'FinalDb' on server 'MUSAKHAN\SQLEXPRESS'.
info: Microsoft.AspNetCore.Mvc.ViewFeatures.ViewResultExecutor[1]
      Executing ViewResult, running view ShowDispatch.
dbug: Microsoft.WebTools.BrowserLink.Net.BrowserLinkMiddleware[1]
      Response markup is scheduled to include Browser Link script injection.
info: Microsoft.AspNetCore.Mvc.ViewFeatures.ViewResultExecutor[4]
      Executed ViewResult - view ShowDispatch executed in 46.3472ms.
info: Microsoft.AspNetCore.Mvc.Infrastructure.ControllerActionInvoker[2]
      Executed action CodeFirstTransport.Controllers.DispatchController.ShowDispatch (CodeFirstTransport) in 137.4871ms
info: Microsoft.AspNetCore.Routing.EndpointMiddleware[1]
      Executed endpoint 'CodeFirstTransport.Controllers.DispatchController.ShowDispatch (CodeFirstTransport)'
dbug: Microsoft.WebTools.BrowserLink.Net.BrowserLinkMiddleware[2]
      Response markup was updated to include Browser Link script injection.
dbug: Microsoft.EntityFrameworkCore.Infrastructure[10407]
      'TransportMgmtContext' disposed.
info: Microsoft.AspNetCore.Hosting.Diagnostics[2]
      Request finished HTTP/2 GET https://localhost:44307/Dispatch/ShowDispatch - - - 200 - text/html;+charset=utf-8 227.0627ms
info: Microsoft.AspNetCore.Hosting.Diagnostics[1]
      Request starting HTTP/2 GET https://localhost:44307/_framework/aspnetcore-browser-refresh.js - -
info: Microsoft.AspNetCore.Hosting.Diagnostics[1]
      Request starting HTTP/2 GET https://localhost:44307/CodeFirstTransport.styles.css - -
info: Microsoft.AspNetCore.Hosting.Diagnostics[2]
      Request finished HTTP/2 GET https://localhost:44307/_framework/aspnetcore-browser-refresh.js - - - 200 11994 application/javascript;+charset=utf-8 5.8910ms
info: Microsoft.AspNetCore.Hosting.Diagnostics[2]
      Request finished HTTP/2 GET https://localhost:44307/CodeFirstTransport.styles.css - - - 404 - - 9.8326ms
info: Microsoft.AspNetCore.Hosting.Diagnostics[1]
      Request starting HTTP/2 GET https://localhost:44307/_vs/browserLink - -
info: Microsoft.AspNetCore.Hosting.Diagnostics[2]
      Request finished HTTP/2 GET https://localhost:44307/_vs/browserLink - - - 200 - text/javascript;+charset=UTF-8 18.6696ms
info: Microsoft.AspNetCore.Hosting.Diagnostics[1]
      Request starting HTTP/2 POST https://localhost:44307/Dispatch/FilterDispatch application/x-www-form-urlencoded;+charset=UTF-8 32
info: Microsoft.AspNetCore.Routing.EndpointMiddleware[0]
      Executing endpoint 'CodeFirstTransport.Controllers.DispatchController.FilterDispatch (CodeFirstTransport)'
info: Microsoft.AspNetCore.Mvc.Infrastructure.ControllerActionInvoker[3]
      Route matched with {action = "FilterDispatch", controller = "Dispatch"}. Executing controller action with signature Microsoft.AspNetCore.Mvc.IActionResult FilterDispatch(Int32, System.String) on controller CodeFirstTransport.Controllers.DispatchController (CodeFirstTransport).
info: Microsoft.EntityFrameworkCore.Infrastructure[10403]
      Entity Framework Core 6.0.21 initialized 'TransportMgmtContext' using provider 'Microsoft.EntityFrameworkCore.SqlServer:6.0.21' with options: CommandTimeout=120 
dbug: Microsoft.EntityFrameworkCore.Query[10111]
      Compiling query expression: 
      'DbSet<TblDispatch>()
          .Where(d => d.DisVid == __factoryId_0 && d.ChallanNo == __challanNo_1)
          .Select(a => new DispatchViewModel{ 
              FID = a.DisVid, 
              DispId = a.DispId, 
              ChallanNo = a.ChallanNo, 
              DispatchDate = Convert.ToDateTime((object)a.DispatchDate), 
              DispatchQuantity = a.DispatchQuantity, 
              VehicleNo = a.VehicleNo, 
              Destination = a.Destination, 
              PartyName = a.PartyName, 
              Shortage = a.Shortage, 
              IsReceived = (bool?)(a.IsReceived ?? False), 
              FactoryName = DbSet<TblFactory>()
                  .FirstOrDefault(f => (int?)f.FID == a.DisVid).FactoryName 
          }
          )'
dbug: Microsoft.EntityFrameworkCore.Query[10107]
      Generated query execution expression: 
      'queryContext => new SingleQueryingEnumerable<DispatchViewModel>(
          (RelationalQueryContext)queryContext, 
          RelationalCommandCache.SelectExpression(
              Client Projections:
                  0 -> 0
                  1 -> 1
                  2 -> 2
                  3 -> 3
                  4 -> 4
                  5 -> 5
                  6 -> 6
                  7 -> 7
                  8 -> 8
                  9 -> 9
                  10 -> 10
              SELECT t.DisVid, t.DispId, t.ChallanNo, t.DispatchDate, t.DispatchQuantity, t.VehicleNo, t.Destination, t.PartyName, t.Shortage, COALESCE(t.IsReceived, CAST(0 AS bit)), (
                  SELECT TOP(1) t0.FactoryName
                  FROM TblFactories AS t0
                  WHERE t0.FID == t.DisVid)
              FROM TblDispatches AS t
              WHERE (t.DisVid == @__factoryId_0) && (t.ChallanNo == @__challanNo_1)), 
          Func<QueryContext, DbDataReader, ResultContext, SingleQueryResultCoordinator, DispatchViewModel>, 
          CodeFirstTransport.Models.TransportMgmtContext, 
          False, 
          False, 
          True
      )'
dbug: Microsoft.EntityFrameworkCore.Database.Command[20103]
      Creating DbCommand for 'ExecuteReader'.
dbug: Microsoft.EntityFrameworkCore.Database.Command[20104]
      Created DbCommand for 'ExecuteReader' (3ms).
dbug: Microsoft.EntityFrameworkCore.Database.Connection[20000]
      Opening connection to database 'FinalDb' on server 'MUSAKHAN\SQLEXPRESS'.
dbug: Microsoft.EntityFrameworkCore.Database.Connection[20001]
      Opened connection to database 'FinalDb' on server 'MUSAKHAN\SQLEXPRESS'.
dbug: Microsoft.EntityFrameworkCore.Database.Command[20100]
      Executing DbCommand [Parameters=[@__factoryId_0='?' (DbType = Int32), @__challanNo_1='?' (Size = 4000)], CommandType='Text', CommandTimeout='120']
      SELECT [t].[DisVid], [t].[DispId], [t].[ChallanNo], [t].[DispatchDate], [t].[DispatchQuantity], [t].[VehicleNo], [t].[Destination], [t].[PartyName], [t].[Shortage], COALESCE([t].[IsReceived], CAST(0 AS bit)), (
          SELECT TOP(1) [t0].[FactoryName]
          FROM [TblFactories] AS [t0]
          WHERE [t0].[FID] = [t].[DisVid])
      FROM [TblDispatches] AS [t]
      WHERE ([t].[DisVid] = @__factoryId_0) AND ([t].[ChallanNo] = @__challanNo_1)
info: Microsoft.EntityFrameworkCore.Database.Command[20101]
      Executed DbCommand (36ms) [Parameters=[@__factoryId_0='?' (DbType = Int32), @__challanNo_1='?' (Size = 4000)], CommandType='Text', CommandTimeout='120']
      SELECT [t].[DisVid], [t].[DispId], [t].[ChallanNo], [t].[DispatchDate], [t].[DispatchQuantity], [t].[VehicleNo], [t].[Destination], [t].[PartyName], [t].[Shortage], COALESCE([t].[IsReceived], CAST(0 AS bit)), (
          SELECT TOP(1) [t0].[FactoryName]
          FROM [TblFactories] AS [t0]
          WHERE [t0].[FID] = [t].[DisVid])
      FROM [TblDispatches] AS [t]
      WHERE ([t].[DisVid] = @__factoryId_0) AND ([t].[ChallanNo] = @__challanNo_1)
dbug: Microsoft.EntityFrameworkCore.Database.Command[20300]
      A data reader was disposed.
dbug: Microsoft.EntityFrameworkCore.Database.Connection[20002]
      Closing connection to database 'FinalDb' on server 'MUSAKHAN\SQLEXPRESS'.
dbug: Microsoft.EntityFrameworkCore.Database.Connection[20003]
      Closed connection to database 'FinalDb' on server 'MUSAKHAN\SQLEXPRESS'.
info: Microsoft.AspNetCore.Mvc.ViewFeatures.PartialViewResultExecutor[1]
      Executing PartialViewResult, running view _DispatchTable.
info: Microsoft.AspNetCore.Mvc.ViewFeatures.PartialViewResultExecutor[4]
      Executed PartialViewResult - view _DispatchTable executed in 17.7476ms.
info: Microsoft.AspNetCore.Mvc.Infrastructure.ControllerActionInvoker[2]
      Executed action CodeFirstTransport.Controllers.DispatchController.FilterDispatch (CodeFirstTransport) in 236.5488ms
info: Microsoft.AspNetCore.Routing.EndpointMiddleware[1]
      Executed endpoint 'CodeFirstTransport.Controllers.DispatchController.FilterDispatch (CodeFirstTransport)'
dbug: Microsoft.EntityFrameworkCore.Infrastructure[10407]
      'TransportMgmtContext' disposed.
info: Microsoft.AspNetCore.Hosting.Diagnostics[2]
      Request finished HTTP/2 POST https://localhost:44307/Dispatch/FilterDispatch application/x-www-form-urlencoded;+charset=UTF-8 32 - 200 - text/html;+charset=utf-8 258.1473ms
info: Microsoft.AspNetCore.Hosting.Diagnostics[1]
      Request starting HTTP/2 POST https://localhost:44307/Dispatch/UpdateShortageAndReceived application/x-www-form-urlencoded;+charset=UTF-8 40
info: Microsoft.AspNetCore.Routing.EndpointMiddleware[0]
      Executing endpoint 'CodeFirstTransport.Controllers.DispatchController.UpdateShortageAndReceived (CodeFirstTransport)'
info: Microsoft.AspNetCore.Mvc.Infrastructure.ControllerActionInvoker[3]
      Route matched with {action = "UpdateShortageAndReceived", controller = "Dispatch"}. Executing controller action with signature Microsoft.AspNetCore.Mvc.IActionResult UpdateShortageAndReceived(Int32, Int32, Boolean) on controller CodeFirstTransport.Controllers.DispatchController (CodeFirstTransport).
info: Microsoft.EntityFrameworkCore.Infrastructure[10403]
      Entity Framework Core 6.0.21 initialized 'TransportMgmtContext' using provider 'Microsoft.EntityFrameworkCore.SqlServer:6.0.21' with options: CommandTimeout=120 
dbug: Microsoft.EntityFrameworkCore.Query[10111]
      Compiling query expression: 
      'DbSet<TblDispatch>()
          .FirstOrDefault(d => d.DispId == __dispId_0)'
dbug: Microsoft.EntityFrameworkCore.Query[10107]
      Generated query execution expression: 
      'queryContext => new SingleQueryingEnumerable<TblDispatch>(
          (RelationalQueryContext)queryContext, 
          RelationalCommandCache.SelectExpression(
              Projection Mapping:
                  EmptyProjectionMember -> Dictionary<IProperty, int> { [Property: TblDispatch.DispId (int) Required PK AfterSave:Throw ValueGenerated.OnAdd, 0], [Property: TblDispatch.BillID (int?) FK Index, 1], [Property: TblDispatch.ChallanNo (string), 2], [Property: TblDispatch.DeliveryNum (string), 3], [Property: TblDispatch.Destination (string), 4], [Property: TblDispatch.DisVid (int?), 5], [Property: TblDispatch.DispatchDate (DateTime?), 6], [Property: TblDispatch.DispatchQuantity (double?), 7], [Property: TblDispatch.FinalPrice (double?), 8], [Property: TblDispatch.ImagePath (string), 9], [Property: TblDispatch.IsReceived (bool?), 10], [Property: TblDispatch.Lr (string), 11], [Property: TblDispatch.PartyName (string), 12], [Property: TblDispatch.Shortage (int?), 13], [Property: TblDispatch.TotalValue (double?), 14], [Property: TblDispatch.UnitPrice (double?), 15], [Property: TblDispatch.VehicleNo (string), 16] }
              SELECT TOP(1) t.DispId, t.BillID, t.ChallanNo, t.DeliveryNum, t.Destination, t.DisVid, t.DispatchDate, t.DispatchQuantity, t.FinalPrice, t.ImagePath, t.IsReceived, t.Lr, t.PartyName, t.Shortage, t.TotalValue, t.UnitPrice, t.VehicleNo
              FROM TblDispatches AS t
              WHERE t.DispId == @__dispId_0), 
          Func<QueryContext, DbDataReader, ResultContext, SingleQueryResultCoordinator, TblDispatch>, 
          CodeFirstTransport.Models.TransportMgmtContext, 
          False, 
          False, 
          True
      )
          .SingleOrDefault()'
dbug: Microsoft.EntityFrameworkCore.Database.Command[20103]
      Creating DbCommand for 'ExecuteReader'.
dbug: Microsoft.EntityFrameworkCore.Database.Command[20104]
      Created DbCommand for 'ExecuteReader' (6ms).
dbug: Microsoft.EntityFrameworkCore.Database.Connection[20000]
      Opening connection to database 'FinalDb' on server 'MUSAKHAN\SQLEXPRESS'.
dbug: Microsoft.EntityFrameworkCore.Database.Connection[20001]
      Opened connection to database 'FinalDb' on server 'MUSAKHAN\SQLEXPRESS'.
dbug: Microsoft.EntityFrameworkCore.Database.Command[20100]
      Executing DbCommand [Parameters=[@__dispId_0='?' (DbType = Int32)], CommandType='Text', CommandTimeout='120']
      SELECT TOP(1) [t].[DispId], [t].[BillID], [t].[ChallanNo], [t].[DeliveryNum], [t].[Destination], [t].[DisVid], [t].[DispatchDate], [t].[DispatchQuantity], [t].[FinalPrice], [t].[ImagePath], [t].[IsReceived], [t].[Lr], [t].[PartyName], [t].[Shortage], [t].[TotalValue], [t].[UnitPrice], [t].[VehicleNo]
      FROM [TblDispatches] AS [t]
      WHERE [t].[DispId] = @__dispId_0
info: Microsoft.EntityFrameworkCore.Database.Command[20101]
      Executed DbCommand (9ms) [Parameters=[@__dispId_0='?' (DbType = Int32)], CommandType='Text', CommandTimeout='120']
      SELECT TOP(1) [t].[DispId], [t].[BillID], [t].[ChallanNo], [t].[DeliveryNum], [t].[Destination], [t].[DisVid], [t].[DispatchDate], [t].[DispatchQuantity], [t].[FinalPrice], [t].[ImagePath], [t].[IsReceived], [t].[Lr], [t].[PartyName], [t].[Shortage], [t].[TotalValue], [t].[UnitPrice], [t].[VehicleNo]
      FROM [TblDispatches] AS [t]
      WHERE [t].[DispId] = @__dispId_0
dbug: Microsoft.EntityFrameworkCore.ChangeTracking[10806]
      Context 'TransportMgmtContext' started tracking 'TblDispatch' entity. Consider using 'DbContextOptionsBuilder.EnableSensitiveDataLogging' to see key values.
dbug: Microsoft.EntityFrameworkCore.Database.Command[20300]
      A data reader was disposed.
dbug: Microsoft.EntityFrameworkCore.Database.Connection[20002]
      Closing connection to database 'FinalDb' on server 'MUSAKHAN\SQLEXPRESS'.
dbug: Microsoft.EntityFrameworkCore.Database.Connection[20003]
      Closed connection to database 'FinalDb' on server 'MUSAKHAN\SQLEXPRESS'.
dbug: Microsoft.EntityFrameworkCore.Update[10004]
      SaveChanges starting for 'TransportMgmtContext'.
dbug: Microsoft.EntityFrameworkCore.ChangeTracking[10800]
      DetectChanges starting for 'TransportMgmtContext'.
dbug: Microsoft.EntityFrameworkCore.ChangeTracking[10802]
      The unchanged property 'TblDispatch.IsReceived' was detected as changed and will be marked as modified. Consider using 'DbContextOptionsBuilder.EnableSensitiveDataLogging' to see property values.
dbug: Microsoft.EntityFrameworkCore.ChangeTracking[10807]
      An entity of type 'TblDispatch' tracked by 'TransportMgmtContext' changed state from 'Unchanged' to 'Modified'. Consider using 'DbContextOptionsBuilder.EnableSensitiveDataLogging' to see key values.
dbug: Microsoft.EntityFrameworkCore.ChangeTracking[10802]
      The unchanged property 'TblDispatch.Shortage' was detected as changed and will be marked as modified. Consider using 'DbContextOptionsBuilder.EnableSensitiveDataLogging' to see property values.
dbug: Microsoft.EntityFrameworkCore.ChangeTracking[10801]
      DetectChanges completed for 'TransportMgmtContext'.
dbug: Microsoft.EntityFrameworkCore.Database.Connection[20000]
      Opening connection to database 'FinalDb' on server 'MUSAKHAN\SQLEXPRESS'.
dbug: Microsoft.EntityFrameworkCore.Database.Connection[20001]
      Opened connection to database 'FinalDb' on server 'MUSAKHAN\SQLEXPRESS'.
dbug: Microsoft.EntityFrameworkCore.Database.Transaction[20209]
      Beginning transaction with isolation level 'Unspecified'.
dbug: Microsoft.EntityFrameworkCore.Database.Transaction[20200]
      Began transaction with isolation level 'ReadCommitted'.
dbug: Microsoft.EntityFrameworkCore.Database.Command[20103]
      Creating DbCommand for 'ExecuteReader'.
dbug: Microsoft.EntityFrameworkCore.Database.Command[20104]
      Created DbCommand for 'ExecuteReader' (5ms).
dbug: Microsoft.EntityFrameworkCore.Database.Command[20100]
      Executing DbCommand [Parameters=[@p2='?' (DbType = Int32), @p0='?' (DbType = Boolean), @p1='?' (DbType = Int32)], CommandType='Text', CommandTimeout='120']
      SET NOCOUNT ON;
      UPDATE [TblDispatches] SET [IsReceived] = @p0, [Shortage] = @p1
      WHERE [DispId] = @p2;
      SELECT @@ROWCOUNT;
info: Microsoft.EntityFrameworkCore.Database.Command[20101]
      Executed DbCommand (12ms) [Parameters=[@p2='?' (DbType = Int32), @p0='?' (DbType = Boolean), @p1='?' (DbType = Int32)], CommandType='Text', CommandTimeout='120']
      SET NOCOUNT ON;
      UPDATE [TblDispatches] SET [IsReceived] = @p0, [Shortage] = @p1
      WHERE [DispId] = @p2;
      SELECT @@ROWCOUNT;
dbug: Microsoft.EntityFrameworkCore.Database.Command[20300]
      A data reader was disposed.
dbug: Microsoft.EntityFrameworkCore.Database.Transaction[20210]
      Committing transaction.
dbug: Microsoft.EntityFrameworkCore.Database.Transaction[20202]
      Committed transaction.
dbug: Microsoft.EntityFrameworkCore.Database.Connection[20002]
      Closing connection to database 'FinalDb' on server 'MUSAKHAN\SQLEXPRESS'.
dbug: Microsoft.EntityFrameworkCore.Database.Connection[20003]
      Closed connection to database 'FinalDb' on server 'MUSAKHAN\SQLEXPRESS'.
dbug: Microsoft.EntityFrameworkCore.Database.Transaction[20204]
      Disposing transaction.
dbug: Microsoft.EntityFrameworkCore.ChangeTracking[10807]
      An entity of type 'TblDispatch' tracked by 'TransportMgmtContext' changed state from 'Modified' to 'Unchanged'. Consider using 'DbContextOptionsBuilder.EnableSensitiveDataLogging' to see key values.
dbug: Microsoft.EntityFrameworkCore.Update[10005]
      SaveChanges completed for 'TransportMgmtContext' with 1 entities written to the database.
info: Microsoft.AspNetCore.Mvc.Infrastructure.SystemTextJsonResultExecutor[1]
      Executing JsonResult, writing value of type '<>f__AnonymousType1`2[[System.Boolean, System.Private.CoreLib, Version=6.0.0.0, Culture=neutral, PublicKeyToken=7cec85d7bea7798e],[System.Nullable`1[[System.Boolean, System.Private.CoreLib, Version=6.0.0.0, Culture=neutral, PublicKeyToken=7cec85d7bea7798e]], System.Private.CoreLib, Version=6.0.0.0, Culture=neutral, PublicKeyToken=7cec85d7bea7798e]]'.
info: Microsoft.AspNetCore.Mvc.Infrastructure.ControllerActionInvoker[2]
      Executed action CodeFirstTransport.Controllers.DispatchController.UpdateShortageAndReceived (CodeFirstTransport) in 266.589ms
info: Microsoft.AspNetCore.Routing.EndpointMiddleware[1]
      Executed endpoint 'CodeFirstTransport.Controllers.DispatchController.UpdateShortageAndReceived (CodeFirstTransport)'
dbug: Microsoft.EntityFrameworkCore.Infrastructure[10407]
      'TransportMgmtContext' disposed.
info: Microsoft.AspNetCore.Hosting.Diagnostics[2]
      Request finished HTTP/2 POST https://localhost:44307/Dispatch/UpdateShortageAndReceived application/x-www-form-urlencoded;+charset=UTF-8 40 - 200 - application/json;+charset=utf-8 299.7603ms
info: Microsoft.AspNetCore.Hosting.Diagnostics[1]
      Request starting HTTP/2 POST https://localhost:44307/Dispatch/FilterDispatch application/x-www-form-urlencoded;+charset=UTF-8 32
info: Microsoft.AspNetCore.Routing.EndpointMiddleware[0]
      Executing endpoint 'CodeFirstTransport.Controllers.DispatchController.FilterDispatch (CodeFirstTransport)'
info: Microsoft.AspNetCore.Mvc.Infrastructure.ControllerActionInvoker[3]
      Route matched with {action = "FilterDispatch", controller = "Dispatch"}. Executing controller action with signature Microsoft.AspNetCore.Mvc.IActionResult FilterDispatch(Int32, System.String) on controller CodeFirstTransport.Controllers.DispatchController (CodeFirstTransport).
info: Microsoft.EntityFrameworkCore.Infrastructure[10403]
      Entity Framework Core 6.0.21 initialized 'TransportMgmtContext' using provider 'Microsoft.EntityFrameworkCore.SqlServer:6.0.21' with options: CommandTimeout=120 
dbug: Microsoft.EntityFrameworkCore.Database.Command[20103]
      Creating DbCommand for 'ExecuteReader'.
dbug: Microsoft.EntityFrameworkCore.Database.Command[20104]
      Created DbCommand for 'ExecuteReader' (2ms).
dbug: Microsoft.EntityFrameworkCore.Database.Connection[20000]
      Opening connection to database 'FinalDb' on server 'MUSAKHAN\SQLEXPRESS'.
dbug: Microsoft.EntityFrameworkCore.Database.Connection[20001]
      Opened connection to database 'FinalDb' on server 'MUSAKHAN\SQLEXPRESS'.
dbug: Microsoft.EntityFrameworkCore.Database.Command[20100]
      Executing DbCommand [Parameters=[@__factoryId_0='?' (DbType = Int32), @__challanNo_1='?' (Size = 4000)], CommandType='Text', CommandTimeout='120']
      SELECT [t].[DisVid], [t].[DispId], [t].[ChallanNo], [t].[DispatchDate], [t].[DispatchQuantity], [t].[VehicleNo], [t].[Destination], [t].[PartyName], [t].[Shortage], COALESCE([t].[IsReceived], CAST(0 AS bit)), (
          SELECT TOP(1) [t0].[FactoryName]
          FROM [TblFactories] AS [t0]
          WHERE [t0].[FID] = [t].[DisVid])
      FROM [TblDispatches] AS [t]
      WHERE ([t].[DisVid] = @__factoryId_0) AND ([t].[ChallanNo] = @__challanNo_1)
info: Microsoft.EntityFrameworkCore.Database.Command[20101]
      Executed DbCommand (33ms) [Parameters=[@__factoryId_0='?' (DbType = Int32), @__challanNo_1='?' (Size = 4000)], CommandType='Text', CommandTimeout='120']
      SELECT [t].[DisVid], [t].[DispId], [t].[ChallanNo], [t].[DispatchDate], [t].[DispatchQuantity], [t].[VehicleNo], [t].[Destination], [t].[PartyName], [t].[Shortage], COALESCE([t].[IsReceived], CAST(0 AS bit)), (
          SELECT TOP(1) [t0].[FactoryName]
          FROM [TblFactories] AS [t0]
          WHERE [t0].[FID] = [t].[DisVid])
      FROM [TblDispatches] AS [t]
      WHERE ([t].[DisVid] = @__factoryId_0) AND ([t].[ChallanNo] = @__challanNo_1)
dbug: Microsoft.EntityFrameworkCore.Database.Command[20300]
      A data reader was disposed.
dbug: Microsoft.EntityFrameworkCore.Database.Connection[20002]
      Closing connection to database 'FinalDb' on server 'MUSAKHAN\SQLEXPRESS'.
dbug: Microsoft.EntityFrameworkCore.Database.Connection[20003]
      Closed connection to database 'FinalDb' on server 'MUSAKHAN\SQLEXPRESS'.
info: Microsoft.AspNetCore.Mvc.ViewFeatures.PartialViewResultExecutor[1]
      Executing PartialViewResult, running view _DispatchTable.
info: Microsoft.AspNetCore.Mvc.ViewFeatures.PartialViewResultExecutor[4]
      Executed PartialViewResult - view _DispatchTable executed in 5.6755ms.
info: Microsoft.AspNetCore.Mvc.Infrastructure.ControllerActionInvoker[2]
      Executed action CodeFirstTransport.Controllers.DispatchController.FilterDispatch (CodeFirstTransport) in 74.7036ms
info: Microsoft.AspNetCore.Routing.EndpointMiddleware[1]
      Executed endpoint 'CodeFirstTransport.Controllers.DispatchController.FilterDispatch (CodeFirstTransport)'
dbug: Microsoft.EntityFrameworkCore.Infrastructure[10407]
      'TransportMgmtContext' disposed.
info: Microsoft.AspNetCore.Hosting.Diagnostics[2]
      Request finished HTTP/2 POST https://localhost:44307/Dispatch/FilterDispatch application/x-www-form-urlencoded;+charset=UTF-8 32 - 200 - text/html;+charset=utf-8 100.1042ms
info: Microsoft.AspNetCore.Hosting.Diagnostics[1]
      Request starting HTTP/2 POST https://localhost:44307/Dispatch/UpdateShortageAndReceived application/x-www-form-urlencoded;+charset=UTF-8 40
info: Microsoft.AspNetCore.Routing.EndpointMiddleware[0]
      Executing endpoint 'CodeFirstTransport.Controllers.DispatchController.UpdateShortageAndReceived (CodeFirstTransport)'
info: Microsoft.AspNetCore.Mvc.Infrastructure.ControllerActionInvoker[3]
      Route matched with {action = "UpdateShortageAndReceived", controller = "Dispatch"}. Executing controller action with signature Microsoft.AspNetCore.Mvc.IActionResult UpdateShortageAndReceived(Int32, Int32, Boolean) on controller CodeFirstTransport.Controllers.DispatchController (CodeFirstTransport).
info: Microsoft.EntityFrameworkCore.Infrastructure[10403]
      Entity Framework Core 6.0.21 initialized 'TransportMgmtContext' using provider 'Microsoft.EntityFrameworkCore.SqlServer:6.0.21' with options: CommandTimeout=120 
dbug: Microsoft.EntityFrameworkCore.Database.Command[20103]
      Creating DbCommand for 'ExecuteReader'.
dbug: Microsoft.EntityFrameworkCore.Database.Command[20104]
      Created DbCommand for 'ExecuteReader' (2ms).
dbug: Microsoft.EntityFrameworkCore.Database.Connection[20000]
      Opening connection to database 'FinalDb' on server 'MUSAKHAN\SQLEXPRESS'.
dbug: Microsoft.EntityFrameworkCore.Database.Connection[20001]
      Opened connection to database 'FinalDb' on server 'MUSAKHAN\SQLEXPRESS'.
dbug: Microsoft.EntityFrameworkCore.Database.Command[20100]
      Executing DbCommand [Parameters=[@__dispId_0='?' (DbType = Int32)], CommandType='Text', CommandTimeout='120']
      SELECT TOP(1) [t].[DispId], [t].[BillID], [t].[ChallanNo], [t].[DeliveryNum], [t].[Destination], [t].[DisVid], [t].[DispatchDate], [t].[DispatchQuantity], [t].[FinalPrice], [t].[ImagePath], [t].[IsReceived], [t].[Lr], [t].[PartyName], [t].[Shortage], [t].[TotalValue], [t].[UnitPrice], [t].[VehicleNo]
      FROM [TblDispatches] AS [t]
      WHERE [t].[DispId] = @__dispId_0
info: Microsoft.EntityFrameworkCore.Database.Command[20101]
      Executed DbCommand (9ms) [Parameters=[@__dispId_0='?' (DbType = Int32)], CommandType='Text', CommandTimeout='120']
      SELECT TOP(1) [t].[DispId], [t].[BillID], [t].[ChallanNo], [t].[DeliveryNum], [t].[Destination], [t].[DisVid], [t].[DispatchDate], [t].[DispatchQuantity], [t].[FinalPrice], [t].[ImagePath], [t].[IsReceived], [t].[Lr], [t].[PartyName], [t].[Shortage], [t].[TotalValue], [t].[UnitPrice], [t].[VehicleNo]
      FROM [TblDispatches] AS [t]
      WHERE [t].[DispId] = @__dispId_0
dbug: Microsoft.EntityFrameworkCore.ChangeTracking[10806]
      Context 'TransportMgmtContext' started tracking 'TblDispatch' entity. Consider using 'DbContextOptionsBuilder.EnableSensitiveDataLogging' to see key values.
dbug: Microsoft.EntityFrameworkCore.Database.Command[20300]
      A data reader was disposed.
dbug: Microsoft.EntityFrameworkCore.Database.Connection[20002]
      Closing connection to database 'FinalDb' on server 'MUSAKHAN\SQLEXPRESS'.
dbug: Microsoft.EntityFrameworkCore.Database.Connection[20003]
      Closed connection to database 'FinalDb' on server 'MUSAKHAN\SQLEXPRESS'.
dbug: Microsoft.EntityFrameworkCore.Update[10004]
      SaveChanges starting for 'TransportMgmtContext'.
dbug: Microsoft.EntityFrameworkCore.ChangeTracking[10800]
      DetectChanges starting for 'TransportMgmtContext'.
dbug: Microsoft.EntityFrameworkCore.ChangeTracking[10802]
      The unchanged property 'TblDispatch.IsReceived' was detected as changed and will be marked as modified. Consider using 'DbContextOptionsBuilder.EnableSensitiveDataLogging' to see property values.
dbug: Microsoft.EntityFrameworkCore.ChangeTracking[10807]
      An entity of type 'TblDispatch' tracked by 'TransportMgmtContext' changed state from 'Unchanged' to 'Modified'. Consider using 'DbContextOptionsBuilder.EnableSensitiveDataLogging' to see key values.
dbug: Microsoft.EntityFrameworkCore.ChangeTracking[10802]
      The unchanged property 'TblDispatch.Shortage' was detected as changed and will be marked as modified. Consider using 'DbContextOptionsBuilder.EnableSensitiveDataLogging' to see property values.
dbug: Microsoft.EntityFrameworkCore.ChangeTracking[10801]
      DetectChanges completed for 'TransportMgmtContext'.
dbug: Microsoft.EntityFrameworkCore.Database.Connection[20000]
      Opening connection to database 'FinalDb' on server 'MUSAKHAN\SQLEXPRESS'.
dbug: Microsoft.EntityFrameworkCore.Database.Connection[20001]
      Opened connection to database 'FinalDb' on server 'MUSAKHAN\SQLEXPRESS'.
dbug: Microsoft.EntityFrameworkCore.Database.Transaction[20209]
      Beginning transaction with isolation level 'Unspecified'.
dbug: Microsoft.EntityFrameworkCore.Database.Transaction[20200]
      Began transaction with isolation level 'ReadCommitted'.
dbug: Microsoft.EntityFrameworkCore.Database.Command[20103]
      Creating DbCommand for 'ExecuteReader'.
dbug: Microsoft.EntityFrameworkCore.Database.Command[20104]
      Created DbCommand for 'ExecuteReader' (2ms).
dbug: Microsoft.EntityFrameworkCore.Database.Command[20100]
      Executing DbCommand [Parameters=[@p2='?' (DbType = Int32), @p0='?' (DbType = Boolean), @p1='?' (DbType = Int32)], CommandType='Text', CommandTimeout='120']
      SET NOCOUNT ON;
      UPDATE [TblDispatches] SET [IsReceived] = @p0, [Shortage] = @p1
      WHERE [DispId] = @p2;
      SELECT @@ROWCOUNT;
info: Microsoft.EntityFrameworkCore.Database.Command[20101]
      Executed DbCommand (8ms) [Parameters=[@p2='?' (DbType = Int32), @p0='?' (DbType = Boolean), @p1='?' (DbType = Int32)], CommandType='Text', CommandTimeout='120']
      SET NOCOUNT ON;
      UPDATE [TblDispatches] SET [IsReceived] = @p0, [Shortage] = @p1
      WHERE [DispId] = @p2;
      SELECT @@ROWCOUNT;
dbug: Microsoft.EntityFrameworkCore.Database.Command[20300]
      A data reader was disposed.
dbug: Microsoft.EntityFrameworkCore.Database.Transaction[20210]
      Committing transaction.
dbug: Microsoft.EntityFrameworkCore.Database.Transaction[20202]
      Committed transaction.
dbug: Microsoft.EntityFrameworkCore.Database.Connection[20002]
      Closing connection to database 'FinalDb' on server 'MUSAKHAN\SQLEXPRESS'.
dbug: Microsoft.EntityFrameworkCore.Database.Connection[20003]
      Closed connection to database 'FinalDb' on server 'MUSAKHAN\SQLEXPRESS'.
dbug: Microsoft.EntityFrameworkCore.Database.Transaction[20204]
      Disposing transaction.
dbug: Microsoft.EntityFrameworkCore.ChangeTracking[10807]
      An entity of type 'TblDispatch' tracked by 'TransportMgmtContext' changed state from 'Modified' to 'Unchanged'. Consider using 'DbContextOptionsBuilder.EnableSensitiveDataLogging' to see key values.
dbug: Microsoft.EntityFrameworkCore.Update[10005]
      SaveChanges completed for 'TransportMgmtContext' with 1 entities written to the database.
info: Microsoft.AspNetCore.Mvc.Infrastructure.SystemTextJsonResultExecutor[1]
      Executing JsonResult, writing value of type '<>f__AnonymousType1`2[[System.Boolean, System.Private.CoreLib, Version=6.0.0.0, Culture=neutral, PublicKeyToken=7cec85d7bea7798e],[System.Nullable`1[[System.Boolean, System.Private.CoreLib, Version=6.0.0.0, Culture=neutral, PublicKeyToken=7cec85d7bea7798e]], System.Private.CoreLib, Version=6.0.0.0, Culture=neutral, PublicKeyToken=7cec85d7bea7798e]]'.
info: Microsoft.AspNetCore.Mvc.Infrastructure.ControllerActionInvoker[2]
      Executed action CodeFirstTransport.Controllers.DispatchController.UpdateShortageAndReceived (CodeFirstTransport) in 115.1668ms
info: Microsoft.AspNetCore.Routing.EndpointMiddleware[1]
      Executed endpoint 'CodeFirstTransport.Controllers.DispatchController.UpdateShortageAndReceived (CodeFirstTransport)'
dbug: Microsoft.EntityFrameworkCore.Infrastructure[10407]
      'TransportMgmtContext' disposed.
info: Microsoft.AspNetCore.Hosting.Diagnostics[2]
      Request finished HTTP/2 POST https://localhost:44307/Dispatch/UpdateShortageAndReceived application/x-www-form-urlencoded;+charset=UTF-8 40 - 200 - application/json;+charset=utf-8 134.1126ms
info: Microsoft.AspNetCore.Hosting.Diagnostics[1]
      Request starting HTTP/2 GET https://localhost:44307/Dispatch/ShowDispatch - -
info: Microsoft.AspNetCore.Routing.EndpointMiddleware[0]
      Executing endpoint 'CodeFirstTransport.Controllers.DispatchController.ShowDispatch (CodeFirstTransport)'
info: Microsoft.AspNetCore.Mvc.Infrastructure.ControllerActionInvoker[3]
      Route matched with {action = "ShowDispatch", controller = "Dispatch"}. Executing controller action with signature Microsoft.AspNetCore.Mvc.IActionResult ShowDispatch() on controller CodeFirstTransport.Controllers.DispatchController (CodeFirstTransport).
info: Microsoft.EntityFrameworkCore.Infrastructure[10403]
      Entity Framework Core 6.0.21 initialized 'TransportMgmtContext' using provider 'Microsoft.EntityFrameworkCore.SqlServer:6.0.21' with options: CommandTimeout=120 
dbug: Microsoft.EntityFrameworkCore.Database.Command[20103]
      Creating DbCommand for 'ExecuteReader'.
dbug: Microsoft.EntityFrameworkCore.Database.Command[20104]
      Created DbCommand for 'ExecuteReader' (2ms).
dbug: Microsoft.EntityFrameworkCore.Database.Connection[20000]
      Opening connection to database 'FinalDb' on server 'MUSAKHAN\SQLEXPRESS'.
dbug: Microsoft.EntityFrameworkCore.Database.Connection[20001]
      Opened connection to database 'FinalDb' on server 'MUSAKHAN\SQLEXPRESS'.
dbug: Microsoft.EntityFrameworkCore.Database.Command[20100]
      Executing DbCommand [Parameters=[], CommandType='Text', CommandTimeout='120']
      SELECT [t].[FID], [t].[Address], [t].[Code], [t].[CreatedBy], [t].[CreatedOn], [t].[FactoryName], [t].[Gstin], [t].[IsActive], [t].[ModifiedBy], [t].[ModifiedOn]
      FROM [TblFactories] AS [t]
info: Microsoft.EntityFrameworkCore.Database.Command[20101]
      Executed DbCommand (5ms) [Parameters=[], CommandType='Text', CommandTimeout='120']
      SELECT [t].[FID], [t].[Address], [t].[Code], [t].[CreatedBy], [t].[CreatedOn], [t].[FactoryName], [t].[Gstin], [t].[IsActive], [t].[ModifiedBy], [t].[ModifiedOn]
      FROM [TblFactories] AS [t]
dbug: Microsoft.EntityFrameworkCore.ChangeTracking[10806]
      Context 'TransportMgmtContext' started tracking 'TblFactory' entity. Consider using 'DbContextOptionsBuilder.EnableSensitiveDataLogging' to see key values.
dbug: Microsoft.EntityFrameworkCore.ChangeTracking[10806]
      Context 'TransportMgmtContext' started tracking 'TblFactory' entity. Consider using 'DbContextOptionsBuilder.EnableSensitiveDataLogging' to see key values.
dbug: Microsoft.EntityFrameworkCore.ChangeTracking[10806]
      Context 'TransportMgmtContext' started tracking 'TblFactory' entity. Consider using 'DbContextOptionsBuilder.EnableSensitiveDataLogging' to see key values.
dbug: Microsoft.EntityFrameworkCore.ChangeTracking[10806]
      Context 'TransportMgmtContext' started tracking 'TblFactory' entity. Consider using 'DbContextOptionsBuilder.EnableSensitiveDataLogging' to see key values.
dbug: Microsoft.EntityFrameworkCore.ChangeTracking[10806]
      Context 'TransportMgmtContext' started tracking 'TblFactory' entity. Consider using 'DbContextOptionsBuilder.EnableSensitiveDataLogging' to see key values.
dbug: Microsoft.EntityFrameworkCore.ChangeTracking[10806]
      Context 'TransportMgmtContext' started tracking 'TblFactory' entity. Consider using 'DbContextOptionsBuilder.EnableSensitiveDataLogging' to see key values.
dbug: Microsoft.EntityFrameworkCore.ChangeTracking[10806]
      Context 'TransportMgmtContext' started tracking 'TblFactory' entity. Consider using 'DbContextOptionsBuilder.EnableSensitiveDataLogging' to see key values.
dbug: Microsoft.EntityFrameworkCore.ChangeTracking[10806]
      Context 'TransportMgmtContext' started tracking 'TblFactory' entity. Consider using 'DbContextOptionsBuilder.EnableSensitiveDataLogging' to see key values.
dbug: Microsoft.EntityFrameworkCore.ChangeTracking[10806]
      Context 'TransportMgmtContext' started tracking 'TblFactory' entity. Consider using 'DbContextOptionsBuilder.EnableSensitiveDataLogging' to see key values.
dbug: Microsoft.EntityFrameworkCore.ChangeTracking[10806]
      Context 'TransportMgmtContext' started tracking 'TblFactory' entity. Consider using 'DbContextOptionsBuilder.EnableSensitiveDataLogging' to see key values.
dbug: Microsoft.EntityFrameworkCore.ChangeTracking[10806]
      Context 'TransportMgmtContext' started tracking 'TblFactory' entity. Consider using 'DbContextOptionsBuilder.EnableSensitiveDataLogging' to see key values.
dbug: Microsoft.EntityFrameworkCore.Database.Command[20300]
      A data reader was disposed.
dbug: Microsoft.EntityFrameworkCore.Database.Connection[20002]
      Closing connection to database 'FinalDb' on server 'MUSAKHAN\SQLEXPRESS'.
dbug: Microsoft.EntityFrameworkCore.Database.Connection[20003]
      Closed connection to database 'FinalDb' on server 'MUSAKHAN\SQLEXPRESS'.
info: Microsoft.AspNetCore.Mvc.ViewFeatures.ViewResultExecutor[1]
      Executing ViewResult, running view ShowDispatch.
dbug: Microsoft.WebTools.BrowserLink.Net.BrowserLinkMiddleware[1]
      Response markup is scheduled to include Browser Link script injection.
info: Microsoft.AspNetCore.Mvc.ViewFeatures.ViewResultExecutor[4]
      Executed ViewResult - view ShowDispatch executed in 39.4485ms.
info: Microsoft.AspNetCore.Mvc.Infrastructure.ControllerActionInvoker[2]
      Executed action CodeFirstTransport.Controllers.DispatchController.ShowDispatch (CodeFirstTransport) in 113.1783ms
info: Microsoft.AspNetCore.Routing.EndpointMiddleware[1]
      Executed endpoint 'CodeFirstTransport.Controllers.DispatchController.ShowDispatch (CodeFirstTransport)'
dbug: Microsoft.WebTools.BrowserLink.Net.BrowserLinkMiddleware[2]
      Response markup was updated to include Browser Link script injection.
dbug: Microsoft.EntityFrameworkCore.Infrastructure[10407]
      'TransportMgmtContext' disposed.
info: Microsoft.AspNetCore.Hosting.Diagnostics[2]
      Request finished HTTP/2 GET https://localhost:44307/Dispatch/ShowDispatch - - - 200 - text/html;+charset=utf-8 152.2587ms
info: Microsoft.AspNetCore.Hosting.Diagnostics[1]
      Request starting HTTP/2 GET https://localhost:44307/CodeFirstTransport.styles.css - -
info: Microsoft.AspNetCore.Hosting.Diagnostics[2]
      Request finished HTTP/2 GET https://localhost:44307/CodeFirstTransport.styles.css - - - 404 - - 5.7317ms
info: Microsoft.AspNetCore.Hosting.Diagnostics[1]
      Request starting HTTP/2 GET https://localhost:44307/_framework/aspnetcore-browser-refresh.js - -
info: Microsoft.AspNetCore.Hosting.Diagnostics[1]
      Request starting HTTP/2 GET https://localhost:44307/_vs/browserLink - -
info: Microsoft.AspNetCore.Hosting.Diagnostics[2]
      Request finished HTTP/2 GET https://localhost:44307/_framework/aspnetcore-browser-refresh.js - - - 200 11994 application/javascript;+charset=utf-8 8.8713ms
info: Microsoft.AspNetCore.Hosting.Diagnostics[2]
      Request finished HTTP/2 GET https://localhost:44307/_vs/browserLink - - - 200 - text/javascript;+charset=UTF-8 31.9498ms
info: Microsoft.AspNetCore.Hosting.Diagnostics[1]
      Request starting HTTP/2 POST https://localhost:44307/Dispatch/FilterDispatch application/x-www-form-urlencoded;+charset=UTF-8 32
info: Microsoft.AspNetCore.Routing.EndpointMiddleware[0]
      Executing endpoint 'CodeFirstTransport.Controllers.DispatchController.FilterDispatch (CodeFirstTransport)'
info: Microsoft.AspNetCore.Mvc.Infrastructure.ControllerActionInvoker[3]
      Route matched with {action = "FilterDispatch", controller = "Dispatch"}. Executing controller action with signature Microsoft.AspNetCore.Mvc.IActionResult FilterDispatch(Int32, System.String) on controller CodeFirstTransport.Controllers.DispatchController (CodeFirstTransport).
info: Microsoft.EntityFrameworkCore.Infrastructure[10403]
      Entity Framework Core 6.0.21 initialized 'TransportMgmtContext' using provider 'Microsoft.EntityFrameworkCore.SqlServer:6.0.21' with options: CommandTimeout=120 
dbug: Microsoft.EntityFrameworkCore.Database.Command[20103]
      Creating DbCommand for 'ExecuteReader'.
dbug: Microsoft.EntityFrameworkCore.Database.Command[20104]
      Created DbCommand for 'ExecuteReader' (2ms).
dbug: Microsoft.EntityFrameworkCore.Database.Connection[20000]
      Opening connection to database 'FinalDb' on server 'MUSAKHAN\SQLEXPRESS'.
dbug: Microsoft.EntityFrameworkCore.Database.Connection[20001]
      Opened connection to database 'FinalDb' on server 'MUSAKHAN\SQLEXPRESS'.
dbug: Microsoft.EntityFrameworkCore.Database.Command[20100]
      Executing DbCommand [Parameters=[@__factoryId_0='?' (DbType = Int32), @__challanNo_1='?' (Size = 4000)], CommandType='Text', CommandTimeout='120']
      SELECT [t].[DisVid], [t].[DispId], [t].[ChallanNo], [t].[DispatchDate], [t].[DispatchQuantity], [t].[VehicleNo], [t].[Destination], [t].[PartyName], [t].[Shortage], COALESCE([t].[IsReceived], CAST(0 AS bit)), (
          SELECT TOP(1) [t0].[FactoryName]
          FROM [TblFactories] AS [t0]
          WHERE [t0].[FID] = [t].[DisVid])
      FROM [TblDispatches] AS [t]
      WHERE ([t].[DisVid] = @__factoryId_0) AND ([t].[ChallanNo] = @__challanNo_1)
info: Microsoft.EntityFrameworkCore.Database.Command[20101]
      Executed DbCommand (9ms) [Parameters=[@__factoryId_0='?' (DbType = Int32), @__challanNo_1='?' (Size = 4000)], CommandType='Text', CommandTimeout='120']
      SELECT [t].[DisVid], [t].[DispId], [t].[ChallanNo], [t].[DispatchDate], [t].[DispatchQuantity], [t].[VehicleNo], [t].[Destination], [t].[PartyName], [t].[Shortage], COALESCE([t].[IsReceived], CAST(0 AS bit)), (
          SELECT TOP(1) [t0].[FactoryName]
          FROM [TblFactories] AS [t0]
          WHERE [t0].[FID] = [t].[DisVid])
      FROM [TblDispatches] AS [t]
      WHERE ([t].[DisVid] = @__factoryId_0) AND ([t].[ChallanNo] = @__challanNo_1)
dbug: Microsoft.EntityFrameworkCore.Database.Command[20300]
      A data reader was disposed.
dbug: Microsoft.EntityFrameworkCore.Database.Connection[20002]
      Closing connection to database 'FinalDb' on server 'MUSAKHAN\SQLEXPRESS'.
dbug: Microsoft.EntityFrameworkCore.Database.Connection[20003]
      Closed connection to database 'FinalDb' on server 'MUSAKHAN\SQLEXPRESS'.
info: Microsoft.AspNetCore.Mvc.ViewFeatures.PartialViewResultExecutor[1]
      Executing PartialViewResult, running view _DispatchTable.
info: Microsoft.AspNetCore.Mvc.ViewFeatures.PartialViewResultExecutor[4]
      Executed PartialViewResult - view _DispatchTable executed in 7.2499ms.
info: Microsoft.AspNetCore.Mvc.Infrastructure.ControllerActionInvoker[2]
      Executed action CodeFirstTransport.Controllers.DispatchController.FilterDispatch (CodeFirstTransport) in 43.7183ms
info: Microsoft.AspNetCore.Routing.EndpointMiddleware[1]
      Executed endpoint 'CodeFirstTransport.Controllers.DispatchController.FilterDispatch (CodeFirstTransport)'
dbug: Microsoft.EntityFrameworkCore.Infrastructure[10407]
      'TransportMgmtContext' disposed.
info: Microsoft.AspNetCore.Hosting.Diagnostics[2]
      Request finished HTTP/2 POST https://localhost:44307/Dispatch/FilterDispatch application/x-www-form-urlencoded;+charset=UTF-8 32 - 200 - text/html;+charset=utf-8 59.1775ms
info: Microsoft.AspNetCore.Hosting.Diagnostics[1]
      Request starting HTTP/2 GET https://localhost:44307/Invoice/ShowInvoice - -
info: Microsoft.AspNetCore.Routing.EndpointMiddleware[0]
      Executing endpoint 'CodeFirstTransport.Controllers.InvoiceController.ShowInvoice (CodeFirstTransport)'
info: Microsoft.AspNetCore.Mvc.Infrastructure.ControllerActionInvoker[3]
      Route matched with {action = "ShowInvoice", controller = "Invoice"}. Executing controller action with signature Microsoft.AspNetCore.Mvc.IActionResult ShowInvoice() on controller CodeFirstTransport.Controllers.InvoiceController (CodeFirstTransport).
info: Microsoft.EntityFrameworkCore.Infrastructure[10403]
      Entity Framework Core 6.0.21 initialized 'TransportMgmtContext' using provider 'Microsoft.EntityFrameworkCore.SqlServer:6.0.21' with options: CommandTimeout=120 
dbug: Microsoft.EntityFrameworkCore.Database.Command[20103]
      Creating DbCommand for 'ExecuteReader'.
dbug: Microsoft.EntityFrameworkCore.Database.Command[20104]
      Created DbCommand for 'ExecuteReader' (5ms).
dbug: Microsoft.EntityFrameworkCore.Database.Connection[20000]
      Opening connection to database 'FinalDb' on server 'MUSAKHAN\SQLEXPRESS'.
dbug: Microsoft.EntityFrameworkCore.Database.Connection[20001]
      Opened connection to database 'FinalDb' on server 'MUSAKHAN\SQLEXPRESS'.
dbug: Microsoft.EntityFrameworkCore.Database.Command[20100]
      Executing DbCommand [Parameters=[], CommandType='Text', CommandTimeout='120']
      SELECT [t].[FID], [t].[Address], [t].[Code], [t].[CreatedBy], [t].[CreatedOn], [t].[FactoryName], [t].[Gstin], [t].[IsActive], [t].[ModifiedBy], [t].[ModifiedOn]
      FROM [TblFactories] AS [t]
info: Microsoft.EntityFrameworkCore.Database.Command[20101]
      Executed DbCommand (20ms) [Parameters=[], CommandType='Text', CommandTimeout='120']
      SELECT [t].[FID], [t].[Address], [t].[Code], [t].[CreatedBy], [t].[CreatedOn], [t].[FactoryName], [t].[Gstin], [t].[IsActive], [t].[ModifiedBy], [t].[ModifiedOn]
      FROM [TblFactories] AS [t]
dbug: Microsoft.EntityFrameworkCore.ChangeTracking[10806]
      Context 'TransportMgmtContext' started tracking 'TblFactory' entity. Consider using 'DbContextOptionsBuilder.EnableSensitiveDataLogging' to see key values.
dbug: Microsoft.EntityFrameworkCore.ChangeTracking[10806]
      Context 'TransportMgmtContext' started tracking 'TblFactory' entity. Consider using 'DbContextOptionsBuilder.EnableSensitiveDataLogging' to see key values.
dbug: Microsoft.EntityFrameworkCore.ChangeTracking[10806]
      Context 'TransportMgmtContext' started tracking 'TblFactory' entity. Consider using 'DbContextOptionsBuilder.EnableSensitiveDataLogging' to see key values.
dbug: Microsoft.EntityFrameworkCore.ChangeTracking[10806]
      Context 'TransportMgmtContext' started tracking 'TblFactory' entity. Consider using 'DbContextOptionsBuilder.EnableSensitiveDataLogging' to see key values.
dbug: Microsoft.EntityFrameworkCore.ChangeTracking[10806]
      Context 'TransportMgmtContext' started tracking 'TblFactory' entity. Consider using 'DbContextOptionsBuilder.EnableSensitiveDataLogging' to see key values.
dbug: Microsoft.EntityFrameworkCore.ChangeTracking[10806]
      Context 'TransportMgmtContext' started tracking 'TblFactory' entity. Consider using 'DbContextOptionsBuilder.EnableSensitiveDataLogging' to see key values.
dbug: Microsoft.EntityFrameworkCore.ChangeTracking[10806]
      Context 'TransportMgmtContext' started tracking 'TblFactory' entity. Consider using 'DbContextOptionsBuilder.EnableSensitiveDataLogging' to see key values.
dbug: Microsoft.EntityFrameworkCore.ChangeTracking[10806]
      Context 'TransportMgmtContext' started tracking 'TblFactory' entity. Consider using 'DbContextOptionsBuilder.EnableSensitiveDataLogging' to see key values.
dbug: Microsoft.EntityFrameworkCore.ChangeTracking[10806]
      Context 'TransportMgmtContext' started tracking 'TblFactory' entity. Consider using 'DbContextOptionsBuilder.EnableSensitiveDataLogging' to see key values.
dbug: Microsoft.EntityFrameworkCore.ChangeTracking[10806]
      Context 'TransportMgmtContext' started tracking 'TblFactory' entity. Consider using 'DbContextOptionsBuilder.EnableSensitiveDataLogging' to see key values.
dbug: Microsoft.EntityFrameworkCore.ChangeTracking[10806]
      Context 'TransportMgmtContext' started tracking 'TblFactory' entity. Consider using 'DbContextOptionsBuilder.EnableSensitiveDataLogging' to see key values.
dbug: Microsoft.EntityFrameworkCore.Database.Command[20300]
      A data reader was disposed.
dbug: Microsoft.EntityFrameworkCore.Database.Connection[20002]
      Closing connection to database 'FinalDb' on server 'MUSAKHAN\SQLEXPRESS'.
dbug: Microsoft.EntityFrameworkCore.Database.Connection[20003]
      Closed connection to database 'FinalDb' on server 'MUSAKHAN\SQLEXPRESS'.
dbug: Microsoft.EntityFrameworkCore.Database.Command[20103]
      Creating DbCommand for 'ExecuteReader'.
dbug: Microsoft.EntityFrameworkCore.Database.Command[20104]
      Created DbCommand for 'ExecuteReader' (2ms).
dbug: Microsoft.EntityFrameworkCore.Database.Connection[20000]
      Opening connection to database 'FinalDb' on server 'MUSAKHAN\SQLEXPRESS'.
dbug: Microsoft.EntityFrameworkCore.Database.Connection[20001]
      Opened connection to database 'FinalDb' on server 'MUSAKHAN\SQLEXPRESS'.
dbug: Microsoft.EntityFrameworkCore.Database.Command[20100]
      Executing DbCommand [Parameters=[], CommandType='Text', CommandTimeout='120']
      SELECT [t].[FID], [t].[Address], [t].[Code], [t].[CreatedBy], [t].[CreatedOn], [t].[FactoryName], [t].[Gstin], [t].[IsActive], [t].[ModifiedBy], [t].[ModifiedOn]
      FROM [TblFactories] AS [t]
info: Microsoft.EntityFrameworkCore.Database.Command[20101]
      Executed DbCommand (3ms) [Parameters=[], CommandType='Text', CommandTimeout='120']
      SELECT [t].[FID], [t].[Address], [t].[Code], [t].[CreatedBy], [t].[CreatedOn], [t].[FactoryName], [t].[Gstin], [t].[IsActive], [t].[ModifiedBy], [t].[ModifiedOn]
      FROM [TblFactories] AS [t]
dbug: Microsoft.EntityFrameworkCore.Database.Command[20300]
      A data reader was disposed.
dbug: Microsoft.EntityFrameworkCore.Database.Connection[20002]
      Closing connection to database 'FinalDb' on server 'MUSAKHAN\SQLEXPRESS'.
dbug: Microsoft.EntityFrameworkCore.Database.Connection[20003]
      Closed connection to database 'FinalDb' on server 'MUSAKHAN\SQLEXPRESS'.
dbug: Microsoft.EntityFrameworkCore.Query[10111]
      Compiling query expression: 
      'DbSet<TblDispatch>()'
dbug: Microsoft.EntityFrameworkCore.Query[10107]
      Generated query execution expression: 
      'queryContext => new SingleQueryingEnumerable<TblDispatch>(
          (RelationalQueryContext)queryContext, 
          RelationalCommandCache.SelectExpression(
              Projection Mapping:
                  EmptyProjectionMember -> Dictionary<IProperty, int> { [Property: TblDispatch.DispId (int) Required PK AfterSave:Throw ValueGenerated.OnAdd, 0], [Property: TblDispatch.BillID (int?) FK Index, 1], [Property: TblDispatch.ChallanNo (string), 2], [Property: TblDispatch.DeliveryNum (string), 3], [Property: TblDispatch.Destination (string), 4], [Property: TblDispatch.DisVid (int?), 5], [Property: TblDispatch.DispatchDate (DateTime?), 6], [Property: TblDispatch.DispatchQuantity (double?), 7], [Property: TblDispatch.FinalPrice (double?), 8], [Property: TblDispatch.ImagePath (string), 9], [Property: TblDispatch.IsReceived (bool?), 10], [Property: TblDispatch.Lr (string), 11], [Property: TblDispatch.PartyName (string), 12], [Property: TblDispatch.Shortage (int?), 13], [Property: TblDispatch.TotalValue (double?), 14], [Property: TblDispatch.UnitPrice (double?), 15], [Property: TblDispatch.VehicleNo (string), 16] }
              SELECT t.DispId, t.BillID, t.ChallanNo, t.DeliveryNum, t.Destination, t.DisVid, t.DispatchDate, t.DispatchQuantity, t.FinalPrice, t.ImagePath, t.IsReceived, t.Lr, t.PartyName, t.Shortage, t.TotalValue, t.UnitPrice, t.VehicleNo
              FROM TblDispatches AS t), 
          Func<QueryContext, DbDataReader, ResultContext, SingleQueryResultCoordinator, TblDispatch>, 
          CodeFirstTransport.Models.TransportMgmtContext, 
          False, 
          False, 
          True
      )'
dbug: Microsoft.EntityFrameworkCore.Database.Command[20103]
      Creating DbCommand for 'ExecuteReader'.
dbug: Microsoft.EntityFrameworkCore.Database.Command[20104]
      Created DbCommand for 'ExecuteReader' (6ms).
dbug: Microsoft.EntityFrameworkCore.Database.Connection[20000]
      Opening connection to database 'FinalDb' on server 'MUSAKHAN\SQLEXPRESS'.
dbug: Microsoft.EntityFrameworkCore.Database.Connection[20001]
      Opened connection to database 'FinalDb' on server 'MUSAKHAN\SQLEXPRESS'.
dbug: Microsoft.EntityFrameworkCore.Database.Command[20100]
      Executing DbCommand [Parameters=[], CommandType='Text', CommandTimeout='120']
      SELECT [t].[DispId], [t].[BillID], [t].[ChallanNo], [t].[DeliveryNum], [t].[Destination], [t].[DisVid], [t].[DispatchDate], [t].[DispatchQuantity], [t].[FinalPrice], [t].[ImagePath], [t].[IsReceived], [t].[Lr], [t].[PartyName], [t].[Shortage], [t].[TotalValue], [t].[UnitPrice], [t].[VehicleNo]
      FROM [TblDispatches] AS [t]
info: Microsoft.EntityFrameworkCore.Database.Command[20101]
      Executed DbCommand (17ms) [Parameters=[], CommandType='Text', CommandTimeout='120']
      SELECT [t].[DispId], [t].[BillID], [t].[ChallanNo], [t].[DeliveryNum], [t].[Destination], [t].[DisVid], [t].[DispatchDate], [t].[DispatchQuantity], [t].[FinalPrice], [t].[ImagePath], [t].[IsReceived], [t].[Lr], [t].[PartyName], [t].[Shortage], [t].[TotalValue], [t].[UnitPrice], [t].[VehicleNo]
      FROM [TblDispatches] AS [t]
dbug: Microsoft.EntityFrameworkCore.ChangeTracking[10806]
      Context 'TransportMgmtContext' started tracking 'TblDispatch' entity. Consider using 'DbContextOptionsBuilder.EnableSensitiveDataLogging' to see key values.
dbug: Microsoft.EntityFrameworkCore.ChangeTracking[10806]
      Context 'TransportMgmtContext' started tracking 'TblDispatch' entity. Consider using 'DbContextOptionsBuilder.EnableSensitiveDataLogging' to see key values.
dbug: Microsoft.EntityFrameworkCore.ChangeTracking[10806]
      Context 'TransportMgmtContext' started tracking 'TblDispatch' entity. Consider using 'DbContextOptionsBuilder.EnableSensitiveDataLogging' to see key values.
dbug: Microsoft.EntityFrameworkCore.ChangeTracking[10806]
      Context 'TransportMgmtContext' started tracking 'TblDispatch' entity. Consider using 'DbContextOptionsBuilder.EnableSensitiveDataLogging' to see key values.
dbug: Microsoft.EntityFrameworkCore.ChangeTracking[10806]
      Context 'TransportMgmtContext' started tracking 'TblDispatch' entity. Consider using 'DbContextOptionsBuilder.EnableSensitiveDataLogging' to see key values.
dbug: Microsoft.EntityFrameworkCore.ChangeTracking[10806]
      Context 'TransportMgmtContext' started tracking 'TblDispatch' entity. Consider using 'DbContextOptionsBuilder.EnableSensitiveDataLogging' to see key values.
dbug: Microsoft.EntityFrameworkCore.ChangeTracking[10806]
      Context 'TransportMgmtContext' started tracking 'TblDispatch' entity. Consider using 'DbContextOptionsBuilder.EnableSensitiveDataLogging' to see key values.
dbug: Microsoft.EntityFrameworkCore.ChangeTracking[10806]
      Context 'TransportMgmtContext' started tracking 'TblDispatch' entity. Consider using 'DbContextOptionsBuilder.EnableSensitiveDataLogging' to see key values.
dbug: Microsoft.EntityFrameworkCore.ChangeTracking[10806]
      Context 'TransportMgmtContext' started tracking 'TblDispatch' entity. Consider using 'DbContextOptionsBuilder.EnableSensitiveDataLogging' to see key values.
dbug: Microsoft.EntityFrameworkCore.ChangeTracking[10806]
      Context 'TransportMgmtContext' started tracking 'TblDispatch' entity. Consider using 'DbContextOptionsBuilder.EnableSensitiveDataLogging' to see key values.
dbug: Microsoft.EntityFrameworkCore.ChangeTracking[10806]
      Context 'TransportMgmtContext' started tracking 'TblDispatch' entity. Consider using 'DbContextOptionsBuilder.EnableSensitiveDataLogging' to see key values.
dbug: Microsoft.EntityFrameworkCore.ChangeTracking[10806]
      Context 'TransportMgmtContext' started tracking 'TblDispatch' entity. Consider using 'DbContextOptionsBuilder.EnableSensitiveDataLogging' to see key values.
dbug: Microsoft.EntityFrameworkCore.ChangeTracking[10806]
      Context 'TransportMgmtContext' started tracking 'TblDispatch' entity. Consider using 'DbContextOptionsBuilder.EnableSensitiveDataLogging' to see key values.
dbug: Microsoft.EntityFrameworkCore.ChangeTracking[10806]
      Context 'TransportMgmtContext' started tracking 'TblDispatch' entity. Consider using 'DbContextOptionsBuilder.EnableSensitiveDataLogging' to see key values.
dbug: Microsoft.EntityFrameworkCore.ChangeTracking[10806]
      Context 'TransportMgmtContext' started tracking 'TblDispatch' entity. Consider using 'DbContextOptionsBuilder.EnableSensitiveDataLogging' to see key values.
dbug: Microsoft.EntityFrameworkCore.ChangeTracking[10806]
      Context 'TransportMgmtContext' started tracking 'TblDispatch' entity. Consider using 'DbContextOptionsBuilder.EnableSensitiveDataLogging' to see key values.
dbug: Microsoft.EntityFrameworkCore.ChangeTracking[10806]
      Context 'TransportMgmtContext' started tracking 'TblDispatch' entity. Consider using 'DbContextOptionsBuilder.EnableSensitiveDataLogging' to see key values.
dbug: Microsoft.EntityFrameworkCore.ChangeTracking[10806]
      Context 'TransportMgmtContext' started tracking 'TblDispatch' entity. Consider using 'DbContextOptionsBuilder.EnableSensitiveDataLogging' to see key values.
dbug: Microsoft.EntityFrameworkCore.ChangeTracking[10806]
      Context 'TransportMgmtContext' started tracking 'TblDispatch' entity. Consider using 'DbContextOptionsBuilder.EnableSensitiveDataLogging' to see key values.
dbug: Microsoft.EntityFrameworkCore.ChangeTracking[10806]
      Context 'TransportMgmtContext' started tracking 'TblDispatch' entity. Consider using 'DbContextOptionsBuilder.EnableSensitiveDataLogging' to see key values.
dbug: Microsoft.EntityFrameworkCore.ChangeTracking[10806]
      Context 'TransportMgmtContext' started tracking 'TblDispatch' entity. Consider using 'DbContextOptionsBuilder.EnableSensitiveDataLogging' to see key values.
dbug: Microsoft.EntityFrameworkCore.ChangeTracking[10806]
      Context 'TransportMgmtContext' started tracking 'TblDispatch' entity. Consider using 'DbContextOptionsBuilder.EnableSensitiveDataLogging' to see key values.
dbug: Microsoft.EntityFrameworkCore.ChangeTracking[10806]
      Context 'TransportMgmtContext' started tracking 'TblDispatch' entity. Consider using 'DbContextOptionsBuilder.EnableSensitiveDataLogging' to see key values.
dbug: Microsoft.EntityFrameworkCore.ChangeTracking[10806]
      Context 'TransportMgmtContext' started tracking 'TblDispatch' entity. Consider using 'DbContextOptionsBuilder.EnableSensitiveDataLogging' to see key values.
dbug: Microsoft.EntityFrameworkCore.ChangeTracking[10806]
      Context 'TransportMgmtContext' started tracking 'TblDispatch' entity. Consider using 'DbContextOptionsBuilder.EnableSensitiveDataLogging' to see key values.
dbug: Microsoft.EntityFrameworkCore.ChangeTracking[10806]
      Context 'TransportMgmtContext' started tracking 'TblDispatch' entity. Consider using 'DbContextOptionsBuilder.EnableSensitiveDataLogging' to see key values.
dbug: Microsoft.EntityFrameworkCore.ChangeTracking[10806]
      Context 'TransportMgmtContext' started tracking 'TblDispatch' entity. Consider using 'DbContextOptionsBuilder.EnableSensitiveDataLogging' to see key values.
dbug: Microsoft.EntityFrameworkCore.ChangeTracking[10806]
      Context 'TransportMgmtContext' started tracking 'TblDispatch' entity. Consider using 'DbContextOptionsBuilder.EnableSensitiveDataLogging' to see key values.
dbug: Microsoft.EntityFrameworkCore.ChangeTracking[10806]
      Context 'TransportMgmtContext' started tracking 'TblDispatch' entity. Consider using 'DbContextOptionsBuilder.EnableSensitiveDataLogging' to see key values.
dbug: Microsoft.EntityFrameworkCore.ChangeTracking[10806]
      Context 'TransportMgmtContext' started tracking 'TblDispatch' entity. Consider using 'DbContextOptionsBuilder.EnableSensitiveDataLogging' to see key values.
dbug: Microsoft.EntityFrameworkCore.ChangeTracking[10806]
      Context 'TransportMgmtContext' started tracking 'TblDispatch' entity. Consider using 'DbContextOptionsBuilder.EnableSensitiveDataLogging' to see key values.
dbug: Microsoft.EntityFrameworkCore.ChangeTracking[10806]
      Context 'TransportMgmtContext' started tracking 'TblDispatch' entity. Consider using 'DbContextOptionsBuilder.EnableSensitiveDataLogging' to see key values.
dbug: Microsoft.EntityFrameworkCore.ChangeTracking[10806]
      Context 'TransportMgmtContext' started tracking 'TblDispatch' entity. Consider using 'DbContextOptionsBuilder.EnableSensitiveDataLogging' to see key values.
dbug: Microsoft.EntityFrameworkCore.ChangeTracking[10806]
      Context 'TransportMgmtContext' started tracking 'TblDispatch' entity. Consider using 'DbContextOptionsBuilder.EnableSensitiveDataLogging' to see key values.
dbug: Microsoft.EntityFrameworkCore.ChangeTracking[10806]
      Context 'TransportMgmtContext' started tracking 'TblDispatch' entity. Consider using 'DbContextOptionsBuilder.EnableSensitiveDataLogging' to see key values.
dbug: Microsoft.EntityFrameworkCore.ChangeTracking[10806]
      Context 'TransportMgmtContext' started tracking 'TblDispatch' entity. Consider using 'DbContextOptionsBuilder.EnableSensitiveDataLogging' to see key values.
dbug: Microsoft.EntityFrameworkCore.ChangeTracking[10806]
      Context 'TransportMgmtContext' started tracking 'TblDispatch' entity. Consider using 'DbContextOptionsBuilder.EnableSensitiveDataLogging' to see key values.
dbug: Microsoft.EntityFrameworkCore.ChangeTracking[10806]
      Context 'TransportMgmtContext' started tracking 'TblDispatch' entity. Consider using 'DbContextOptionsBuilder.EnableSensitiveDataLogging' to see key values.
dbug: Microsoft.EntityFrameworkCore.ChangeTracking[10806]
      Context 'TransportMgmtContext' started tracking 'TblDispatch' entity. Consider using 'DbContextOptionsBuilder.EnableSensitiveDataLogging' to see key values.
dbug: Microsoft.EntityFrameworkCore.ChangeTracking[10806]
      Context 'TransportMgmtContext' started tracking 'TblDispatch' entity. Consider using 'DbContextOptionsBuilder.EnableSensitiveDataLogging' to see key values.
dbug: Microsoft.EntityFrameworkCore.ChangeTracking[10806]
      Context 'TransportMgmtContext' started tracking 'TblDispatch' entity. Consider using 'DbContextOptionsBuilder.EnableSensitiveDataLogging' to see key values.
dbug: Microsoft.EntityFrameworkCore.ChangeTracking[10806]
      Context 'TransportMgmtContext' started tracking 'TblDispatch' entity. Consider using 'DbContextOptionsBuilder.EnableSensitiveDataLogging' to see key values.
dbug: Microsoft.EntityFrameworkCore.ChangeTracking[10806]
      Context 'TransportMgmtContext' started tracking 'TblDispatch' entity. Consider using 'DbContextOptionsBuilder.EnableSensitiveDataLogging' to see key values.
dbug: Microsoft.EntityFrameworkCore.ChangeTracking[10806]
      Context 'TransportMgmtContext' started tracking 'TblDispatch' entity. Consider using 'DbContextOptionsBuilder.EnableSensitiveDataLogging' to see key values.
dbug: Microsoft.EntityFrameworkCore.ChangeTracking[10806]
      Context 'TransportMgmtContext' started tracking 'TblDispatch' entity. Consider using 'DbContextOptionsBuilder.EnableSensitiveDataLogging' to see key values.
dbug: Microsoft.EntityFrameworkCore.ChangeTracking[10806]
      Context 'TransportMgmtContext' started tracking 'TblDispatch' entity. Consider using 'DbContextOptionsBuilder.EnableSensitiveDataLogging' to see key values.
dbug: Microsoft.EntityFrameworkCore.ChangeTracking[10806]
      Context 'TransportMgmtContext' started tracking 'TblDispatch' entity. Consider using 'DbContextOptionsBuilder.EnableSensitiveDataLogging' to see key values.
dbug: Microsoft.EntityFrameworkCore.ChangeTracking[10806]
      Context 'TransportMgmtContext' started tracking 'TblDispatch' entity. Consider using 'DbContextOptionsBuilder.EnableSensitiveDataLogging' to see key values.
dbug: Microsoft.EntityFrameworkCore.ChangeTracking[10806]
      Context 'TransportMgmtContext' started tracking 'TblDispatch' entity. Consider using 'DbContextOptionsBuilder.EnableSensitiveDataLogging' to see key values.
dbug: Microsoft.EntityFrameworkCore.ChangeTracking[10806]
      Context 'TransportMgmtContext' started tracking 'TblDispatch' entity. Consider using 'DbContextOptionsBuilder.EnableSensitiveDataLogging' to see key values.
dbug: Microsoft.EntityFrameworkCore.ChangeTracking[10806]
      Context 'TransportMgmtContext' started tracking 'TblDispatch' entity. Consider using 'DbContextOptionsBuilder.EnableSensitiveDataLogging' to see key values.
dbug: Microsoft.EntityFrameworkCore.ChangeTracking[10806]
      Context 'TransportMgmtContext' started tracking 'TblDispatch' entity. Consider using 'DbContextOptionsBuilder.EnableSensitiveDataLogging' to see key values.
dbug: Microsoft.EntityFrameworkCore.ChangeTracking[10806]
      Context 'TransportMgmtContext' started tracking 'TblDispatch' entity. Consider using 'DbContextOptionsBuilder.EnableSensitiveDataLogging' to see key values.
dbug: Microsoft.EntityFrameworkCore.ChangeTracking[10806]
      Context 'TransportMgmtContext' started tracking 'TblDispatch' entity. Consider using 'DbContextOptionsBuilder.EnableSensitiveDataLogging' to see key values.
dbug: Microsoft.EntityFrameworkCore.ChangeTracking[10806]
      Context 'TransportMgmtContext' started tracking 'TblDispatch' entity. Consider using 'DbContextOptionsBuilder.EnableSensitiveDataLogging' to see key values.
dbug: Microsoft.EntityFrameworkCore.ChangeTracking[10806]
      Context 'TransportMgmtContext' started tracking 'TblDispatch' entity. Consider using 'DbContextOptionsBuilder.EnableSensitiveDataLogging' to see key values.
dbug: Microsoft.EntityFrameworkCore.ChangeTracking[10806]
      Context 'TransportMgmtContext' started tracking 'TblDispatch' entity. Consider using 'DbContextOptionsBuilder.EnableSensitiveDataLogging' to see key values.
dbug: Microsoft.EntityFrameworkCore.ChangeTracking[10806]
      Context 'TransportMgmtContext' started tracking 'TblDispatch' entity. Consider using 'DbContextOptionsBuilder.EnableSensitiveDataLogging' to see key values.
dbug: Microsoft.EntityFrameworkCore.ChangeTracking[10806]
      Context 'TransportMgmtContext' started tracking 'TblDispatch' entity. Consider using 'DbContextOptionsBuilder.EnableSensitiveDataLogging' to see key values.
dbug: Microsoft.EntityFrameworkCore.ChangeTracking[10806]
      Context 'TransportMgmtContext' started tracking 'TblDispatch' entity. Consider using 'DbContextOptionsBuilder.EnableSensitiveDataLogging' to see key values.
dbug: Microsoft.EntityFrameworkCore.ChangeTracking[10806]
      Context 'TransportMgmtContext' started tracking 'TblDispatch' entity. Consider using 'DbContextOptionsBuilder.EnableSensitiveDataLogging' to see key values.
dbug: Microsoft.EntityFrameworkCore.ChangeTracking[10806]
      Context 'TransportMgmtContext' started tracking 'TblDispatch' entity. Consider using 'DbContextOptionsBuilder.EnableSensitiveDataLogging' to see key values.
dbug: Microsoft.EntityFrameworkCore.ChangeTracking[10806]
      Context 'TransportMgmtContext' started tracking 'TblDispatch' entity. Consider using 'DbContextOptionsBuilder.EnableSensitiveDataLogging' to see key values.
dbug: Microsoft.EntityFrameworkCore.ChangeTracking[10806]
      Context 'TransportMgmtContext' started tracking 'TblDispatch' entity. Consider using 'DbContextOptionsBuilder.EnableSensitiveDataLogging' to see key values.
dbug: Microsoft.EntityFrameworkCore.ChangeTracking[10806]
      Context 'TransportMgmtContext' started tracking 'TblDispatch' entity. Consider using 'DbContextOptionsBuilder.EnableSensitiveDataLogging' to see key values.
dbug: Microsoft.EntityFrameworkCore.ChangeTracking[10806]
      Context 'TransportMgmtContext' started tracking 'TblDispatch' entity. Consider using 'DbContextOptionsBuilder.EnableSensitiveDataLogging' to see key values.
dbug: Microsoft.EntityFrameworkCore.ChangeTracking[10806]
      Context 'TransportMgmtContext' started tracking 'TblDispatch' entity. Consider using 'DbContextOptionsBuilder.EnableSensitiveDataLogging' to see key values.
dbug: Microsoft.EntityFrameworkCore.ChangeTracking[10806]
      Context 'TransportMgmtContext' started tracking 'TblDispatch' entity. Consider using 'DbContextOptionsBuilder.EnableSensitiveDataLogging' to see key values.
dbug: Microsoft.EntityFrameworkCore.ChangeTracking[10806]
      Context 'TransportMgmtContext' started tracking 'TblDispatch' entity. Consider using 'DbContextOptionsBuilder.EnableSensitiveDataLogging' to see key values.
dbug: Microsoft.EntityFrameworkCore.ChangeTracking[10806]
      Context 'TransportMgmtContext' started tracking 'TblDispatch' entity. Consider using 'DbContextOptionsBuilder.EnableSensitiveDataLogging' to see key values.
dbug: Microsoft.EntityFrameworkCore.ChangeTracking[10806]
      Context 'TransportMgmtContext' started tracking 'TblDispatch' entity. Consider using 'DbContextOptionsBuilder.EnableSensitiveDataLogging' to see key values.
dbug: Microsoft.EntityFrameworkCore.ChangeTracking[10806]
      Context 'TransportMgmtContext' started tracking 'TblDispatch' entity. Consider using 'DbContextOptionsBuilder.EnableSensitiveDataLogging' to see key values.
dbug: Microsoft.EntityFrameworkCore.ChangeTracking[10806]
      Context 'TransportMgmtContext' started tracking 'TblDispatch' entity. Consider using 'DbContextOptionsBuilder.EnableSensitiveDataLogging' to see key values.
dbug: Microsoft.EntityFrameworkCore.ChangeTracking[10806]
      Context 'TransportMgmtContext' started tracking 'TblDispatch' entity. Consider using 'DbContextOptionsBuilder.EnableSensitiveDataLogging' to see key values.
dbug: Microsoft.EntityFrameworkCore.ChangeTracking[10806]
      Context 'TransportMgmtContext' started tracking 'TblDispatch' entity. Consider using 'DbContextOptionsBuilder.EnableSensitiveDataLogging' to see key values.
dbug: Microsoft.EntityFrameworkCore.ChangeTracking[10806]
      Context 'TransportMgmtContext' started tracking 'TblDispatch' entity. Consider using 'DbContextOptionsBuilder.EnableSensitiveDataLogging' to see key values.
dbug: Microsoft.EntityFrameworkCore.ChangeTracking[10806]
      Context 'TransportMgmtContext' started tracking 'TblDispatch' entity. Consider using 'DbContextOptionsBuilder.EnableSensitiveDataLogging' to see key values.
dbug: Microsoft.EntityFrameworkCore.ChangeTracking[10806]
      Context 'TransportMgmtContext' started tracking 'TblDispatch' entity. Consider using 'DbContextOptionsBuilder.EnableSensitiveDataLogging' to see key values.
dbug: Microsoft.EntityFrameworkCore.ChangeTracking[10806]
      Context 'TransportMgmtContext' started tracking 'TblDispatch' entity. Consider using 'DbContextOptionsBuilder.EnableSensitiveDataLogging' to see key values.
dbug: Microsoft.EntityFrameworkCore.ChangeTracking[10806]
      Context 'TransportMgmtContext' started tracking 'TblDispatch' entity. Consider using 'DbContextOptionsBuilder.EnableSensitiveDataLogging' to see key values.
dbug: Microsoft.EntityFrameworkCore.ChangeTracking[10806]
      Context 'TransportMgmtContext' started tracking 'TblDispatch' entity. Consider using 'DbContextOptionsBuilder.EnableSensitiveDataLogging' to see key values.
dbug: Microsoft.EntityFrameworkCore.ChangeTracking[10806]
      Context 'TransportMgmtContext' started tracking 'TblDispatch' entity. Consider using 'DbContextOptionsBuilder.EnableSensitiveDataLogging' to see key values.
dbug: Microsoft.EntityFrameworkCore.ChangeTracking[10806]
      Context 'TransportMgmtContext' started tracking 'TblDispatch' entity. Consider using 'DbContextOptionsBuilder.EnableSensitiveDataLogging' to see key values.
dbug: Microsoft.EntityFrameworkCore.ChangeTracking[10806]
      Context 'TransportMgmtContext' started tracking 'TblDispatch' entity. Consider using 'DbContextOptionsBuilder.EnableSensitiveDataLogging' to see key values.
dbug: Microsoft.EntityFrameworkCore.ChangeTracking[10806]
      Context 'TransportMgmtContext' started tracking 'TblDispatch' entity. Consider using 'DbContextOptionsBuilder.EnableSensitiveDataLogging' to see key values.
dbug: Microsoft.EntityFrameworkCore.ChangeTracking[10806]
      Context 'TransportMgmtContext' started tracking 'TblDispatch' entity. Consider using 'DbContextOptionsBuilder.EnableSensitiveDataLogging' to see key values.
dbug: Microsoft.EntityFrameworkCore.ChangeTracking[10806]
      Context 'TransportMgmtContext' started tracking 'TblDispatch' entity. Consider using 'DbContextOptionsBuilder.EnableSensitiveDataLogging' to see key values.
dbug: Microsoft.EntityFrameworkCore.ChangeTracking[10806]
      Context 'TransportMgmtContext' started tracking 'TblDispatch' entity. Consider using 'DbContextOptionsBuilder.EnableSensitiveDataLogging' to see key values.
dbug: Microsoft.EntityFrameworkCore.ChangeTracking[10806]
      Context 'TransportMgmtContext' started tracking 'TblDispatch' entity. Consider using 'DbContextOptionsBuilder.EnableSensitiveDataLogging' to see key values.
dbug: Microsoft.EntityFrameworkCore.ChangeTracking[10806]
      Context 'TransportMgmtContext' started tracking 'TblDispatch' entity. Consider using 'DbContextOptionsBuilder.EnableSensitiveDataLogging' to see key values.
dbug: Microsoft.EntityFrameworkCore.ChangeTracking[10806]
      Context 'TransportMgmtContext' started tracking 'TblDispatch' entity. Consider using 'DbContextOptionsBuilder.EnableSensitiveDataLogging' to see key values.
dbug: Microsoft.EntityFrameworkCore.ChangeTracking[10806]
      Context 'TransportMgmtContext' started tracking 'TblDispatch' entity. Consider using 'DbContextOptionsBuilder.EnableSensitiveDataLogging' to see key values.
dbug: Microsoft.EntityFrameworkCore.ChangeTracking[10806]
      Context 'TransportMgmtContext' started tracking 'TblDispatch' entity. Consider using 'DbContextOptionsBuilder.EnableSensitiveDataLogging' to see key values.
dbug: Microsoft.EntityFrameworkCore.ChangeTracking[10806]
      Context 'TransportMgmtContext' started tracking 'TblDispatch' entity. Consider using 'DbContextOptionsBuilder.EnableSensitiveDataLogging' to see key values.
dbug: Microsoft.EntityFrameworkCore.ChangeTracking[10806]
      Context 'TransportMgmtContext' started tracking 'TblDispatch' entity. Consider using 'DbContextOptionsBuilder.EnableSensitiveDataLogging' to see key values.
dbug: Microsoft.EntityFrameworkCore.ChangeTracking[10806]
      Context 'TransportMgmtContext' started tracking 'TblDispatch' entity. Consider using 'DbContextOptionsBuilder.EnableSensitiveDataLogging' to see key values.
dbug: Microsoft.EntityFrameworkCore.ChangeTracking[10806]
      Context 'TransportMgmtContext' started tracking 'TblDispatch' entity. Consider using 'DbContextOptionsBuilder.EnableSensitiveDataLogging' to see key values.
dbug: Microsoft.EntityFrameworkCore.ChangeTracking[10806]
      Context 'TransportMgmtContext' started tracking 'TblDispatch' entity. Consider using 'DbContextOptionsBuilder.EnableSensitiveDataLogging' to see key values.
dbug: Microsoft.EntityFrameworkCore.ChangeTracking[10806]
      Context 'TransportMgmtContext' started tracking 'TblDispatch' entity. Consider using 'DbContextOptionsBuilder.EnableSensitiveDataLogging' to see key values.
dbug: Microsoft.EntityFrameworkCore.ChangeTracking[10806]
      Context 'TransportMgmtContext' started tracking 'TblDispatch' entity. Consider using 'DbContextOptionsBuilder.EnableSensitiveDataLogging' to see key values.
dbug: Microsoft.EntityFrameworkCore.ChangeTracking[10806]
      Context 'TransportMgmtContext' started tracking 'TblDispatch' entity. Consider using 'DbContextOptionsBuilder.EnableSensitiveDataLogging' to see key values.
dbug: Microsoft.EntityFrameworkCore.ChangeTracking[10806]
      Context 'TransportMgmtContext' started tracking 'TblDispatch' entity. Consider using 'DbContextOptionsBuilder.EnableSensitiveDataLogging' to see key values.
dbug: Microsoft.EntityFrameworkCore.ChangeTracking[10806]
      Context 'TransportMgmtContext' started tracking 'TblDispatch' entity. Consider using 'DbContextOptionsBuilder.EnableSensitiveDataLogging' to see key values.
dbug: Microsoft.EntityFrameworkCore.ChangeTracking[10806]
      Context 'TransportMgmtContext' started tracking 'TblDispatch' entity. Consider using 'DbContextOptionsBuilder.EnableSensitiveDataLogging' to see key values.
dbug: Microsoft.EntityFrameworkCore.ChangeTracking[10806]
      Context 'TransportMgmtContext' started tracking 'TblDispatch' entity. Consider using 'DbContextOptionsBuilder.EnableSensitiveDataLogging' to see key values.
dbug: Microsoft.EntityFrameworkCore.ChangeTracking[10806]
      Context 'TransportMgmtContext' started tracking 'TblDispatch' entity. Consider using 'DbContextOptionsBuilder.EnableSensitiveDataLogging' to see key values.
dbug: Microsoft.EntityFrameworkCore.ChangeTracking[10806]
      Context 'TransportMgmtContext' started tracking 'TblDispatch' entity. Consider using 'DbContextOptionsBuilder.EnableSensitiveDataLogging' to see key values.
dbug: Microsoft.EntityFrameworkCore.ChangeTracking[10806]
      Context 'TransportMgmtContext' started tracking 'TblDispatch' entity. Consider using 'DbContextOptionsBuilder.EnableSensitiveDataLogging' to see key values.
dbug: Microsoft.EntityFrameworkCore.ChangeTracking[10806]
      Context 'TransportMgmtContext' started tracking 'TblDispatch' entity. Consider using 'DbContextOptionsBuilder.EnableSensitiveDataLogging' to see key values.
dbug: Microsoft.EntityFrameworkCore.ChangeTracking[10806]
      Context 'TransportMgmtContext' started tracking 'TblDispatch' entity. Consider using 'DbContextOptionsBuilder.EnableSensitiveDataLogging' to see key values.
dbug: Microsoft.EntityFrameworkCore.ChangeTracking[10806]
      Context 'TransportMgmtContext' started tracking 'TblDispatch' entity. Consider using 'DbContextOptionsBuilder.EnableSensitiveDataLogging' to see key values.
dbug: Microsoft.EntityFrameworkCore.ChangeTracking[10806]
      Context 'TransportMgmtContext' started tracking 'TblDispatch' entity. Consider using 'DbContextOptionsBuilder.EnableSensitiveDataLogging' to see key values.
dbug: Microsoft.EntityFrameworkCore.ChangeTracking[10806]
      Context 'TransportMgmtContext' started tracking 'TblDispatch' entity. Consider using 'DbContextOptionsBuilder.EnableSensitiveDataLogging' to see key values.
dbug: Microsoft.EntityFrameworkCore.ChangeTracking[10806]
      Context 'TransportMgmtContext' started tracking 'TblDispatch' entity. Consider using 'DbContextOptionsBuilder.EnableSensitiveDataLogging' to see key values.
dbug: Microsoft.EntityFrameworkCore.ChangeTracking[10806]
      Context 'TransportMgmtContext' started tracking 'TblDispatch' entity. Consider using 'DbContextOptionsBuilder.EnableSensitiveDataLogging' to see key values.
dbug: Microsoft.EntityFrameworkCore.ChangeTracking[10806]
      Context 'TransportMgmtContext' started tracking 'TblDispatch' entity. Consider using 'DbContextOptionsBuilder.EnableSensitiveDataLogging' to see key values.
dbug: Microsoft.EntityFrameworkCore.ChangeTracking[10806]
      Context 'TransportMgmtContext' started tracking 'TblDispatch' entity. Consider using 'DbContextOptionsBuilder.EnableSensitiveDataLogging' to see key values.
dbug: Microsoft.EntityFrameworkCore.ChangeTracking[10806]
      Context 'TransportMgmtContext' started tracking 'TblDispatch' entity. Consider using 'DbContextOptionsBuilder.EnableSensitiveDataLogging' to see key values.
dbug: Microsoft.EntityFrameworkCore.ChangeTracking[10806]
      Context 'TransportMgmtContext' started tracking 'TblDispatch' entity. Consider using 'DbContextOptionsBuilder.EnableSensitiveDataLogging' to see key values.
dbug: Microsoft.EntityFrameworkCore.ChangeTracking[10806]
      Context 'TransportMgmtContext' started tracking 'TblDispatch' entity. Consider using 'DbContextOptionsBuilder.EnableSensitiveDataLogging' to see key values.
dbug: Microsoft.EntityFrameworkCore.ChangeTracking[10806]
      Context 'TransportMgmtContext' started tracking 'TblDispatch' entity. Consider using 'DbContextOptionsBuilder.EnableSensitiveDataLogging' to see key values.
dbug: Microsoft.EntityFrameworkCore.ChangeTracking[10806]
      Context 'TransportMgmtContext' started tracking 'TblDispatch' entity. Consider using 'DbContextOptionsBuilder.EnableSensitiveDataLogging' to see key values.
dbug: Microsoft.EntityFrameworkCore.ChangeTracking[10806]
      Context 'TransportMgmtContext' started tracking 'TblDispatch' entity. Consider using 'DbContextOptionsBuilder.EnableSensitiveDataLogging' to see key values.
dbug: Microsoft.EntityFrameworkCore.ChangeTracking[10806]
      Context 'TransportMgmtContext' started tracking 'TblDispatch' entity. Consider using 'DbContextOptionsBuilder.EnableSensitiveDataLogging' to see key values.
dbug: Microsoft.EntityFrameworkCore.ChangeTracking[10806]
      Context 'TransportMgmtContext' started tracking 'TblDispatch' entity. Consider using 'DbContextOptionsBuilder.EnableSensitiveDataLogging' to see key values.
dbug: Microsoft.EntityFrameworkCore.ChangeTracking[10806]
      Context 'TransportMgmtContext' started tracking 'TblDispatch' entity. Consider using 'DbContextOptionsBuilder.EnableSensitiveDataLogging' to see key values.
dbug: Microsoft.EntityFrameworkCore.ChangeTracking[10806]
      Context 'TransportMgmtContext' started tracking 'TblDispatch' entity. Consider using 'DbContextOptionsBuilder.EnableSensitiveDataLogging' to see key values.
dbug: Microsoft.EntityFrameworkCore.ChangeTracking[10806]
      Context 'TransportMgmtContext' started tracking 'TblDispatch' entity. Consider using 'DbContextOptionsBuilder.EnableSensitiveDataLogging' to see key values.
dbug: Microsoft.EntityFrameworkCore.ChangeTracking[10806]
      Context 'TransportMgmtContext' started tracking 'TblDispatch' entity. Consider using 'DbContextOptionsBuilder.EnableSensitiveDataLogging' to see key values.
dbug: Microsoft.EntityFrameworkCore.ChangeTracking[10806]
      Context 'TransportMgmtContext' started tracking 'TblDispatch' entity. Consider using 'DbContextOptionsBuilder.EnableSensitiveDataLogging' to see key values.
dbug: Microsoft.EntityFrameworkCore.ChangeTracking[10806]
      Context 'TransportMgmtContext' started tracking 'TblDispatch' entity. Consider using 'DbContextOptionsBuilder.EnableSensitiveDataLogging' to see key values.
dbug: Microsoft.EntityFrameworkCore.ChangeTracking[10806]
      Context 'TransportMgmtContext' started tracking 'TblDispatch' entity. Consider using 'DbContextOptionsBuilder.EnableSensitiveDataLogging' to see key values.
dbug: Microsoft.EntityFrameworkCore.ChangeTracking[10806]
      Context 'TransportMgmtContext' started tracking 'TblDispatch' entity. Consider using 'DbContextOptionsBuilder.EnableSensitiveDataLogging' to see key values.
dbug: Microsoft.EntityFrameworkCore.ChangeTracking[10806]
      Context 'TransportMgmtContext' started tracking 'TblDispatch' entity. Consider using 'DbContextOptionsBuilder.EnableSensitiveDataLogging' to see key values.
dbug: Microsoft.EntityFrameworkCore.ChangeTracking[10806]
      Context 'TransportMgmtContext' started tracking 'TblDispatch' entity. Consider using 'DbContextOptionsBuilder.EnableSensitiveDataLogging' to see key values.
dbug: Microsoft.EntityFrameworkCore.ChangeTracking[10806]
      Context 'TransportMgmtContext' started tracking 'TblDispatch' entity. Consider using 'DbContextOptionsBuilder.EnableSensitiveDataLogging' to see key values.
dbug: Microsoft.EntityFrameworkCore.ChangeTracking[10806]
      Context 'TransportMgmtContext' started tracking 'TblDispatch' entity. Consider using 'DbContextOptionsBuilder.EnableSensitiveDataLogging' to see key values.
dbug: Microsoft.EntityFrameworkCore.ChangeTracking[10806]
      Context 'TransportMgmtContext' started tracking 'TblDispatch' entity. Consider using 'DbContextOptionsBuilder.EnableSensitiveDataLogging' to see key values.
dbug: Microsoft.EntityFrameworkCore.ChangeTracking[10806]
      Context 'TransportMgmtContext' started tracking 'TblDispatch' entity. Consider using 'DbContextOptionsBuilder.EnableSensitiveDataLogging' to see key values.
dbug: Microsoft.EntityFrameworkCore.ChangeTracking[10806]
      Context 'TransportMgmtContext' started tracking 'TblDispatch' entity. Consider using 'DbContextOptionsBuilder.EnableSensitiveDataLogging' to see key values.
dbug: Microsoft.EntityFrameworkCore.ChangeTracking[10806]
      Context 'TransportMgmtContext' started tracking 'TblDispatch' entity. Consider using 'DbContextOptionsBuilder.EnableSensitiveDataLogging' to see key values.
dbug: Microsoft.EntityFrameworkCore.ChangeTracking[10806]
      Context 'TransportMgmtContext' started tracking 'TblDispatch' entity. Consider using 'DbContextOptionsBuilder.EnableSensitiveDataLogging' to see key values.
dbug: Microsoft.EntityFrameworkCore.ChangeTracking[10806]
      Context 'TransportMgmtContext' started tracking 'TblDispatch' entity. Consider using 'DbContextOptionsBuilder.EnableSensitiveDataLogging' to see key values.
dbug: Microsoft.EntityFrameworkCore.ChangeTracking[10806]
      Context 'TransportMgmtContext' started tracking 'TblDispatch' entity. Consider using 'DbContextOptionsBuilder.EnableSensitiveDataLogging' to see key values.
dbug: Microsoft.EntityFrameworkCore.ChangeTracking[10806]
      Context 'TransportMgmtContext' started tracking 'TblDispatch' entity. Consider using 'DbContextOptionsBuilder.EnableSensitiveDataLogging' to see key values.
dbug: Microsoft.EntityFrameworkCore.ChangeTracking[10806]
      Context 'TransportMgmtContext' started tracking 'TblDispatch' entity. Consider using 'DbContextOptionsBuilder.EnableSensitiveDataLogging' to see key values.
dbug: Microsoft.EntityFrameworkCore.ChangeTracking[10806]
      Context 'TransportMgmtContext' started tracking 'TblDispatch' entity. Consider using 'DbContextOptionsBuilder.EnableSensitiveDataLogging' to see key values.
dbug: Microsoft.EntityFrameworkCore.ChangeTracking[10806]
      Context 'TransportMgmtContext' started tracking 'TblDispatch' entity. Consider using 'DbContextOptionsBuilder.EnableSensitiveDataLogging' to see key values.
dbug: Microsoft.EntityFrameworkCore.ChangeTracking[10806]
      Context 'TransportMgmtContext' started tracking 'TblDispatch' entity. Consider using 'DbContextOptionsBuilder.EnableSensitiveDataLogging' to see key values.
dbug: Microsoft.EntityFrameworkCore.ChangeTracking[10806]
      Context 'TransportMgmtContext' started tracking 'TblDispatch' entity. Consider using 'DbContextOptionsBuilder.EnableSensitiveDataLogging' to see key values.
dbug: Microsoft.EntityFrameworkCore.ChangeTracking[10806]
      Context 'TransportMgmtContext' started tracking 'TblDispatch' entity. Consider using 'DbContextOptionsBuilder.EnableSensitiveDataLogging' to see key values.
dbug: Microsoft.EntityFrameworkCore.ChangeTracking[10806]
      Context 'TransportMgmtContext' started tracking 'TblDispatch' entity. Consider using 'DbContextOptionsBuilder.EnableSensitiveDataLogging' to see key values.
dbug: Microsoft.EntityFrameworkCore.ChangeTracking[10806]
      Context 'TransportMgmtContext' started tracking 'TblDispatch' entity. Consider using 'DbContextOptionsBuilder.EnableSensitiveDataLogging' to see key values.
dbug: Microsoft.EntityFrameworkCore.ChangeTracking[10806]
      Context 'TransportMgmtContext' started tracking 'TblDispatch' entity. Consider using 'DbContextOptionsBuilder.EnableSensitiveDataLogging' to see key values.
dbug: Microsoft.EntityFrameworkCore.ChangeTracking[10806]
      Context 'TransportMgmtContext' started tracking 'TblDispatch' entity. Consider using 'DbContextOptionsBuilder.EnableSensitiveDataLogging' to see key values.
dbug: Microsoft.EntityFrameworkCore.ChangeTracking[10806]
      Context 'TransportMgmtContext' started tracking 'TblDispatch' entity. Consider using 'DbContextOptionsBuilder.EnableSensitiveDataLogging' to see key values.
dbug: Microsoft.EntityFrameworkCore.ChangeTracking[10806]
      Context 'TransportMgmtContext' started tracking 'TblDispatch' entity. Consider using 'DbContextOptionsBuilder.EnableSensitiveDataLogging' to see key values.
dbug: Microsoft.EntityFrameworkCore.ChangeTracking[10806]
      Context 'TransportMgmtContext' started tracking 'TblDispatch' entity. Consider using 'DbContextOptionsBuilder.EnableSensitiveDataLogging' to see key values.
dbug: Microsoft.EntityFrameworkCore.ChangeTracking[10806]
      Context 'TransportMgmtContext' started tracking 'TblDispatch' entity. Consider using 'DbContextOptionsBuilder.EnableSensitiveDataLogging' to see key values.
dbug: Microsoft.EntityFrameworkCore.ChangeTracking[10806]
      Context 'TransportMgmtContext' started tracking 'TblDispatch' entity. Consider using 'DbContextOptionsBuilder.EnableSensitiveDataLogging' to see key values.
dbug: Microsoft.EntityFrameworkCore.ChangeTracking[10806]
      Context 'TransportMgmtContext' started tracking 'TblDispatch' entity. Consider using 'DbContextOptionsBuilder.EnableSensitiveDataLogging' to see key values.
dbug: Microsoft.EntityFrameworkCore.ChangeTracking[10806]
      Context 'TransportMgmtContext' started tracking 'TblDispatch' entity. Consider using 'DbContextOptionsBuilder.EnableSensitiveDataLogging' to see key values.
dbug: Microsoft.EntityFrameworkCore.ChangeTracking[10806]
      Context 'TransportMgmtContext' started tracking 'TblDispatch' entity. Consider using 'DbContextOptionsBuilder.EnableSensitiveDataLogging' to see key values.
dbug: Microsoft.EntityFrameworkCore.ChangeTracking[10806]
      Context 'TransportMgmtContext' started tracking 'TblDispatch' entity. Consider using 'DbContextOptionsBuilder.EnableSensitiveDataLogging' to see key values.
dbug: Microsoft.EntityFrameworkCore.ChangeTracking[10806]
      Context 'TransportMgmtContext' started tracking 'TblDispatch' entity. Consider using 'DbContextOptionsBuilder.EnableSensitiveDataLogging' to see key values.
dbug: Microsoft.EntityFrameworkCore.ChangeTracking[10806]
      Context 'TransportMgmtContext' started tracking 'TblDispatch' entity. Consider using 'DbContextOptionsBuilder.EnableSensitiveDataLogging' to see key values.
dbug: Microsoft.EntityFrameworkCore.ChangeTracking[10806]
      Context 'TransportMgmtContext' started tracking 'TblDispatch' entity. Consider using 'DbContextOptionsBuilder.EnableSensitiveDataLogging' to see key values.
dbug: Microsoft.EntityFrameworkCore.ChangeTracking[10806]
      Context 'TransportMgmtContext' started tracking 'TblDispatch' entity. Consider using 'DbContextOptionsBuilder.EnableSensitiveDataLogging' to see key values.
dbug: Microsoft.EntityFrameworkCore.ChangeTracking[10806]
      Context 'TransportMgmtContext' started tracking 'TblDispatch' entity. Consider using 'DbContextOptionsBuilder.EnableSensitiveDataLogging' to see key values.
dbug: Microsoft.EntityFrameworkCore.ChangeTracking[10806]
      Context 'TransportMgmtContext' started tracking 'TblDispatch' entity. Consider using 'DbContextOptionsBuilder.EnableSensitiveDataLogging' to see key values.
dbug: Microsoft.EntityFrameworkCore.ChangeTracking[10806]
      Context 'TransportMgmtContext' started tracking 'TblDispatch' entity. Consider using 'DbContextOptionsBuilder.EnableSensitiveDataLogging' to see key values.
dbug: Microsoft.EntityFrameworkCore.ChangeTracking[10806]
      Context 'TransportMgmtContext' started tracking 'TblDispatch' entity. Consider using 'DbContextOptionsBuilder.EnableSensitiveDataLogging' to see key values.
dbug: Microsoft.EntityFrameworkCore.ChangeTracking[10806]
      Context 'TransportMgmtContext' started tracking 'TblDispatch' entity. Consider using 'DbContextOptionsBuilder.EnableSensitiveDataLogging' to see key values.
dbug: Microsoft.EntityFrameworkCore.ChangeTracking[10806]
      Context 'TransportMgmtContext' started tracking 'TblDispatch' entity. Consider using 'DbContextOptionsBuilder.EnableSensitiveDataLogging' to see key values.
dbug: Microsoft.EntityFrameworkCore.ChangeTracking[10806]
      Context 'TransportMgmtContext' started tracking 'TblDispatch' entity. Consider using 'DbContextOptionsBuilder.EnableSensitiveDataLogging' to see key values.
dbug: Microsoft.EntityFrameworkCore.ChangeTracking[10806]
      Context 'TransportMgmtContext' started tracking 'TblDispatch' entity. Consider using 'DbContextOptionsBuilder.EnableSensitiveDataLogging' to see key values.
dbug: Microsoft.EntityFrameworkCore.ChangeTracking[10806]
      Context 'TransportMgmtContext' started tracking 'TblDispatch' entity. Consider using 'DbContextOptionsBuilder.EnableSensitiveDataLogging' to see key values.
dbug: Microsoft.EntityFrameworkCore.ChangeTracking[10806]
      Context 'TransportMgmtContext' started tracking 'TblDispatch' entity. Consider using 'DbContextOptionsBuilder.EnableSensitiveDataLogging' to see key values.
dbug: Microsoft.EntityFrameworkCore.ChangeTracking[10806]
      Context 'TransportMgmtContext' started tracking 'TblDispatch' entity. Consider using 'DbContextOptionsBuilder.EnableSensitiveDataLogging' to see key values.
dbug: Microsoft.EntityFrameworkCore.ChangeTracking[10806]
      Context 'TransportMgmtContext' started tracking 'TblDispatch' entity. Consider using 'DbContextOptionsBuilder.EnableSensitiveDataLogging' to see key values.
dbug: Microsoft.EntityFrameworkCore.ChangeTracking[10806]
      Context 'TransportMgmtContext' started tracking 'TblDispatch' entity. Consider using 'DbContextOptionsBuilder.EnableSensitiveDataLogging' to see key values.
dbug: Microsoft.EntityFrameworkCore.ChangeTracking[10806]
      Context 'TransportMgmtContext' started tracking 'TblDispatch' entity. Consider using 'DbContextOptionsBuilder.EnableSensitiveDataLogging' to see key values.
dbug: Microsoft.EntityFrameworkCore.ChangeTracking[10806]
      Context 'TransportMgmtContext' started tracking 'TblDispatch' entity. Consider using 'DbContextOptionsBuilder.EnableSensitiveDataLogging' to see key values.
dbug: Microsoft.EntityFrameworkCore.ChangeTracking[10806]
      Context 'TransportMgmtContext' started tracking 'TblDispatch' entity. Consider using 'DbContextOptionsBuilder.EnableSensitiveDataLogging' to see key values.
dbug: Microsoft.EntityFrameworkCore.ChangeTracking[10806]
      Context 'TransportMgmtContext' started tracking 'TblDispatch' entity. Consider using 'DbContextOptionsBuilder.EnableSensitiveDataLogging' to see key values.
dbug: Microsoft.EntityFrameworkCore.ChangeTracking[10806]
      Context 'TransportMgmtContext' started tracking 'TblDispatch' entity. Consider using 'DbContextOptionsBuilder.EnableSensitiveDataLogging' to see key values.
dbug: Microsoft.EntityFrameworkCore.ChangeTracking[10806]
      Context 'TransportMgmtContext' started tracking 'TblDispatch' entity. Consider using 'DbContextOptionsBuilder.EnableSensitiveDataLogging' to see key values.
dbug: Microsoft.EntityFrameworkCore.ChangeTracking[10806]
      Context 'TransportMgmtContext' started tracking 'TblDispatch' entity. Consider using 'DbContextOptionsBuilder.EnableSensitiveDataLogging' to see key values.
dbug: Microsoft.EntityFrameworkCore.ChangeTracking[10806]
      Context 'TransportMgmtContext' started tracking 'TblDispatch' entity. Consider using 'DbContextOptionsBuilder.EnableSensitiveDataLogging' to see key values.
dbug: Microsoft.EntityFrameworkCore.ChangeTracking[10806]
      Context 'TransportMgmtContext' started tracking 'TblDispatch' entity. Consider using 'DbContextOptionsBuilder.EnableSensitiveDataLogging' to see key values.
dbug: Microsoft.EntityFrameworkCore.ChangeTracking[10806]
      Context 'TransportMgmtContext' started tracking 'TblDispatch' entity. Consider using 'DbContextOptionsBuilder.EnableSensitiveDataLogging' to see key values.
dbug: Microsoft.EntityFrameworkCore.ChangeTracking[10806]
      Context 'TransportMgmtContext' started tracking 'TblDispatch' entity. Consider using 'DbContextOptionsBuilder.EnableSensitiveDataLogging' to see key values.
dbug: Microsoft.EntityFrameworkCore.ChangeTracking[10806]
      Context 'TransportMgmtContext' started tracking 'TblDispatch' entity. Consider using 'DbContextOptionsBuilder.EnableSensitiveDataLogging' to see key values.
dbug: Microsoft.EntityFrameworkCore.ChangeTracking[10806]
      Context 'TransportMgmtContext' started tracking 'TblDispatch' entity. Consider using 'DbContextOptionsBuilder.EnableSensitiveDataLogging' to see key values.
dbug: Microsoft.EntityFrameworkCore.ChangeTracking[10806]
      Context 'TransportMgmtContext' started tracking 'TblDispatch' entity. Consider using 'DbContextOptionsBuilder.EnableSensitiveDataLogging' to see key values.
dbug: Microsoft.EntityFrameworkCore.ChangeTracking[10806]
      Context 'TransportMgmtContext' started tracking 'TblDispatch' entity. Consider using 'DbContextOptionsBuilder.EnableSensitiveDataLogging' to see key values.
dbug: Microsoft.EntityFrameworkCore.ChangeTracking[10806]
      Context 'TransportMgmtContext' started tracking 'TblDispatch' entity. Consider using 'DbContextOptionsBuilder.EnableSensitiveDataLogging' to see key values.
dbug: Microsoft.EntityFrameworkCore.ChangeTracking[10806]
      Context 'TransportMgmtContext' started tracking 'TblDispatch' entity. Consider using 'DbContextOptionsBuilder.EnableSensitiveDataLogging' to see key values.
dbug: Microsoft.EntityFrameworkCore.ChangeTracking[10806]
      Context 'TransportMgmtContext' started tracking 'TblDispatch' entity. Consider using 'DbContextOptionsBuilder.EnableSensitiveDataLogging' to see key values.
dbug: Microsoft.EntityFrameworkCore.ChangeTracking[10806]
      Context 'TransportMgmtContext' started tracking 'TblDispatch' entity. Consider using 'DbContextOptionsBuilder.EnableSensitiveDataLogging' to see key values.
dbug: Microsoft.EntityFrameworkCore.ChangeTracking[10806]
      Context 'TransportMgmtContext' started tracking 'TblDispatch' entity. Consider using 'DbContextOptionsBuilder.EnableSensitiveDataLogging' to see key values.
dbug: Microsoft.EntityFrameworkCore.ChangeTracking[10806]
      Context 'TransportMgmtContext' started tracking 'TblDispatch' entity. Consider using 'DbContextOptionsBuilder.EnableSensitiveDataLogging' to see key values.
dbug: Microsoft.EntityFrameworkCore.ChangeTracking[10806]
      Context 'TransportMgmtContext' started tracking 'TblDispatch' entity. Consider using 'DbContextOptionsBuilder.EnableSensitiveDataLogging' to see key values.
dbug: Microsoft.EntityFrameworkCore.ChangeTracking[10806]
      Context 'TransportMgmtContext' started tracking 'TblDispatch' entity. Consider using 'DbContextOptionsBuilder.EnableSensitiveDataLogging' to see key values.
dbug: Microsoft.EntityFrameworkCore.ChangeTracking[10806]
      Context 'TransportMgmtContext' started tracking 'TblDispatch' entity. Consider using 'DbContextOptionsBuilder.EnableSensitiveDataLogging' to see key values.
dbug: Microsoft.EntityFrameworkCore.ChangeTracking[10806]
      Context 'TransportMgmtContext' started tracking 'TblDispatch' entity. Consider using 'DbContextOptionsBuilder.EnableSensitiveDataLogging' to see key values.
dbug: Microsoft.EntityFrameworkCore.ChangeTracking[10806]
      Context 'TransportMgmtContext' started tracking 'TblDispatch' entity. Consider using 'DbContextOptionsBuilder.EnableSensitiveDataLogging' to see key values.
dbug: Microsoft.EntityFrameworkCore.ChangeTracking[10806]
      Context 'TransportMgmtContext' started tracking 'TblDispatch' entity. Consider using 'DbContextOptionsBuilder.EnableSensitiveDataLogging' to see key values.
dbug: Microsoft.EntityFrameworkCore.ChangeTracking[10806]
      Context 'TransportMgmtContext' started tracking 'TblDispatch' entity. Consider using 'DbContextOptionsBuilder.EnableSensitiveDataLogging' to see key values.
dbug: Microsoft.EntityFrameworkCore.ChangeTracking[10806]
      Context 'TransportMgmtContext' started tracking 'TblDispatch' entity. Consider using 'DbContextOptionsBuilder.EnableSensitiveDataLogging' to see key values.
dbug: Microsoft.EntityFrameworkCore.ChangeTracking[10806]
      Context 'TransportMgmtContext' started tracking 'TblDispatch' entity. Consider using 'DbContextOptionsBuilder.EnableSensitiveDataLogging' to see key values.
dbug: Microsoft.EntityFrameworkCore.ChangeTracking[10806]
      Context 'TransportMgmtContext' started tracking 'TblDispatch' entity. Consider using 'DbContextOptionsBuilder.EnableSensitiveDataLogging' to see key values.
dbug: Microsoft.EntityFrameworkCore.ChangeTracking[10806]
      Context 'TransportMgmtContext' started tracking 'TblDispatch' entity. Consider using 'DbContextOptionsBuilder.EnableSensitiveDataLogging' to see key values.
dbug: Microsoft.EntityFrameworkCore.ChangeTracking[10806]
      Context 'TransportMgmtContext' started tracking 'TblDispatch' entity. Consider using 'DbContextOptionsBuilder.EnableSensitiveDataLogging' to see key values.
dbug: Microsoft.EntityFrameworkCore.ChangeTracking[10806]
      Context 'TransportMgmtContext' started tracking 'TblDispatch' entity. Consider using 'DbContextOptionsBuilder.EnableSensitiveDataLogging' to see key values.
dbug: Microsoft.EntityFrameworkCore.ChangeTracking[10806]
      Context 'TransportMgmtContext' started tracking 'TblDispatch' entity. Consider using 'DbContextOptionsBuilder.EnableSensitiveDataLogging' to see key values.
dbug: Microsoft.EntityFrameworkCore.ChangeTracking[10806]
      Context 'TransportMgmtContext' started tracking 'TblDispatch' entity. Consider using 'DbContextOptionsBuilder.EnableSensitiveDataLogging' to see key values.
dbug: Microsoft.EntityFrameworkCore.ChangeTracking[10806]
      Context 'TransportMgmtContext' started tracking 'TblDispatch' entity. Consider using 'DbContextOptionsBuilder.EnableSensitiveDataLogging' to see key values.
dbug: Microsoft.EntityFrameworkCore.ChangeTracking[10806]
      Context 'TransportMgmtContext' started tracking 'TblDispatch' entity. Consider using 'DbContextOptionsBuilder.EnableSensitiveDataLogging' to see key values.
dbug: Microsoft.EntityFrameworkCore.ChangeTracking[10806]
      Context 'TransportMgmtContext' started tracking 'TblDispatch' entity. Consider using 'DbContextOptionsBuilder.EnableSensitiveDataLogging' to see key values.
dbug: Microsoft.EntityFrameworkCore.ChangeTracking[10806]
      Context 'TransportMgmtContext' started tracking 'TblDispatch' entity. Consider using 'DbContextOptionsBuilder.EnableSensitiveDataLogging' to see key values.
dbug: Microsoft.EntityFrameworkCore.ChangeTracking[10806]
      Context 'TransportMgmtContext' started tracking 'TblDispatch' entity. Consider using 'DbContextOptionsBuilder.EnableSensitiveDataLogging' to see key values.
dbug: Microsoft.EntityFrameworkCore.ChangeTracking[10806]
      Context 'TransportMgmtContext' started tracking 'TblDispatch' entity. Consider using 'DbContextOptionsBuilder.EnableSensitiveDataLogging' to see key values.
dbug: Microsoft.EntityFrameworkCore.ChangeTracking[10806]
      Context 'TransportMgmtContext' started tracking 'TblDispatch' entity. Consider using 'DbContextOptionsBuilder.EnableSensitiveDataLogging' to see key values.
dbug: Microsoft.EntityFrameworkCore.ChangeTracking[10806]
      Context 'TransportMgmtContext' started tracking 'TblDispatch' entity. Consider using 'DbContextOptionsBuilder.EnableSensitiveDataLogging' to see key values.
dbug: Microsoft.EntityFrameworkCore.ChangeTracking[10806]
      Context 'TransportMgmtContext' started tracking 'TblDispatch' entity. Consider using 'DbContextOptionsBuilder.EnableSensitiveDataLogging' to see key values.
dbug: Microsoft.EntityFrameworkCore.ChangeTracking[10806]
      Context 'TransportMgmtContext' started tracking 'TblDispatch' entity. Consider using 'DbContextOptionsBuilder.EnableSensitiveDataLogging' to see key values.
dbug: Microsoft.EntityFrameworkCore.ChangeTracking[10806]
      Context 'TransportMgmtContext' started tracking 'TblDispatch' entity. Consider using 'DbContextOptionsBuilder.EnableSensitiveDataLogging' to see key values.
dbug: Microsoft.EntityFrameworkCore.ChangeTracking[10806]
      Context 'TransportMgmtContext' started tracking 'TblDispatch' entity. Consider using 'DbContextOptionsBuilder.EnableSensitiveDataLogging' to see key values.
dbug: Microsoft.EntityFrameworkCore.ChangeTracking[10806]
      Context 'TransportMgmtContext' started tracking 'TblDispatch' entity. Consider using 'DbContextOptionsBuilder.EnableSensitiveDataLogging' to see key values.
dbug: Microsoft.EntityFrameworkCore.ChangeTracking[10806]
      Context 'TransportMgmtContext' started tracking 'TblDispatch' entity. Consider using 'DbContextOptionsBuilder.EnableSensitiveDataLogging' to see key values.
dbug: Microsoft.EntityFrameworkCore.ChangeTracking[10806]
      Context 'TransportMgmtContext' started tracking 'TblDispatch' entity. Consider using 'DbContextOptionsBuilder.EnableSensitiveDataLogging' to see key values.
dbug: Microsoft.EntityFrameworkCore.ChangeTracking[10806]
      Context 'TransportMgmtContext' started tracking 'TblDispatch' entity. Consider using 'DbContextOptionsBuilder.EnableSensitiveDataLogging' to see key values.
dbug: Microsoft.EntityFrameworkCore.ChangeTracking[10806]
      Context 'TransportMgmtContext' started tracking 'TblDispatch' entity. Consider using 'DbContextOptionsBuilder.EnableSensitiveDataLogging' to see key values.
dbug: Microsoft.EntityFrameworkCore.ChangeTracking[10806]
      Context 'TransportMgmtContext' started tracking 'TblDispatch' entity. Consider using 'DbContextOptionsBuilder.EnableSensitiveDataLogging' to see key values.
dbug: Microsoft.EntityFrameworkCore.ChangeTracking[10806]
      Context 'TransportMgmtContext' started tracking 'TblDispatch' entity. Consider using 'DbContextOptionsBuilder.EnableSensitiveDataLogging' to see key values.
dbug: Microsoft.EntityFrameworkCore.ChangeTracking[10806]
      Context 'TransportMgmtContext' started tracking 'TblDispatch' entity. Consider using 'DbContextOptionsBuilder.EnableSensitiveDataLogging' to see key values.
dbug: Microsoft.EntityFrameworkCore.ChangeTracking[10806]
      Context 'TransportMgmtContext' started tracking 'TblDispatch' entity. Consider using 'DbContextOptionsBuilder.EnableSensitiveDataLogging' to see key values.
dbug: Microsoft.EntityFrameworkCore.ChangeTracking[10806]
      Context 'TransportMgmtContext' started tracking 'TblDispatch' entity. Consider using 'DbContextOptionsBuilder.EnableSensitiveDataLogging' to see key values.
dbug: Microsoft.EntityFrameworkCore.ChangeTracking[10806]
      Context 'TransportMgmtContext' started tracking 'TblDispatch' entity. Consider using 'DbContextOptionsBuilder.EnableSensitiveDataLogging' to see key values.
dbug: Microsoft.EntityFrameworkCore.ChangeTracking[10806]
      Context 'TransportMgmtContext' started tracking 'TblDispatch' entity. Consider using 'DbContextOptionsBuilder.EnableSensitiveDataLogging' to see key values.
dbug: Microsoft.EntityFrameworkCore.ChangeTracking[10806]
      Context 'TransportMgmtContext' started tracking 'TblDispatch' entity. Consider using 'DbContextOptionsBuilder.EnableSensitiveDataLogging' to see key values.
dbug: Microsoft.EntityFrameworkCore.ChangeTracking[10806]
      Context 'TransportMgmtContext' started tracking 'TblDispatch' entity. Consider using 'DbContextOptionsBuilder.EnableSensitiveDataLogging' to see key values.
dbug: Microsoft.EntityFrameworkCore.ChangeTracking[10806]
      Context 'TransportMgmtContext' started tracking 'TblDispatch' entity. Consider using 'DbContextOptionsBuilder.EnableSensitiveDataLogging' to see key values.
dbug: Microsoft.EntityFrameworkCore.ChangeTracking[10806]
      Context 'TransportMgmtContext' started tracking 'TblDispatch' entity. Consider using 'DbContextOptionsBuilder.EnableSensitiveDataLogging' to see key values.
dbug: Microsoft.EntityFrameworkCore.ChangeTracking[10806]
      Context 'TransportMgmtContext' started tracking 'TblDispatch' entity. Consider using 'DbContextOptionsBuilder.EnableSensitiveDataLogging' to see key values.
dbug: Microsoft.EntityFrameworkCore.ChangeTracking[10806]
      Context 'TransportMgmtContext' started tracking 'TblDispatch' entity. Consider using 'DbContextOptionsBuilder.EnableSensitiveDataLogging' to see key values.
dbug: Microsoft.EntityFrameworkCore.ChangeTracking[10806]
      Context 'TransportMgmtContext' started tracking 'TblDispatch' entity. Consider using 'DbContextOptionsBuilder.EnableSensitiveDataLogging' to see key values.
dbug: Microsoft.EntityFrameworkCore.ChangeTracking[10806]
      Context 'TransportMgmtContext' started tracking 'TblDispatch' entity. Consider using 'DbContextOptionsBuilder.EnableSensitiveDataLogging' to see key values.
dbug: Microsoft.EntityFrameworkCore.ChangeTracking[10806]
      Context 'TransportMgmtContext' started tracking 'TblDispatch' entity. Consider using 'DbContextOptionsBuilder.EnableSensitiveDataLogging' to see key values.
dbug: Microsoft.EntityFrameworkCore.ChangeTracking[10806]
      Context 'TransportMgmtContext' started tracking 'TblDispatch' entity. Consider using 'DbContextOptionsBuilder.EnableSensitiveDataLogging' to see key values.
dbug: Microsoft.EntityFrameworkCore.ChangeTracking[10806]
      Context 'TransportMgmtContext' started tracking 'TblDispatch' entity. Consider using 'DbContextOptionsBuilder.EnableSensitiveDataLogging' to see key values.
dbug: Microsoft.EntityFrameworkCore.ChangeTracking[10806]
      Context 'TransportMgmtContext' started tracking 'TblDispatch' entity. Consider using 'DbContextOptionsBuilder.EnableSensitiveDataLogging' to see key values.
dbug: Microsoft.EntityFrameworkCore.ChangeTracking[10806]
      Context 'TransportMgmtContext' started tracking 'TblDispatch' entity. Consider using 'DbContextOptionsBuilder.EnableSensitiveDataLogging' to see key values.
dbug: Microsoft.EntityFrameworkCore.ChangeTracking[10806]
      Context 'TransportMgmtContext' started tracking 'TblDispatch' entity. Consider using 'DbContextOptionsBuilder.EnableSensitiveDataLogging' to see key values.
dbug: Microsoft.EntityFrameworkCore.ChangeTracking[10806]
      Context 'TransportMgmtContext' started tracking 'TblDispatch' entity. Consider using 'DbContextOptionsBuilder.EnableSensitiveDataLogging' to see key values.
dbug: Microsoft.EntityFrameworkCore.ChangeTracking[10806]
      Context 'TransportMgmtContext' started tracking 'TblDispatch' entity. Consider using 'DbContextOptionsBuilder.EnableSensitiveDataLogging' to see key values.
dbug: Microsoft.EntityFrameworkCore.ChangeTracking[10806]
      Context 'TransportMgmtContext' started tracking 'TblDispatch' entity. Consider using 'DbContextOptionsBuilder.EnableSensitiveDataLogging' to see key values.
dbug: Microsoft.EntityFrameworkCore.ChangeTracking[10806]
      Context 'TransportMgmtContext' started tracking 'TblDispatch' entity. Consider using 'DbContextOptionsBuilder.EnableSensitiveDataLogging' to see key values.
dbug: Microsoft.EntityFrameworkCore.ChangeTracking[10806]
      Context 'TransportMgmtContext' started tracking 'TblDispatch' entity. Consider using 'DbContextOptionsBuilder.EnableSensitiveDataLogging' to see key values.
dbug: Microsoft.EntityFrameworkCore.ChangeTracking[10806]
      Context 'TransportMgmtContext' started tracking 'TblDispatch' entity. Consider using 'DbContextOptionsBuilder.EnableSensitiveDataLogging' to see key values.
dbug: Microsoft.EntityFrameworkCore.ChangeTracking[10806]
      Context 'TransportMgmtContext' started tracking 'TblDispatch' entity. Consider using 'DbContextOptionsBuilder.EnableSensitiveDataLogging' to see key values.
dbug: Microsoft.EntityFrameworkCore.ChangeTracking[10806]
      Context 'TransportMgmtContext' started tracking 'TblDispatch' entity. Consider using 'DbContextOptionsBuilder.EnableSensitiveDataLogging' to see key values.
dbug: Microsoft.EntityFrameworkCore.ChangeTracking[10806]
      Context 'TransportMgmtContext' started tracking 'TblDispatch' entity. Consider using 'DbContextOptionsBuilder.EnableSensitiveDataLogging' to see key values.
dbug: Microsoft.EntityFrameworkCore.ChangeTracking[10806]
      Context 'TransportMgmtContext' started tracking 'TblDispatch' entity. Consider using 'DbContextOptionsBuilder.EnableSensitiveDataLogging' to see key values.
dbug: Microsoft.EntityFrameworkCore.ChangeTracking[10806]
      Context 'TransportMgmtContext' started tracking 'TblDispatch' entity. Consider using 'DbContextOptionsBuilder.EnableSensitiveDataLogging' to see key values.
dbug: Microsoft.EntityFrameworkCore.ChangeTracking[10806]
      Context 'TransportMgmtContext' started tracking 'TblDispatch' entity. Consider using 'DbContextOptionsBuilder.EnableSensitiveDataLogging' to see key values.
dbug: Microsoft.EntityFrameworkCore.ChangeTracking[10806]
      Context 'TransportMgmtContext' started tracking 'TblDispatch' entity. Consider using 'DbContextOptionsBuilder.EnableSensitiveDataLogging' to see key values.
dbug: Microsoft.EntityFrameworkCore.ChangeTracking[10806]
      Context 'TransportMgmtContext' started tracking 'TblDispatch' entity. Consider using 'DbContextOptionsBuilder.EnableSensitiveDataLogging' to see key values.
dbug: Microsoft.EntityFrameworkCore.ChangeTracking[10806]
      Context 'TransportMgmtContext' started tracking 'TblDispatch' entity. Consider using 'DbContextOptionsBuilder.EnableSensitiveDataLogging' to see key values.
dbug: Microsoft.EntityFrameworkCore.ChangeTracking[10806]
      Context 'TransportMgmtContext' started tracking 'TblDispatch' entity. Consider using 'DbContextOptionsBuilder.EnableSensitiveDataLogging' to see key values.
dbug: Microsoft.EntityFrameworkCore.ChangeTracking[10806]
      Context 'TransportMgmtContext' started tracking 'TblDispatch' entity. Consider using 'DbContextOptionsBuilder.EnableSensitiveDataLogging' to see key values.
dbug: Microsoft.EntityFrameworkCore.ChangeTracking[10806]
      Context 'TransportMgmtContext' started tracking 'TblDispatch' entity. Consider using 'DbContextOptionsBuilder.EnableSensitiveDataLogging' to see key values.
dbug: Microsoft.EntityFrameworkCore.ChangeTracking[10806]
      Context 'TransportMgmtContext' started tracking 'TblDispatch' entity. Consider using 'DbContextOptionsBuilder.EnableSensitiveDataLogging' to see key values.
dbug: Microsoft.EntityFrameworkCore.ChangeTracking[10806]
      Context 'TransportMgmtContext' started tracking 'TblDispatch' entity. Consider using 'DbContextOptionsBuilder.EnableSensitiveDataLogging' to see key values.
dbug: Microsoft.EntityFrameworkCore.ChangeTracking[10806]
      Context 'TransportMgmtContext' started tracking 'TblDispatch' entity. Consider using 'DbContextOptionsBuilder.EnableSensitiveDataLogging' to see key values.
dbug: Microsoft.EntityFrameworkCore.ChangeTracking[10806]
      Context 'TransportMgmtContext' started tracking 'TblDispatch' entity. Consider using 'DbContextOptionsBuilder.EnableSensitiveDataLogging' to see key values.
dbug: Microsoft.EntityFrameworkCore.ChangeTracking[10806]
      Context 'TransportMgmtContext' started tracking 'TblDispatch' entity. Consider using 'DbContextOptionsBuilder.EnableSensitiveDataLogging' to see key values.
dbug: Microsoft.EntityFrameworkCore.ChangeTracking[10806]
      Context 'TransportMgmtContext' started tracking 'TblDispatch' entity. Consider using 'DbContextOptionsBuilder.EnableSensitiveDataLogging' to see key values.
dbug: Microsoft.EntityFrameworkCore.ChangeTracking[10806]
      Context 'TransportMgmtContext' started tracking 'TblDispatch' entity. Consider using 'DbContextOptionsBuilder.EnableSensitiveDataLogging' to see key values.
dbug: Microsoft.EntityFrameworkCore.ChangeTracking[10806]
      Context 'TransportMgmtContext' started tracking 'TblDispatch' entity. Consider using 'DbContextOptionsBuilder.EnableSensitiveDataLogging' to see key values.
dbug: Microsoft.EntityFrameworkCore.ChangeTracking[10806]
      Context 'TransportMgmtContext' started tracking 'TblDispatch' entity. Consider using 'DbContextOptionsBuilder.EnableSensitiveDataLogging' to see key values.
dbug: Microsoft.EntityFrameworkCore.ChangeTracking[10806]
      Context 'TransportMgmtContext' started tracking 'TblDispatch' entity. Consider using 'DbContextOptionsBuilder.EnableSensitiveDataLogging' to see key values.
dbug: Microsoft.EntityFrameworkCore.ChangeTracking[10806]
      Context 'TransportMgmtContext' started tracking 'TblDispatch' entity. Consider using 'DbContextOptionsBuilder.EnableSensitiveDataLogging' to see key values.
dbug: Microsoft.EntityFrameworkCore.ChangeTracking[10806]
      Context 'TransportMgmtContext' started tracking 'TblDispatch' entity. Consider using 'DbContextOptionsBuilder.EnableSensitiveDataLogging' to see key values.
dbug: Microsoft.EntityFrameworkCore.ChangeTracking[10806]
      Context 'TransportMgmtContext' started tracking 'TblDispatch' entity. Consider using 'DbContextOptionsBuilder.EnableSensitiveDataLogging' to see key values.
dbug: Microsoft.EntityFrameworkCore.ChangeTracking[10806]
      Context 'TransportMgmtContext' started tracking 'TblDispatch' entity. Consider using 'DbContextOptionsBuilder.EnableSensitiveDataLogging' to see key values.
dbug: Microsoft.EntityFrameworkCore.ChangeTracking[10806]
      Context 'TransportMgmtContext' started tracking 'TblDispatch' entity. Consider using 'DbContextOptionsBuilder.EnableSensitiveDataLogging' to see key values.
dbug: Microsoft.EntityFrameworkCore.ChangeTracking[10806]
      Context 'TransportMgmtContext' started tracking 'TblDispatch' entity. Consider using 'DbContextOptionsBuilder.EnableSensitiveDataLogging' to see key values.
dbug: Microsoft.EntityFrameworkCore.ChangeTracking[10806]
      Context 'TransportMgmtContext' started tracking 'TblDispatch' entity. Consider using 'DbContextOptionsBuilder.EnableSensitiveDataLogging' to see key values.
dbug: Microsoft.EntityFrameworkCore.ChangeTracking[10806]
      Context 'TransportMgmtContext' started tracking 'TblDispatch' entity. Consider using 'DbContextOptionsBuilder.EnableSensitiveDataLogging' to see key values.
dbug: Microsoft.EntityFrameworkCore.ChangeTracking[10806]
      Context 'TransportMgmtContext' started tracking 'TblDispatch' entity. Consider using 'DbContextOptionsBuilder.EnableSensitiveDataLogging' to see key values.
dbug: Microsoft.EntityFrameworkCore.ChangeTracking[10806]
      Context 'TransportMgmtContext' started tracking 'TblDispatch' entity. Consider using 'DbContextOptionsBuilder.EnableSensitiveDataLogging' to see key values.
dbug: Microsoft.EntityFrameworkCore.ChangeTracking[10806]
      Context 'TransportMgmtContext' started tracking 'TblDispatch' entity. Consider using 'DbContextOptionsBuilder.EnableSensitiveDataLogging' to see key values.
dbug: Microsoft.EntityFrameworkCore.ChangeTracking[10806]
      Context 'TransportMgmtContext' started tracking 'TblDispatch' entity. Consider using 'DbContextOptionsBuilder.EnableSensitiveDataLogging' to see key values.
dbug: Microsoft.EntityFrameworkCore.ChangeTracking[10806]
      Context 'TransportMgmtContext' started tracking 'TblDispatch' entity. Consider using 'DbContextOptionsBuilder.EnableSensitiveDataLogging' to see key values.
dbug: Microsoft.EntityFrameworkCore.ChangeTracking[10806]
      Context 'TransportMgmtContext' started tracking 'TblDispatch' entity. Consider using 'DbContextOptionsBuilder.EnableSensitiveDataLogging' to see key values.
dbug: Microsoft.EntityFrameworkCore.ChangeTracking[10806]
      Context 'TransportMgmtContext' started tracking 'TblDispatch' entity. Consider using 'DbContextOptionsBuilder.EnableSensitiveDataLogging' to see key values.
dbug: Microsoft.EntityFrameworkCore.ChangeTracking[10806]
      Context 'TransportMgmtContext' started tracking 'TblDispatch' entity. Consider using 'DbContextOptionsBuilder.EnableSensitiveDataLogging' to see key values.
dbug: Microsoft.EntityFrameworkCore.ChangeTracking[10806]
      Context 'TransportMgmtContext' started tracking 'TblDispatch' entity. Consider using 'DbContextOptionsBuilder.EnableSensitiveDataLogging' to see key values.
dbug: Microsoft.EntityFrameworkCore.ChangeTracking[10806]
      Context 'TransportMgmtContext' started tracking 'TblDispatch' entity. Consider using 'DbContextOptionsBuilder.EnableSensitiveDataLogging' to see key values.
dbug: Microsoft.EntityFrameworkCore.ChangeTracking[10806]
      Context 'TransportMgmtContext' started tracking 'TblDispatch' entity. Consider using 'DbContextOptionsBuilder.EnableSensitiveDataLogging' to see key values.
dbug: Microsoft.EntityFrameworkCore.ChangeTracking[10806]
      Context 'TransportMgmtContext' started tracking 'TblDispatch' entity. Consider using 'DbContextOptionsBuilder.EnableSensitiveDataLogging' to see key values.
dbug: Microsoft.EntityFrameworkCore.ChangeTracking[10806]
      Context 'TransportMgmtContext' started tracking 'TblDispatch' entity. Consider using 'DbContextOptionsBuilder.EnableSensitiveDataLogging' to see key values.
dbug: Microsoft.EntityFrameworkCore.ChangeTracking[10806]
      Context 'TransportMgmtContext' started tracking 'TblDispatch' entity. Consider using 'DbContextOptionsBuilder.EnableSensitiveDataLogging' to see key values.
dbug: Microsoft.EntityFrameworkCore.ChangeTracking[10806]
      Context 'TransportMgmtContext' started tracking 'TblDispatch' entity. Consider using 'DbContextOptionsBuilder.EnableSensitiveDataLogging' to see key values.
dbug: Microsoft.EntityFrameworkCore.ChangeTracking[10806]
      Context 'TransportMgmtContext' started tracking 'TblDispatch' entity. Consider using 'DbContextOptionsBuilder.EnableSensitiveDataLogging' to see key values.
dbug: Microsoft.EntityFrameworkCore.ChangeTracking[10806]
      Context 'TransportMgmtContext' started tracking 'TblDispatch' entity. Consider using 'DbContextOptionsBuilder.EnableSensitiveDataLogging' to see key values.
dbug: Microsoft.EntityFrameworkCore.ChangeTracking[10806]
      Context 'TransportMgmtContext' started tracking 'TblDispatch' entity. Consider using 'DbContextOptionsBuilder.EnableSensitiveDataLogging' to see key values.
dbug: Microsoft.EntityFrameworkCore.ChangeTracking[10806]
      Context 'TransportMgmtContext' started tracking 'TblDispatch' entity. Consider using 'DbContextOptionsBuilder.EnableSensitiveDataLogging' to see key values.
dbug: Microsoft.EntityFrameworkCore.ChangeTracking[10806]
      Context 'TransportMgmtContext' started tracking 'TblDispatch' entity. Consider using 'DbContextOptionsBuilder.EnableSensitiveDataLogging' to see key values.
dbug: Microsoft.EntityFrameworkCore.ChangeTracking[10806]
      Context 'TransportMgmtContext' started tracking 'TblDispatch' entity. Consider using 'DbContextOptionsBuilder.EnableSensitiveDataLogging' to see key values.
dbug: Microsoft.EntityFrameworkCore.ChangeTracking[10806]
      Context 'TransportMgmtContext' started tracking 'TblDispatch' entity. Consider using 'DbContextOptionsBuilder.EnableSensitiveDataLogging' to see key values.
dbug: Microsoft.EntityFrameworkCore.ChangeTracking[10806]
      Context 'TransportMgmtContext' started tracking 'TblDispatch' entity. Consider using 'DbContextOptionsBuilder.EnableSensitiveDataLogging' to see key values.
dbug: Microsoft.EntityFrameworkCore.ChangeTracking[10806]
      Context 'TransportMgmtContext' started tracking 'TblDispatch' entity. Consider using 'DbContextOptionsBuilder.EnableSensitiveDataLogging' to see key values.
dbug: Microsoft.EntityFrameworkCore.ChangeTracking[10806]
      Context 'TransportMgmtContext' started tracking 'TblDispatch' entity. Consider using 'DbContextOptionsBuilder.EnableSensitiveDataLogging' to see key values.
dbug: Microsoft.EntityFrameworkCore.ChangeTracking[10806]
      Context 'TransportMgmtContext' started tracking 'TblDispatch' entity. Consider using 'DbContextOptionsBuilder.EnableSensitiveDataLogging' to see key values.
dbug: Microsoft.EntityFrameworkCore.ChangeTracking[10806]
      Context 'TransportMgmtContext' started tracking 'TblDispatch' entity. Consider using 'DbContextOptionsBuilder.EnableSensitiveDataLogging' to see key values.
dbug: Microsoft.EntityFrameworkCore.ChangeTracking[10806]
      Context 'TransportMgmtContext' started tracking 'TblDispatch' entity. Consider using 'DbContextOptionsBuilder.EnableSensitiveDataLogging' to see key values.
dbug: Microsoft.EntityFrameworkCore.ChangeTracking[10806]
      Context 'TransportMgmtContext' started tracking 'TblDispatch' entity. Consider using 'DbContextOptionsBuilder.EnableSensitiveDataLogging' to see key values.
dbug: Microsoft.EntityFrameworkCore.ChangeTracking[10806]
      Context 'TransportMgmtContext' started tracking 'TblDispatch' entity. Consider using 'DbContextOptionsBuilder.EnableSensitiveDataLogging' to see key values.
dbug: Microsoft.EntityFrameworkCore.ChangeTracking[10806]
      Context 'TransportMgmtContext' started tracking 'TblDispatch' entity. Consider using 'DbContextOptionsBuilder.EnableSensitiveDataLogging' to see key values.
dbug: Microsoft.EntityFrameworkCore.ChangeTracking[10806]
      Context 'TransportMgmtContext' started tracking 'TblDispatch' entity. Consider using 'DbContextOptionsBuilder.EnableSensitiveDataLogging' to see key values.
dbug: Microsoft.EntityFrameworkCore.ChangeTracking[10806]
      Context 'TransportMgmtContext' started tracking 'TblDispatch' entity. Consider using 'DbContextOptionsBuilder.EnableSensitiveDataLogging' to see key values.
dbug: Microsoft.EntityFrameworkCore.ChangeTracking[10806]
      Context 'TransportMgmtContext' started tracking 'TblDispatch' entity. Consider using 'DbContextOptionsBuilder.EnableSensitiveDataLogging' to see key values.
dbug: Microsoft.EntityFrameworkCore.ChangeTracking[10806]
      Context 'TransportMgmtContext' started tracking 'TblDispatch' entity. Consider using 'DbContextOptionsBuilder.EnableSensitiveDataLogging' to see key values.
dbug: Microsoft.EntityFrameworkCore.ChangeTracking[10806]
      Context 'TransportMgmtContext' started tracking 'TblDispatch' entity. Consider using 'DbContextOptionsBuilder.EnableSensitiveDataLogging' to see key values.
dbug: Microsoft.EntityFrameworkCore.ChangeTracking[10806]
      Context 'TransportMgmtContext' started tracking 'TblDispatch' entity. Consider using 'DbContextOptionsBuilder.EnableSensitiveDataLogging' to see key values.
dbug: Microsoft.EntityFrameworkCore.ChangeTracking[10806]
      Context 'TransportMgmtContext' started tracking 'TblDispatch' entity. Consider using 'DbContextOptionsBuilder.EnableSensitiveDataLogging' to see key values.
dbug: Microsoft.EntityFrameworkCore.ChangeTracking[10806]
      Context 'TransportMgmtContext' started tracking 'TblDispatch' entity. Consider using 'DbContextOptionsBuilder.EnableSensitiveDataLogging' to see key values.
dbug: Microsoft.EntityFrameworkCore.ChangeTracking[10806]
      Context 'TransportMgmtContext' started tracking 'TblDispatch' entity. Consider using 'DbContextOptionsBuilder.EnableSensitiveDataLogging' to see key values.
dbug: Microsoft.EntityFrameworkCore.ChangeTracking[10806]
      Context 'TransportMgmtContext' started tracking 'TblDispatch' entity. Consider using 'DbContextOptionsBuilder.EnableSensitiveDataLogging' to see key values.
dbug: Microsoft.EntityFrameworkCore.ChangeTracking[10806]
      Context 'TransportMgmtContext' started tracking 'TblDispatch' entity. Consider using 'DbContextOptionsBuilder.EnableSensitiveDataLogging' to see key values.
dbug: Microsoft.EntityFrameworkCore.ChangeTracking[10806]
      Context 'TransportMgmtContext' started tracking 'TblDispatch' entity. Consider using 'DbContextOptionsBuilder.EnableSensitiveDataLogging' to see key values.
dbug: Microsoft.EntityFrameworkCore.ChangeTracking[10806]
      Context 'TransportMgmtContext' started tracking 'TblDispatch' entity. Consider using 'DbContextOptionsBuilder.EnableSensitiveDataLogging' to see key values.
dbug: Microsoft.EntityFrameworkCore.ChangeTracking[10806]
      Context 'TransportMgmtContext' started tracking 'TblDispatch' entity. Consider using 'DbContextOptionsBuilder.EnableSensitiveDataLogging' to see key values.
dbug: Microsoft.EntityFrameworkCore.ChangeTracking[10806]
      Context 'TransportMgmtContext' started tracking 'TblDispatch' entity. Consider using 'DbContextOptionsBuilder.EnableSensitiveDataLogging' to see key values.
dbug: Microsoft.EntityFrameworkCore.ChangeTracking[10806]
      Context 'TransportMgmtContext' started tracking 'TblDispatch' entity. Consider using 'DbContextOptionsBuilder.EnableSensitiveDataLogging' to see key values.
dbug: Microsoft.EntityFrameworkCore.ChangeTracking[10806]
      Context 'TransportMgmtContext' started tracking 'TblDispatch' entity. Consider using 'DbContextOptionsBuilder.EnableSensitiveDataLogging' to see key values.
dbug: Microsoft.EntityFrameworkCore.ChangeTracking[10806]
      Context 'TransportMgmtContext' started tracking 'TblDispatch' entity. Consider using 'DbContextOptionsBuilder.EnableSensitiveDataLogging' to see key values.
dbug: Microsoft.EntityFrameworkCore.ChangeTracking[10806]
      Context 'TransportMgmtContext' started tracking 'TblDispatch' entity. Consider using 'DbContextOptionsBuilder.EnableSensitiveDataLogging' to see key values.
dbug: Microsoft.EntityFrameworkCore.ChangeTracking[10806]
      Context 'TransportMgmtContext' started tracking 'TblDispatch' entity. Consider using 'DbContextOptionsBuilder.EnableSensitiveDataLogging' to see key values.
dbug: Microsoft.EntityFrameworkCore.ChangeTracking[10806]
      Context 'TransportMgmtContext' started tracking 'TblDispatch' entity. Consider using 'DbContextOptionsBuilder.EnableSensitiveDataLogging' to see key values.
dbug: Microsoft.EntityFrameworkCore.ChangeTracking[10806]
      Context 'TransportMgmtContext' started tracking 'TblDispatch' entity. Consider using 'DbContextOptionsBuilder.EnableSensitiveDataLogging' to see key values.
dbug: Microsoft.EntityFrameworkCore.ChangeTracking[10806]
      Context 'TransportMgmtContext' started tracking 'TblDispatch' entity. Consider using 'DbContextOptionsBuilder.EnableSensitiveDataLogging' to see key values.
dbug: Microsoft.EntityFrameworkCore.ChangeTracking[10806]
      Context 'TransportMgmtContext' started tracking 'TblDispatch' entity. Consider using 'DbContextOptionsBuilder.EnableSensitiveDataLogging' to see key values.
dbug: Microsoft.EntityFrameworkCore.ChangeTracking[10806]
      Context 'TransportMgmtContext' started tracking 'TblDispatch' entity. Consider using 'DbContextOptionsBuilder.EnableSensitiveDataLogging' to see key values.
dbug: Microsoft.EntityFrameworkCore.ChangeTracking[10806]
      Context 'TransportMgmtContext' started tracking 'TblDispatch' entity. Consider using 'DbContextOptionsBuilder.EnableSensitiveDataLogging' to see key values.
dbug: Microsoft.EntityFrameworkCore.ChangeTracking[10806]
      Context 'TransportMgmtContext' started tracking 'TblDispatch' entity. Consider using 'DbContextOptionsBuilder.EnableSensitiveDataLogging' to see key values.
dbug: Microsoft.EntityFrameworkCore.ChangeTracking[10806]
      Context 'TransportMgmtContext' started tracking 'TblDispatch' entity. Consider using 'DbContextOptionsBuilder.EnableSensitiveDataLogging' to see key values.
dbug: Microsoft.EntityFrameworkCore.ChangeTracking[10806]
      Context 'TransportMgmtContext' started tracking 'TblDispatch' entity. Consider using 'DbContextOptionsBuilder.EnableSensitiveDataLogging' to see key values.
dbug: Microsoft.EntityFrameworkCore.ChangeTracking[10806]
      Context 'TransportMgmtContext' started tracking 'TblDispatch' entity. Consider using 'DbContextOptionsBuilder.EnableSensitiveDataLogging' to see key values.
dbug: Microsoft.EntityFrameworkCore.ChangeTracking[10806]
      Context 'TransportMgmtContext' started tracking 'TblDispatch' entity. Consider using 'DbContextOptionsBuilder.EnableSensitiveDataLogging' to see key values.
dbug: Microsoft.EntityFrameworkCore.ChangeTracking[10806]
      Context 'TransportMgmtContext' started tracking 'TblDispatch' entity. Consider using 'DbContextOptionsBuilder.EnableSensitiveDataLogging' to see key values.
dbug: Microsoft.EntityFrameworkCore.ChangeTracking[10806]
      Context 'TransportMgmtContext' started tracking 'TblDispatch' entity. Consider using 'DbContextOptionsBuilder.EnableSensitiveDataLogging' to see key values.
dbug: Microsoft.EntityFrameworkCore.ChangeTracking[10806]
      Context 'TransportMgmtContext' started tracking 'TblDispatch' entity. Consider using 'DbContextOptionsBuilder.EnableSensitiveDataLogging' to see key values.
dbug: Microsoft.EntityFrameworkCore.ChangeTracking[10806]
      Context 'TransportMgmtContext' started tracking 'TblDispatch' entity. Consider using 'DbContextOptionsBuilder.EnableSensitiveDataLogging' to see key values.
dbug: Microsoft.EntityFrameworkCore.ChangeTracking[10806]
      Context 'TransportMgmtContext' started tracking 'TblDispatch' entity. Consider using 'DbContextOptionsBuilder.EnableSensitiveDataLogging' to see key values.
dbug: Microsoft.EntityFrameworkCore.ChangeTracking[10806]
      Context 'TransportMgmtContext' started tracking 'TblDispatch' entity. Consider using 'DbContextOptionsBuilder.EnableSensitiveDataLogging' to see key values.
dbug: Microsoft.EntityFrameworkCore.ChangeTracking[10806]
      Context 'TransportMgmtContext' started tracking 'TblDispatch' entity. Consider using 'DbContextOptionsBuilder.EnableSensitiveDataLogging' to see key values.
dbug: Microsoft.EntityFrameworkCore.ChangeTracking[10806]
      Context 'TransportMgmtContext' started tracking 'TblDispatch' entity. Consider using 'DbContextOptionsBuilder.EnableSensitiveDataLogging' to see key values.
dbug: Microsoft.EntityFrameworkCore.ChangeTracking[10806]
      Context 'TransportMgmtContext' started tracking 'TblDispatch' entity. Consider using 'DbContextOptionsBuilder.EnableSensitiveDataLogging' to see key values.
dbug: Microsoft.EntityFrameworkCore.ChangeTracking[10806]
      Context 'TransportMgmtContext' started tracking 'TblDispatch' entity. Consider using 'DbContextOptionsBuilder.EnableSensitiveDataLogging' to see key values.
dbug: Microsoft.EntityFrameworkCore.ChangeTracking[10806]
      Context 'TransportMgmtContext' started tracking 'TblDispatch' entity. Consider using 'DbContextOptionsBuilder.EnableSensitiveDataLogging' to see key values.
dbug: Microsoft.EntityFrameworkCore.ChangeTracking[10806]
      Context 'TransportMgmtContext' started tracking 'TblDispatch' entity. Consider using 'DbContextOptionsBuilder.EnableSensitiveDataLogging' to see key values.
dbug: Microsoft.EntityFrameworkCore.ChangeTracking[10806]
      Context 'TransportMgmtContext' started tracking 'TblDispatch' entity. Consider using 'DbContextOptionsBuilder.EnableSensitiveDataLogging' to see key values.
dbug: Microsoft.EntityFrameworkCore.ChangeTracking[10806]
      Context 'TransportMgmtContext' started tracking 'TblDispatch' entity. Consider using 'DbContextOptionsBuilder.EnableSensitiveDataLogging' to see key values.
dbug: Microsoft.EntityFrameworkCore.ChangeTracking[10806]
      Context 'TransportMgmtContext' started tracking 'TblDispatch' entity. Consider using 'DbContextOptionsBuilder.EnableSensitiveDataLogging' to see key values.
dbug: Microsoft.EntityFrameworkCore.ChangeTracking[10806]
      Context 'TransportMgmtContext' started tracking 'TblDispatch' entity. Consider using 'DbContextOptionsBuilder.EnableSensitiveDataLogging' to see key values.
dbug: Microsoft.EntityFrameworkCore.ChangeTracking[10806]
      Context 'TransportMgmtContext' started tracking 'TblDispatch' entity. Consider using 'DbContextOptionsBuilder.EnableSensitiveDataLogging' to see key values.
dbug: Microsoft.EntityFrameworkCore.ChangeTracking[10806]
      Context 'TransportMgmtContext' started tracking 'TblDispatch' entity. Consider using 'DbContextOptionsBuilder.EnableSensitiveDataLogging' to see key values.
dbug: Microsoft.EntityFrameworkCore.ChangeTracking[10806]
      Context 'TransportMgmtContext' started tracking 'TblDispatch' entity. Consider using 'DbContextOptionsBuilder.EnableSensitiveDataLogging' to see key values.
dbug: Microsoft.EntityFrameworkCore.ChangeTracking[10806]
      Context 'TransportMgmtContext' started tracking 'TblDispatch' entity. Consider using 'DbContextOptionsBuilder.EnableSensitiveDataLogging' to see key values.
dbug: Microsoft.EntityFrameworkCore.ChangeTracking[10806]
      Context 'TransportMgmtContext' started tracking 'TblDispatch' entity. Consider using 'DbContextOptionsBuilder.EnableSensitiveDataLogging' to see key values.
dbug: Microsoft.EntityFrameworkCore.ChangeTracking[10806]
      Context 'TransportMgmtContext' started tracking 'TblDispatch' entity. Consider using 'DbContextOptionsBuilder.EnableSensitiveDataLogging' to see key values.
dbug: Microsoft.EntityFrameworkCore.ChangeTracking[10806]
      Context 'TransportMgmtContext' started tracking 'TblDispatch' entity. Consider using 'DbContextOptionsBuilder.EnableSensitiveDataLogging' to see key values.
dbug: Microsoft.EntityFrameworkCore.ChangeTracking[10806]
      Context 'TransportMgmtContext' started tracking 'TblDispatch' entity. Consider using 'DbContextOptionsBuilder.EnableSensitiveDataLogging' to see key values.
dbug: Microsoft.EntityFrameworkCore.ChangeTracking[10806]
      Context 'TransportMgmtContext' started tracking 'TblDispatch' entity. Consider using 'DbContextOptionsBuilder.EnableSensitiveDataLogging' to see key values.
dbug: Microsoft.EntityFrameworkCore.ChangeTracking[10806]
      Context 'TransportMgmtContext' started tracking 'TblDispatch' entity. Consider using 'DbContextOptionsBuilder.EnableSensitiveDataLogging' to see key values.
dbug: Microsoft.EntityFrameworkCore.ChangeTracking[10806]
      Context 'TransportMgmtContext' started tracking 'TblDispatch' entity. Consider using 'DbContextOptionsBuilder.EnableSensitiveDataLogging' to see key values.
dbug: Microsoft.EntityFrameworkCore.ChangeTracking[10806]
      Context 'TransportMgmtContext' started tracking 'TblDispatch' entity. Consider using 'DbContextOptionsBuilder.EnableSensitiveDataLogging' to see key values.
dbug: Microsoft.EntityFrameworkCore.ChangeTracking[10806]
      Context 'TransportMgmtContext' started tracking 'TblDispatch' entity. Consider using 'DbContextOptionsBuilder.EnableSensitiveDataLogging' to see key values.
dbug: Microsoft.EntityFrameworkCore.ChangeTracking[10806]
      Context 'TransportMgmtContext' started tracking 'TblDispatch' entity. Consider using 'DbContextOptionsBuilder.EnableSensitiveDataLogging' to see key values.
dbug: Microsoft.EntityFrameworkCore.ChangeTracking[10806]
      Context 'TransportMgmtContext' started tracking 'TblDispatch' entity. Consider using 'DbContextOptionsBuilder.EnableSensitiveDataLogging' to see key values.
dbug: Microsoft.EntityFrameworkCore.ChangeTracking[10806]
      Context 'TransportMgmtContext' started tracking 'TblDispatch' entity. Consider using 'DbContextOptionsBuilder.EnableSensitiveDataLogging' to see key values.
dbug: Microsoft.EntityFrameworkCore.ChangeTracking[10806]
      Context 'TransportMgmtContext' started tracking 'TblDispatch' entity. Consider using 'DbContextOptionsBuilder.EnableSensitiveDataLogging' to see key values.
dbug: Microsoft.EntityFrameworkCore.ChangeTracking[10806]
      Context 'TransportMgmtContext' started tracking 'TblDispatch' entity. Consider using 'DbContextOptionsBuilder.EnableSensitiveDataLogging' to see key values.
dbug: Microsoft.EntityFrameworkCore.ChangeTracking[10806]
      Context 'TransportMgmtContext' started tracking 'TblDispatch' entity. Consider using 'DbContextOptionsBuilder.EnableSensitiveDataLogging' to see key values.
dbug: Microsoft.EntityFrameworkCore.ChangeTracking[10806]
      Context 'TransportMgmtContext' started tracking 'TblDispatch' entity. Consider using 'DbContextOptionsBuilder.EnableSensitiveDataLogging' to see key values.
dbug: Microsoft.EntityFrameworkCore.ChangeTracking[10806]
      Context 'TransportMgmtContext' started tracking 'TblDispatch' entity. Consider using 'DbContextOptionsBuilder.EnableSensitiveDataLogging' to see key values.
dbug: Microsoft.EntityFrameworkCore.ChangeTracking[10806]
      Context 'TransportMgmtContext' started tracking 'TblDispatch' entity. Consider using 'DbContextOptionsBuilder.EnableSensitiveDataLogging' to see key values.
dbug: Microsoft.EntityFrameworkCore.ChangeTracking[10806]
      Context 'TransportMgmtContext' started tracking 'TblDispatch' entity. Consider using 'DbContextOptionsBuilder.EnableSensitiveDataLogging' to see key values.
dbug: Microsoft.EntityFrameworkCore.ChangeTracking[10806]
      Context 'TransportMgmtContext' started tracking 'TblDispatch' entity. Consider using 'DbContextOptionsBuilder.EnableSensitiveDataLogging' to see key values.
dbug: Microsoft.EntityFrameworkCore.ChangeTracking[10806]
      Context 'TransportMgmtContext' started tracking 'TblDispatch' entity. Consider using 'DbContextOptionsBuilder.EnableSensitiveDataLogging' to see key values.
dbug: Microsoft.EntityFrameworkCore.ChangeTracking[10806]
      Context 'TransportMgmtContext' started tracking 'TblDispatch' entity. Consider using 'DbContextOptionsBuilder.EnableSensitiveDataLogging' to see key values.
dbug: Microsoft.EntityFrameworkCore.ChangeTracking[10806]
      Context 'TransportMgmtContext' started tracking 'TblDispatch' entity. Consider using 'DbContextOptionsBuilder.EnableSensitiveDataLogging' to see key values.
dbug: Microsoft.EntityFrameworkCore.ChangeTracking[10806]
      Context 'TransportMgmtContext' started tracking 'TblDispatch' entity. Consider using 'DbContextOptionsBuilder.EnableSensitiveDataLogging' to see key values.
dbug: Microsoft.EntityFrameworkCore.ChangeTracking[10806]
      Context 'TransportMgmtContext' started tracking 'TblDispatch' entity. Consider using 'DbContextOptionsBuilder.EnableSensitiveDataLogging' to see key values.
dbug: Microsoft.EntityFrameworkCore.ChangeTracking[10806]
      Context 'TransportMgmtContext' started tracking 'TblDispatch' entity. Consider using 'DbContextOptionsBuilder.EnableSensitiveDataLogging' to see key values.
dbug: Microsoft.EntityFrameworkCore.ChangeTracking[10806]
      Context 'TransportMgmtContext' started tracking 'TblDispatch' entity. Consider using 'DbContextOptionsBuilder.EnableSensitiveDataLogging' to see key values.
dbug: Microsoft.EntityFrameworkCore.ChangeTracking[10806]
      Context 'TransportMgmtContext' started tracking 'TblDispatch' entity. Consider using 'DbContextOptionsBuilder.EnableSensitiveDataLogging' to see key values.
dbug: Microsoft.EntityFrameworkCore.ChangeTracking[10806]
      Context 'TransportMgmtContext' started tracking 'TblDispatch' entity. Consider using 'DbContextOptionsBuilder.EnableSensitiveDataLogging' to see key values.
dbug: Microsoft.EntityFrameworkCore.ChangeTracking[10806]
      Context 'TransportMgmtContext' started tracking 'TblDispatch' entity. Consider using 'DbContextOptionsBuilder.EnableSensitiveDataLogging' to see key values.
dbug: Microsoft.EntityFrameworkCore.ChangeTracking[10806]
      Context 'TransportMgmtContext' started tracking 'TblDispatch' entity. Consider using 'DbContextOptionsBuilder.EnableSensitiveDataLogging' to see key values.
dbug: Microsoft.EntityFrameworkCore.ChangeTracking[10806]
      Context 'TransportMgmtContext' started tracking 'TblDispatch' entity. Consider using 'DbContextOptionsBuilder.EnableSensitiveDataLogging' to see key values.
dbug: Microsoft.EntityFrameworkCore.ChangeTracking[10806]
      Context 'TransportMgmtContext' started tracking 'TblDispatch' entity. Consider using 'DbContextOptionsBuilder.EnableSensitiveDataLogging' to see key values.
dbug: Microsoft.EntityFrameworkCore.ChangeTracking[10806]
      Context 'TransportMgmtContext' started tracking 'TblDispatch' entity. Consider using 'DbContextOptionsBuilder.EnableSensitiveDataLogging' to see key values.
dbug: Microsoft.EntityFrameworkCore.ChangeTracking[10806]
      Context 'TransportMgmtContext' started tracking 'TblDispatch' entity. Consider using 'DbContextOptionsBuilder.EnableSensitiveDataLogging' to see key values.
dbug: Microsoft.EntityFrameworkCore.ChangeTracking[10806]
      Context 'TransportMgmtContext' started tracking 'TblDispatch' entity. Consider using 'DbContextOptionsBuilder.EnableSensitiveDataLogging' to see key values.
dbug: Microsoft.EntityFrameworkCore.ChangeTracking[10806]
      Context 'TransportMgmtContext' started tracking 'TblDispatch' entity. Consider using 'DbContextOptionsBuilder.EnableSensitiveDataLogging' to see key values.
dbug: Microsoft.EntityFrameworkCore.ChangeTracking[10806]
      Context 'TransportMgmtContext' started tracking 'TblDispatch' entity. Consider using 'DbContextOptionsBuilder.EnableSensitiveDataLogging' to see key values.
dbug: Microsoft.EntityFrameworkCore.ChangeTracking[10806]
      Context 'TransportMgmtContext' started tracking 'TblDispatch' entity. Consider using 'DbContextOptionsBuilder.EnableSensitiveDataLogging' to see key values.
dbug: Microsoft.EntityFrameworkCore.ChangeTracking[10806]
      Context 'TransportMgmtContext' started tracking 'TblDispatch' entity. Consider using 'DbContextOptionsBuilder.EnableSensitiveDataLogging' to see key values.
dbug: Microsoft.EntityFrameworkCore.ChangeTracking[10806]
      Context 'TransportMgmtContext' started tracking 'TblDispatch' entity. Consider using 'DbContextOptionsBuilder.EnableSensitiveDataLogging' to see key values.
dbug: Microsoft.EntityFrameworkCore.ChangeTracking[10806]
      Context 'TransportMgmtContext' started tracking 'TblDispatch' entity. Consider using 'DbContextOptionsBuilder.EnableSensitiveDataLogging' to see key values.
dbug: Microsoft.EntityFrameworkCore.ChangeTracking[10806]
      Context 'TransportMgmtContext' started tracking 'TblDispatch' entity. Consider using 'DbContextOptionsBuilder.EnableSensitiveDataLogging' to see key values.
dbug: Microsoft.EntityFrameworkCore.ChangeTracking[10806]
      Context 'TransportMgmtContext' started tracking 'TblDispatch' entity. Consider using 'DbContextOptionsBuilder.EnableSensitiveDataLogging' to see key values.
dbug: Microsoft.EntityFrameworkCore.ChangeTracking[10806]
      Context 'TransportMgmtContext' started tracking 'TblDispatch' entity. Consider using 'DbContextOptionsBuilder.EnableSensitiveDataLogging' to see key values.
dbug: Microsoft.EntityFrameworkCore.ChangeTracking[10806]
      Context 'TransportMgmtContext' started tracking 'TblDispatch' entity. Consider using 'DbContextOptionsBuilder.EnableSensitiveDataLogging' to see key values.
dbug: Microsoft.EntityFrameworkCore.ChangeTracking[10806]
      Context 'TransportMgmtContext' started tracking 'TblDispatch' entity. Consider using 'DbContextOptionsBuilder.EnableSensitiveDataLogging' to see key values.
dbug: Microsoft.EntityFrameworkCore.ChangeTracking[10806]
      Context 'TransportMgmtContext' started tracking 'TblDispatch' entity. Consider using 'DbContextOptionsBuilder.EnableSensitiveDataLogging' to see key values.
dbug: Microsoft.EntityFrameworkCore.ChangeTracking[10806]
      Context 'TransportMgmtContext' started tracking 'TblDispatch' entity. Consider using 'DbContextOptionsBuilder.EnableSensitiveDataLogging' to see key values.
dbug: Microsoft.EntityFrameworkCore.ChangeTracking[10806]
      Context 'TransportMgmtContext' started tracking 'TblDispatch' entity. Consider using 'DbContextOptionsBuilder.EnableSensitiveDataLogging' to see key values.
dbug: Microsoft.EntityFrameworkCore.ChangeTracking[10806]
      Context 'TransportMgmtContext' started tracking 'TblDispatch' entity. Consider using 'DbContextOptionsBuilder.EnableSensitiveDataLogging' to see key values.
dbug: Microsoft.EntityFrameworkCore.ChangeTracking[10806]
      Context 'TransportMgmtContext' started tracking 'TblDispatch' entity. Consider using 'DbContextOptionsBuilder.EnableSensitiveDataLogging' to see key values.
dbug: Microsoft.EntityFrameworkCore.ChangeTracking[10806]
      Context 'TransportMgmtContext' started tracking 'TblDispatch' entity. Consider using 'DbContextOptionsBuilder.EnableSensitiveDataLogging' to see key values.
dbug: Microsoft.EntityFrameworkCore.ChangeTracking[10806]
      Context 'TransportMgmtContext' started tracking 'TblDispatch' entity. Consider using 'DbContextOptionsBuilder.EnableSensitiveDataLogging' to see key values.
dbug: Microsoft.EntityFrameworkCore.ChangeTracking[10806]
      Context 'TransportMgmtContext' started tracking 'TblDispatch' entity. Consider using 'DbContextOptionsBuilder.EnableSensitiveDataLogging' to see key values.
dbug: Microsoft.EntityFrameworkCore.ChangeTracking[10806]
      Context 'TransportMgmtContext' started tracking 'TblDispatch' entity. Consider using 'DbContextOptionsBuilder.EnableSensitiveDataLogging' to see key values.
dbug: Microsoft.EntityFrameworkCore.ChangeTracking[10806]
      Context 'TransportMgmtContext' started tracking 'TblDispatch' entity. Consider using 'DbContextOptionsBuilder.EnableSensitiveDataLogging' to see key values.
dbug: Microsoft.EntityFrameworkCore.ChangeTracking[10806]
      Context 'TransportMgmtContext' started tracking 'TblDispatch' entity. Consider using 'DbContextOptionsBuilder.EnableSensitiveDataLogging' to see key values.
dbug: Microsoft.EntityFrameworkCore.ChangeTracking[10806]
      Context 'TransportMgmtContext' started tracking 'TblDispatch' entity. Consider using 'DbContextOptionsBuilder.EnableSensitiveDataLogging' to see key values.
dbug: Microsoft.EntityFrameworkCore.ChangeTracking[10806]
      Context 'TransportMgmtContext' started tracking 'TblDispatch' entity. Consider using 'DbContextOptionsBuilder.EnableSensitiveDataLogging' to see key values.
dbug: Microsoft.EntityFrameworkCore.ChangeTracking[10806]
      Context 'TransportMgmtContext' started tracking 'TblDispatch' entity. Consider using 'DbContextOptionsBuilder.EnableSensitiveDataLogging' to see key values.
dbug: Microsoft.EntityFrameworkCore.ChangeTracking[10806]
      Context 'TransportMgmtContext' started tracking 'TblDispatch' entity. Consider using 'DbContextOptionsBuilder.EnableSensitiveDataLogging' to see key values.
dbug: Microsoft.EntityFrameworkCore.ChangeTracking[10806]
      Context 'TransportMgmtContext' started tracking 'TblDispatch' entity. Consider using 'DbContextOptionsBuilder.EnableSensitiveDataLogging' to see key values.
dbug: Microsoft.EntityFrameworkCore.ChangeTracking[10806]
      Context 'TransportMgmtContext' started tracking 'TblDispatch' entity. Consider using 'DbContextOptionsBuilder.EnableSensitiveDataLogging' to see key values.
dbug: Microsoft.EntityFrameworkCore.ChangeTracking[10806]
      Context 'TransportMgmtContext' started tracking 'TblDispatch' entity. Consider using 'DbContextOptionsBuilder.EnableSensitiveDataLogging' to see key values.
dbug: Microsoft.EntityFrameworkCore.ChangeTracking[10806]
      Context 'TransportMgmtContext' started tracking 'TblDispatch' entity. Consider using 'DbContextOptionsBuilder.EnableSensitiveDataLogging' to see key values.
dbug: Microsoft.EntityFrameworkCore.ChangeTracking[10806]
      Context 'TransportMgmtContext' started tracking 'TblDispatch' entity. Consider using 'DbContextOptionsBuilder.EnableSensitiveDataLogging' to see key values.
dbug: Microsoft.EntityFrameworkCore.ChangeTracking[10806]
      Context 'TransportMgmtContext' started tracking 'TblDispatch' entity. Consider using 'DbContextOptionsBuilder.EnableSensitiveDataLogging' to see key values.
dbug: Microsoft.EntityFrameworkCore.ChangeTracking[10806]
      Context 'TransportMgmtContext' started tracking 'TblDispatch' entity. Consider using 'DbContextOptionsBuilder.EnableSensitiveDataLogging' to see key values.
dbug: Microsoft.EntityFrameworkCore.ChangeTracking[10806]
      Context 'TransportMgmtContext' started tracking 'TblDispatch' entity. Consider using 'DbContextOptionsBuilder.EnableSensitiveDataLogging' to see key values.
dbug: Microsoft.EntityFrameworkCore.ChangeTracking[10806]
      Context 'TransportMgmtContext' started tracking 'TblDispatch' entity. Consider using 'DbContextOptionsBuilder.EnableSensitiveDataLogging' to see key values.
dbug: Microsoft.EntityFrameworkCore.ChangeTracking[10806]
      Context 'TransportMgmtContext' started tracking 'TblDispatch' entity. Consider using 'DbContextOptionsBuilder.EnableSensitiveDataLogging' to see key values.
dbug: Microsoft.EntityFrameworkCore.ChangeTracking[10806]
      Context 'TransportMgmtContext' started tracking 'TblDispatch' entity. Consider using 'DbContextOptionsBuilder.EnableSensitiveDataLogging' to see key values.
dbug: Microsoft.EntityFrameworkCore.ChangeTracking[10806]
      Context 'TransportMgmtContext' started tracking 'TblDispatch' entity. Consider using 'DbContextOptionsBuilder.EnableSensitiveDataLogging' to see key values.
dbug: Microsoft.EntityFrameworkCore.ChangeTracking[10806]
      Context 'TransportMgmtContext' started tracking 'TblDispatch' entity. Consider using 'DbContextOptionsBuilder.EnableSensitiveDataLogging' to see key values.
dbug: Microsoft.EntityFrameworkCore.ChangeTracking[10806]
      Context 'TransportMgmtContext' started tracking 'TblDispatch' entity. Consider using 'DbContextOptionsBuilder.EnableSensitiveDataLogging' to see key values.
dbug: Microsoft.EntityFrameworkCore.ChangeTracking[10806]
      Context 'TransportMgmtContext' started tracking 'TblDispatch' entity. Consider using 'DbContextOptionsBuilder.EnableSensitiveDataLogging' to see key values.
dbug: Microsoft.EntityFrameworkCore.ChangeTracking[10806]
      Context 'TransportMgmtContext' started tracking 'TblDispatch' entity. Consider using 'DbContextOptionsBuilder.EnableSensitiveDataLogging' to see key values.
dbug: Microsoft.EntityFrameworkCore.ChangeTracking[10806]
      Context 'TransportMgmtContext' started tracking 'TblDispatch' entity. Consider using 'DbContextOptionsBuilder.EnableSensitiveDataLogging' to see key values.
dbug: Microsoft.EntityFrameworkCore.ChangeTracking[10806]
      Context 'TransportMgmtContext' started tracking 'TblDispatch' entity. Consider using 'DbContextOptionsBuilder.EnableSensitiveDataLogging' to see key values.
dbug: Microsoft.EntityFrameworkCore.ChangeTracking[10806]
      Context 'TransportMgmtContext' started tracking 'TblDispatch' entity. Consider using 'DbContextOptionsBuilder.EnableSensitiveDataLogging' to see key values.
dbug: Microsoft.EntityFrameworkCore.ChangeTracking[10806]
      Context 'TransportMgmtContext' started tracking 'TblDispatch' entity. Consider using 'DbContextOptionsBuilder.EnableSensitiveDataLogging' to see key values.
dbug: Microsoft.EntityFrameworkCore.ChangeTracking[10806]
      Context 'TransportMgmtContext' started tracking 'TblDispatch' entity. Consider using 'DbContextOptionsBuilder.EnableSensitiveDataLogging' to see key values.
dbug: Microsoft.EntityFrameworkCore.ChangeTracking[10806]
      Context 'TransportMgmtContext' started tracking 'TblDispatch' entity. Consider using 'DbContextOptionsBuilder.EnableSensitiveDataLogging' to see key values.
dbug: Microsoft.EntityFrameworkCore.ChangeTracking[10806]
      Context 'TransportMgmtContext' started tracking 'TblDispatch' entity. Consider using 'DbContextOptionsBuilder.EnableSensitiveDataLogging' to see key values.
dbug: Microsoft.EntityFrameworkCore.ChangeTracking[10806]
      Context 'TransportMgmtContext' started tracking 'TblDispatch' entity. Consider using 'DbContextOptionsBuilder.EnableSensitiveDataLogging' to see key values.
dbug: Microsoft.EntityFrameworkCore.ChangeTracking[10806]
      Context 'TransportMgmtContext' started tracking 'TblDispatch' entity. Consider using 'DbContextOptionsBuilder.EnableSensitiveDataLogging' to see key values.
dbug: Microsoft.EntityFrameworkCore.ChangeTracking[10806]
      Context 'TransportMgmtContext' started tracking 'TblDispatch' entity. Consider using 'DbContextOptionsBuilder.EnableSensitiveDataLogging' to see key values.
dbug: Microsoft.EntityFrameworkCore.ChangeTracking[10806]
      Context 'TransportMgmtContext' started tracking 'TblDispatch' entity. Consider using 'DbContextOptionsBuilder.EnableSensitiveDataLogging' to see key values.
dbug: Microsoft.EntityFrameworkCore.ChangeTracking[10806]
      Context 'TransportMgmtContext' started tracking 'TblDispatch' entity. Consider using 'DbContextOptionsBuilder.EnableSensitiveDataLogging' to see key values.
dbug: Microsoft.EntityFrameworkCore.ChangeTracking[10806]
      Context 'TransportMgmtContext' started tracking 'TblDispatch' entity. Consider using 'DbContextOptionsBuilder.EnableSensitiveDataLogging' to see key values.
dbug: Microsoft.EntityFrameworkCore.ChangeTracking[10806]
      Context 'TransportMgmtContext' started tracking 'TblDispatch' entity. Consider using 'DbContextOptionsBuilder.EnableSensitiveDataLogging' to see key values.
dbug: Microsoft.EntityFrameworkCore.ChangeTracking[10806]
      Context 'TransportMgmtContext' started tracking 'TblDispatch' entity. Consider using 'DbContextOptionsBuilder.EnableSensitiveDataLogging' to see key values.
dbug: Microsoft.EntityFrameworkCore.ChangeTracking[10806]
      Context 'TransportMgmtContext' started tracking 'TblDispatch' entity. Consider using 'DbContextOptionsBuilder.EnableSensitiveDataLogging' to see key values.
dbug: Microsoft.EntityFrameworkCore.ChangeTracking[10806]
      Context 'TransportMgmtContext' started tracking 'TblDispatch' entity. Consider using 'DbContextOptionsBuilder.EnableSensitiveDataLogging' to see key values.
dbug: Microsoft.EntityFrameworkCore.ChangeTracking[10806]
      Context 'TransportMgmtContext' started tracking 'TblDispatch' entity. Consider using 'DbContextOptionsBuilder.EnableSensitiveDataLogging' to see key values.
dbug: Microsoft.EntityFrameworkCore.ChangeTracking[10806]
      Context 'TransportMgmtContext' started tracking 'TblDispatch' entity. Consider using 'DbContextOptionsBuilder.EnableSensitiveDataLogging' to see key values.
dbug: Microsoft.EntityFrameworkCore.ChangeTracking[10806]
      Context 'TransportMgmtContext' started tracking 'TblDispatch' entity. Consider using 'DbContextOptionsBuilder.EnableSensitiveDataLogging' to see key values.
dbug: Microsoft.EntityFrameworkCore.ChangeTracking[10806]
      Context 'TransportMgmtContext' started tracking 'TblDispatch' entity. Consider using 'DbContextOptionsBuilder.EnableSensitiveDataLogging' to see key values.
dbug: Microsoft.EntityFrameworkCore.ChangeTracking[10806]
      Context 'TransportMgmtContext' started tracking 'TblDispatch' entity. Consider using 'DbContextOptionsBuilder.EnableSensitiveDataLogging' to see key values.
dbug: Microsoft.EntityFrameworkCore.ChangeTracking[10806]
      Context 'TransportMgmtContext' started tracking 'TblDispatch' entity. Consider using 'DbContextOptionsBuilder.EnableSensitiveDataLogging' to see key values.
dbug: Microsoft.EntityFrameworkCore.ChangeTracking[10806]
      Context 'TransportMgmtContext' started tracking 'TblDispatch' entity. Consider using 'DbContextOptionsBuilder.EnableSensitiveDataLogging' to see key values.
dbug: Microsoft.EntityFrameworkCore.ChangeTracking[10806]
      Context 'TransportMgmtContext' started tracking 'TblDispatch' entity. Consider using 'DbContextOptionsBuilder.EnableSensitiveDataLogging' to see key values.
dbug: Microsoft.EntityFrameworkCore.ChangeTracking[10806]
      Context 'TransportMgmtContext' started tracking 'TblDispatch' entity. Consider using 'DbContextOptionsBuilder.EnableSensitiveDataLogging' to see key values.
dbug: Microsoft.EntityFrameworkCore.ChangeTracking[10806]
      Context 'TransportMgmtContext' started tracking 'TblDispatch' entity. Consider using 'DbContextOptionsBuilder.EnableSensitiveDataLogging' to see key values.
dbug: Microsoft.EntityFrameworkCore.ChangeTracking[10806]
      Context 'TransportMgmtContext' started tracking 'TblDispatch' entity. Consider using 'DbContextOptionsBuilder.EnableSensitiveDataLogging' to see key values.
dbug: Microsoft.EntityFrameworkCore.ChangeTracking[10806]
      Context 'TransportMgmtContext' started tracking 'TblDispatch' entity. Consider using 'DbContextOptionsBuilder.EnableSensitiveDataLogging' to see key values.
dbug: Microsoft.EntityFrameworkCore.ChangeTracking[10806]
      Context 'TransportMgmtContext' started tracking 'TblDispatch' entity. Consider using 'DbContextOptionsBuilder.EnableSensitiveDataLogging' to see key values.
dbug: Microsoft.EntityFrameworkCore.ChangeTracking[10806]
      Context 'TransportMgmtContext' started tracking 'TblDispatch' entity. Consider using 'DbContextOptionsBuilder.EnableSensitiveDataLogging' to see key values.
dbug: Microsoft.EntityFrameworkCore.ChangeTracking[10806]
      Context 'TransportMgmtContext' started tracking 'TblDispatch' entity. Consider using 'DbContextOptionsBuilder.EnableSensitiveDataLogging' to see key values.
dbug: Microsoft.EntityFrameworkCore.ChangeTracking[10806]
      Context 'TransportMgmtContext' started tracking 'TblDispatch' entity. Consider using 'DbContextOptionsBuilder.EnableSensitiveDataLogging' to see key values.
dbug: Microsoft.EntityFrameworkCore.ChangeTracking[10806]
      Context 'TransportMgmtContext' started tracking 'TblDispatch' entity. Consider using 'DbContextOptionsBuilder.EnableSensitiveDataLogging' to see key values.
dbug: Microsoft.EntityFrameworkCore.ChangeTracking[10806]
      Context 'TransportMgmtContext' started tracking 'TblDispatch' entity. Consider using 'DbContextOptionsBuilder.EnableSensitiveDataLogging' to see key values.
dbug: Microsoft.EntityFrameworkCore.ChangeTracking[10806]
      Context 'TransportMgmtContext' started tracking 'TblDispatch' entity. Consider using 'DbContextOptionsBuilder.EnableSensitiveDataLogging' to see key values.
dbug: Microsoft.EntityFrameworkCore.ChangeTracking[10806]
      Context 'TransportMgmtContext' started tracking 'TblDispatch' entity. Consider using 'DbContextOptionsBuilder.EnableSensitiveDataLogging' to see key values.
dbug: Microsoft.EntityFrameworkCore.ChangeTracking[10806]
      Context 'TransportMgmtContext' started tracking 'TblDispatch' entity. Consider using 'DbContextOptionsBuilder.EnableSensitiveDataLogging' to see key values.
dbug: Microsoft.EntityFrameworkCore.ChangeTracking[10806]
      Context 'TransportMgmtContext' started tracking 'TblDispatch' entity. Consider using 'DbContextOptionsBuilder.EnableSensitiveDataLogging' to see key values.
dbug: Microsoft.EntityFrameworkCore.ChangeTracking[10806]
      Context 'TransportMgmtContext' started tracking 'TblDispatch' entity. Consider using 'DbContextOptionsBuilder.EnableSensitiveDataLogging' to see key values.
dbug: Microsoft.EntityFrameworkCore.ChangeTracking[10806]
      Context 'TransportMgmtContext' started tracking 'TblDispatch' entity. Consider using 'DbContextOptionsBuilder.EnableSensitiveDataLogging' to see key values.
dbug: Microsoft.EntityFrameworkCore.ChangeTracking[10806]
      Context 'TransportMgmtContext' started tracking 'TblDispatch' entity. Consider using 'DbContextOptionsBuilder.EnableSensitiveDataLogging' to see key values.
dbug: Microsoft.EntityFrameworkCore.ChangeTracking[10806]
      Context 'TransportMgmtContext' started tracking 'TblDispatch' entity. Consider using 'DbContextOptionsBuilder.EnableSensitiveDataLogging' to see key values.
dbug: Microsoft.EntityFrameworkCore.ChangeTracking[10806]
      Context 'TransportMgmtContext' started tracking 'TblDispatch' entity. Consider using 'DbContextOptionsBuilder.EnableSensitiveDataLogging' to see key values.
dbug: Microsoft.EntityFrameworkCore.ChangeTracking[10806]
      Context 'TransportMgmtContext' started tracking 'TblDispatch' entity. Consider using 'DbContextOptionsBuilder.EnableSensitiveDataLogging' to see key values.
dbug: Microsoft.EntityFrameworkCore.ChangeTracking[10806]
      Context 'TransportMgmtContext' started tracking 'TblDispatch' entity. Consider using 'DbContextOptionsBuilder.EnableSensitiveDataLogging' to see key values.
dbug: Microsoft.EntityFrameworkCore.ChangeTracking[10806]
      Context 'TransportMgmtContext' started tracking 'TblDispatch' entity. Consider using 'DbContextOptionsBuilder.EnableSensitiveDataLogging' to see key values.
dbug: Microsoft.EntityFrameworkCore.ChangeTracking[10806]
      Context 'TransportMgmtContext' started tracking 'TblDispatch' entity. Consider using 'DbContextOptionsBuilder.EnableSensitiveDataLogging' to see key values.
dbug: Microsoft.EntityFrameworkCore.ChangeTracking[10806]
      Context 'TransportMgmtContext' started tracking 'TblDispatch' entity. Consider using 'DbContextOptionsBuilder.EnableSensitiveDataLogging' to see key values.
dbug: Microsoft.EntityFrameworkCore.ChangeTracking[10806]
      Context 'TransportMgmtContext' started tracking 'TblDispatch' entity. Consider using 'DbContextOptionsBuilder.EnableSensitiveDataLogging' to see key values.
dbug: Microsoft.EntityFrameworkCore.ChangeTracking[10806]
      Context 'TransportMgmtContext' started tracking 'TblDispatch' entity. Consider using 'DbContextOptionsBuilder.EnableSensitiveDataLogging' to see key values.
dbug: Microsoft.EntityFrameworkCore.ChangeTracking[10806]
      Context 'TransportMgmtContext' started tracking 'TblDispatch' entity. Consider using 'DbContextOptionsBuilder.EnableSensitiveDataLogging' to see key values.
dbug: Microsoft.EntityFrameworkCore.ChangeTracking[10806]
      Context 'TransportMgmtContext' started tracking 'TblDispatch' entity. Consider using 'DbContextOptionsBuilder.EnableSensitiveDataLogging' to see key values.
dbug: Microsoft.EntityFrameworkCore.ChangeTracking[10806]
      Context 'TransportMgmtContext' started tracking 'TblDispatch' entity. Consider using 'DbContextOptionsBuilder.EnableSensitiveDataLogging' to see key values.
dbug: Microsoft.EntityFrameworkCore.ChangeTracking[10806]
      Context 'TransportMgmtContext' started tracking 'TblDispatch' entity. Consider using 'DbContextOptionsBuilder.EnableSensitiveDataLogging' to see key values.
dbug: Microsoft.EntityFrameworkCore.ChangeTracking[10806]
      Context 'TransportMgmtContext' started tracking 'TblDispatch' entity. Consider using 'DbContextOptionsBuilder.EnableSensitiveDataLogging' to see key values.
dbug: Microsoft.EntityFrameworkCore.ChangeTracking[10806]
      Context 'TransportMgmtContext' started tracking 'TblDispatch' entity. Consider using 'DbContextOptionsBuilder.EnableSensitiveDataLogging' to see key values.
dbug: Microsoft.EntityFrameworkCore.ChangeTracking[10806]
      Context 'TransportMgmtContext' started tracking 'TblDispatch' entity. Consider using 'DbContextOptionsBuilder.EnableSensitiveDataLogging' to see key values.
dbug: Microsoft.EntityFrameworkCore.ChangeTracking[10806]
      Context 'TransportMgmtContext' started tracking 'TblDispatch' entity. Consider using 'DbContextOptionsBuilder.EnableSensitiveDataLogging' to see key values.
dbug: Microsoft.EntityFrameworkCore.ChangeTracking[10806]
      Context 'TransportMgmtContext' started tracking 'TblDispatch' entity. Consider using 'DbContextOptionsBuilder.EnableSensitiveDataLogging' to see key values.
dbug: Microsoft.EntityFrameworkCore.ChangeTracking[10806]
      Context 'TransportMgmtContext' started tracking 'TblDispatch' entity. Consider using 'DbContextOptionsBuilder.EnableSensitiveDataLogging' to see key values.
dbug: Microsoft.EntityFrameworkCore.ChangeTracking[10806]
      Context 'TransportMgmtContext' started tracking 'TblDispatch' entity. Consider using 'DbContextOptionsBuilder.EnableSensitiveDataLogging' to see key values.
dbug: Microsoft.EntityFrameworkCore.ChangeTracking[10806]
      Context 'TransportMgmtContext' started tracking 'TblDispatch' entity. Consider using 'DbContextOptionsBuilder.EnableSensitiveDataLogging' to see key values.
dbug: Microsoft.EntityFrameworkCore.ChangeTracking[10806]
      Context 'TransportMgmtContext' started tracking 'TblDispatch' entity. Consider using 'DbContextOptionsBuilder.EnableSensitiveDataLogging' to see key values.
dbug: Microsoft.EntityFrameworkCore.ChangeTracking[10806]
      Context 'TransportMgmtContext' started tracking 'TblDispatch' entity. Consider using 'DbContextOptionsBuilder.EnableSensitiveDataLogging' to see key values.
dbug: Microsoft.EntityFrameworkCore.ChangeTracking[10806]
      Context 'TransportMgmtContext' started tracking 'TblDispatch' entity. Consider using 'DbContextOptionsBuilder.EnableSensitiveDataLogging' to see key values.
dbug: Microsoft.EntityFrameworkCore.ChangeTracking[10806]
      Context 'TransportMgmtContext' started tracking 'TblDispatch' entity. Consider using 'DbContextOptionsBuilder.EnableSensitiveDataLogging' to see key values.
dbug: Microsoft.EntityFrameworkCore.ChangeTracking[10806]
      Context 'TransportMgmtContext' started tracking 'TblDispatch' entity. Consider using 'DbContextOptionsBuilder.EnableSensitiveDataLogging' to see key values.
dbug: Microsoft.EntityFrameworkCore.ChangeTracking[10806]
      Context 'TransportMgmtContext' started tracking 'TblDispatch' entity. Consider using 'DbContextOptionsBuilder.EnableSensitiveDataLogging' to see key values.
dbug: Microsoft.EntityFrameworkCore.ChangeTracking[10806]
      Context 'TransportMgmtContext' started tracking 'TblDispatch' entity. Consider using 'DbContextOptionsBuilder.EnableSensitiveDataLogging' to see key values.
dbug: Microsoft.EntityFrameworkCore.ChangeTracking[10806]
      Context 'TransportMgmtContext' started tracking 'TblDispatch' entity. Consider using 'DbContextOptionsBuilder.EnableSensitiveDataLogging' to see key values.
dbug: Microsoft.EntityFrameworkCore.ChangeTracking[10806]
      Context 'TransportMgmtContext' started tracking 'TblDispatch' entity. Consider using 'DbContextOptionsBuilder.EnableSensitiveDataLogging' to see key values.
dbug: Microsoft.EntityFrameworkCore.ChangeTracking[10806]
      Context 'TransportMgmtContext' started tracking 'TblDispatch' entity. Consider using 'DbContextOptionsBuilder.EnableSensitiveDataLogging' to see key values.
dbug: Microsoft.EntityFrameworkCore.ChangeTracking[10806]
      Context 'TransportMgmtContext' started tracking 'TblDispatch' entity. Consider using 'DbContextOptionsBuilder.EnableSensitiveDataLogging' to see key values.
dbug: Microsoft.EntityFrameworkCore.ChangeTracking[10806]
      Context 'TransportMgmtContext' started tracking 'TblDispatch' entity. Consider using 'DbContextOptionsBuilder.EnableSensitiveDataLogging' to see key values.
dbug: Microsoft.EntityFrameworkCore.ChangeTracking[10806]
      Context 'TransportMgmtContext' started tracking 'TblDispatch' entity. Consider using 'DbContextOptionsBuilder.EnableSensitiveDataLogging' to see key values.
dbug: Microsoft.EntityFrameworkCore.ChangeTracking[10806]
      Context 'TransportMgmtContext' started tracking 'TblDispatch' entity. Consider using 'DbContextOptionsBuilder.EnableSensitiveDataLogging' to see key values.
dbug: Microsoft.EntityFrameworkCore.ChangeTracking[10806]
      Context 'TransportMgmtContext' started tracking 'TblDispatch' entity. Consider using 'DbContextOptionsBuilder.EnableSensitiveDataLogging' to see key values.
dbug: Microsoft.EntityFrameworkCore.ChangeTracking[10806]
      Context 'TransportMgmtContext' started tracking 'TblDispatch' entity. Consider using 'DbContextOptionsBuilder.EnableSensitiveDataLogging' to see key values.
dbug: Microsoft.EntityFrameworkCore.ChangeTracking[10806]
      Context 'TransportMgmtContext' started tracking 'TblDispatch' entity. Consider using 'DbContextOptionsBuilder.EnableSensitiveDataLogging' to see key values.
dbug: Microsoft.EntityFrameworkCore.ChangeTracking[10806]
      Context 'TransportMgmtContext' started tracking 'TblDispatch' entity. Consider using 'DbContextOptionsBuilder.EnableSensitiveDataLogging' to see key values.
dbug: Microsoft.EntityFrameworkCore.ChangeTracking[10806]
      Context 'TransportMgmtContext' started tracking 'TblDispatch' entity. Consider using 'DbContextOptionsBuilder.EnableSensitiveDataLogging' to see key values.
dbug: Microsoft.EntityFrameworkCore.ChangeTracking[10806]
      Context 'TransportMgmtContext' started tracking 'TblDispatch' entity. Consider using 'DbContextOptionsBuilder.EnableSensitiveDataLogging' to see key values.
dbug: Microsoft.EntityFrameworkCore.ChangeTracking[10806]
      Context 'TransportMgmtContext' started tracking 'TblDispatch' entity. Consider using 'DbContextOptionsBuilder.EnableSensitiveDataLogging' to see key values.
dbug: Microsoft.EntityFrameworkCore.ChangeTracking[10806]
      Context 'TransportMgmtContext' started tracking 'TblDispatch' entity. Consider using 'DbContextOptionsBuilder.EnableSensitiveDataLogging' to see key values.
dbug: Microsoft.EntityFrameworkCore.ChangeTracking[10806]
      Context 'TransportMgmtContext' started tracking 'TblDispatch' entity. Consider using 'DbContextOptionsBuilder.EnableSensitiveDataLogging' to see key values.
dbug: Microsoft.EntityFrameworkCore.ChangeTracking[10806]
      Context 'TransportMgmtContext' started tracking 'TblDispatch' entity. Consider using 'DbContextOptionsBuilder.EnableSensitiveDataLogging' to see key values.
dbug: Microsoft.EntityFrameworkCore.ChangeTracking[10806]
      Context 'TransportMgmtContext' started tracking 'TblDispatch' entity. Consider using 'DbContextOptionsBuilder.EnableSensitiveDataLogging' to see key values.
dbug: Microsoft.EntityFrameworkCore.ChangeTracking[10806]
      Context 'TransportMgmtContext' started tracking 'TblDispatch' entity. Consider using 'DbContextOptionsBuilder.EnableSensitiveDataLogging' to see key values.
dbug: Microsoft.EntityFrameworkCore.ChangeTracking[10806]
      Context 'TransportMgmtContext' started tracking 'TblDispatch' entity. Consider using 'DbContextOptionsBuilder.EnableSensitiveDataLogging' to see key values.
dbug: Microsoft.EntityFrameworkCore.ChangeTracking[10806]
      Context 'TransportMgmtContext' started tracking 'TblDispatch' entity. Consider using 'DbContextOptionsBuilder.EnableSensitiveDataLogging' to see key values.
dbug: Microsoft.EntityFrameworkCore.ChangeTracking[10806]
      Context 'TransportMgmtContext' started tracking 'TblDispatch' entity. Consider using 'DbContextOptionsBuilder.EnableSensitiveDataLogging' to see key values.
dbug: Microsoft.EntityFrameworkCore.ChangeTracking[10806]
      Context 'TransportMgmtContext' started tracking 'TblDispatch' entity. Consider using 'DbContextOptionsBuilder.EnableSensitiveDataLogging' to see key values.
dbug: Microsoft.EntityFrameworkCore.ChangeTracking[10806]
      Context 'TransportMgmtContext' started tracking 'TblDispatch' entity. Consider using 'DbContextOptionsBuilder.EnableSensitiveDataLogging' to see key values.
dbug: Microsoft.EntityFrameworkCore.ChangeTracking[10806]
      Context 'TransportMgmtContext' started tracking 'TblDispatch' entity. Consider using 'DbContextOptionsBuilder.EnableSensitiveDataLogging' to see key values.
dbug: Microsoft.EntityFrameworkCore.ChangeTracking[10806]
      Context 'TransportMgmtContext' started tracking 'TblDispatch' entity. Consider using 'DbContextOptionsBuilder.EnableSensitiveDataLogging' to see key values.
dbug: Microsoft.EntityFrameworkCore.ChangeTracking[10806]
      Context 'TransportMgmtContext' started tracking 'TblDispatch' entity. Consider using 'DbContextOptionsBuilder.EnableSensitiveDataLogging' to see key values.
dbug: Microsoft.EntityFrameworkCore.ChangeTracking[10806]
      Context 'TransportMgmtContext' started tracking 'TblDispatch' entity. Consider using 'DbContextOptionsBuilder.EnableSensitiveDataLogging' to see key values.
dbug: Microsoft.EntityFrameworkCore.ChangeTracking[10806]
      Context 'TransportMgmtContext' started tracking 'TblDispatch' entity. Consider using 'DbContextOptionsBuilder.EnableSensitiveDataLogging' to see key values.
dbug: Microsoft.EntityFrameworkCore.ChangeTracking[10806]
      Context 'TransportMgmtContext' started tracking 'TblDispatch' entity. Consider using 'DbContextOptionsBuilder.EnableSensitiveDataLogging' to see key values.
dbug: Microsoft.EntityFrameworkCore.ChangeTracking[10806]
      Context 'TransportMgmtContext' started tracking 'TblDispatch' entity. Consider using 'DbContextOptionsBuilder.EnableSensitiveDataLogging' to see key values.
dbug: Microsoft.EntityFrameworkCore.ChangeTracking[10806]
      Context 'TransportMgmtContext' started tracking 'TblDispatch' entity. Consider using 'DbContextOptionsBuilder.EnableSensitiveDataLogging' to see key values.
dbug: Microsoft.EntityFrameworkCore.ChangeTracking[10806]
      Context 'TransportMgmtContext' started tracking 'TblDispatch' entity. Consider using 'DbContextOptionsBuilder.EnableSensitiveDataLogging' to see key values.
dbug: Microsoft.EntityFrameworkCore.ChangeTracking[10806]
      Context 'TransportMgmtContext' started tracking 'TblDispatch' entity. Consider using 'DbContextOptionsBuilder.EnableSensitiveDataLogging' to see key values.
dbug: Microsoft.EntityFrameworkCore.ChangeTracking[10806]
      Context 'TransportMgmtContext' started tracking 'TblDispatch' entity. Consider using 'DbContextOptionsBuilder.EnableSensitiveDataLogging' to see key values.
dbug: Microsoft.EntityFrameworkCore.ChangeTracking[10806]
      Context 'TransportMgmtContext' started tracking 'TblDispatch' entity. Consider using 'DbContextOptionsBuilder.EnableSensitiveDataLogging' to see key values.
dbug: Microsoft.EntityFrameworkCore.ChangeTracking[10806]
      Context 'TransportMgmtContext' started tracking 'TblDispatch' entity. Consider using 'DbContextOptionsBuilder.EnableSensitiveDataLogging' to see key values.
dbug: Microsoft.EntityFrameworkCore.ChangeTracking[10806]
      Context 'TransportMgmtContext' started tracking 'TblDispatch' entity. Consider using 'DbContextOptionsBuilder.EnableSensitiveDataLogging' to see key values.
dbug: Microsoft.EntityFrameworkCore.ChangeTracking[10806]
      Context 'TransportMgmtContext' started tracking 'TblDispatch' entity. Consider using 'DbContextOptionsBuilder.EnableSensitiveDataLogging' to see key values.
dbug: Microsoft.EntityFrameworkCore.ChangeTracking[10806]
      Context 'TransportMgmtContext' started tracking 'TblDispatch' entity. Consider using 'DbContextOptionsBuilder.EnableSensitiveDataLogging' to see key values.
dbug: Microsoft.EntityFrameworkCore.ChangeTracking[10806]
      Context 'TransportMgmtContext' started tracking 'TblDispatch' entity. Consider using 'DbContextOptionsBuilder.EnableSensitiveDataLogging' to see key values.
dbug: Microsoft.EntityFrameworkCore.ChangeTracking[10806]
      Context 'TransportMgmtContext' started tracking 'TblDispatch' entity. Consider using 'DbContextOptionsBuilder.EnableSensitiveDataLogging' to see key values.
dbug: Microsoft.EntityFrameworkCore.ChangeTracking[10806]
      Context 'TransportMgmtContext' started tracking 'TblDispatch' entity. Consider using 'DbContextOptionsBuilder.EnableSensitiveDataLogging' to see key values.
dbug: Microsoft.EntityFrameworkCore.ChangeTracking[10806]
      Context 'TransportMgmtContext' started tracking 'TblDispatch' entity. Consider using 'DbContextOptionsBuilder.EnableSensitiveDataLogging' to see key values.
dbug: Microsoft.EntityFrameworkCore.ChangeTracking[10806]
      Context 'TransportMgmtContext' started tracking 'TblDispatch' entity. Consider using 'DbContextOptionsBuilder.EnableSensitiveDataLogging' to see key values.
dbug: Microsoft.EntityFrameworkCore.ChangeTracking[10806]
      Context 'TransportMgmtContext' started tracking 'TblDispatch' entity. Consider using 'DbContextOptionsBuilder.EnableSensitiveDataLogging' to see key values.
dbug: Microsoft.EntityFrameworkCore.ChangeTracking[10806]
      Context 'TransportMgmtContext' started tracking 'TblDispatch' entity. Consider using 'DbContextOptionsBuilder.EnableSensitiveDataLogging' to see key values.
dbug: Microsoft.EntityFrameworkCore.ChangeTracking[10806]
      Context 'TransportMgmtContext' started tracking 'TblDispatch' entity. Consider using 'DbContextOptionsBuilder.EnableSensitiveDataLogging' to see key values.
dbug: Microsoft.EntityFrameworkCore.ChangeTracking[10806]
      Context 'TransportMgmtContext' started tracking 'TblDispatch' entity. Consider using 'DbContextOptionsBuilder.EnableSensitiveDataLogging' to see key values.
dbug: Microsoft.EntityFrameworkCore.ChangeTracking[10806]
      Context 'TransportMgmtContext' started tracking 'TblDispatch' entity. Consider using 'DbContextOptionsBuilder.EnableSensitiveDataLogging' to see key values.
dbug: Microsoft.EntityFrameworkCore.ChangeTracking[10806]
      Context 'TransportMgmtContext' started tracking 'TblDispatch' entity. Consider using 'DbContextOptionsBuilder.EnableSensitiveDataLogging' to see key values.
dbug: Microsoft.EntityFrameworkCore.ChangeTracking[10806]
      Context 'TransportMgmtContext' started tracking 'TblDispatch' entity. Consider using 'DbContextOptionsBuilder.EnableSensitiveDataLogging' to see key values.
dbug: Microsoft.EntityFrameworkCore.ChangeTracking[10806]
      Context 'TransportMgmtContext' started tracking 'TblDispatch' entity. Consider using 'DbContextOptionsBuilder.EnableSensitiveDataLogging' to see key values.
dbug: Microsoft.EntityFrameworkCore.ChangeTracking[10806]
      Context 'TransportMgmtContext' started tracking 'TblDispatch' entity. Consider using 'DbContextOptionsBuilder.EnableSensitiveDataLogging' to see key values.
dbug: Microsoft.EntityFrameworkCore.ChangeTracking[10806]
      Context 'TransportMgmtContext' started tracking 'TblDispatch' entity. Consider using 'DbContextOptionsBuilder.EnableSensitiveDataLogging' to see key values.
dbug: Microsoft.EntityFrameworkCore.ChangeTracking[10806]
      Context 'TransportMgmtContext' started tracking 'TblDispatch' entity. Consider using 'DbContextOptionsBuilder.EnableSensitiveDataLogging' to see key values.
dbug: Microsoft.EntityFrameworkCore.ChangeTracking[10806]
      Context 'TransportMgmtContext' started tracking 'TblDispatch' entity. Consider using 'DbContextOptionsBuilder.EnableSensitiveDataLogging' to see key values.
dbug: Microsoft.EntityFrameworkCore.ChangeTracking[10806]
      Context 'TransportMgmtContext' started tracking 'TblDispatch' entity. Consider using 'DbContextOptionsBuilder.EnableSensitiveDataLogging' to see key values.
dbug: Microsoft.EntityFrameworkCore.ChangeTracking[10806]
      Context 'TransportMgmtContext' started tracking 'TblDispatch' entity. Consider using 'DbContextOptionsBuilder.EnableSensitiveDataLogging' to see key values.
dbug: Microsoft.EntityFrameworkCore.ChangeTracking[10806]
      Context 'TransportMgmtContext' started tracking 'TblDispatch' entity. Consider using 'DbContextOptionsBuilder.EnableSensitiveDataLogging' to see key values.
dbug: Microsoft.EntityFrameworkCore.ChangeTracking[10806]
      Context 'TransportMgmtContext' started tracking 'TblDispatch' entity. Consider using 'DbContextOptionsBuilder.EnableSensitiveDataLogging' to see key values.
dbug: Microsoft.EntityFrameworkCore.ChangeTracking[10806]
      Context 'TransportMgmtContext' started tracking 'TblDispatch' entity. Consider using 'DbContextOptionsBuilder.EnableSensitiveDataLogging' to see key values.
dbug: Microsoft.EntityFrameworkCore.ChangeTracking[10806]
      Context 'TransportMgmtContext' started tracking 'TblDispatch' entity. Consider using 'DbContextOptionsBuilder.EnableSensitiveDataLogging' to see key values.
dbug: Microsoft.EntityFrameworkCore.ChangeTracking[10806]
      Context 'TransportMgmtContext' started tracking 'TblDispatch' entity. Consider using 'DbContextOptionsBuilder.EnableSensitiveDataLogging' to see key values.
dbug: Microsoft.EntityFrameworkCore.ChangeTracking[10806]
      Context 'TransportMgmtContext' started tracking 'TblDispatch' entity. Consider using 'DbContextOptionsBuilder.EnableSensitiveDataLogging' to see key values.
dbug: Microsoft.EntityFrameworkCore.ChangeTracking[10806]
      Context 'TransportMgmtContext' started tracking 'TblDispatch' entity. Consider using 'DbContextOptionsBuilder.EnableSensitiveDataLogging' to see key values.
dbug: Microsoft.EntityFrameworkCore.ChangeTracking[10806]
      Context 'TransportMgmtContext' started tracking 'TblDispatch' entity. Consider using 'DbContextOptionsBuilder.EnableSensitiveDataLogging' to see key values.
dbug: Microsoft.EntityFrameworkCore.ChangeTracking[10806]
      Context 'TransportMgmtContext' started tracking 'TblDispatch' entity. Consider using 'DbContextOptionsBuilder.EnableSensitiveDataLogging' to see key values.
dbug: Microsoft.EntityFrameworkCore.ChangeTracking[10806]
      Context 'TransportMgmtContext' started tracking 'TblDispatch' entity. Consider using 'DbContextOptionsBuilder.EnableSensitiveDataLogging' to see key values.
dbug: Microsoft.EntityFrameworkCore.ChangeTracking[10806]
      Context 'TransportMgmtContext' started tracking 'TblDispatch' entity. Consider using 'DbContextOptionsBuilder.EnableSensitiveDataLogging' to see key values.
dbug: Microsoft.EntityFrameworkCore.ChangeTracking[10806]
      Context 'TransportMgmtContext' started tracking 'TblDispatch' entity. Consider using 'DbContextOptionsBuilder.EnableSensitiveDataLogging' to see key values.
dbug: Microsoft.EntityFrameworkCore.ChangeTracking[10806]
      Context 'TransportMgmtContext' started tracking 'TblDispatch' entity. Consider using 'DbContextOptionsBuilder.EnableSensitiveDataLogging' to see key values.
dbug: Microsoft.EntityFrameworkCore.ChangeTracking[10806]
      Context 'TransportMgmtContext' started tracking 'TblDispatch' entity. Consider using 'DbContextOptionsBuilder.EnableSensitiveDataLogging' to see key values.
dbug: Microsoft.EntityFrameworkCore.ChangeTracking[10806]
      Context 'TransportMgmtContext' started tracking 'TblDispatch' entity. Consider using 'DbContextOptionsBuilder.EnableSensitiveDataLogging' to see key values.
dbug: Microsoft.EntityFrameworkCore.ChangeTracking[10806]
      Context 'TransportMgmtContext' started tracking 'TblDispatch' entity. Consider using 'DbContextOptionsBuilder.EnableSensitiveDataLogging' to see key values.
dbug: Microsoft.EntityFrameworkCore.ChangeTracking[10806]
      Context 'TransportMgmtContext' started tracking 'TblDispatch' entity. Consider using 'DbContextOptionsBuilder.EnableSensitiveDataLogging' to see key values.
dbug: Microsoft.EntityFrameworkCore.ChangeTracking[10806]
      Context 'TransportMgmtContext' started tracking 'TblDispatch' entity. Consider using 'DbContextOptionsBuilder.EnableSensitiveDataLogging' to see key values.
dbug: Microsoft.EntityFrameworkCore.ChangeTracking[10806]
      Context 'TransportMgmtContext' started tracking 'TblDispatch' entity. Consider using 'DbContextOptionsBuilder.EnableSensitiveDataLogging' to see key values.
dbug: Microsoft.EntityFrameworkCore.ChangeTracking[10806]
      Context 'TransportMgmtContext' started tracking 'TblDispatch' entity. Consider using 'DbContextOptionsBuilder.EnableSensitiveDataLogging' to see key values.
dbug: Microsoft.EntityFrameworkCore.ChangeTracking[10806]
      Context 'TransportMgmtContext' started tracking 'TblDispatch' entity. Consider using 'DbContextOptionsBuilder.EnableSensitiveDataLogging' to see key values.
dbug: Microsoft.EntityFrameworkCore.ChangeTracking[10806]
      Context 'TransportMgmtContext' started tracking 'TblDispatch' entity. Consider using 'DbContextOptionsBuilder.EnableSensitiveDataLogging' to see key values.
dbug: Microsoft.EntityFrameworkCore.ChangeTracking[10806]
      Context 'TransportMgmtContext' started tracking 'TblDispatch' entity. Consider using 'DbContextOptionsBuilder.EnableSensitiveDataLogging' to see key values.
dbug: Microsoft.EntityFrameworkCore.ChangeTracking[10806]
      Context 'TransportMgmtContext' started tracking 'TblDispatch' entity. Consider using 'DbContextOptionsBuilder.EnableSensitiveDataLogging' to see key values.
dbug: Microsoft.EntityFrameworkCore.ChangeTracking[10806]
      Context 'TransportMgmtContext' started tracking 'TblDispatch' entity. Consider using 'DbContextOptionsBuilder.EnableSensitiveDataLogging' to see key values.
dbug: Microsoft.EntityFrameworkCore.ChangeTracking[10806]
      Context 'TransportMgmtContext' started tracking 'TblDispatch' entity. Consider using 'DbContextOptionsBuilder.EnableSensitiveDataLogging' to see key values.
dbug: Microsoft.EntityFrameworkCore.ChangeTracking[10806]
      Context 'TransportMgmtContext' started tracking 'TblDispatch' entity. Consider using 'DbContextOptionsBuilder.EnableSensitiveDataLogging' to see key values.
dbug: Microsoft.EntityFrameworkCore.ChangeTracking[10806]
      Context 'TransportMgmtContext' started tracking 'TblDispatch' entity. Consider using 'DbContextOptionsBuilder.EnableSensitiveDataLogging' to see key values.
dbug: Microsoft.EntityFrameworkCore.ChangeTracking[10806]
      Context 'TransportMgmtContext' started tracking 'TblDispatch' entity. Consider using 'DbContextOptionsBuilder.EnableSensitiveDataLogging' to see key values.
dbug: Microsoft.EntityFrameworkCore.ChangeTracking[10806]
      Context 'TransportMgmtContext' started tracking 'TblDispatch' entity. Consider using 'DbContextOptionsBuilder.EnableSensitiveDataLogging' to see key values.
dbug: Microsoft.EntityFrameworkCore.ChangeTracking[10806]
      Context 'TransportMgmtContext' started tracking 'TblDispatch' entity. Consider using 'DbContextOptionsBuilder.EnableSensitiveDataLogging' to see key values.
dbug: Microsoft.EntityFrameworkCore.ChangeTracking[10806]
      Context 'TransportMgmtContext' started tracking 'TblDispatch' entity. Consider using 'DbContextOptionsBuilder.EnableSensitiveDataLogging' to see key values.
dbug: Microsoft.EntityFrameworkCore.ChangeTracking[10806]
      Context 'TransportMgmtContext' started tracking 'TblDispatch' entity. Consider using 'DbContextOptionsBuilder.EnableSensitiveDataLogging' to see key values.
dbug: Microsoft.EntityFrameworkCore.ChangeTracking[10806]
      Context 'TransportMgmtContext' started tracking 'TblDispatch' entity. Consider using 'DbContextOptionsBuilder.EnableSensitiveDataLogging' to see key values.
dbug: Microsoft.EntityFrameworkCore.ChangeTracking[10806]
      Context 'TransportMgmtContext' started tracking 'TblDispatch' entity. Consider using 'DbContextOptionsBuilder.EnableSensitiveDataLogging' to see key values.
dbug: Microsoft.EntityFrameworkCore.ChangeTracking[10806]
      Context 'TransportMgmtContext' started tracking 'TblDispatch' entity. Consider using 'DbContextOptionsBuilder.EnableSensitiveDataLogging' to see key values.
dbug: Microsoft.EntityFrameworkCore.ChangeTracking[10806]
      Context 'TransportMgmtContext' started tracking 'TblDispatch' entity. Consider using 'DbContextOptionsBuilder.EnableSensitiveDataLogging' to see key values.
dbug: Microsoft.EntityFrameworkCore.ChangeTracking[10806]
      Context 'TransportMgmtContext' started tracking 'TblDispatch' entity. Consider using 'DbContextOptionsBuilder.EnableSensitiveDataLogging' to see key values.
dbug: Microsoft.EntityFrameworkCore.ChangeTracking[10806]
      Context 'TransportMgmtContext' started tracking 'TblDispatch' entity. Consider using 'DbContextOptionsBuilder.EnableSensitiveDataLogging' to see key values.
dbug: Microsoft.EntityFrameworkCore.ChangeTracking[10806]
      Context 'TransportMgmtContext' started tracking 'TblDispatch' entity. Consider using 'DbContextOptionsBuilder.EnableSensitiveDataLogging' to see key values.
dbug: Microsoft.EntityFrameworkCore.ChangeTracking[10806]
      Context 'TransportMgmtContext' started tracking 'TblDispatch' entity. Consider using 'DbContextOptionsBuilder.EnableSensitiveDataLogging' to see key values.
dbug: Microsoft.EntityFrameworkCore.ChangeTracking[10806]
      Context 'TransportMgmtContext' started tracking 'TblDispatch' entity. Consider using 'DbContextOptionsBuilder.EnableSensitiveDataLogging' to see key values.
dbug: Microsoft.EntityFrameworkCore.ChangeTracking[10806]
      Context 'TransportMgmtContext' started tracking 'TblDispatch' entity. Consider using 'DbContextOptionsBuilder.EnableSensitiveDataLogging' to see key values.
dbug: Microsoft.EntityFrameworkCore.ChangeTracking[10806]
      Context 'TransportMgmtContext' started tracking 'TblDispatch' entity. Consider using 'DbContextOptionsBuilder.EnableSensitiveDataLogging' to see key values.
dbug: Microsoft.EntityFrameworkCore.ChangeTracking[10806]
      Context 'TransportMgmtContext' started tracking 'TblDispatch' entity. Consider using 'DbContextOptionsBuilder.EnableSensitiveDataLogging' to see key values.
dbug: Microsoft.EntityFrameworkCore.ChangeTracking[10806]
      Context 'TransportMgmtContext' started tracking 'TblDispatch' entity. Consider using 'DbContextOptionsBuilder.EnableSensitiveDataLogging' to see key values.
dbug: Microsoft.EntityFrameworkCore.ChangeTracking[10806]
      Context 'TransportMgmtContext' started tracking 'TblDispatch' entity. Consider using 'DbContextOptionsBuilder.EnableSensitiveDataLogging' to see key values.
dbug: Microsoft.EntityFrameworkCore.ChangeTracking[10806]
      Context 'TransportMgmtContext' started tracking 'TblDispatch' entity. Consider using 'DbContextOptionsBuilder.EnableSensitiveDataLogging' to see key values.
dbug: Microsoft.EntityFrameworkCore.ChangeTracking[10806]
      Context 'TransportMgmtContext' started tracking 'TblDispatch' entity. Consider using 'DbContextOptionsBuilder.EnableSensitiveDataLogging' to see key values.
dbug: Microsoft.EntityFrameworkCore.ChangeTracking[10806]
      Context 'TransportMgmtContext' started tracking 'TblDispatch' entity. Consider using 'DbContextOptionsBuilder.EnableSensitiveDataLogging' to see key values.
dbug: Microsoft.EntityFrameworkCore.ChangeTracking[10806]
      Context 'TransportMgmtContext' started tracking 'TblDispatch' entity. Consider using 'DbContextOptionsBuilder.EnableSensitiveDataLogging' to see key values.
dbug: Microsoft.EntityFrameworkCore.ChangeTracking[10806]
      Context 'TransportMgmtContext' started tracking 'TblDispatch' entity. Consider using 'DbContextOptionsBuilder.EnableSensitiveDataLogging' to see key values.
dbug: Microsoft.EntityFrameworkCore.ChangeTracking[10806]
      Context 'TransportMgmtContext' started tracking 'TblDispatch' entity. Consider using 'DbContextOptionsBuilder.EnableSensitiveDataLogging' to see key values.
dbug: Microsoft.EntityFrameworkCore.ChangeTracking[10806]
      Context 'TransportMgmtContext' started tracking 'TblDispatch' entity. Consider using 'DbContextOptionsBuilder.EnableSensitiveDataLogging' to see key values.
dbug: Microsoft.EntityFrameworkCore.ChangeTracking[10806]
      Context 'TransportMgmtContext' started tracking 'TblDispatch' entity. Consider using 'DbContextOptionsBuilder.EnableSensitiveDataLogging' to see key values.
dbug: Microsoft.EntityFrameworkCore.ChangeTracking[10806]
      Context 'TransportMgmtContext' started tracking 'TblDispatch' entity. Consider using 'DbContextOptionsBuilder.EnableSensitiveDataLogging' to see key values.
dbug: Microsoft.EntityFrameworkCore.ChangeTracking[10806]
      Context 'TransportMgmtContext' started tracking 'TblDispatch' entity. Consider using 'DbContextOptionsBuilder.EnableSensitiveDataLogging' to see key values.
dbug: Microsoft.EntityFrameworkCore.ChangeTracking[10806]
      Context 'TransportMgmtContext' started tracking 'TblDispatch' entity. Consider using 'DbContextOptionsBuilder.EnableSensitiveDataLogging' to see key values.
dbug: Microsoft.EntityFrameworkCore.ChangeTracking[10806]
      Context 'TransportMgmtContext' started tracking 'TblDispatch' entity. Consider using 'DbContextOptionsBuilder.EnableSensitiveDataLogging' to see key values.
dbug: Microsoft.EntityFrameworkCore.ChangeTracking[10806]
      Context 'TransportMgmtContext' started tracking 'TblDispatch' entity. Consider using 'DbContextOptionsBuilder.EnableSensitiveDataLogging' to see key values.
dbug: Microsoft.EntityFrameworkCore.ChangeTracking[10806]
      Context 'TransportMgmtContext' started tracking 'TblDispatch' entity. Consider using 'DbContextOptionsBuilder.EnableSensitiveDataLogging' to see key values.
dbug: Microsoft.EntityFrameworkCore.ChangeTracking[10806]
      Context 'TransportMgmtContext' started tracking 'TblDispatch' entity. Consider using 'DbContextOptionsBuilder.EnableSensitiveDataLogging' to see key values.
dbug: Microsoft.EntityFrameworkCore.ChangeTracking[10806]
      Context 'TransportMgmtContext' started tracking 'TblDispatch' entity. Consider using 'DbContextOptionsBuilder.EnableSensitiveDataLogging' to see key values.
dbug: Microsoft.EntityFrameworkCore.ChangeTracking[10806]
      Context 'TransportMgmtContext' started tracking 'TblDispatch' entity. Consider using 'DbContextOptionsBuilder.EnableSensitiveDataLogging' to see key values.
dbug: Microsoft.EntityFrameworkCore.ChangeTracking[10806]
      Context 'TransportMgmtContext' started tracking 'TblDispatch' entity. Consider using 'DbContextOptionsBuilder.EnableSensitiveDataLogging' to see key values.
dbug: Microsoft.EntityFrameworkCore.ChangeTracking[10806]
      Context 'TransportMgmtContext' started tracking 'TblDispatch' entity. Consider using 'DbContextOptionsBuilder.EnableSensitiveDataLogging' to see key values.
dbug: Microsoft.EntityFrameworkCore.ChangeTracking[10806]
      Context 'TransportMgmtContext' started tracking 'TblDispatch' entity. Consider using 'DbContextOptionsBuilder.EnableSensitiveDataLogging' to see key values.
dbug: Microsoft.EntityFrameworkCore.ChangeTracking[10806]
      Context 'TransportMgmtContext' started tracking 'TblDispatch' entity. Consider using 'DbContextOptionsBuilder.EnableSensitiveDataLogging' to see key values.
dbug: Microsoft.EntityFrameworkCore.ChangeTracking[10806]
      Context 'TransportMgmtContext' started tracking 'TblDispatch' entity. Consider using 'DbContextOptionsBuilder.EnableSensitiveDataLogging' to see key values.
dbug: Microsoft.EntityFrameworkCore.ChangeTracking[10806]
      Context 'TransportMgmtContext' started tracking 'TblDispatch' entity. Consider using 'DbContextOptionsBuilder.EnableSensitiveDataLogging' to see key values.
dbug: Microsoft.EntityFrameworkCore.ChangeTracking[10806]
      Context 'TransportMgmtContext' started tracking 'TblDispatch' entity. Consider using 'DbContextOptionsBuilder.EnableSensitiveDataLogging' to see key values.
dbug: Microsoft.EntityFrameworkCore.ChangeTracking[10806]
      Context 'TransportMgmtContext' started tracking 'TblDispatch' entity. Consider using 'DbContextOptionsBuilder.EnableSensitiveDataLogging' to see key values.
dbug: Microsoft.EntityFrameworkCore.ChangeTracking[10806]
      Context 'TransportMgmtContext' started tracking 'TblDispatch' entity. Consider using 'DbContextOptionsBuilder.EnableSensitiveDataLogging' to see key values.
dbug: Microsoft.EntityFrameworkCore.ChangeTracking[10806]
      Context 'TransportMgmtContext' started tracking 'TblDispatch' entity. Consider using 'DbContextOptionsBuilder.EnableSensitiveDataLogging' to see key values.
dbug: Microsoft.EntityFrameworkCore.ChangeTracking[10806]
      Context 'TransportMgmtContext' started tracking 'TblDispatch' entity. Consider using 'DbContextOptionsBuilder.EnableSensitiveDataLogging' to see key values.
dbug: Microsoft.EntityFrameworkCore.ChangeTracking[10806]
      Context 'TransportMgmtContext' started tracking 'TblDispatch' entity. Consider using 'DbContextOptionsBuilder.EnableSensitiveDataLogging' to see key values.
dbug: Microsoft.EntityFrameworkCore.ChangeTracking[10806]
      Context 'TransportMgmtContext' started tracking 'TblDispatch' entity. Consider using 'DbContextOptionsBuilder.EnableSensitiveDataLogging' to see key values.
dbug: Microsoft.EntityFrameworkCore.ChangeTracking[10806]
      Context 'TransportMgmtContext' started tracking 'TblDispatch' entity. Consider using 'DbContextOptionsBuilder.EnableSensitiveDataLogging' to see key values.
dbug: Microsoft.EntityFrameworkCore.ChangeTracking[10806]
      Context 'TransportMgmtContext' started tracking 'TblDispatch' entity. Consider using 'DbContextOptionsBuilder.EnableSensitiveDataLogging' to see key values.
dbug: Microsoft.EntityFrameworkCore.ChangeTracking[10806]
      Context 'TransportMgmtContext' started tracking 'TblDispatch' entity. Consider using 'DbContextOptionsBuilder.EnableSensitiveDataLogging' to see key values.
dbug: Microsoft.EntityFrameworkCore.ChangeTracking[10806]
      Context 'TransportMgmtContext' started tracking 'TblDispatch' entity. Consider using 'DbContextOptionsBuilder.EnableSensitiveDataLogging' to see key values.
dbug: Microsoft.EntityFrameworkCore.ChangeTracking[10806]
      Context 'TransportMgmtContext' started tracking 'TblDispatch' entity. Consider using 'DbContextOptionsBuilder.EnableSensitiveDataLogging' to see key values.
dbug: Microsoft.EntityFrameworkCore.ChangeTracking[10806]
      Context 'TransportMgmtContext' started tracking 'TblDispatch' entity. Consider using 'DbContextOptionsBuilder.EnableSensitiveDataLogging' to see key values.
dbug: Microsoft.EntityFrameworkCore.ChangeTracking[10806]
      Context 'TransportMgmtContext' started tracking 'TblDispatch' entity. Consider using 'DbContextOptionsBuilder.EnableSensitiveDataLogging' to see key values.
dbug: Microsoft.EntityFrameworkCore.ChangeTracking[10806]
      Context 'TransportMgmtContext' started tracking 'TblDispatch' entity. Consider using 'DbContextOptionsBuilder.EnableSensitiveDataLogging' to see key values.
dbug: Microsoft.EntityFrameworkCore.ChangeTracking[10806]
      Context 'TransportMgmtContext' started tracking 'TblDispatch' entity. Consider using 'DbContextOptionsBuilder.EnableSensitiveDataLogging' to see key values.
dbug: Microsoft.EntityFrameworkCore.ChangeTracking[10806]
      Context 'TransportMgmtContext' started tracking 'TblDispatch' entity. Consider using 'DbContextOptionsBuilder.EnableSensitiveDataLogging' to see key values.
dbug: Microsoft.EntityFrameworkCore.ChangeTracking[10806]
      Context 'TransportMgmtContext' started tracking 'TblDispatch' entity. Consider using 'DbContextOptionsBuilder.EnableSensitiveDataLogging' to see key values.
dbug: Microsoft.EntityFrameworkCore.ChangeTracking[10806]
      Context 'TransportMgmtContext' started tracking 'TblDispatch' entity. Consider using 'DbContextOptionsBuilder.EnableSensitiveDataLogging' to see key values.
dbug: Microsoft.EntityFrameworkCore.ChangeTracking[10806]
      Context 'TransportMgmtContext' started tracking 'TblDispatch' entity. Consider using 'DbContextOptionsBuilder.EnableSensitiveDataLogging' to see key values.
dbug: Microsoft.EntityFrameworkCore.ChangeTracking[10806]
      Context 'TransportMgmtContext' started tracking 'TblDispatch' entity. Consider using 'DbContextOptionsBuilder.EnableSensitiveDataLogging' to see key values.
dbug: Microsoft.EntityFrameworkCore.ChangeTracking[10806]
      Context 'TransportMgmtContext' started tracking 'TblDispatch' entity. Consider using 'DbContextOptionsBuilder.EnableSensitiveDataLogging' to see key values.
dbug: Microsoft.EntityFrameworkCore.ChangeTracking[10806]
      Context 'TransportMgmtContext' started tracking 'TblDispatch' entity. Consider using 'DbContextOptionsBuilder.EnableSensitiveDataLogging' to see key values.
dbug: Microsoft.EntityFrameworkCore.ChangeTracking[10806]
      Context 'TransportMgmtContext' started tracking 'TblDispatch' entity. Consider using 'DbContextOptionsBuilder.EnableSensitiveDataLogging' to see key values.
dbug: Microsoft.EntityFrameworkCore.ChangeTracking[10806]
      Context 'TransportMgmtContext' started tracking 'TblDispatch' entity. Consider using 'DbContextOptionsBuilder.EnableSensitiveDataLogging' to see key values.
dbug: Microsoft.EntityFrameworkCore.ChangeTracking[10806]
      Context 'TransportMgmtContext' started tracking 'TblDispatch' entity. Consider using 'DbContextOptionsBuilder.EnableSensitiveDataLogging' to see key values.
dbug: Microsoft.EntityFrameworkCore.ChangeTracking[10806]
      Context 'TransportMgmtContext' started tracking 'TblDispatch' entity. Consider using 'DbContextOptionsBuilder.EnableSensitiveDataLogging' to see key values.
dbug: Microsoft.EntityFrameworkCore.ChangeTracking[10806]
      Context 'TransportMgmtContext' started tracking 'TblDispatch' entity. Consider using 'DbContextOptionsBuilder.EnableSensitiveDataLogging' to see key values.
dbug: Microsoft.EntityFrameworkCore.ChangeTracking[10806]
      Context 'TransportMgmtContext' started tracking 'TblDispatch' entity. Consider using 'DbContextOptionsBuilder.EnableSensitiveDataLogging' to see key values.
dbug: Microsoft.EntityFrameworkCore.ChangeTracking[10806]
      Context 'TransportMgmtContext' started tracking 'TblDispatch' entity. Consider using 'DbContextOptionsBuilder.EnableSensitiveDataLogging' to see key values.
dbug: Microsoft.EntityFrameworkCore.ChangeTracking[10806]
      Context 'TransportMgmtContext' started tracking 'TblDispatch' entity. Consider using 'DbContextOptionsBuilder.EnableSensitiveDataLogging' to see key values.
dbug: Microsoft.EntityFrameworkCore.ChangeTracking[10806]
      Context 'TransportMgmtContext' started tracking 'TblDispatch' entity. Consider using 'DbContextOptionsBuilder.EnableSensitiveDataLogging' to see key values.
dbug: Microsoft.EntityFrameworkCore.ChangeTracking[10806]
      Context 'TransportMgmtContext' started tracking 'TblDispatch' entity. Consider using 'DbContextOptionsBuilder.EnableSensitiveDataLogging' to see key values.
dbug: Microsoft.EntityFrameworkCore.ChangeTracking[10806]
      Context 'TransportMgmtContext' started tracking 'TblDispatch' entity. Consider using 'DbContextOptionsBuilder.EnableSensitiveDataLogging' to see key values.
dbug: Microsoft.EntityFrameworkCore.ChangeTracking[10806]
      Context 'TransportMgmtContext' started tracking 'TblDispatch' entity. Consider using 'DbContextOptionsBuilder.EnableSensitiveDataLogging' to see key values.
dbug: Microsoft.EntityFrameworkCore.ChangeTracking[10806]
      Context 'TransportMgmtContext' started tracking 'TblDispatch' entity. Consider using 'DbContextOptionsBuilder.EnableSensitiveDataLogging' to see key values.
dbug: Microsoft.EntityFrameworkCore.ChangeTracking[10806]
      Context 'TransportMgmtContext' started tracking 'TblDispatch' entity. Consider using 'DbContextOptionsBuilder.EnableSensitiveDataLogging' to see key values.
dbug: Microsoft.EntityFrameworkCore.ChangeTracking[10806]
      Context 'TransportMgmtContext' started tracking 'TblDispatch' entity. Consider using 'DbContextOptionsBuilder.EnableSensitiveDataLogging' to see key values.
dbug: Microsoft.EntityFrameworkCore.ChangeTracking[10806]
      Context 'TransportMgmtContext' started tracking 'TblDispatch' entity. Consider using 'DbContextOptionsBuilder.EnableSensitiveDataLogging' to see key values.
dbug: Microsoft.EntityFrameworkCore.ChangeTracking[10806]
      Context 'TransportMgmtContext' started tracking 'TblDispatch' entity. Consider using 'DbContextOptionsBuilder.EnableSensitiveDataLogging' to see key values.
dbug: Microsoft.EntityFrameworkCore.ChangeTracking[10806]
      Context 'TransportMgmtContext' started tracking 'TblDispatch' entity. Consider using 'DbContextOptionsBuilder.EnableSensitiveDataLogging' to see key values.
dbug: Microsoft.EntityFrameworkCore.ChangeTracking[10806]
      Context 'TransportMgmtContext' started tracking 'TblDispatch' entity. Consider using 'DbContextOptionsBuilder.EnableSensitiveDataLogging' to see key values.
dbug: Microsoft.EntityFrameworkCore.ChangeTracking[10806]
      Context 'TransportMgmtContext' started tracking 'TblDispatch' entity. Consider using 'DbContextOptionsBuilder.EnableSensitiveDataLogging' to see key values.
dbug: Microsoft.EntityFrameworkCore.ChangeTracking[10806]
      Context 'TransportMgmtContext' started tracking 'TblDispatch' entity. Consider using 'DbContextOptionsBuilder.EnableSensitiveDataLogging' to see key values.
dbug: Microsoft.EntityFrameworkCore.ChangeTracking[10806]
      Context 'TransportMgmtContext' started tracking 'TblDispatch' entity. Consider using 'DbContextOptionsBuilder.EnableSensitiveDataLogging' to see key values.
dbug: Microsoft.EntityFrameworkCore.ChangeTracking[10806]
      Context 'TransportMgmtContext' started tracking 'TblDispatch' entity. Consider using 'DbContextOptionsBuilder.EnableSensitiveDataLogging' to see key values.
dbug: Microsoft.EntityFrameworkCore.ChangeTracking[10806]
      Context 'TransportMgmtContext' started tracking 'TblDispatch' entity. Consider using 'DbContextOptionsBuilder.EnableSensitiveDataLogging' to see key values.
dbug: Microsoft.EntityFrameworkCore.ChangeTracking[10806]
      Context 'TransportMgmtContext' started tracking 'TblDispatch' entity. Consider using 'DbContextOptionsBuilder.EnableSensitiveDataLogging' to see key values.
dbug: Microsoft.EntityFrameworkCore.ChangeTracking[10806]
      Context 'TransportMgmtContext' started tracking 'TblDispatch' entity. Consider using 'DbContextOptionsBuilder.EnableSensitiveDataLogging' to see key values.
dbug: Microsoft.EntityFrameworkCore.ChangeTracking[10806]
      Context 'TransportMgmtContext' started tracking 'TblDispatch' entity. Consider using 'DbContextOptionsBuilder.EnableSensitiveDataLogging' to see key values.
dbug: Microsoft.EntityFrameworkCore.ChangeTracking[10806]
      Context 'TransportMgmtContext' started tracking 'TblDispatch' entity. Consider using 'DbContextOptionsBuilder.EnableSensitiveDataLogging' to see key values.
dbug: Microsoft.EntityFrameworkCore.ChangeTracking[10806]
      Context 'TransportMgmtContext' started tracking 'TblDispatch' entity. Consider using 'DbContextOptionsBuilder.EnableSensitiveDataLogging' to see key values.
dbug: Microsoft.EntityFrameworkCore.ChangeTracking[10806]
      Context 'TransportMgmtContext' started tracking 'TblDispatch' entity. Consider using 'DbContextOptionsBuilder.EnableSensitiveDataLogging' to see key values.
dbug: Microsoft.EntityFrameworkCore.ChangeTracking[10806]
      Context 'TransportMgmtContext' started tracking 'TblDispatch' entity. Consider using 'DbContextOptionsBuilder.EnableSensitiveDataLogging' to see key values.
dbug: Microsoft.EntityFrameworkCore.ChangeTracking[10806]
      Context 'TransportMgmtContext' started tracking 'TblDispatch' entity. Consider using 'DbContextOptionsBuilder.EnableSensitiveDataLogging' to see key values.
dbug: Microsoft.EntityFrameworkCore.ChangeTracking[10806]
      Context 'TransportMgmtContext' started tracking 'TblDispatch' entity. Consider using 'DbContextOptionsBuilder.EnableSensitiveDataLogging' to see key values.
dbug: Microsoft.EntityFrameworkCore.ChangeTracking[10806]
      Context 'TransportMgmtContext' started tracking 'TblDispatch' entity. Consider using 'DbContextOptionsBuilder.EnableSensitiveDataLogging' to see key values.
dbug: Microsoft.EntityFrameworkCore.ChangeTracking[10806]
      Context 'TransportMgmtContext' started tracking 'TblDispatch' entity. Consider using 'DbContextOptionsBuilder.EnableSensitiveDataLogging' to see key values.
dbug: Microsoft.EntityFrameworkCore.ChangeTracking[10806]
      Context 'TransportMgmtContext' started tracking 'TblDispatch' entity. Consider using 'DbContextOptionsBuilder.EnableSensitiveDataLogging' to see key values.
dbug: Microsoft.EntityFrameworkCore.ChangeTracking[10806]
      Context 'TransportMgmtContext' started tracking 'TblDispatch' entity. Consider using 'DbContextOptionsBuilder.EnableSensitiveDataLogging' to see key values.
dbug: Microsoft.EntityFrameworkCore.ChangeTracking[10806]
      Context 'TransportMgmtContext' started tracking 'TblDispatch' entity. Consider using 'DbContextOptionsBuilder.EnableSensitiveDataLogging' to see key values.
dbug: Microsoft.EntityFrameworkCore.ChangeTracking[10806]
      Context 'TransportMgmtContext' started tracking 'TblDispatch' entity. Consider using 'DbContextOptionsBuilder.EnableSensitiveDataLogging' to see key values.
dbug: Microsoft.EntityFrameworkCore.ChangeTracking[10806]
      Context 'TransportMgmtContext' started tracking 'TblDispatch' entity. Consider using 'DbContextOptionsBuilder.EnableSensitiveDataLogging' to see key values.
dbug: Microsoft.EntityFrameworkCore.ChangeTracking[10806]
      Context 'TransportMgmtContext' started tracking 'TblDispatch' entity. Consider using 'DbContextOptionsBuilder.EnableSensitiveDataLogging' to see key values.
dbug: Microsoft.EntityFrameworkCore.ChangeTracking[10806]
      Context 'TransportMgmtContext' started tracking 'TblDispatch' entity. Consider using 'DbContextOptionsBuilder.EnableSensitiveDataLogging' to see key values.
dbug: Microsoft.EntityFrameworkCore.ChangeTracking[10806]
      Context 'TransportMgmtContext' started tracking 'TblDispatch' entity. Consider using 'DbContextOptionsBuilder.EnableSensitiveDataLogging' to see key values.
dbug: Microsoft.EntityFrameworkCore.ChangeTracking[10806]
      Context 'TransportMgmtContext' started tracking 'TblDispatch' entity. Consider using 'DbContextOptionsBuilder.EnableSensitiveDataLogging' to see key values.
dbug: Microsoft.EntityFrameworkCore.ChangeTracking[10806]
      Context 'TransportMgmtContext' started tracking 'TblDispatch' entity. Consider using 'DbContextOptionsBuilder.EnableSensitiveDataLogging' to see key values.
dbug: Microsoft.EntityFrameworkCore.ChangeTracking[10806]
      Context 'TransportMgmtContext' started tracking 'TblDispatch' entity. Consider using 'DbContextOptionsBuilder.EnableSensitiveDataLogging' to see key values.
dbug: Microsoft.EntityFrameworkCore.ChangeTracking[10806]
      Context 'TransportMgmtContext' started tracking 'TblDispatch' entity. Consider using 'DbContextOptionsBuilder.EnableSensitiveDataLogging' to see key values.
dbug: Microsoft.EntityFrameworkCore.ChangeTracking[10806]
      Context 'TransportMgmtContext' started tracking 'TblDispatch' entity. Consider using 'DbContextOptionsBuilder.EnableSensitiveDataLogging' to see key values.
dbug: Microsoft.EntityFrameworkCore.ChangeTracking[10806]
      Context 'TransportMgmtContext' started tracking 'TblDispatch' entity. Consider using 'DbContextOptionsBuilder.EnableSensitiveDataLogging' to see key values.
dbug: Microsoft.EntityFrameworkCore.ChangeTracking[10806]
      Context 'TransportMgmtContext' started tracking 'TblDispatch' entity. Consider using 'DbContextOptionsBuilder.EnableSensitiveDataLogging' to see key values.
dbug: Microsoft.EntityFrameworkCore.ChangeTracking[10806]
      Context 'TransportMgmtContext' started tracking 'TblDispatch' entity. Consider using 'DbContextOptionsBuilder.EnableSensitiveDataLogging' to see key values.
dbug: Microsoft.EntityFrameworkCore.ChangeTracking[10806]
      Context 'TransportMgmtContext' started tracking 'TblDispatch' entity. Consider using 'DbContextOptionsBuilder.EnableSensitiveDataLogging' to see key values.
dbug: Microsoft.EntityFrameworkCore.ChangeTracking[10806]
      Context 'TransportMgmtContext' started tracking 'TblDispatch' entity. Consider using 'DbContextOptionsBuilder.EnableSensitiveDataLogging' to see key values.
dbug: Microsoft.EntityFrameworkCore.ChangeTracking[10806]
      Context 'TransportMgmtContext' started tracking 'TblDispatch' entity. Consider using 'DbContextOptionsBuilder.EnableSensitiveDataLogging' to see key values.
dbug: Microsoft.EntityFrameworkCore.ChangeTracking[10806]
      Context 'TransportMgmtContext' started tracking 'TblDispatch' entity. Consider using 'DbContextOptionsBuilder.EnableSensitiveDataLogging' to see key values.
dbug: Microsoft.EntityFrameworkCore.ChangeTracking[10806]
      Context 'TransportMgmtContext' started tracking 'TblDispatch' entity. Consider using 'DbContextOptionsBuilder.EnableSensitiveDataLogging' to see key values.
dbug: Microsoft.EntityFrameworkCore.ChangeTracking[10806]
      Context 'TransportMgmtContext' started tracking 'TblDispatch' entity. Consider using 'DbContextOptionsBuilder.EnableSensitiveDataLogging' to see key values.
dbug: Microsoft.EntityFrameworkCore.ChangeTracking[10806]
      Context 'TransportMgmtContext' started tracking 'TblDispatch' entity. Consider using 'DbContextOptionsBuilder.EnableSensitiveDataLogging' to see key values.
dbug: Microsoft.EntityFrameworkCore.ChangeTracking[10806]
      Context 'TransportMgmtContext' started tracking 'TblDispatch' entity. Consider using 'DbContextOptionsBuilder.EnableSensitiveDataLogging' to see key values.
dbug: Microsoft.EntityFrameworkCore.ChangeTracking[10806]
      Context 'TransportMgmtContext' started tracking 'TblDispatch' entity. Consider using 'DbContextOptionsBuilder.EnableSensitiveDataLogging' to see key values.
dbug: Microsoft.EntityFrameworkCore.ChangeTracking[10806]
      Context 'TransportMgmtContext' started tracking 'TblDispatch' entity. Consider using 'DbContextOptionsBuilder.EnableSensitiveDataLogging' to see key values.
dbug: Microsoft.EntityFrameworkCore.ChangeTracking[10806]
      Context 'TransportMgmtContext' started tracking 'TblDispatch' entity. Consider using 'DbContextOptionsBuilder.EnableSensitiveDataLogging' to see key values.
dbug: Microsoft.EntityFrameworkCore.ChangeTracking[10806]
      Context 'TransportMgmtContext' started tracking 'TblDispatch' entity. Consider using 'DbContextOptionsBuilder.EnableSensitiveDataLogging' to see key values.
dbug: Microsoft.EntityFrameworkCore.ChangeTracking[10806]
      Context 'TransportMgmtContext' started tracking 'TblDispatch' entity. Consider using 'DbContextOptionsBuilder.EnableSensitiveDataLogging' to see key values.
dbug: Microsoft.EntityFrameworkCore.ChangeTracking[10806]
      Context 'TransportMgmtContext' started tracking 'TblDispatch' entity. Consider using 'DbContextOptionsBuilder.EnableSensitiveDataLogging' to see key values.
dbug: Microsoft.EntityFrameworkCore.ChangeTracking[10806]
      Context 'TransportMgmtContext' started tracking 'TblDispatch' entity. Consider using 'DbContextOptionsBuilder.EnableSensitiveDataLogging' to see key values.
dbug: Microsoft.EntityFrameworkCore.ChangeTracking[10806]
      Context 'TransportMgmtContext' started tracking 'TblDispatch' entity. Consider using 'DbContextOptionsBuilder.EnableSensitiveDataLogging' to see key values.
dbug: Microsoft.EntityFrameworkCore.ChangeTracking[10806]
      Context 'TransportMgmtContext' started tracking 'TblDispatch' entity. Consider using 'DbContextOptionsBuilder.EnableSensitiveDataLogging' to see key values.
dbug: Microsoft.EntityFrameworkCore.ChangeTracking[10806]
      Context 'TransportMgmtContext' started tracking 'TblDispatch' entity. Consider using 'DbContextOptionsBuilder.EnableSensitiveDataLogging' to see key values.
dbug: Microsoft.EntityFrameworkCore.ChangeTracking[10806]
      Context 'TransportMgmtContext' started tracking 'TblDispatch' entity. Consider using 'DbContextOptionsBuilder.EnableSensitiveDataLogging' to see key values.
dbug: Microsoft.EntityFrameworkCore.ChangeTracking[10806]
      Context 'TransportMgmtContext' started tracking 'TblDispatch' entity. Consider using 'DbContextOptionsBuilder.EnableSensitiveDataLogging' to see key values.
dbug: Microsoft.EntityFrameworkCore.ChangeTracking[10806]
      Context 'TransportMgmtContext' started tracking 'TblDispatch' entity. Consider using 'DbContextOptionsBuilder.EnableSensitiveDataLogging' to see key values.
dbug: Microsoft.EntityFrameworkCore.ChangeTracking[10806]
      Context 'TransportMgmtContext' started tracking 'TblDispatch' entity. Consider using 'DbContextOptionsBuilder.EnableSensitiveDataLogging' to see key values.
dbug: Microsoft.EntityFrameworkCore.ChangeTracking[10806]
      Context 'TransportMgmtContext' started tracking 'TblDispatch' entity. Consider using 'DbContextOptionsBuilder.EnableSensitiveDataLogging' to see key values.
dbug: Microsoft.EntityFrameworkCore.ChangeTracking[10806]
      Context 'TransportMgmtContext' started tracking 'TblDispatch' entity. Consider using 'DbContextOptionsBuilder.EnableSensitiveDataLogging' to see key values.
dbug: Microsoft.EntityFrameworkCore.ChangeTracking[10806]
      Context 'TransportMgmtContext' started tracking 'TblDispatch' entity. Consider using 'DbContextOptionsBuilder.EnableSensitiveDataLogging' to see key values.
dbug: Microsoft.EntityFrameworkCore.ChangeTracking[10806]
      Context 'TransportMgmtContext' started tracking 'TblDispatch' entity. Consider using 'DbContextOptionsBuilder.EnableSensitiveDataLogging' to see key values.
dbug: Microsoft.EntityFrameworkCore.ChangeTracking[10806]
      Context 'TransportMgmtContext' started tracking 'TblDispatch' entity. Consider using 'DbContextOptionsBuilder.EnableSensitiveDataLogging' to see key values.
dbug: Microsoft.EntityFrameworkCore.ChangeTracking[10806]
      Context 'TransportMgmtContext' started tracking 'TblDispatch' entity. Consider using 'DbContextOptionsBuilder.EnableSensitiveDataLogging' to see key values.
dbug: Microsoft.EntityFrameworkCore.ChangeTracking[10806]
      Context 'TransportMgmtContext' started tracking 'TblDispatch' entity. Consider using 'DbContextOptionsBuilder.EnableSensitiveDataLogging' to see key values.
dbug: Microsoft.EntityFrameworkCore.ChangeTracking[10806]
      Context 'TransportMgmtContext' started tracking 'TblDispatch' entity. Consider using 'DbContextOptionsBuilder.EnableSensitiveDataLogging' to see key values.
dbug: Microsoft.EntityFrameworkCore.ChangeTracking[10806]
      Context 'TransportMgmtContext' started tracking 'TblDispatch' entity. Consider using 'DbContextOptionsBuilder.EnableSensitiveDataLogging' to see key values.
dbug: Microsoft.EntityFrameworkCore.ChangeTracking[10806]
      Context 'TransportMgmtContext' started tracking 'TblDispatch' entity. Consider using 'DbContextOptionsBuilder.EnableSensitiveDataLogging' to see key values.
dbug: Microsoft.EntityFrameworkCore.ChangeTracking[10806]
      Context 'TransportMgmtContext' started tracking 'TblDispatch' entity. Consider using 'DbContextOptionsBuilder.EnableSensitiveDataLogging' to see key values.
dbug: Microsoft.EntityFrameworkCore.ChangeTracking[10806]
      Context 'TransportMgmtContext' started tracking 'TblDispatch' entity. Consider using 'DbContextOptionsBuilder.EnableSensitiveDataLogging' to see key values.
dbug: Microsoft.EntityFrameworkCore.ChangeTracking[10806]
      Context 'TransportMgmtContext' started tracking 'TblDispatch' entity. Consider using 'DbContextOptionsBuilder.EnableSensitiveDataLogging' to see key values.
dbug: Microsoft.EntityFrameworkCore.ChangeTracking[10806]
      Context 'TransportMgmtContext' started tracking 'TblDispatch' entity. Consider using 'DbContextOptionsBuilder.EnableSensitiveDataLogging' to see key values.
dbug: Microsoft.EntityFrameworkCore.ChangeTracking[10806]
      Context 'TransportMgmtContext' started tracking 'TblDispatch' entity. Consider using 'DbContextOptionsBuilder.EnableSensitiveDataLogging' to see key values.
dbug: Microsoft.EntityFrameworkCore.ChangeTracking[10806]
      Context 'TransportMgmtContext' started tracking 'TblDispatch' entity. Consider using 'DbContextOptionsBuilder.EnableSensitiveDataLogging' to see key values.
dbug: Microsoft.EntityFrameworkCore.ChangeTracking[10806]
      Context 'TransportMgmtContext' started tracking 'TblDispatch' entity. Consider using 'DbContextOptionsBuilder.EnableSensitiveDataLogging' to see key values.
dbug: Microsoft.EntityFrameworkCore.ChangeTracking[10806]
      Context 'TransportMgmtContext' started tracking 'TblDispatch' entity. Consider using 'DbContextOptionsBuilder.EnableSensitiveDataLogging' to see key values.
dbug: Microsoft.EntityFrameworkCore.ChangeTracking[10806]
      Context 'TransportMgmtContext' started tracking 'TblDispatch' entity. Consider using 'DbContextOptionsBuilder.EnableSensitiveDataLogging' to see key values.
dbug: Microsoft.EntityFrameworkCore.ChangeTracking[10806]
      Context 'TransportMgmtContext' started tracking 'TblDispatch' entity. Consider using 'DbContextOptionsBuilder.EnableSensitiveDataLogging' to see key values.
dbug: Microsoft.EntityFrameworkCore.ChangeTracking[10806]
      Context 'TransportMgmtContext' started tracking 'TblDispatch' entity. Consider using 'DbContextOptionsBuilder.EnableSensitiveDataLogging' to see key values.
dbug: Microsoft.EntityFrameworkCore.ChangeTracking[10806]
      Context 'TransportMgmtContext' started tracking 'TblDispatch' entity. Consider using 'DbContextOptionsBuilder.EnableSensitiveDataLogging' to see key values.
dbug: Microsoft.EntityFrameworkCore.ChangeTracking[10806]
      Context 'TransportMgmtContext' started tracking 'TblDispatch' entity. Consider using 'DbContextOptionsBuilder.EnableSensitiveDataLogging' to see key values.
dbug: Microsoft.EntityFrameworkCore.ChangeTracking[10806]
      Context 'TransportMgmtContext' started tracking 'TblDispatch' entity. Consider using 'DbContextOptionsBuilder.EnableSensitiveDataLogging' to see key values.
dbug: Microsoft.EntityFrameworkCore.ChangeTracking[10806]
      Context 'TransportMgmtContext' started tracking 'TblDispatch' entity. Consider using 'DbContextOptionsBuilder.EnableSensitiveDataLogging' to see key values.
dbug: Microsoft.EntityFrameworkCore.ChangeTracking[10806]
      Context 'TransportMgmtContext' started tracking 'TblDispatch' entity. Consider using 'DbContextOptionsBuilder.EnableSensitiveDataLogging' to see key values.
dbug: Microsoft.EntityFrameworkCore.ChangeTracking[10806]
      Context 'TransportMgmtContext' started tracking 'TblDispatch' entity. Consider using 'DbContextOptionsBuilder.EnableSensitiveDataLogging' to see key values.
dbug: Microsoft.EntityFrameworkCore.ChangeTracking[10806]
      Context 'TransportMgmtContext' started tracking 'TblDispatch' entity. Consider using 'DbContextOptionsBuilder.EnableSensitiveDataLogging' to see key values.
dbug: Microsoft.EntityFrameworkCore.ChangeTracking[10806]
      Context 'TransportMgmtContext' started tracking 'TblDispatch' entity. Consider using 'DbContextOptionsBuilder.EnableSensitiveDataLogging' to see key values.
dbug: Microsoft.EntityFrameworkCore.ChangeTracking[10806]
      Context 'TransportMgmtContext' started tracking 'TblDispatch' entity. Consider using 'DbContextOptionsBuilder.EnableSensitiveDataLogging' to see key values.
dbug: Microsoft.EntityFrameworkCore.ChangeTracking[10806]
      Context 'TransportMgmtContext' started tracking 'TblDispatch' entity. Consider using 'DbContextOptionsBuilder.EnableSensitiveDataLogging' to see key values.
dbug: Microsoft.EntityFrameworkCore.ChangeTracking[10806]
      Context 'TransportMgmtContext' started tracking 'TblDispatch' entity. Consider using 'DbContextOptionsBuilder.EnableSensitiveDataLogging' to see key values.
dbug: Microsoft.EntityFrameworkCore.ChangeTracking[10806]
      Context 'TransportMgmtContext' started tracking 'TblDispatch' entity. Consider using 'DbContextOptionsBuilder.EnableSensitiveDataLogging' to see key values.
dbug: Microsoft.EntityFrameworkCore.ChangeTracking[10806]
      Context 'TransportMgmtContext' started tracking 'TblDispatch' entity. Consider using 'DbContextOptionsBuilder.EnableSensitiveDataLogging' to see key values.
dbug: Microsoft.EntityFrameworkCore.ChangeTracking[10806]
      Context 'TransportMgmtContext' started tracking 'TblDispatch' entity. Consider using 'DbContextOptionsBuilder.EnableSensitiveDataLogging' to see key values.
dbug: Microsoft.EntityFrameworkCore.ChangeTracking[10806]
      Context 'TransportMgmtContext' started tracking 'TblDispatch' entity. Consider using 'DbContextOptionsBuilder.EnableSensitiveDataLogging' to see key values.
dbug: Microsoft.EntityFrameworkCore.ChangeTracking[10806]
      Context 'TransportMgmtContext' started tracking 'TblDispatch' entity. Consider using 'DbContextOptionsBuilder.EnableSensitiveDataLogging' to see key values.
dbug: Microsoft.EntityFrameworkCore.ChangeTracking[10806]
      Context 'TransportMgmtContext' started tracking 'TblDispatch' entity. Consider using 'DbContextOptionsBuilder.EnableSensitiveDataLogging' to see key values.
dbug: Microsoft.EntityFrameworkCore.ChangeTracking[10806]
      Context 'TransportMgmtContext' started tracking 'TblDispatch' entity. Consider using 'DbContextOptionsBuilder.EnableSensitiveDataLogging' to see key values.
dbug: Microsoft.EntityFrameworkCore.ChangeTracking[10806]
      Context 'TransportMgmtContext' started tracking 'TblDispatch' entity. Consider using 'DbContextOptionsBuilder.EnableSensitiveDataLogging' to see key values.
dbug: Microsoft.EntityFrameworkCore.ChangeTracking[10806]
      Context 'TransportMgmtContext' started tracking 'TblDispatch' entity. Consider using 'DbContextOptionsBuilder.EnableSensitiveDataLogging' to see key values.
dbug: Microsoft.EntityFrameworkCore.ChangeTracking[10806]
      Context 'TransportMgmtContext' started tracking 'TblDispatch' entity. Consider using 'DbContextOptionsBuilder.EnableSensitiveDataLogging' to see key values.
dbug: Microsoft.EntityFrameworkCore.ChangeTracking[10806]
      Context 'TransportMgmtContext' started tracking 'TblDispatch' entity. Consider using 'DbContextOptionsBuilder.EnableSensitiveDataLogging' to see key values.
dbug: Microsoft.EntityFrameworkCore.ChangeTracking[10806]
      Context 'TransportMgmtContext' started tracking 'TblDispatch' entity. Consider using 'DbContextOptionsBuilder.EnableSensitiveDataLogging' to see key values.
dbug: Microsoft.EntityFrameworkCore.ChangeTracking[10806]
      Context 'TransportMgmtContext' started tracking 'TblDispatch' entity. Consider using 'DbContextOptionsBuilder.EnableSensitiveDataLogging' to see key values.
dbug: Microsoft.EntityFrameworkCore.ChangeTracking[10806]
      Context 'TransportMgmtContext' started tracking 'TblDispatch' entity. Consider using 'DbContextOptionsBuilder.EnableSensitiveDataLogging' to see key values.
dbug: Microsoft.EntityFrameworkCore.ChangeTracking[10806]
      Context 'TransportMgmtContext' started tracking 'TblDispatch' entity. Consider using 'DbContextOptionsBuilder.EnableSensitiveDataLogging' to see key values.
dbug: Microsoft.EntityFrameworkCore.ChangeTracking[10806]
      Context 'TransportMgmtContext' started tracking 'TblDispatch' entity. Consider using 'DbContextOptionsBuilder.EnableSensitiveDataLogging' to see key values.
dbug: Microsoft.EntityFrameworkCore.ChangeTracking[10806]
      Context 'TransportMgmtContext' started tracking 'TblDispatch' entity. Consider using 'DbContextOptionsBuilder.EnableSensitiveDataLogging' to see key values.
dbug: Microsoft.EntityFrameworkCore.ChangeTracking[10806]
      Context 'TransportMgmtContext' started tracking 'TblDispatch' entity. Consider using 'DbContextOptionsBuilder.EnableSensitiveDataLogging' to see key values.
dbug: Microsoft.EntityFrameworkCore.ChangeTracking[10806]
      Context 'TransportMgmtContext' started tracking 'TblDispatch' entity. Consider using 'DbContextOptionsBuilder.EnableSensitiveDataLogging' to see key values.
dbug: Microsoft.EntityFrameworkCore.ChangeTracking[10806]
      Context 'TransportMgmtContext' started tracking 'TblDispatch' entity. Consider using 'DbContextOptionsBuilder.EnableSensitiveDataLogging' to see key values.
dbug: Microsoft.EntityFrameworkCore.ChangeTracking[10806]
      Context 'TransportMgmtContext' started tracking 'TblDispatch' entity. Consider using 'DbContextOptionsBuilder.EnableSensitiveDataLogging' to see key values.
dbug: Microsoft.EntityFrameworkCore.ChangeTracking[10806]
      Context 'TransportMgmtContext' started tracking 'TblDispatch' entity. Consider using 'DbContextOptionsBuilder.EnableSensitiveDataLogging' to see key values.
dbug: Microsoft.EntityFrameworkCore.ChangeTracking[10806]
      Context 'TransportMgmtContext' started tracking 'TblDispatch' entity. Consider using 'DbContextOptionsBuilder.EnableSensitiveDataLogging' to see key values.
dbug: Microsoft.EntityFrameworkCore.ChangeTracking[10806]
      Context 'TransportMgmtContext' started tracking 'TblDispatch' entity. Consider using 'DbContextOptionsBuilder.EnableSensitiveDataLogging' to see key values.
dbug: Microsoft.EntityFrameworkCore.ChangeTracking[10806]
      Context 'TransportMgmtContext' started tracking 'TblDispatch' entity. Consider using 'DbContextOptionsBuilder.EnableSensitiveDataLogging' to see key values.
dbug: Microsoft.EntityFrameworkCore.ChangeTracking[10806]
      Context 'TransportMgmtContext' started tracking 'TblDispatch' entity. Consider using 'DbContextOptionsBuilder.EnableSensitiveDataLogging' to see key values.
dbug: Microsoft.EntityFrameworkCore.ChangeTracking[10806]
      Context 'TransportMgmtContext' started tracking 'TblDispatch' entity. Consider using 'DbContextOptionsBuilder.EnableSensitiveDataLogging' to see key values.
dbug: Microsoft.EntityFrameworkCore.ChangeTracking[10806]
      Context 'TransportMgmtContext' started tracking 'TblDispatch' entity. Consider using 'DbContextOptionsBuilder.EnableSensitiveDataLogging' to see key values.
dbug: Microsoft.EntityFrameworkCore.ChangeTracking[10806]
      Context 'TransportMgmtContext' started tracking 'TblDispatch' entity. Consider using 'DbContextOptionsBuilder.EnableSensitiveDataLogging' to see key values.
dbug: Microsoft.EntityFrameworkCore.ChangeTracking[10806]
      Context 'TransportMgmtContext' started tracking 'TblDispatch' entity. Consider using 'DbContextOptionsBuilder.EnableSensitiveDataLogging' to see key values.
dbug: Microsoft.EntityFrameworkCore.ChangeTracking[10806]
      Context 'TransportMgmtContext' started tracking 'TblDispatch' entity. Consider using 'DbContextOptionsBuilder.EnableSensitiveDataLogging' to see key values.
dbug: Microsoft.EntityFrameworkCore.ChangeTracking[10806]
      Context 'TransportMgmtContext' started tracking 'TblDispatch' entity. Consider using 'DbContextOptionsBuilder.EnableSensitiveDataLogging' to see key values.
dbug: Microsoft.EntityFrameworkCore.ChangeTracking[10806]
      Context 'TransportMgmtContext' started tracking 'TblDispatch' entity. Consider using 'DbContextOptionsBuilder.EnableSensitiveDataLogging' to see key values.
dbug: Microsoft.EntityFrameworkCore.ChangeTracking[10806]
      Context 'TransportMgmtContext' started tracking 'TblDispatch' entity. Consider using 'DbContextOptionsBuilder.EnableSensitiveDataLogging' to see key values.
dbug: Microsoft.EntityFrameworkCore.ChangeTracking[10806]
      Context 'TransportMgmtContext' started tracking 'TblDispatch' entity. Consider using 'DbContextOptionsBuilder.EnableSensitiveDataLogging' to see key values.
dbug: Microsoft.EntityFrameworkCore.ChangeTracking[10806]
      Context 'TransportMgmtContext' started tracking 'TblDispatch' entity. Consider using 'DbContextOptionsBuilder.EnableSensitiveDataLogging' to see key values.
dbug: Microsoft.EntityFrameworkCore.ChangeTracking[10806]
      Context 'TransportMgmtContext' started tracking 'TblDispatch' entity. Consider using 'DbContextOptionsBuilder.EnableSensitiveDataLogging' to see key values.
dbug: Microsoft.EntityFrameworkCore.ChangeTracking[10806]
      Context 'TransportMgmtContext' started tracking 'TblDispatch' entity. Consider using 'DbContextOptionsBuilder.EnableSensitiveDataLogging' to see key values.
dbug: Microsoft.EntityFrameworkCore.ChangeTracking[10806]
      Context 'TransportMgmtContext' started tracking 'TblDispatch' entity. Consider using 'DbContextOptionsBuilder.EnableSensitiveDataLogging' to see key values.
dbug: Microsoft.EntityFrameworkCore.ChangeTracking[10806]
      Context 'TransportMgmtContext' started tracking 'TblDispatch' entity. Consider using 'DbContextOptionsBuilder.EnableSensitiveDataLogging' to see key values.
dbug: Microsoft.EntityFrameworkCore.ChangeTracking[10806]
      Context 'TransportMgmtContext' started tracking 'TblDispatch' entity. Consider using 'DbContextOptionsBuilder.EnableSensitiveDataLogging' to see key values.
dbug: Microsoft.EntityFrameworkCore.ChangeTracking[10806]
      Context 'TransportMgmtContext' started tracking 'TblDispatch' entity. Consider using 'DbContextOptionsBuilder.EnableSensitiveDataLogging' to see key values.
dbug: Microsoft.EntityFrameworkCore.ChangeTracking[10806]
      Context 'TransportMgmtContext' started tracking 'TblDispatch' entity. Consider using 'DbContextOptionsBuilder.EnableSensitiveDataLogging' to see key values.
dbug: Microsoft.EntityFrameworkCore.ChangeTracking[10806]
      Context 'TransportMgmtContext' started tracking 'TblDispatch' entity. Consider using 'DbContextOptionsBuilder.EnableSensitiveDataLogging' to see key values.
dbug: Microsoft.EntityFrameworkCore.ChangeTracking[10806]
      Context 'TransportMgmtContext' started tracking 'TblDispatch' entity. Consider using 'DbContextOptionsBuilder.EnableSensitiveDataLogging' to see key values.
dbug: Microsoft.EntityFrameworkCore.ChangeTracking[10806]
      Context 'TransportMgmtContext' started tracking 'TblDispatch' entity. Consider using 'DbContextOptionsBuilder.EnableSensitiveDataLogging' to see key values.
dbug: Microsoft.EntityFrameworkCore.ChangeTracking[10806]
      Context 'TransportMgmtContext' started tracking 'TblDispatch' entity. Consider using 'DbContextOptionsBuilder.EnableSensitiveDataLogging' to see key values.
dbug: Microsoft.EntityFrameworkCore.ChangeTracking[10806]
      Context 'TransportMgmtContext' started tracking 'TblDispatch' entity. Consider using 'DbContextOptionsBuilder.EnableSensitiveDataLogging' to see key values.
dbug: Microsoft.EntityFrameworkCore.ChangeTracking[10806]
      Context 'TransportMgmtContext' started tracking 'TblDispatch' entity. Consider using 'DbContextOptionsBuilder.En